word,cefrj_cefr,ox5k_cefr,cefrj_pos,ox5k_pos,voice_url
abandon,B1,B2,verb,verb,https://www.oxfordlearnersdictionaries.com/media/english/us_pron_ogg/a/aba/aband/abandon__us_2.ogg
able,B1,A2,adjective,adjective,https://www.oxfordlearnersdictionaries.com/media/english/us_pron_ogg/a/abl/able_/able__us_2.ogg
abolish,B2,C1,verb,verb,https://www.oxfordlearnersdictionaries.com/media/english/us_pron_ogg/a/abo/aboli/abolish__us_1.ogg
absence,B1,C1,noun,noun,https://www.oxfordlearnersdictionaries.com/media/english/us_pron_ogg/a/abs/absen/absence__us_1.ogg
absent,B1,C1,adjective,adjective,https://www.oxfordlearnersdictionaries.com/media/english/us_pron_ogg/a/abs/absen/absent__us_1.ogg
absolute,B1,B2,adjective,adjective,https://www.oxfordlearnersdictionaries.com/media/english/us_pron_ogg/a/abs/absol/absolute__us_1_rr.ogg
absorb,B1,B2,verb,verb,https://www.oxfordlearnersdictionaries.com/media/english/us_pron_ogg/a/abs/absor/absorb__us_2_rr.ogg
abstract,B1,B2,adjective,adjective,https://www.oxfordlearnersdictionaries.com/media/english/us_pron_ogg/a/abs/abstr/abstract__us_2_rr.ogg
absurd,B2,C1,adjective,adjective,https://www.oxfordlearnersdictionaries.com/media/english/us_pron_ogg/a/abs/absur/absurd__us_1_rr.ogg
abundance,B1,C1,noun,noun,https://www.oxfordlearnersdictionaries.com/media/english/us_pron_ogg/a/abu/abund/abundance__us_1.ogg
abuse,B2,C1,noun,"noun, verb",https://www.oxfordlearnersdictionaries.com/media/english/us_pron_ogg/a/abu/abuse/abuse__us_3.ogg
academy,B1,C1,noun,noun,https://www.oxfordlearnersdictionaries.com/media/english/us_pron_ogg/a/aca/acade/academy__us_1.ogg
accent,B1,B2,noun,noun,https://www.oxfordlearnersdictionaries.com/media/english/us_pron_ogg/a/acc/accen/accent__us_1_rr.ogg
acceptable,A2,B2,adjective,adjective,https://www.oxfordlearnersdictionaries.com/media/english/us_pron_ogg/a/acc/accep/acceptable__us_3.ogg
acceptance,B1,C1,noun,noun,https://www.oxfordlearnersdictionaries.com/media/english/us_pron_ogg/a/acc/accep/acceptance__us_1.ogg
access,B2,B1,verb,"noun, verb",https://www.oxfordlearnersdictionaries.com/media/english/us_pron_ogg/a/acc/acces/access__us_2.ogg
accessible,B1,C1,adjective,adjective,https://www.oxfordlearnersdictionaries.com/media/english/us_pron_ogg/a/acc/acces/accessible__us_1.ogg
accidentally,B1,B2,adverb,adverb,https://www.oxfordlearnersdictionaries.com/media/english/us_pron_ogg/a/acc/accid/accidentally__us_1.ogg
accommodation,B2,B1,noun,noun,https://www.oxfordlearnersdictionaries.com/media/english/us_pron_ogg/a/acc/accom/accommodation__us_2.ogg
accompany,B1,B2,verb,verb,https://www.oxfordlearnersdictionaries.com/media/english/us_pron_ogg/a/acc/accom/accompany__us_2.ogg
accomplish,B1,B2,verb,verb,https://www.oxfordlearnersdictionaries.com/media/english/us_pron_ogg/a/acc/accom/accomplish__us_1.ogg
according to,B1,A2,preposition,preposition,https://www.oxfordlearnersdictionaries.com/media/english/us_pron_ogg/a/acc/accor/according_to_1_us_3.ogg
accordingly,B2,C1,adverb,adverb,https://www.oxfordlearnersdictionaries.com/media/english/us_pron_ogg/a/acc/accor/accordingly__us_1.ogg
accountant,B1,B2,noun,noun,https://www.oxfordlearnersdictionaries.com/media/english/us_pron_ogg/a/acc/accou/accountant__us_1.ogg
accumulate,B2,C1,verb,verb,https://www.oxfordlearnersdictionaries.com/media/english/us_pron_ogg/a/acc/accum/accumulate__us_1.ogg
accuracy,B1,B2,noun,noun,https://www.oxfordlearnersdictionaries.com/media/english/us_pron_ogg/a/acc/accur/accuracy__us_1.ogg
accurate,B1,B2,adjective,adjective,https://www.oxfordlearnersdictionaries.com/media/english/us_pron_ogg/a/acc/accur/accurate__us_1.ogg
accurately,B1,B2,adverb,adverb,https://www.oxfordlearnersdictionaries.com/media/english/us_pron_ogg/a/acc/accur/accurately__us_1.ogg
accusation,B2,C1,noun,noun,https://www.oxfordlearnersdictionaries.com/media/english/us_pron_ogg/a/acc/accus/accusation__us_1.ogg
accuse,B1,B2,verb,verb,https://www.oxfordlearnersdictionaries.com/media/english/us_pron_ogg/a/acc/accus/accuse__us_2.ogg
acid,B2,C1,noun,"adjective, noun",https://www.oxfordlearnersdictionaries.com/media/english/us_pron_ogg/a/aci/acid_/acid__us_1.ogg
acknowledge,B1,B2,verb,verb,https://www.oxfordlearnersdictionaries.com/media/english/us_pron_ogg/a/ack/ackno/acknowledge__us_1.ogg
acquire,B1,B2,verb,verb,https://www.oxfordlearnersdictionaries.com/media/english/us_pron_ogg/a/acq/acqui/acquire__us_2.ogg
acquisition,B2,C1,noun,noun,https://www.oxfordlearnersdictionaries.com/media/english/us_pron_ogg/a/acq/acqui/acquisition__us_1.ogg
across,A2,A1,preposition,"adverb, preposition",https://www.oxfordlearnersdictionaries.com/media/english/us_pron_ogg/a/acr/acros/across__us_1.ogg
active,B1,A2,adjective,adjective,https://www.oxfordlearnersdictionaries.com/media/english/us_pron_ogg/a/act/activ/active__us_2.ogg
actress,B1,A1,noun,noun,https://www.oxfordlearnersdictionaries.com/media/english/us_pron_ogg/a/act/actre/actress__us_2.ogg
acute,B2,C1,adjective,adjective,https://www.oxfordlearnersdictionaries.com/media/english/us_pron_ogg/a/acu/acute/acute__us_1.ogg
adapt,B1,B2,verb,verb,https://www.oxfordlearnersdictionaries.com/media/english/us_pron_ogg/a/ada/adapt/adapt__us_1.ogg
addition,A2,B1,noun,noun,https://www.oxfordlearnersdictionaries.com/media/english/us_pron_ogg/a/add/addit/addition__us_2.ogg
additional,A2,B2,adjective,adjective,https://www.oxfordlearnersdictionaries.com/media/english/us_pron_ogg/a/add/addit/additional__us_3.ogg
address,B1,A1,verb,"noun, verb",https://www.oxfordlearnersdictionaries.com/media/english/us_pron_ogg/a/add/addre/address__us_2_rr.ogg
adjust,A2,B2,verb,verb,https://www.oxfordlearnersdictionaries.com/media/english/us_pron_ogg/a/adj/adjus/adjust__us_1.ogg
adjustment,B2,C1,noun,noun,https://www.oxfordlearnersdictionaries.com/media/english/us_pron_ogg/a/adj/adjus/adjustment__us_1.ogg
administration,B1,B2,noun,noun,https://www.oxfordlearnersdictionaries.com/media/english/us_pron_ogg/a/adm/admin/administration__us_1.ogg
administrative,B2,C1,adjective,adjective,https://www.oxfordlearnersdictionaries.com/media/english/us_pron_ogg/a/adm/admin/administrative__us_1_rr.ogg
admire,A2,B1,verb,verb,https://www.oxfordlearnersdictionaries.com/media/english/us_pron_ogg/a/adm/admir/admire__us_1.ogg
admission,B1,C1,noun,noun,https://www.oxfordlearnersdictionaries.com/media/english/us_pron_ogg/a/adm/admis/admission__us_1.ogg
admit,A2,B1,verb,verb,https://www.oxfordlearnersdictionaries.com/media/english/us_pron_ogg/a/adm/admit/admit__us_2.ogg
adopt,B1,B2,verb,verb,https://www.oxfordlearnersdictionaries.com/media/english/us_pron_ogg/a/ado/adopt/adopt__us_1.ogg
adoption,B2,C1,noun,noun,https://www.oxfordlearnersdictionaries.com/media/english/us_pron_ogg/a/ado/adopt/adoption__us_1.ogg
advance,B1,B2,verb,"adjective, noun, verb",https://www.oxfordlearnersdictionaries.com/media/english/us_pron_ogg/a/adv/advan/advance__us_1.ogg
advanced,A2,B1,adjective,adjective,https://www.oxfordlearnersdictionaries.com/media/english/us_pron_ogg/a/adv/advan/advanced__us_1.ogg
adverse,B2,C1,adjective,adjective,https://www.oxfordlearnersdictionaries.com/media/english/us_pron_ogg/a/adv/adver/adverse__us_2_rr.ogg
advertise,B1,A2,verb,verb,https://www.oxfordlearnersdictionaries.com/media/english/us_pron_ogg/a/adv/adver/advertise__us_1.ogg
advice,A2,A1,noun,noun,https://www.oxfordlearnersdictionaries.com/media/english/us_pron_ogg/a/adv/advic/advice__us_1.ogg
advise,A2,B1,verb,verb,https://www.oxfordlearnersdictionaries.com/media/english/us_pron_ogg/a/adv/advis/advise__us_1.ogg
affair,A2,B2,noun,noun,https://www.oxfordlearnersdictionaries.com/media/english/us_pron_ogg/a/aff/affai/affair__us_2.ogg
affect,B1,A2,verb,verb,https://www.oxfordlearnersdictionaries.com/media/english/us_pron_ogg/a/aff/affec/affect__us_1.ogg
affection,B1,C1,noun,noun,https://www.oxfordlearnersdictionaries.com/media/english/us_pron_ogg/a/aff/affec/affection__us_1.ogg
after,A1,A2,preposition,"adverb, conjunction, preposition",https://www.oxfordlearnersdictionaries.com/media/english/us_pron_ogg/a/aft/after/after__us_2.ogg
afterwards,B1,B2,adverb,adverb,https://www.oxfordlearnersdictionaries.com/media/english/us_pron_ogg/a/aft/after/afterwards__us_2.ogg
aged,A2,B1,adjective,adjective,https://www.oxfordlearnersdictionaries.com/media/english/us_pron_ogg/a/age/aged_/aged__us_1.ogg
agency,A2,B2,noun,noun,https://www.oxfordlearnersdictionaries.com/media/english/us_pron_ogg/a/age/agenc/agency__us_2.ogg
agenda,B1,B2,noun,noun,https://www.oxfordlearnersdictionaries.com/media/english/us_pron_ogg/a/age/agend/agenda__us_2.ogg
agent,A2,B1,noun,noun,https://www.oxfordlearnersdictionaries.com/media/english/us_pron_ogg/a/age/agent/agent__us_2.ogg
aggressive,B1,B2,adjective,adjective,https://www.oxfordlearnersdictionaries.com/media/english/us_pron_ogg/a/agg/aggre/aggressive__us_1.ogg
agricultural,B1,C1,adjective,adjective,https://www.oxfordlearnersdictionaries.com/media/english/us_pron_ogg/a/agr/agric/agricultural__us_1.ogg
agriculture,B1,B2,noun,noun,https://www.oxfordlearnersdictionaries.com/media/english/us_pron_ogg/a/agr/agric/agriculture__us_1.ogg
ahead,A2,B1,adverb,adverb,https://www.oxfordlearnersdictionaries.com/media/english/us_pron_ogg/a/ahe/ahead/ahead__us_1.ogg
aid,B1,B2,verb,"noun, verb",https://www.oxfordlearnersdictionaries.com/media/english/us_pron_ogg/a/aid/aid__/aid__us_1.ogg
aim,B2,B1,verb,"noun, verb",https://www.oxfordlearnersdictionaries.com/media/english/us_pron_ogg/a/aim/aim__/aim__us_1.ogg
air,A2,A1,noun,noun,https://www.oxfordlearnersdictionaries.com/media/english/us_pron_ogg/a/air/air__/air__us_1.ogg
airline,B1,A2,noun,noun,https://www.oxfordlearnersdictionaries.com/media/english/us_pron_ogg/a/air/airli/airline__us_1.ogg
album,A1,B1,noun,noun,https://www.oxfordlearnersdictionaries.com/media/english/us_pron_ogg/a/alb/album/album__us_2.ogg
alcoholic,B2,B1,noun,adjective,https://www.oxfordlearnersdictionaries.com/media/english/us_pron_ogg/a/alc/alcoh/alcoholic__us_2_rr.ogg
alert,B2,C1,verb,"adjective, noun, verb",https://www.oxfordlearnersdictionaries.com/media/english/us_pron_ogg/a/ale/alert/alert__us_1.ogg
alike,B1,C1,adverb,"adjective, adverb",https://www.oxfordlearnersdictionaries.com/media/english/us_pron_ogg/a/ali/alike/alike__us_1.ogg
all,A1,A2,pronoun,"adverb, determiner, pronoun",https://www.oxfordlearnersdictionaries.com/media/english/us_pron_ogg/a/all/all__/all__us_1.ogg
all right,A1,A2,adverb,"adjective, adverb, exclamation",https://www.oxfordlearnersdictionaries.com/media/english/us_pron_ogg/a/all/all_r/all_right_1_us_3.ogg
allegation,B2,C1,noun,noun,https://www.oxfordlearnersdictionaries.com/media/english/us_pron_ogg/a/all/alleg/allegation__us_1.ogg
alliance,B2,C1,noun,noun,https://www.oxfordlearnersdictionaries.com/media/english/us_pron_ogg/a/all/allia/alliance__us_1.ogg
allowance,B1,C1,noun,noun,https://www.oxfordlearnersdictionaries.com/media/english/us_pron_ogg/a/all/allow/allowance__us_1.ogg
ally,B2,C1,noun,noun,https://www.oxfordlearnersdictionaries.com/media/english/us_pron_ogg/a/all/ally_/ally__us_1.ogg
almost,A1,A2,adverb,adverb,https://www.oxfordlearnersdictionaries.com/media/english/us_pron_ogg/a/alm/almos/almost__us_1_rr.ogg
alone,A1,A2,adverb,"adjective, adverb",https://www.oxfordlearnersdictionaries.com/media/english/us_pron_ogg/a/alo/alone/alone__us_1.ogg
already,A1,A2,adverb,adverb,https://www.oxfordlearnersdictionaries.com/media/english/us_pron_ogg/a/alr/alrea/already__us_3.ogg
altogether,B1,B2,adverb,adverb,https://www.oxfordlearnersdictionaries.com/media/english/us_pron_ogg/a/alt/altog/altogether__us_1_rr.ogg
amazing,B1,A1,adjective,adjective,https://www.oxfordlearnersdictionaries.com/media/english/us_pron_ogg/a/ama/amazi/amazing__us_2.ogg
ambassador,B2,C1,noun,noun,https://www.oxfordlearnersdictionaries.com/media/english/us_pron_ogg/a/amb/ambas/ambassador__us_1_rr.ogg
ambition,A2,B1,noun,noun,https://www.oxfordlearnersdictionaries.com/media/english/us_pron_ogg/a/amb/ambit/ambition__us_2.ogg
ambulance,B1,B2,noun,noun,https://www.oxfordlearnersdictionaries.com/media/english/us_pron_ogg/a/amb/ambul/ambulance__us_1.ogg
amount,B1,A2,noun,"noun, verb",https://www.oxfordlearnersdictionaries.com/media/english/us_pron_ogg/a/amo/amoun/amount__us_1.ogg
amusing,B1,B2,adjective,adjective,https://www.oxfordlearnersdictionaries.com/media/english/us_pron_ogg/a/amu/amusi/amusing__us_1.ogg
analogy,B2,C1,noun,noun,https://www.oxfordlearnersdictionaries.com/media/english/us_pron_ogg/a/ana/analo/analogy__us_1.ogg
ancestor,A2,B2,noun,noun,https://www.oxfordlearnersdictionaries.com/media/english/us_pron_ogg/a/anc/ances/ancestor__us_1.ogg
anchor,B2,C1,noun,noun,https://www.oxfordlearnersdictionaries.com/media/english/us_pron_ogg/a/anc/ancho/anchor__us_1.ogg
angel,A2,C1,noun,noun,https://www.oxfordlearnersdictionaries.com/media/english/us_pron_ogg/a/ang/angel/angel__us_1.ogg
anger,B1,B2,noun,noun,https://www.oxfordlearnersdictionaries.com/media/english/us_pron_ogg/a/ang/anger/anger__us_2.ogg
angle,B1,B2,noun,noun,https://www.oxfordlearnersdictionaries.com/media/english/us_pron_ogg/a/ang/angle/angle__us_1.ogg
angrily,A2,,adverb,adverb,https://www.oxfordlearnersdictionaries.com/media/english/us_pron_ogg/a/ang/angri/angrily__us_1.ogg
animation,B1,B2,noun,noun,https://www.oxfordlearnersdictionaries.com/media/english/us_pron_ogg/a/ani/anima/animation__us_1.ogg
anniversary,A2,B2,noun,noun,https://www.oxfordlearnersdictionaries.com/media/english/us_pron_ogg/a/ann/anniv/anniversary__us_1.ogg
annoy,A2,B1,verb,verb,https://www.oxfordlearnersdictionaries.com/media/english/us_pron_ogg/a/ann/annoy/annoy__us_1.ogg
annoying,A2,B1,adjective,adjective,https://www.oxfordlearnersdictionaries.com/media/english/us_pron_ogg/a/ann/annoy/annoying__us_3.ogg
annual,B1,B2,adjective,adjective,https://www.oxfordlearnersdictionaries.com/media/english/us_pron_ogg/a/ann/annua/annual__us_1.ogg
annually,B1,B2,adverb,adverb,https://www.oxfordlearnersdictionaries.com/media/english/us_pron_ogg/a/ann/annua/annually__us_1.ogg
anonymous,B2,C1,adjective,adjective,https://www.oxfordlearnersdictionaries.com/media/english/us_pron_ogg/a/ano/anony/anonymous__us_1.ogg
another,A2,A1,pronoun,"determiner, pronoun",https://www.oxfordlearnersdictionaries.com/media/english/us_pron_ogg/a/ano/anoth/another__us_2.ogg
anxiety,B1,B2,noun,noun,https://www.oxfordlearnersdictionaries.com/media/english/us_pron_ogg/a/anx/anxie/anxiety__us_1.ogg
anxious,A2,B2,adjective,adjective,https://www.oxfordlearnersdictionaries.com/media/english/us_pron_ogg/a/anx/anxio/anxious__us_1.ogg
any,A1,A2,pronoun,"adverb, determiner, pronoun",https://www.oxfordlearnersdictionaries.com/media/english/us_pron_ogg/a/any/any__/any__us_1.ogg
anybody,A1,A2,pronoun,pronoun,https://www.oxfordlearnersdictionaries.com/media/english/us_pron_ogg/a/any/anybo/anybody__us_4_rr.ogg
apart,A2,B1,adverb,adverb,https://www.oxfordlearnersdictionaries.com/media/english/us_pron_ogg/a/apa/apart/apart__us_1.ogg
apartment,A2,A1,noun,noun,https://www.oxfordlearnersdictionaries.com/media/english/us_pron_ogg/a/apa/apart/apartment__us_1.ogg
apology,B1,B2,noun,noun,https://www.oxfordlearnersdictionaries.com/media/english/us_pron_ogg/a/apo/apolo/apology__us_1.ogg
apparent,B1,B2,adjective,adjective,https://www.oxfordlearnersdictionaries.com/media/english/us_pron_ogg/a/app/appar/apparent__us_1.ogg
apparently,A2,B2,adverb,adverb,https://www.oxfordlearnersdictionaries.com/media/english/us_pron_ogg/a/app/appar/apparently__us_3.ogg
appetite,B1,C1,noun,noun,https://www.oxfordlearnersdictionaries.com/media/english/us_pron_ogg/a/app/appet/appetite__us_1.ogg
applaud,B1,C1,verb,verb,https://www.oxfordlearnersdictionaries.com/media/english/us_pron_ogg/a/app/appla/applaud__us_1.ogg
appoint,B1,C1,verb,verb,https://www.oxfordlearnersdictionaries.com/media/english/us_pron_ogg/a/app/appoi/appoint__us_1.ogg
appointment,A2,B1,noun,noun,https://www.oxfordlearnersdictionaries.com/media/english/us_pron_ogg/a/app/appoi/appointment__us_1.ogg
appreciate,A2,B1,verb,verb,https://www.oxfordlearnersdictionaries.com/media/english/us_pron_ogg/a/app/appre/appreciate__us_1.ogg
appreciation,B1,C1,noun,noun,https://www.oxfordlearnersdictionaries.com/media/english/us_pron_ogg/a/app/appre/appreciation__us_1.ogg
appropriate,A2,B2,adjective,adjective,https://www.oxfordlearnersdictionaries.com/media/english/us_pron_ogg/a/app/appro/appropriate__us_1.ogg
approval,B1,B2,noun,noun,https://www.oxfordlearnersdictionaries.com/media/english/us_pron_ogg/a/app/appro/approval__us_1.ogg
approve,B1,B2,verb,verb,https://www.oxfordlearnersdictionaries.com/media/english/us_pron_ogg/a/app/appro/approve__us_2.ogg
architect,B1,A2,noun,noun,https://www.oxfordlearnersdictionaries.com/media/english/us_pron_ogg/a/arc/archi/architect__us_1.ogg
area,A2,A1,noun,noun,https://www.oxfordlearnersdictionaries.com/media/english/us_pron_ogg/a/are/area_/area__us_2.ogg
arena,B2,C1,noun,noun,https://www.oxfordlearnersdictionaries.com/media/english/us_pron_ogg/a/are/arena/arena__us_1.ogg
arise,B1,B2,verb,verb,https://www.oxfordlearnersdictionaries.com/media/english/us_pron_ogg/a/ari/arise/arise__us_2.ogg
arm,B1,A1,verb,"noun, verb",https://www.oxfordlearnersdictionaries.com/media/english/us_pron_ogg/a/arm/arm__/arm__us_1.ogg
armed,A2,B2,adjective,adjective,https://www.oxfordlearnersdictionaries.com/media/english/us_pron_ogg/a/arm/armed/armed__us_1.ogg
army,B1,A2,noun,noun,https://www.oxfordlearnersdictionaries.com/media/english/us_pron_ogg/a/arm/army_/army__us_2.ogg
arrange,B1,A2,verb,verb,https://www.oxfordlearnersdictionaries.com/media/english/us_pron_ogg/a/arr/arran/arrange__us_2.ogg
arrangement,B1,A2,noun,noun,https://www.oxfordlearnersdictionaries.com/media/english/us_pron_ogg/a/arr/arran/arrangement__us_1.ogg
arrow,B1,B2,noun,noun,https://www.oxfordlearnersdictionaries.com/media/english/us_pron_ogg/a/arr/arrow/arrow__us_1.ogg
articulate,B2,C1,verb,verb,https://www.oxfordlearnersdictionaries.com/media/english/us_pron_ogg/a/art/artic/articulate__us_1.ogg
artificial,A2,B2,adjective,adjective,https://www.oxfordlearnersdictionaries.com/media/english/us_pron_ogg/a/art/artif/artificial__us_3.ogg
artist,B1,A1,noun,noun,https://www.oxfordlearnersdictionaries.com/media/english/us_pron_ogg/a/art/artis/artist__us_1.ogg
artistic,B1,B2,adjective,adjective,https://www.oxfordlearnersdictionaries.com/media/english/us_pron_ogg/a/art/artis/artistic__us_2.ogg
as,A1,A2,preposition,"adverb, conjunction, preposition",https://www.oxfordlearnersdictionaries.com/media/english/us_pron_ogg/a/as_/as__u/as__us_1_rr.ogg
ash,B2,C1,noun,noun,https://www.oxfordlearnersdictionaries.com/media/english/us_pron_ogg/a/ash/ash__/ash__us_2.ogg
ashamed,B1,B2,adjective,adjective,https://www.oxfordlearnersdictionaries.com/media/english/us_pron_ogg/a/ash/asham/ashamed__us_2.ogg
aside,B1,B2,adverb,adverb,https://www.oxfordlearnersdictionaries.com/media/english/us_pron_ogg/a/asi/aside/aside__us_1.ogg
aspect,B1,B2,noun,noun,https://www.oxfordlearnersdictionaries.com/media/english/us_pron_ogg/a/asp/aspec/aspect__us_1.ogg
aspiration,B2,C1,noun,noun,https://www.oxfordlearnersdictionaries.com/media/english/us_pron_ogg/a/asp/aspir/aspiration__us_1.ogg
aspire,B2,C1,verb,verb,https://www.oxfordlearnersdictionaries.com/media/english/us_pron_ogg/a/asp/aspir/aspire__us_1.ogg
assault,B2,C1,noun,"noun, verb",https://www.oxfordlearnersdictionaries.com/media/english/us_pron_ogg/a/ass/assau/assault__us_1.ogg
assemble,B2,C1,verb,verb,https://www.oxfordlearnersdictionaries.com/media/english/us_pron_ogg/a/ass/assem/assemble__us_1.ogg
assembly,B2,C1,noun,noun,https://www.oxfordlearnersdictionaries.com/media/english/us_pron_ogg/a/ass/assem/assembly__us_1.ogg
assert,B2,C1,verb,verb,https://www.oxfordlearnersdictionaries.com/media/english/us_pron_ogg/a/ass/asser/assert__us_1.ogg
assign,B1,B2,verb,verb,https://www.oxfordlearnersdictionaries.com/media/english/us_pron_ogg/a/ass/assig/assign__us_1.ogg
assistance,B1,B2,noun,noun,https://www.oxfordlearnersdictionaries.com/media/english/us_pron_ogg/a/ass/assis/assistance__us_1.ogg
assistant,B1,A2,noun,"adjective, noun",https://www.oxfordlearnersdictionaries.com/media/english/us_pron_ogg/a/ass/assis/assistant__us_1.ogg
associate,B1,B2,verb,verb,https://www.oxfordlearnersdictionaries.com/media/english/us_pron_ogg/a/ass/assoc/associate__us_2_rr.ogg
association,A2,B2,noun,noun,https://www.oxfordlearnersdictionaries.com/media/english/us_pron_ogg/a/ass/assoc/association__us_2_rr.ogg
assume,B1,B2,verb,verb,https://www.oxfordlearnersdictionaries.com/media/english/us_pron_ogg/a/ass/assum/assume__us_2.ogg
assurance,B2,C1,noun,noun,https://www.oxfordlearnersdictionaries.com/media/english/us_pron_ogg/a/ass/assur/assurance__us_1.ogg
attachment,B1,B2,noun,noun,https://www.oxfordlearnersdictionaries.com/media/english/us_pron_ogg/a/att/attac/attachment__us_1.ogg
attain,B1,C1,verb,verb,https://www.oxfordlearnersdictionaries.com/media/english/us_pron_ogg/a/att/attai/attain__us_1.ogg
attempt,B1,B2,verb,"noun, verb",https://www.oxfordlearnersdictionaries.com/media/english/us_pron_ogg/a/att/attem/attempt__us_1.ogg
attend,B1,A2,verb,verb,https://www.oxfordlearnersdictionaries.com/media/english/us_pron_ogg/a/att/atten/attend__us_2.ogg
attendance,B2,C1,noun,noun,https://www.oxfordlearnersdictionaries.com/media/english/us_pron_ogg/a/att/atten/attendance__us_1.ogg
attitude,A2,B1,noun,noun,https://www.oxfordlearnersdictionaries.com/media/english/us_pron_ogg/a/att/attit/attitude__us_1.ogg
attribute,B2,C1,verb,"noun, verb",https://www.oxfordlearnersdictionaries.com/media/english/us_pron_ogg/a/att/attri/attribute__us_2.ogg
audio,A2,B2,adjective,adjective,https://www.oxfordlearnersdictionaries.com/media/english/us_pron_ogg/a/aud/audio/audio__us_1.ogg
audit,B2,C1,noun,noun,https://www.oxfordlearnersdictionaries.com/media/english/us_pron_ogg/a/aud/audit/audit__us_1.ogg
automatic,A2,B2,adjective,adjective,https://www.oxfordlearnersdictionaries.com/media/english/us_pron_ogg/a/aut/autom/automatic__us_1.ogg
automatically,A2,B2,adverb,adverb,https://www.oxfordlearnersdictionaries.com/media/english/us_pron_ogg/a/aut/autom/automatically__us_1.ogg
availability,B2,C1,noun,noun,https://www.oxfordlearnersdictionaries.com/media/english/us_pron_ogg/a/ava/avail/availability__us_1.ogg
available,B1,A2,adjective,adjective,https://www.oxfordlearnersdictionaries.com/media/english/us_pron_ogg/a/ava/avail/available__us_1.ogg
await,B2,C1,verb,verb,https://www.oxfordlearnersdictionaries.com/media/english/us_pron_ogg/a/awa/await/await__us_1.ogg
award,B1,A2,verb,"noun, verb",https://www.oxfordlearnersdictionaries.com/media/english/us_pron_ogg/a/awa/award/award__us_1.ogg
awareness,B1,B2,noun,noun,https://www.oxfordlearnersdictionaries.com/media/english/us_pron_ogg/a/awa/aware/awareness__us_1.ogg
awkward,B1,B2,adjective,adjective,https://www.oxfordlearnersdictionaries.com/media/english/us_pron_ogg/a/awk/awkwa/awkward__us_1.ogg
back,B1,A2,verb,"adjective, adverb, noun, verb",https://www.oxfordlearnersdictionaries.com/media/english/us_pron_ogg/b/bac/back_/back__us_1.ogg
backup,B2,C1,noun,noun,https://www.oxfordlearnersdictionaries.com/media/english/us_pron_ogg/b/bac/backu/backup__us_1.ogg
bake,A2,B1,verb,verb,https://www.oxfordlearnersdictionaries.com/media/english/us_pron_ogg/b/bak/bake_/bake__us_1.ogg
balance,B2,B1,verb,"noun, verb",https://www.oxfordlearnersdictionaries.com/media/english/us_pron_ogg/b/bal/balan/balance__us_2.ogg
balloon,A2,B2,noun,noun,https://www.oxfordlearnersdictionaries.com/media/english/us_pron_ogg/b/bal/ballo/balloon__us_1.ogg
ballot,B2,C1,noun,noun,https://www.oxfordlearnersdictionaries.com/media/english/us_pron_ogg/b/bal/ballo/ballot__us_1.ogg
ban,B2,B1,verb,"noun, verb",https://www.oxfordlearnersdictionaries.com/media/english/us_pron_ogg/b/ban/ban__/ban__us_1.ogg
bank,A2,A1,verb,noun,https://www.oxfordlearnersdictionaries.com/media/english/us_pron_ogg/b/ban/bank_/bank__us_1.ogg
bar,B1,A2,verb,"noun, verb",https://www.oxfordlearnersdictionaries.com/media/english/us_pron_ogg/b/bar/bar__/bar__us_1.ogg
bare,B2,C1,verb,adjective,https://www.oxfordlearnersdictionaries.com/media/english/us_pron_ogg/b/bar/bare_/bare__us_1.ogg
barely,B1,B2,adverb,adverb,https://www.oxfordlearnersdictionaries.com/media/english/us_pron_ogg/b/bar/barel/barely__us_1.ogg
barrel,B1,C1,noun,noun,https://www.oxfordlearnersdictionaries.com/media/english/us_pron_ogg/b/bar/barre/barrel__us_1.ogg
baseball,A1,A2,noun,noun,https://www.oxfordlearnersdictionaries.com/media/english/us_pron_ogg/b/bas/baseb/baseball__us_3.ogg
basement,B1,B2,noun,noun,https://www.oxfordlearnersdictionaries.com/media/english/us_pron_ogg/b/bas/basem/basement__us_1.ogg
basic,A2,B1,adjective,adjective,https://www.oxfordlearnersdictionaries.com/media/english/us_pron_ogg/b/bas/basic/basic__us_3.ogg
basically,A2,B2,adverb,adverb,https://www.oxfordlearnersdictionaries.com/media/english/us_pron_ogg/b/bas/basic/basically__us_2.ogg
basket,A2,B2,noun,noun,https://www.oxfordlearnersdictionaries.com/media/english/us_pron_ogg/b/bas/baske/basket__us_1.ogg
basketball,A1,A2,noun,noun,https://www.oxfordlearnersdictionaries.com/media/english/us_pron_ogg/b/bas/baske/basketball__us_2.ogg
bat,B1,B2,verb,"noun, verb",https://www.oxfordlearnersdictionaries.com/media/english/us_pron_ogg/b/bat/bat__/bat__us_1.ogg
battery,A2,B1,noun,noun,https://www.oxfordlearnersdictionaries.com/media/english/us_pron_ogg/b/bat/batte/battery__us_4.ogg
battlefield,B2,C1,noun,noun,https://www.oxfordlearnersdictionaries.com/media/english/us_pron_ogg/b/bat/battl/battlefield__us_1.ogg
bay,A2,C1,noun,noun,https://www.oxfordlearnersdictionaries.com/media/english/us_pron_ogg/b/bay/bay__/bay__us_1.ogg
beam,B2,C1,noun,noun,https://www.oxfordlearnersdictionaries.com/media/english/us_pron_ogg/b/bea/beam_/beam__us_1.ogg
bean,A1,A2,noun,noun,https://www.oxfordlearnersdictionaries.com/media/english/us_pron_ogg/b/bea/bean_/bean__us_1.ogg
beast,B1,C1,noun,noun,https://www.oxfordlearnersdictionaries.com/media/english/us_pron_ogg/b/bea/beast/beast__us_1.ogg
beat,B1,B2,verb,"noun, verb",https://www.oxfordlearnersdictionaries.com/media/english/us_pron_ogg/b/bea/beat_/beat__us_1.ogg
beauty,A2,B1,noun,noun,https://www.oxfordlearnersdictionaries.com/media/english/us_pron_ogg/b/bea/beaut/beauty__us_3.ogg
bee,A1,B1,noun,noun,https://www.oxfordlearnersdictionaries.com/media/english/us_pron_ogg/b/bee/bee__/bee__us_1.ogg
beef,A1,A2,noun,noun,https://www.oxfordlearnersdictionaries.com/media/english/us_pron_ogg/b/bee/beef_/beef__us_1.ogg
beer,A2,A1,noun,noun,https://www.oxfordlearnersdictionaries.com/media/english/us_pron_ogg/b/bee/beer_/beer__us_1.ogg
before,A1,A2,preposition,"adverb, conjunction, preposition",https://www.oxfordlearnersdictionaries.com/media/english/us_pron_ogg/b/bef/befor/before__us_1.ogg
beg,A2,B2,verb,verb,https://www.oxfordlearnersdictionaries.com/media/english/us_pron_ogg/b/beg/beg__/beg__us_1.ogg
beginning,A2,A1,noun,noun,https://www.oxfordlearnersdictionaries.com/media/english/us_pron_ogg/b/beg/begin/beginning__us_1.ogg
behalf,B1,C1,noun,noun,https://www.oxfordlearnersdictionaries.com/media/english/us_pron_ogg/b/beh/behal/behalf__us_1.ogg
behave,B1,A2,verb,verb,https://www.oxfordlearnersdictionaries.com/media/english/us_pron_ogg/b/beh/behav/behave__us_2.ogg
being,A2,B2,noun,noun,https://www.oxfordlearnersdictionaries.com/media/english/us_pron_ogg/b/bei/being/being__us_1.ogg
bell,A1,B1,noun,noun,https://www.oxfordlearnersdictionaries.com/media/english/us_pron_ogg/b/bel/bell_/bell__us_1.ogg
beloved,B1,C1,adjective,adjective,https://www.oxfordlearnersdictionaries.com/media/english/us_pron_ogg/b/bel/belov/beloved__us_2.ogg
bench,A2,C1,noun,noun,https://www.oxfordlearnersdictionaries.com/media/english/us_pron_ogg/b/ben/bench/bench__us_1.ogg
bend,A2,B1,verb,"noun, verb",https://www.oxfordlearnersdictionaries.com/media/english/us_pron_ogg/b/ben/bend_/bend__us_1.ogg
beneath,B1,C1,preposition,preposition,https://www.oxfordlearnersdictionaries.com/media/english/us_pron_ogg/b/ben/benea/beneath__us_1.ogg
benefit,B2,A2,verb,"noun, verb",https://www.oxfordlearnersdictionaries.com/media/english/us_pron_ogg/b/ben/benef/benefit__us_1.ogg
bent,B1,B2,adjective,adjective,https://www.oxfordlearnersdictionaries.com/media/english/us_pron_ogg/b/ben/bent_/bent__us_2.ogg
beside,A1,B2,preposition,preposition,https://www.oxfordlearnersdictionaries.com/media/english/us_pron_ogg/b/bes/besid/beside__us_1.ogg
besides,B1,B2,preposition,"adverb, preposition",https://www.oxfordlearnersdictionaries.com/media/english/us_pron_ogg/b/bes/besid/besides__us_1.ogg
bet,B1,B2,verb,"noun, verb",https://www.oxfordlearnersdictionaries.com/media/english/us_pron_ogg/b/bet/bet__/bet__us_1.ogg
betray,B2,C1,verb,verb,https://www.oxfordlearnersdictionaries.com/media/english/us_pron_ogg/b/bet/betra/betray__us_1.ogg
better,A2,A1,adverb,"adjective, adverb, noun",https://www.oxfordlearnersdictionaries.com/media/english/us_pron_ogg/b/bet/bette/better__us_4.ogg
between,A1,A2,preposition,"adverb, preposition",https://www.oxfordlearnersdictionaries.com/media/english/us_pron_ogg/b/bet/betwe/between__us_2.ogg
beyond,A2,B2,preposition,"adverb, preposition",https://www.oxfordlearnersdictionaries.com/media/english/us_pron_ogg/b/bey/beyon/beyond__us_1.ogg
bill,B1,A1,verb,"noun, verb",https://www.oxfordlearnersdictionaries.com/media/english/us_pron_ogg/b/bil/bill_/bill__us_1.ogg
billion,B2,A2,noun,number,https://www.oxfordlearnersdictionaries.com/media/english/us_pron_ogg/b/bil/billi/billion__us_1.ogg
bin,B1,A2,noun,noun,https://www.oxfordlearnersdictionaries.com/media/english/us_pron_ogg/b/bin/bin__/bin__us_1.ogg
bind,B2,C1,verb,verb,https://www.oxfordlearnersdictionaries.com/media/english/us_pron_ogg/b/bin/bind_/bind__us_1.ogg
biography,B1,C1,noun,noun,https://www.oxfordlearnersdictionaries.com/media/english/us_pron_ogg/b/bio/biogr/biography__us_1.ogg
biology,B1,A2,noun,noun,https://www.oxfordlearnersdictionaries.com/media/english/us_pron_ogg/b/bio/biolo/biology__us_1.ogg
birth,A1,A2,noun,noun,https://www.oxfordlearnersdictionaries.com/media/english/us_pron_ogg/b/bir/birth/birth__us_1.ogg
biscuit,A1,A2,noun,noun,https://www.oxfordlearnersdictionaries.com/media/english/us_pron_ogg/b/bis/biscu/biscuit__us_1.ogg
bishop,B1,C1,noun,noun,https://www.oxfordlearnersdictionaries.com/media/english/us_pron_ogg/b/bis/bisho/bishop__us_1.ogg
bitter,B1,B2,adjective,adjective,https://www.oxfordlearnersdictionaries.com/media/english/us_pron_ogg/b/bit/bitte/bitter__us_3.ogg
bizarre,B2,C1,adjective,adjective,https://www.oxfordlearnersdictionaries.com/media/english/us_pron_ogg/b/biz/bizar/bizarre__us_1.ogg
blade,B2,C1,noun,noun,https://www.oxfordlearnersdictionaries.com/media/english/us_pron_ogg/b/bla/blade/blade__us_1.ogg
blame,A2,B2,verb,"noun, verb",https://www.oxfordlearnersdictionaries.com/media/english/us_pron_ogg/b/bla/blame/blame__us_1.ogg
blank,A1,A2,adjective,"adjective, noun",https://www.oxfordlearnersdictionaries.com/media/english/us_pron_ogg/b/bla/blank/blank__us_1.ogg
blanket,A2,B2,noun,noun,https://www.oxfordlearnersdictionaries.com/media/english/us_pron_ogg/b/bla/blank/blanket__us_1.ogg
blast,B2,C1,verb,"noun, verb",https://www.oxfordlearnersdictionaries.com/media/english/us_pron_ogg/b/bla/blast/blast__us_1.ogg
bleed,B1,C1,verb,verb,https://www.oxfordlearnersdictionaries.com/media/english/us_pron_ogg/b/ble/bleed/bleed__us_1.ogg
blend,B1,C1,verb,"noun, verb",https://www.oxfordlearnersdictionaries.com/media/english/us_pron_ogg/b/ble/blend/blend__us_1.ogg
bless,B1,C1,verb,verb,https://www.oxfordlearnersdictionaries.com/media/english/us_pron_ogg/b/ble/bless/bless__us_1.ogg
blessing,B1,C1,noun,noun,https://www.oxfordlearnersdictionaries.com/media/english/us_pron_ogg/b/ble/bless/blessing__us_1.ogg
blind,B1,B2,adjective,adjective,https://www.oxfordlearnersdictionaries.com/media/english/us_pron_ogg/b/bli/blind/blind__us_1.ogg
blog,B1,A1,noun,noun,https://www.oxfordlearnersdictionaries.com/media/english/us_pron_ogg/b/blo/blog_/blog__us_1_rr.ogg
blonde,A2,A1,adjective,adjective,https://www.oxfordlearnersdictionaries.com/media/english/us_pron_ogg/b/blo/blond/blonde__us_1.ogg
blow,A1,B2,verb,"noun, verb",https://www.oxfordlearnersdictionaries.com/media/english/us_pron_ogg/b/blo/blow_/blow__us_1.ogg
board,B1,A2,verb,"noun, verb",https://www.oxfordlearnersdictionaries.com/media/english/us_pron_ogg/b/boa/board/board__us_1.ogg
boast,B1,C1,verb,verb,https://www.oxfordlearnersdictionaries.com/media/english/us_pron_ogg/b/boa/boast/boast__us_1.ogg
bond,B1,B2,noun,noun,https://www.oxfordlearnersdictionaries.com/media/english/us_pron_ogg/b/bon/bond_/bond__us_1.ogg
bone,A1,A2,noun,noun,https://www.oxfordlearnersdictionaries.com/media/english/us_pron_ogg/b/bon/bone_/bone__us_1.ogg
bonus,A2,C1,noun,noun,https://www.oxfordlearnersdictionaries.com/media/english/us_pron_ogg/b/bon/bonus/bonus__us_1.ogg
book,B1,A1,verb,"noun, verb",https://www.oxfordlearnersdictionaries.com/media/english/us_pron_ogg/b/boo/book_/book__us_1.ogg
booking,B1,B2,noun,noun,https://www.oxfordlearnersdictionaries.com/media/english/us_pron_ogg/b/boo/booki/booking__us_1.ogg
boom,B1,C1,noun,noun,https://www.oxfordlearnersdictionaries.com/media/english/us_pron_ogg/b/boo/boom_/boom__us_1.ogg
boot,B1,A1,noun,noun,https://www.oxfordlearnersdictionaries.com/media/english/us_pron_ogg/b/boo/boot_/boot__us_1.ogg
bored,A2,A1,adjective,adjective,https://www.oxfordlearnersdictionaries.com/media/english/us_pron_ogg/b/bor/bored/bored__us_1.ogg
borrow,A1,A2,verb,verb,https://www.oxfordlearnersdictionaries.com/media/english/us_pron_ogg/b/bor/borro/borrow__us_2_rr.ogg
bother,A2,B1,verb,verb,https://www.oxfordlearnersdictionaries.com/media/english/us_pron_ogg/b/bot/bothe/bother__us_1.ogg
bottle,B2,A1,verb,noun,https://www.oxfordlearnersdictionaries.com/media/english/us_pron_ogg/b/bot/bottl/bottle__us_1.ogg
bottom,A1,A2,noun,"adjective, noun",https://www.oxfordlearnersdictionaries.com/media/english/us_pron_ogg/b/bot/botto/bottom__us_1.ogg
bounce,B1,C1,verb,verb,https://www.oxfordlearnersdictionaries.com/media/english/us_pron_ogg/b/bou/bounc/bounce__us_1.ogg
bound,B1,B2,adjective,adjective,https://www.oxfordlearnersdictionaries.com/media/english/us_pron_ogg/b/bou/bound/bound__us_1.ogg
bow,B2,C1,verb,"noun, verb",https://www.oxfordlearnersdictionaries.com/media/english/us_pron_ogg/b/bow/bow__/bow__us_1.ogg
bowl,B1,A2,verb,noun,https://www.oxfordlearnersdictionaries.com/media/english/us_pron_ogg/b/bow/bowl_/bowl__us_1.ogg
brain,A1,A2,noun,noun,https://www.oxfordlearnersdictionaries.com/media/english/us_pron_ogg/b/bra/brain/brain__us_1.ogg
brand,A2,B1,noun,"noun, verb",https://www.oxfordlearnersdictionaries.com/media/english/us_pron_ogg/b/bra/brand/brand__us_1.ogg
brave,A2,B1,adjective,adjective,https://www.oxfordlearnersdictionaries.com/media/english/us_pron_ogg/b/bra/brave/brave__us_1.ogg
breakdown,B2,C1,noun,noun,https://www.oxfordlearnersdictionaries.com/media/english/us_pron_ogg/b/bre/break/breakdown__us_1.ogg
breakthrough,B1,C1,noun,noun,https://www.oxfordlearnersdictionaries.com/media/english/us_pron_ogg/b/bre/break/breakthrough__us_1.ogg
breast,B1,B2,noun,noun,https://www.oxfordlearnersdictionaries.com/media/english/us_pron_ogg/b/bre/breas/breast__us_1.ogg
breathe,A1,B1,verb,verb,https://www.oxfordlearnersdictionaries.com/media/english/us_pron_ogg/b/bre/breat/breathe__us_1.ogg
breed,B1,C1,verb,"noun, verb",https://www.oxfordlearnersdictionaries.com/media/english/us_pron_ogg/b/bre/breed/breed__us_1.ogg
brick,B1,B2,noun,noun,https://www.oxfordlearnersdictionaries.com/media/english/us_pron_ogg/b/bri/brick/brick__us_1.ogg
bride,A2,B1,noun,noun,https://www.oxfordlearnersdictionaries.com/media/english/us_pron_ogg/b/bri/bride/bride__us_1.ogg
bridge,A1,A2,noun,noun,https://www.oxfordlearnersdictionaries.com/media/english/us_pron_ogg/b/bri/bridg/bridge__us_1.ogg
brief,B1,B2,adjective,adjective,https://www.oxfordlearnersdictionaries.com/media/english/us_pron_ogg/b/bri/brief/brief__us_1.ogg
briefly,B1,B2,adverb,adverb,https://www.oxfordlearnersdictionaries.com/media/english/us_pron_ogg/b/bri/brief/briefly__us_1.ogg
bright,A1,A2,adjective,adjective,https://www.oxfordlearnersdictionaries.com/media/english/us_pron_ogg/b/bri/brigh/bright_1_us_1.ogg
broad,B1,B2,adjective,adjective,https://www.oxfordlearnersdictionaries.com/media/english/us_pron_ogg/b/bro/broad/broad__us_2.ogg
broadband,B2,C1,noun,noun,https://www.oxfordlearnersdictionaries.com/media/english/us_pron_ogg/b/bro/broad/broadband__us_1.ogg
broken,A1,A2,adjective,adjective,https://www.oxfordlearnersdictionaries.com/media/english/us_pron_ogg/b/bro/broke/broken__us_1.ogg
brown,A2,A1,noun,"adjective, noun",https://www.oxfordlearnersdictionaries.com/media/english/us_pron_ogg/b/bro/brown/brown__us_1.ogg
browser,B2,C1,noun,noun,https://www.oxfordlearnersdictionaries.com/media/english/us_pron_ogg/b/bro/brows/browser__us_1.ogg
brush,A1,A2,verb,"noun, verb",https://www.oxfordlearnersdictionaries.com/media/english/us_pron_ogg/b/bru/brush/brush__us_1.ogg
buddy,B1,C1,noun,noun,https://www.oxfordlearnersdictionaries.com/media/english/us_pron_ogg/b/bud/buddy/buddy__us_1.ogg
budget,A2,B2,noun,noun,https://www.oxfordlearnersdictionaries.com/media/english/us_pron_ogg/b/bud/budge/budget__us_1.ogg
bug,A2,B2,noun,noun,https://www.oxfordlearnersdictionaries.com/media/english/us_pron_ogg/b/bug/bug__/bug__us_1.ogg
bullet,B1,B2,noun,noun,https://www.oxfordlearnersdictionaries.com/media/english/us_pron_ogg/b/bul/bulle/bullet__us_1.ogg
bunch,B1,B2,noun,noun,https://www.oxfordlearnersdictionaries.com/media/english/us_pron_ogg/b/bun/bunch/bunch__us_1.ogg
burden,B2,C1,verb,noun,https://www.oxfordlearnersdictionaries.com/media/english/us_pron_ogg/b/bur/burde/burden__us_1.ogg
bureaucracy,B2,C1,noun,noun,https://www.oxfordlearnersdictionaries.com/media/english/us_pron_ogg/b/bur/burea/bureaucracy__us_1.ogg
burial,B2,C1,noun,noun,https://www.oxfordlearnersdictionaries.com/media/english/us_pron_ogg/b/bur/buria/burial__us_1.ogg
burn,B1,B2,verb,"noun, verb",https://www.oxfordlearnersdictionaries.com/media/english/us_pron_ogg/b/bur/burn_/burn__us_1.ogg
burst,B1,C1,verb,verb,https://www.oxfordlearnersdictionaries.com/media/english/us_pron_ogg/b/bur/burst/burst__us_1.ogg
bury,A2,B1,verb,verb,https://www.oxfordlearnersdictionaries.com/media/english/us_pron_ogg/b/bur/bury_/bury__us_1.ogg
bush,A2,B2,noun,noun,https://www.oxfordlearnersdictionaries.com/media/english/us_pron_ogg/b/bus/bush_/bush__us_1.ogg
but,B1,A1,preposition,"conjunction, preposition",https://www.oxfordlearnersdictionaries.com/media/english/us_pron_ogg/b/but/but__/but__us_2_rr.ogg
button,A1,A2,noun,noun,https://www.oxfordlearnersdictionaries.com/media/english/us_pron_ogg/b/but/butto/button__us_4.ogg
by,A1,B1,preposition,"adverb, preposition",https://www.oxfordlearnersdictionaries.com/media/english/us_pron_ogg/b/by_/by__u/by__us_1.ogg
cabin,B1,B2,noun,noun,https://www.oxfordlearnersdictionaries.com/media/english/us_pron_ogg/c/cab/cabin/cabin__us_1.ogg
cabinet,B2,C1,noun,noun,https://www.oxfordlearnersdictionaries.com/media/english/us_pron_ogg/c/cab/cabin/cabinet__us_1.ogg
calculate,B1,B2,verb,verb,https://www.oxfordlearnersdictionaries.com/media/english/us_pron_ogg/c/cal/calcu/calculate__us_1.ogg
calculation,B1,C1,noun,noun,https://www.oxfordlearnersdictionaries.com/media/english/us_pron_ogg/c/cal/calcu/calculation__us_1.ogg
call,A2,A1,verb,"noun, verb",https://www.oxfordlearnersdictionaries.com/media/english/us_pron_ogg/c/cal/call_/call__us_1.ogg
campaign,B2,B1,noun,"noun, verb",https://www.oxfordlearnersdictionaries.com/media/english/us_pron_ogg/c/cam/campa/campaign__us_2.ogg
campus,A2,B1,noun,noun,https://www.oxfordlearnersdictionaries.com/media/english/us_pron_ogg/c/cam/campu/campus__us_1.ogg
canal,B1,B2,noun,noun,https://www.oxfordlearnersdictionaries.com/media/english/us_pron_ogg/c/can/canal/canal__us_1.ogg
cancel,B1,B2,verb,verb,https://www.oxfordlearnersdictionaries.com/media/english/us_pron_ogg/c/can/cance/cancel__us_2.ogg
cancer,B1,B2,noun,noun,https://www.oxfordlearnersdictionaries.com/media/english/us_pron_ogg/c/can/cance/cancer__us_3.ogg
candidate,B2,B1,noun,noun,https://www.oxfordlearnersdictionaries.com/media/english/us_pron_ogg/c/can/candi/candidate__us_2_rr.ogg
candle,B1,B2,noun,noun,https://www.oxfordlearnersdictionaries.com/media/english/us_pron_ogg/c/can/candl/candle__us_1.ogg
cap,A1,B1,noun,noun,https://www.oxfordlearnersdictionaries.com/media/english/us_pron_ogg/c/cap/cap__/cap__us_2.ogg
capability,B2,C1,noun,noun,https://www.oxfordlearnersdictionaries.com/media/english/us_pron_ogg/c/cap/capab/capability__us_1.ogg
capable,B1,B2,adjective,adjective,https://www.oxfordlearnersdictionaries.com/media/english/us_pron_ogg/c/cap/capab/capable__us_2.ogg
capacity,B1,B2,noun,noun,https://www.oxfordlearnersdictionaries.com/media/english/us_pron_ogg/c/cap/capac/capacity__us_3.ogg
capital,A2,A1,noun,"adjective, noun",https://www.oxfordlearnersdictionaries.com/media/english/us_pron_ogg/c/cap/capit/capital__us_3.ogg
captain,A2,B1,noun,noun,https://www.oxfordlearnersdictionaries.com/media/english/us_pron_ogg/c/cap/capta/captain__us_2.ogg
capture,B1,B2,verb,"noun, verb",https://www.oxfordlearnersdictionaries.com/media/english/us_pron_ogg/c/cap/captu/capture__us_2.ogg
care,B1,A2,verb,"noun, verb",https://www.oxfordlearnersdictionaries.com/media/english/us_pron_ogg/c/car/care_/care__us_1.ogg
career,B1,A1,noun,noun,https://www.oxfordlearnersdictionaries.com/media/english/us_pron_ogg/c/car/caree/career__us_2.ogg
careful,A1,A2,adjective,adjective,https://www.oxfordlearnersdictionaries.com/media/english/us_pron_ogg/c/car/caref/careful__us_2.ogg
carefully,A1,A2,adverb,adverb,https://www.oxfordlearnersdictionaries.com/media/english/us_pron_ogg/c/car/caref/carefully__us_3.ogg
carpet,B1,A2,noun,noun,https://www.oxfordlearnersdictionaries.com/media/english/us_pron_ogg/c/car/carpe/carpet__us_1.ogg
carriage,B1,C1,noun,noun,https://www.oxfordlearnersdictionaries.com/media/english/us_pron_ogg/c/car/carri/carriage__us_1.ogg
carrot,A2,A1,noun,noun,https://www.oxfordlearnersdictionaries.com/media/english/us_pron_ogg/c/car/carro/carrot__us_1.ogg
cartoon,A1,A2,noun,noun,https://www.oxfordlearnersdictionaries.com/media/english/us_pron_ogg/c/car/carto/cartoon__us_2.ogg
carve,B2,C1,verb,verb,https://www.oxfordlearnersdictionaries.com/media/english/us_pron_ogg/c/car/carve/carve__us_1.ogg
case,A1,A2,noun,noun,https://www.oxfordlearnersdictionaries.com/media/english/us_pron_ogg/c/cas/case_/case__us_1.ogg
casual,B1,B2,adjective,adjective,https://www.oxfordlearnersdictionaries.com/media/english/us_pron_ogg/c/cas/casua/casual__us_1_rr.ogg
catch,A1,B2,verb,"noun, verb",https://www.oxfordlearnersdictionaries.com/media/english/us_pron_ogg/c/cat/catch/catch__us_2.ogg
cattle,B1,C1,noun,noun,https://www.oxfordlearnersdictionaries.com/media/english/us_pron_ogg/c/cat/cattl/cattle__us_1.ogg
caution,B1,C1,noun,noun,https://www.oxfordlearnersdictionaries.com/media/english/us_pron_ogg/c/cau/cauti/caution__us_1.ogg
cautious,B1,C1,adjective,adjective,https://www.oxfordlearnersdictionaries.com/media/english/us_pron_ogg/c/cau/cauti/cautious__us_1.ogg
cave,B1,B2,noun,noun,https://www.oxfordlearnersdictionaries.com/media/english/us_pron_ogg/c/cav/cave_/cave__us_1.ogg
cease,B2,C1,verb,verb,https://www.oxfordlearnersdictionaries.com/media/english/us_pron_ogg/c/cea/cease/cease__us_1.ogg
ceiling,B2,B1,noun,noun,https://www.oxfordlearnersdictionaries.com/media/english/us_pron_ogg/c/cei/ceili/ceiling__us_1.ogg
celebrate,A1,A2,verb,verb,https://www.oxfordlearnersdictionaries.com/media/english/us_pron_ogg/c/cel/celeb/celebrate__us_1.ogg
celebration,A1,B1,noun,noun,https://www.oxfordlearnersdictionaries.com/media/english/us_pron_ogg/c/cel/celeb/celebration__us_2.ogg
celebrity,B1,A2,noun,noun,https://www.oxfordlearnersdictionaries.com/media/english/us_pron_ogg/c/cel/celeb/celebrity__us_1.ogg
cell,B1,B2,noun,noun,https://www.oxfordlearnersdictionaries.com/media/english/us_pron_ogg/c/cel/cell_/cell__us_1.ogg
cemetery,B2,C1,noun,noun,https://www.oxfordlearnersdictionaries.com/media/english/us_pron_ogg/c/cem/cemet/cemetery__us_1.ogg
cent,A2,A1,noun,noun,https://www.oxfordlearnersdictionaries.com/media/english/us_pron_ogg/c/cen/cent_/cent__us_1.ogg
century,A2,A1,noun,noun,https://www.oxfordlearnersdictionaries.com/media/english/us_pron_ogg/c/cen/centu/century__us_2.ogg
certainty,B1,B2,noun,noun,https://www.oxfordlearnersdictionaries.com/media/english/us_pron_ogg/c/cer/certa/certainty__us_1.ogg
chain,A2,B1,noun,"noun, verb",https://www.oxfordlearnersdictionaries.com/media/english/us_pron_ogg/c/cha/chain/chain__us_1.ogg
chairman,A2,B2,noun,noun,https://www.oxfordlearnersdictionaries.com/media/english/us_pron_ogg/c/cha/chair/chairman__us_1.ogg
challenge,B2,B1,verb,"noun, verb",https://www.oxfordlearnersdictionaries.com/media/english/us_pron_ogg/c/cha/chall/challenge__us_1.ogg
challenging,B1,B2,adjective,adjective,https://www.oxfordlearnersdictionaries.com/media/english/us_pron_ogg/c/cha/chall/challenging__us_1.ogg
championship,A2,B2,noun,noun,https://www.oxfordlearnersdictionaries.com/media/english/us_pron_ogg/c/cha/champ/championship__us_1.ogg
chaos,B1,C1,noun,noun,https://www.oxfordlearnersdictionaries.com/media/english/us_pron_ogg/c/cha/chaos/chaos__us_1.ogg
chapter,A2,B1,noun,noun,https://www.oxfordlearnersdictionaries.com/media/english/us_pron_ogg/c/cha/chapt/chapter__us_2.ogg
character,A1,A2,noun,noun,https://www.oxfordlearnersdictionaries.com/media/english/us_pron_ogg/c/cha/chara/character__us_3.ogg
characteristic,B1,B2,noun,"adjective, noun",https://www.oxfordlearnersdictionaries.com/media/english/us_pron_ogg/c/cha/chara/characteristic__us_1.ogg
charity,B1,A2,noun,noun,https://www.oxfordlearnersdictionaries.com/media/english/us_pron_ogg/c/cha/chari/charity__us_2.ogg
charm,B1,C1,noun,noun,https://www.oxfordlearnersdictionaries.com/media/english/us_pron_ogg/c/cha/charm/charm__us_1.ogg
chart,A2,A1,noun,"noun, verb",https://www.oxfordlearnersdictionaries.com/media/english/us_pron_ogg/c/cha/chart/chart__us_1.ogg
cheap,A2,A1,adjective,"adjective, adverb",https://www.oxfordlearnersdictionaries.com/media/english/us_pron_ogg/c/che/cheap/cheap__us_1.ogg
cheat,B2,B1,verb,"noun, verb",https://www.oxfordlearnersdictionaries.com/media/english/us_pron_ogg/c/che/cheat/cheat__us_1.ogg
cheek,A2,B2,noun,noun,https://www.oxfordlearnersdictionaries.com/media/english/us_pron_ogg/c/che/cheek/cheek__us_1.ogg
cheer,A2,B2,verb,"noun, verb",https://www.oxfordlearnersdictionaries.com/media/english/us_pron_ogg/c/che/cheer/cheer__us_1.ogg
chemistry,B1,A2,noun,noun,https://www.oxfordlearnersdictionaries.com/media/english/us_pron_ogg/c/che/chemi/chemistry__us_1.ogg
chest,A2,B1,noun,noun,https://www.oxfordlearnersdictionaries.com/media/english/us_pron_ogg/c/che/chest/chest__us_1.ogg
childhood,A2,B1,noun,noun,https://www.oxfordlearnersdictionaries.com/media/english/us_pron_ogg/c/chi/child/childhood__us_3.ogg
chip,B2,A2,noun,noun,https://www.oxfordlearnersdictionaries.com/media/english/us_pron_ogg/c/chi/chip_/chip__us_1.ogg
choir,B1,B2,noun,noun,https://www.oxfordlearnersdictionaries.com/media/english/us_pron_ogg/c/cho/choir/choir__us_1.ogg
chunk,B2,C1,noun,noun,https://www.oxfordlearnersdictionaries.com/media/english/us_pron_ogg/c/chu/chunk/chunk__us_1.ogg
church,A1,A2,noun,noun,https://www.oxfordlearnersdictionaries.com/media/english/us_pron_ogg/c/chu/churc/church__us_1.ogg
circle,B1,A2,verb,"noun, verb",https://www.oxfordlearnersdictionaries.com/media/english/us_pron_ogg/c/cir/circl/circle__us_2.ogg
citizen,A2,B2,noun,noun,https://www.oxfordlearnersdictionaries.com/media/english/us_pron_ogg/c/cit/citiz/citizen__us_7.ogg
citizenship,B1,C1,noun,noun,https://www.oxfordlearnersdictionaries.com/media/english/us_pron_ogg/c/cit/citiz/citizenship__us_1.ogg
civil,B1,B2,adjective,adjective,https://www.oxfordlearnersdictionaries.com/media/english/us_pron_ogg/c/civ/civil/civil__us_3.ogg
claim,A2,B1,verb,"noun, verb",https://www.oxfordlearnersdictionaries.com/media/english/us_pron_ogg/c/cla/claim/claim__us_1.ogg
classical,B1,A2,adjective,adjective,https://www.oxfordlearnersdictionaries.com/media/english/us_pron_ogg/c/cla/class/classical__us_2.ogg
classification,B2,C1,noun,noun,https://www.oxfordlearnersdictionaries.com/media/english/us_pron_ogg/c/cla/class/classification__us_1.ogg
classify,B1,B2,verb,verb,https://www.oxfordlearnersdictionaries.com/media/english/us_pron_ogg/c/cla/class/classify__us_1.ogg
clause,B2,B1,noun,noun,https://www.oxfordlearnersdictionaries.com/media/english/us_pron_ogg/c/cla/claus/clause__us_1.ogg
clear,B1,A2,verb,"adjective, verb",https://www.oxfordlearnersdictionaries.com/media/english/us_pron_ogg/c/cle/clear/clear__us_1.ogg
clerk,A2,B2,noun,noun,https://www.oxfordlearnersdictionaries.com/media/english/us_pron_ogg/c/cle/clerk/clerk__us_1.ogg
clever,A1,A2,adjective,adjective,https://www.oxfordlearnersdictionaries.com/media/english/us_pron_ogg/c/cle/cleve/clever__us_1.ogg
click,A2,B1,verb,"noun, verb",https://www.oxfordlearnersdictionaries.com/media/english/us_pron_ogg/c/cli/click/click__us_1.ogg
client,B2,B1,noun,noun,https://www.oxfordlearnersdictionaries.com/media/english/us_pron_ogg/c/cli/clien/client__us_1.ogg
cliff,B1,B2,noun,noun,https://www.oxfordlearnersdictionaries.com/media/english/us_pron_ogg/c/cli/cliff/cliff__us_1.ogg
climate,B1,A2,noun,noun,https://www.oxfordlearnersdictionaries.com/media/english/us_pron_ogg/c/cli/clima/climate__us_1.ogg
climb,A2,B1,verb,"noun, verb",https://www.oxfordlearnersdictionaries.com/media/english/us_pron_ogg/c/cli/climb/climb__us_1.ogg
clinic,B1,B2,noun,noun,https://www.oxfordlearnersdictionaries.com/media/english/us_pron_ogg/c/cli/clini/clinic__us_1.ogg
clip,B1,B2,noun,noun,https://www.oxfordlearnersdictionaries.com/media/english/us_pron_ogg/c/cli/clip_/clip__us_1.ogg
close,A1,A2,verb,"adjective, adverb, noun, verb",https://www.oxfordlearnersdictionaries.com/media/english/us_pron_ogg/c/clo/close/close__us_2.ogg
closed,A1,A2,adjective,adjective,https://www.oxfordlearnersdictionaries.com/media/english/us_pron_ogg/c/clo/close/closed__us_1.ogg
closely,B1,B2,adverb,adverb,https://www.oxfordlearnersdictionaries.com/media/english/us_pron_ogg/c/clo/close/closely__us_3.ogg
closure,B2,C1,noun,noun,https://www.oxfordlearnersdictionaries.com/media/english/us_pron_ogg/c/clo/closu/closure__us_1.ogg
cloth,A1,B1,noun,noun,https://www.oxfordlearnersdictionaries.com/media/english/us_pron_ogg/c/clo/cloth/cloth__us_1.ogg
clothing,B2,A2,noun,noun,https://www.oxfordlearnersdictionaries.com/media/english/us_pron_ogg/c/clo/cloth/clothing__us_1.ogg
cloud,A1,A2,noun,noun,https://www.oxfordlearnersdictionaries.com/media/english/us_pron_ogg/c/clo/cloud/cloud__us_1.ogg
clue,A2,B1,noun,noun,https://www.oxfordlearnersdictionaries.com/media/english/us_pron_ogg/c/clu/clue_/clue__us_1.ogg
coach,B2,A2,verb,"noun, verb",https://www.oxfordlearnersdictionaries.com/media/english/us_pron_ogg/c/coa/coach/coach__us_1.ogg
coalition,B2,C1,noun,noun,https://www.oxfordlearnersdictionaries.com/media/english/us_pron_ogg/c/coa/coali/coalition__us_1.ogg
coast,B1,A2,verb,noun,https://www.oxfordlearnersdictionaries.com/media/english/us_pron_ogg/c/coa/coast/coast__us_1.ogg
coastal,B1,C1,adjective,adjective,https://www.oxfordlearnersdictionaries.com/media/english/us_pron_ogg/c/coa/coast/coastal__us_1.ogg
cocktail,B2,C1,noun,noun,https://www.oxfordlearnersdictionaries.com/media/english/us_pron_ogg/c/coc/cockt/cocktail__us_1.ogg
code,A1,A2,noun,noun,https://www.oxfordlearnersdictionaries.com/media/english/us_pron_ogg/c/cod/code_/code__us_1.ogg
coin,A2,B1,noun,noun,https://www.oxfordlearnersdictionaries.com/media/english/us_pron_ogg/c/coi/coin_/coin__us_1.ogg
coincide,B2,C1,verb,verb,https://www.oxfordlearnersdictionaries.com/media/english/us_pron_ogg/c/coi/coinc/coincide__us_1.ogg
colleague,B2,A2,noun,noun,https://www.oxfordlearnersdictionaries.com/media/english/us_pron_ogg/c/col/colle/colleague__us_1.ogg
collect,A1,A2,verb,verb,https://www.oxfordlearnersdictionaries.com/media/english/us_pron_ogg/c/col/colle/collect__us_1.ogg
collection,A1,B1,noun,noun,https://www.oxfordlearnersdictionaries.com/media/english/us_pron_ogg/c/col/colle/collection__us_1.ogg
colonial,B2,C1,adjective,adjective,https://www.oxfordlearnersdictionaries.com/media/english/us_pron_ogg/c/col/colon/colonial__us_1.ogg
columnist,B1,C1,noun,noun,https://www.oxfordlearnersdictionaries.com/media/english/us_pron_ogg/c/col/colum/columnist__us_1_rr.ogg
combination,B1,B2,noun,noun,https://www.oxfordlearnersdictionaries.com/media/english/us_pron_ogg/c/com/combi/combination__us_1.ogg
comedy,B1,A2,noun,noun,https://www.oxfordlearnersdictionaries.com/media/english/us_pron_ogg/c/com/comed/comedy__us_1.ogg
comfort,B1,B2,noun,"noun, verb",https://www.oxfordlearnersdictionaries.com/media/english/us_pron_ogg/c/com/comfo/comfort__us_1.ogg
comic,A2,B2,noun,"adjective, noun",https://www.oxfordlearnersdictionaries.com/media/english/us_pron_ogg/c/com/comic/comic__us_1.ogg
command,B1,B2,noun,"noun, verb",https://www.oxfordlearnersdictionaries.com/media/english/us_pron_ogg/c/com/comma/command__us_2.ogg
comment,B2,A2,verb,"noun, verb",https://www.oxfordlearnersdictionaries.com/media/english/us_pron_ogg/c/com/comme/comment__us_1.ogg
commerce,B2,C1,noun,noun,https://www.oxfordlearnersdictionaries.com/media/english/us_pron_ogg/c/com/comme/commerce__us_1.ogg
commercial,B2,B1,noun,"adjective, noun",https://www.oxfordlearnersdictionaries.com/media/english/us_pron_ogg/c/com/comme/commercial__us_2.ogg
commitment,A2,B2,noun,noun,https://www.oxfordlearnersdictionaries.com/media/english/us_pron_ogg/c/com/commi/commitment__us_1.ogg
committee,A2,B2,noun,noun,https://www.oxfordlearnersdictionaries.com/media/english/us_pron_ogg/c/com/commi/committee__us_2.ogg
common,A2,A1,adjective,adjective,https://www.oxfordlearnersdictionaries.com/media/english/us_pron_ogg/c/com/commo/common__us_2.ogg
commonly,B1,B2,adverb,adverb,https://www.oxfordlearnersdictionaries.com/media/english/us_pron_ogg/c/com/commo/commonly__us_2.ogg
communication,A2,B1,noun,noun,https://www.oxfordlearnersdictionaries.com/media/english/us_pron_ogg/c/com/commu/communication__us_2.ogg
community,B2,A2,noun,noun,https://www.oxfordlearnersdictionaries.com/media/english/us_pron_ogg/c/com/commu/community__us_2.ogg
companion,B1,C1,noun,noun,https://www.oxfordlearnersdictionaries.com/media/english/us_pron_ogg/c/com/compa/companion__us_1.ogg
company,A2,A1,noun,noun,https://www.oxfordlearnersdictionaries.com/media/english/us_pron_ogg/c/com/compa/company__us_2.ogg
comparative,A2,B2,noun,adjective,https://www.oxfordlearnersdictionaries.com/media/english/us_pron_ogg/c/com/compa/comparative__us_1.ogg
compare,A2,A1,verb,verb,https://www.oxfordlearnersdictionaries.com/media/english/us_pron_ogg/c/com/compa/compare__us_2.ogg
compassion,B2,C1,noun,noun,https://www.oxfordlearnersdictionaries.com/media/english/us_pron_ogg/c/com/compa/compassion__us_1.ogg
compensate,B2,C1,verb,verb,https://www.oxfordlearnersdictionaries.com/media/english/us_pron_ogg/c/com/compe/compensate__us_1.ogg
compensation,B2,C1,noun,noun,https://www.oxfordlearnersdictionaries.com/media/english/us_pron_ogg/c/com/compe/compensation__us_1.ogg
compete,B1,A2,verb,verb,https://www.oxfordlearnersdictionaries.com/media/english/us_pron_ogg/c/com/compe/compete__us_1.ogg
competence,B2,C1,noun,noun,https://www.oxfordlearnersdictionaries.com/media/english/us_pron_ogg/c/com/compe/competence__us_1.ogg
competent,B2,C1,adjective,adjective,https://www.oxfordlearnersdictionaries.com/media/english/us_pron_ogg/c/com/compe/competent__us_1.ogg
compile,B2,C1,verb,verb,https://www.oxfordlearnersdictionaries.com/media/english/us_pron_ogg/c/com/compi/compile__us_1.ogg
complaint,A2,B1,noun,noun,https://www.oxfordlearnersdictionaries.com/media/english/us_pron_ogg/c/com/compl/complaint__us_1.ogg
complement,B1,C1,noun,verb,https://www.oxfordlearnersdictionaries.com/media/english/us_pron_ogg/c/com/compl/complement__us_1.ogg
complete,B1,A1,verb,"adjective, verb",https://www.oxfordlearnersdictionaries.com/media/english/us_pron_ogg/c/com/compl/complete__us_1.ogg
completely,B1,A2,adverb,adverb,https://www.oxfordlearnersdictionaries.com/media/english/us_pron_ogg/c/com/compl/completely__us_2.ogg
complexity,B2,C1,noun,noun,https://www.oxfordlearnersdictionaries.com/media/english/us_pron_ogg/c/com/compl/complexity__us_1.ogg
complicated,B1,B2,adjective,adjective,https://www.oxfordlearnersdictionaries.com/media/english/us_pron_ogg/c/com/compl/complicated__us_3.ogg
compose,B1,B2,verb,verb,https://www.oxfordlearnersdictionaries.com/media/english/us_pron_ogg/c/com/compo/compose__us_1.ogg
composer,A2,B2,noun,noun,https://www.oxfordlearnersdictionaries.com/media/english/us_pron_ogg/c/com/compo/composer__us_1.ogg
composition,B1,C1,noun,noun,https://www.oxfordlearnersdictionaries.com/media/english/us_pron_ogg/c/com/compo/composition__us_1.ogg
compound,B1,B2,noun,noun,https://www.oxfordlearnersdictionaries.com/media/english/us_pron_ogg/c/com/compo/compound__us_1.ogg
compromise,B2,C1,verb,"noun, verb",https://www.oxfordlearnersdictionaries.com/media/english/us_pron_ogg/c/com/compr/compromise__us_1.ogg
compute,B2,C1,verb,verb,https://www.oxfordlearnersdictionaries.com/media/english/us_pron_ogg/c/com/compu/compute__us_1.ogg
conceal,B2,C1,verb,verb,https://www.oxfordlearnersdictionaries.com/media/english/us_pron_ogg/x/xco/xconc/xconceal__us_1.ogg
concede,B2,C1,verb,verb,https://www.oxfordlearnersdictionaries.com/media/english/us_pron_ogg/x/xco/xconc/xconcede__us_1.ogg
conceive,B2,C1,verb,verb,https://www.oxfordlearnersdictionaries.com/media/english/us_pron_ogg/x/xco/xconc/xconceive__us_1.ogg
concentrate,A2,B1,verb,verb,https://www.oxfordlearnersdictionaries.com/media/english/us_pron_ogg/x/xco/xconc/xconcentrate__us_1.ogg
concentration,B1,B2,noun,noun,https://www.oxfordlearnersdictionaries.com/media/english/us_pron_ogg/x/xco/xconc/xconcentration__us_1.ogg
concept,B1,B2,noun,noun,https://www.oxfordlearnersdictionaries.com/media/english/us_pron_ogg/x/xco/xconc/xconcept__us_1.ogg
conception,B2,C1,noun,noun,https://www.oxfordlearnersdictionaries.com/media/english/us_pron_ogg/x/xco/xconc/xconception__us_1.ogg
concerned,B1,B2,adjective,adjective,https://www.oxfordlearnersdictionaries.com/media/english/us_pron_ogg/x/xco/xconc/xconcerned__us_3.ogg
concession,B2,C1,noun,noun,https://www.oxfordlearnersdictionaries.com/media/english/us_pron_ogg/x/xco/xconc/xconcession__us_1.ogg
condemn,B2,C1,verb,verb,https://www.oxfordlearnersdictionaries.com/media/english/us_pron_ogg/x/xco/xcond/xcondemn__us_1.ogg
conference,B2,A2,noun,noun,https://www.oxfordlearnersdictionaries.com/media/english/us_pron_ogg/x/xco/xconf/xconference__us_3.ogg
confession,B2,C1,noun,noun,https://www.oxfordlearnersdictionaries.com/media/english/us_pron_ogg/x/xco/xconf/xconfession__us_1.ogg
confidence,B1,B2,noun,noun,https://www.oxfordlearnersdictionaries.com/media/english/us_pron_ogg/x/xco/xconf/xconfidence__us_2.ogg
confident,A2,B1,adjective,adjective,https://www.oxfordlearnersdictionaries.com/media/english/us_pron_ogg/x/xco/xconf/xconfident__us_1.ogg
confine,B2,C1,verb,verb,https://www.oxfordlearnersdictionaries.com/media/english/us_pron_ogg/x/xco/xconf/xconfine__us_1.ogg
confirmation,B1,C1,noun,noun,https://www.oxfordlearnersdictionaries.com/media/english/us_pron_ogg/x/xco/xconf/xconfirmation__us_1.ogg
conflict,B1,B2,noun,"noun, verb",https://www.oxfordlearnersdictionaries.com/media/english/us_pron_ogg/x/xco/xconf/xconflict__us_1.ogg
confront,B2,C1,verb,verb,https://www.oxfordlearnersdictionaries.com/media/english/us_pron_ogg/x/xco/xconf/xconfront__us_1.ogg
confuse,A2,B1,verb,verb,https://www.oxfordlearnersdictionaries.com/media/english/us_pron_ogg/x/xco/xconf/xconfuse__us_1.ogg
confused,A2,B1,adjective,adjective,https://www.oxfordlearnersdictionaries.com/media/english/us_pron_ogg/x/xco/xconf/xconfused__us_3.ogg
confusing,B1,B2,adjective,adjective,https://www.oxfordlearnersdictionaries.com/media/english/us_pron_ogg/x/xco/xconf/xconfusing__us_3.ogg
confusion,B1,B2,noun,noun,https://www.oxfordlearnersdictionaries.com/media/english/us_pron_ogg/x/xco/xconf/xconfusion__us_1.ogg
congratulate,B1,C1,verb,verb,https://www.oxfordlearnersdictionaries.com/media/english/us_pron_ogg/x/xco/xcong/xcongratulate__us_1_rr.ogg
connect,B1,A2,verb,verb,https://www.oxfordlearnersdictionaries.com/media/english/us_pron_ogg/x/xco/xconn/xconnect__us_1.ogg
conquer,B1,C1,verb,verb,https://www.oxfordlearnersdictionaries.com/media/english/us_pron_ogg/x/xco/xconq/xconquer__us_1.ogg
conscience,B2,C1,noun,noun,https://www.oxfordlearnersdictionaries.com/media/english/us_pron_ogg/x/xco/xcons/xconscience__us_1.ogg
conscious,B1,B2,adjective,adjective,https://www.oxfordlearnersdictionaries.com/media/english/us_pron_ogg/x/xco/xcons/xconscious__us_2.ogg
consciousness,B2,C1,noun,noun,https://www.oxfordlearnersdictionaries.com/media/english/us_pron_ogg/x/xco/xcons/xconsciousness__us_1.ogg
consensus,B2,C1,noun,noun,https://www.oxfordlearnersdictionaries.com/media/english/us_pron_ogg/x/xco/xcons/xconsensus__us_1.ogg
consent,B2,C1,noun,"noun, verb",https://www.oxfordlearnersdictionaries.com/media/english/us_pron_ogg/x/xco/xcons/xconsent__us_1.ogg
consequence,A2,B1,noun,noun,https://www.oxfordlearnersdictionaries.com/media/english/us_pron_ogg/x/xco/xcons/xconsequence__us_1_rr.ogg
consequently,B1,B2,adverb,adverb,https://www.oxfordlearnersdictionaries.com/media/english/us_pron_ogg/x/xco/xcons/xconsequently__us_1_rr.ogg
conservation,B1,B2,noun,noun,https://www.oxfordlearnersdictionaries.com/media/english/us_pron_ogg/x/xco/xcons/xconservation__us_1.ogg
conservative,B1,B2,adjective,"adjective, noun",https://www.oxfordlearnersdictionaries.com/media/english/us_pron_ogg/x/xco/xcons/xconservative__us_1.ogg
considerable,B1,B2,adjective,adjective,https://www.oxfordlearnersdictionaries.com/media/english/us_pron_ogg/x/xco/xcons/xconsiderable__us_1.ogg
consideration,B1,B2,noun,noun,https://www.oxfordlearnersdictionaries.com/media/english/us_pron_ogg/x/xco/xcons/xconsideration__us_1.ogg
consist,A2,B1,verb,verb,https://www.oxfordlearnersdictionaries.com/media/english/us_pron_ogg/x/xco/xcons/xconsist__us_1.ogg
constantly,B1,B2,adverb,adverb,https://www.oxfordlearnersdictionaries.com/media/english/us_pron_ogg/x/xco/xcons/xconstantly__us_1.ogg
constitute,B1,C1,verb,verb,https://www.oxfordlearnersdictionaries.com/media/english/us_pron_ogg/x/xco/xcons/xconstitute__us_1.ogg
constitution,B1,C1,noun,noun,https://www.oxfordlearnersdictionaries.com/media/english/us_pron_ogg/x/xco/xcons/xconstitution__us_1.ogg
construct,B1,B2,verb,verb,https://www.oxfordlearnersdictionaries.com/media/english/us_pron_ogg/x/xco/xcons/xconstruct__us_1.ogg
construction,B1,B2,noun,noun,https://www.oxfordlearnersdictionaries.com/media/english/us_pron_ogg/x/xco/xcons/xconstruction__us_1.ogg
consumption,B1,B2,noun,noun,https://www.oxfordlearnersdictionaries.com/media/english/us_pron_ogg/x/xco/xcons/xconsumption__us_1.ogg
contact,A2,B1,verb,"noun, verb",https://www.oxfordlearnersdictionaries.com/media/english/us_pron_ogg/x/xco/xcont/xcontact__us_1.ogg
contain,B1,A2,verb,verb,https://www.oxfordlearnersdictionaries.com/media/english/us_pron_ogg/x/xco/xcont/xcontain__us_1.ogg
container,A2,B1,noun,noun,https://www.oxfordlearnersdictionaries.com/media/english/us_pron_ogg/x/xco/xcont/xcontainer__us_2.ogg
contempt,B2,C1,noun,noun,https://www.oxfordlearnersdictionaries.com/media/english/us_pron_ogg/x/xco/xcont/xcontempt__us_1.ogg
content,B1,C1,noun,"adjective, noun",https://www.oxfordlearnersdictionaries.com/media/english/us_pron_ogg/x/xco/xcont/xcontent__us_2.ogg
contest,A1,B2,noun,"noun, verb",https://www.oxfordlearnersdictionaries.com/media/english/us_pron_ogg/x/xco/xcont/xcontest__us_1.ogg
continually,B1,C1,adverb,adverb,https://www.oxfordlearnersdictionaries.com/media/english/us_pron_ogg/x/xco/xcont/xcontinually__us_1.ogg
contradiction,B2,C1,noun,noun,https://www.oxfordlearnersdictionaries.com/media/english/us_pron_ogg/x/xco/xcont/xcontradiction__us_1.ogg
contrary,B1,C1,adjective,"adjective, noun",https://www.oxfordlearnersdictionaries.com/media/english/us_pron_ogg/x/xco/xcont/xcontrary__us_1.ogg
contrast,A2,B1,noun,"noun, verb",https://www.oxfordlearnersdictionaries.com/media/english/us_pron_ogg/x/xco/xcont/xcontrast__us_1.ogg
contribute,B1,B2,verb,verb,https://www.oxfordlearnersdictionaries.com/media/english/us_pron_ogg/x/xco/xcont/xcontribute__us_1.ogg
contribution,B1,B2,noun,noun,https://www.oxfordlearnersdictionaries.com/media/english/us_pron_ogg/x/xco/xcont/xcontribution__us_1.ogg
control,B1,A2,verb,"noun, verb",https://www.oxfordlearnersdictionaries.com/media/english/us_pron_ogg/x/xco/xcont/xcontrol__us_3.ogg
controversial,B1,B2,adjective,adjective,https://www.oxfordlearnersdictionaries.com/media/english/us_pron_ogg/x/xco/xcont/xcontroversial__us_1.ogg
convenience,A2,B2,noun,noun,https://www.oxfordlearnersdictionaries.com/media/english/us_pron_ogg/x/xco/xconv/xconvenience__us_1.ogg
convenient,A2,B1,adjective,adjective,https://www.oxfordlearnersdictionaries.com/media/english/us_pron_ogg/x/xco/xconv/xconvenient__us_1.ogg
conversion,B2,C1,noun,noun,https://www.oxfordlearnersdictionaries.com/media/english/us_pron_ogg/x/xco/xconv/xconversion__us_1_rr.ogg
convey,B1,B2,verb,verb,https://www.oxfordlearnersdictionaries.com/media/english/us_pron_ogg/x/xco/xconv/xconvey__us_1.ogg
cook,A1,A2,verb,"noun, verb",https://www.oxfordlearnersdictionaries.com/media/english/us_pron_ogg/c/coo/cook_/cook__us_1.ogg
cooking,A2,A1,noun,noun,https://www.oxfordlearnersdictionaries.com/media/english/us_pron_ogg/c/coo/cooki/cooking__us_3.ogg
cool,B2,A1,verb,"adjective, verb",https://www.oxfordlearnersdictionaries.com/media/english/us_pron_ogg/c/coo/cool_/cool__us_1.ogg
cooperate,B2,C1,verb,verb,https://www.oxfordlearnersdictionaries.com/media/english/us_pron_ogg/c/coo/coope/cooperate__us_1.ogg
cooperative,B2,C1,adjective,adjective,https://www.oxfordlearnersdictionaries.com/media/english/us_pron_ogg/c/coo/coope/cooperative__us_1.ogg
cop,A1,C1,noun,noun,https://www.oxfordlearnersdictionaries.com/media/english/us_pron_ogg/c/cop/cop__/cop__us_1.ogg
copper,B2,C1,noun,noun,https://www.oxfordlearnersdictionaries.com/media/english/us_pron_ogg/c/cop/coppe/copper__us_1.ogg
copyright,B1,C1,noun,noun,https://www.oxfordlearnersdictionaries.com/media/english/us_pron_ogg/c/cop/copyr/copyright__us_1.ogg
corner,A1,A2,noun,noun,https://www.oxfordlearnersdictionaries.com/media/english/us_pron_ogg/c/cor/corne/corner__us_1.ogg
correct,B2,A1,verb,"adjective, verb",https://www.oxfordlearnersdictionaries.com/media/english/us_pron_ogg/c/cor/corre/correct__us_1.ogg
correction,B1,C1,noun,noun,https://www.oxfordlearnersdictionaries.com/media/english/us_pron_ogg/c/cor/corre/correction__us_1.ogg
correspond,B2,C1,verb,verb,https://www.oxfordlearnersdictionaries.com/media/english/us_pron_ogg/c/cor/corre/correspond__us_1_rr.ogg
correspondence,B2,C1,noun,noun,https://www.oxfordlearnersdictionaries.com/media/english/us_pron_ogg/c/cor/corre/correspondence__us_1_rr.ogg
correspondent,B2,C1,noun,noun,https://www.oxfordlearnersdictionaries.com/media/english/us_pron_ogg/c/cor/corre/correspondent__us_1_rr.ogg
corresponding,B2,C1,adjective,adjective,https://www.oxfordlearnersdictionaries.com/media/english/us_pron_ogg/c/cor/corre/corresponding__us_1_rr.ogg
corrupt,B2,C1,adjective,adjective,https://www.oxfordlearnersdictionaries.com/media/english/us_pron_ogg/c/cor/corru/corrupt__us_1.ogg
corruption,B2,C1,noun,noun,https://www.oxfordlearnersdictionaries.com/media/english/us_pron_ogg/c/cor/corru/corruption__us_1.ogg
cost,A2,A1,verb,"noun, verb",https://www.oxfordlearnersdictionaries.com/media/english/us_pron_ogg/c/cos/cost_/cost__us_1.ogg
costly,B2,C1,adjective,adjective,https://www.oxfordlearnersdictionaries.com/media/english/us_pron_ogg/c/cos/costl/costly__us_1.ogg
costume,B2,B1,noun,noun,https://www.oxfordlearnersdictionaries.com/media/english/us_pron_ogg/c/cos/costu/costume__us_4.ogg
cottage,B2,B1,noun,noun,https://www.oxfordlearnersdictionaries.com/media/english/us_pron_ogg/c/cot/cotta/cottage__us_2.ogg
council,B1,B2,noun,noun,https://www.oxfordlearnersdictionaries.com/media/english/us_pron_ogg/c/cou/counc/council__us_3.ogg
count,A2,B1,verb,"noun, verb",https://www.oxfordlearnersdictionaries.com/media/english/us_pron_ogg/c/cou/count/count__us_2.ogg
counter,B1,B2,verb,"noun, verb",https://www.oxfordlearnersdictionaries.com/media/english/us_pron_ogg/c/cou/count/counter__us_1.ogg
countless,B1,C1,adjective,adjective,https://www.oxfordlearnersdictionaries.com/media/english/us_pron_ogg/c/cou/count/countless__us_1.ogg
country,A2,A1,noun,noun,https://www.oxfordlearnersdictionaries.com/media/english/us_pron_ogg/c/cou/count/country__us_2.ogg
countryside,A2,B1,noun,noun,https://www.oxfordlearnersdictionaries.com/media/english/us_pron_ogg/c/cou/count/countryside__us_2.ogg
county,B1,B2,noun,noun,https://www.oxfordlearnersdictionaries.com/media/english/us_pron_ogg/c/cou/count/county__us_2.ogg
courage,B1,B2,noun,noun,https://www.oxfordlearnersdictionaries.com/media/english/us_pron_ogg/c/cou/coura/courage__us_2.ogg
court,A2,B1,noun,noun,https://www.oxfordlearnersdictionaries.com/media/english/us_pron_ogg/c/cou/court/court__us_1.ogg
courtesy,B2,C1,noun,noun,https://www.oxfordlearnersdictionaries.com/media/english/us_pron_ogg/c/cou/court/courtesy__us_1.ogg
cover,A2,B1,verb,"noun, verb",https://www.oxfordlearnersdictionaries.com/media/english/us_pron_ogg/c/cov/cover/cover__us_2.ogg
craft,B1,B2,noun,"noun, verb",https://www.oxfordlearnersdictionaries.com/media/english/us_pron_ogg/c/cra/craft/craft__us_1.ogg
crash,B1,B2,verb,"noun, verb",https://www.oxfordlearnersdictionaries.com/media/english/us_pron_ogg/c/cra/crash/crash__us_1.ogg
crawl,B2,C1,verb,verb,https://www.oxfordlearnersdictionaries.com/media/english/us_pron_ogg/c/cra/crawl/crawl__us_1.ogg
cream,A1,B1,noun,"adjective, noun",https://www.oxfordlearnersdictionaries.com/media/english/us_pron_ogg/c/cre/cream/cream__us_1.ogg
create,A2,A1,verb,verb,https://www.oxfordlearnersdictionaries.com/media/english/us_pron_ogg/c/cre/creat/create__us_1.ogg
creativity,A2,B2,noun,noun,https://www.oxfordlearnersdictionaries.com/media/english/us_pron_ogg/c/cre/creat/creativity__us_1.ogg
creator,B1,C1,noun,noun,https://www.oxfordlearnersdictionaries.com/media/english/us_pron_ogg/c/cre/creat/creator__us_1.ogg
creature,A2,B2,noun,noun,https://www.oxfordlearnersdictionaries.com/media/english/us_pron_ogg/c/cre/creat/creature__us_2.ogg
crisis,B1,B2,noun,noun,https://www.oxfordlearnersdictionaries.com/media/english/us_pron_ogg/c/cri/crisi/crisis__us_4.ogg
critic,B1,B2,noun,noun,https://www.oxfordlearnersdictionaries.com/media/english/us_pron_ogg/c/cri/criti/critic__us_1.ogg
critical,B1,B2,adjective,adjective,https://www.oxfordlearnersdictionaries.com/media/english/us_pron_ogg/c/cri/criti/critical__us_3.ogg
crop,B1,B2,noun,noun,https://www.oxfordlearnersdictionaries.com/media/english/us_pron_ogg/c/cro/crop_/crop__us_1.ogg
crown,A2,C1,noun,noun,https://www.oxfordlearnersdictionaries.com/media/english/us_pron_ogg/c/cro/crown/crown__us_1.ogg
crush,B1,C1,noun,verb,https://www.oxfordlearnersdictionaries.com/media/english/us_pron_ogg/c/cru/crush/crush__us_1.ogg
cry,A2,B2,verb,"noun, verb",https://www.oxfordlearnersdictionaries.com/media/english/us_pron_ogg/c/cry/cry__/cry__us_1.ogg
cultivate,B1,C1,verb,verb,https://www.oxfordlearnersdictionaries.com/media/english/us_pron_ogg/c/cul/culti/cultivate__us_1.ogg
curiosity,B1,C1,noun,noun,https://www.oxfordlearnersdictionaries.com/media/english/us_pron_ogg/c/cur/curio/curiosity__us_1.ogg
curious,B1,B2,adjective,adjective,https://www.oxfordlearnersdictionaries.com/media/english/us_pron_ogg/c/cur/curio/curious__us_1.ogg
curly,B1,A2,adjective,adjective,https://www.oxfordlearnersdictionaries.com/media/english/us_pron_ogg/c/cur/curly/curly__us_2.ogg
curriculum,B1,B2,noun,noun,https://www.oxfordlearnersdictionaries.com/media/english/us_pron_ogg/c/cur/curri/curriculum__us_1.ogg
curve,B1,B2,noun,"noun, verb",https://www.oxfordlearnersdictionaries.com/media/english/us_pron_ogg/c/cur/curve/curve__us_1.ogg
custom,A2,B1,noun,noun,https://www.oxfordlearnersdictionaries.com/media/english/us_pron_ogg/c/cus/custo/custom__us_1.ogg
customer,A2,A1,noun,noun,https://www.oxfordlearnersdictionaries.com/media/english/us_pron_ogg/c/cus/custo/customer__us_1.ogg
cut,A1,B1,verb,"noun, verb",https://www.oxfordlearnersdictionaries.com/media/english/us_pron_ogg/c/cut/cut__/cut__us_1.ogg
cute,A1,B2,adjective,adjective,https://www.oxfordlearnersdictionaries.com/media/english/us_pron_ogg/c/cut/cute_/cute__us_1.ogg
cycle,B1,A2,verb,"noun, verb",https://www.oxfordlearnersdictionaries.com/media/english/us_pron_ogg/c/cyc/cycle/cycle__us_1.ogg
dam,A2,C1,noun,noun,https://www.oxfordlearnersdictionaries.com/media/english/us_pron_ogg/d/dam/dam__/dam__us_1.ogg
dancer,A2,A1,noun,noun,https://www.oxfordlearnersdictionaries.com/media/english/us_pron_ogg/d/dan/dance/dancer__us_1.ogg
dangerous,A2,A1,adjective,adjective,https://www.oxfordlearnersdictionaries.com/media/english/us_pron_ogg/d/dan/dange/dangerous__us_1.ogg
dare,B1,B2,verb,verb,https://www.oxfordlearnersdictionaries.com/media/english/us_pron_ogg/d/dar/dare_/dare__us_1.ogg
darkness,B1,B2,noun,noun,https://www.oxfordlearnersdictionaries.com/media/english/us_pron_ogg/d/dar/darkn/darkness__us_1.ogg
data,B2,A2,noun,noun,https://www.oxfordlearnersdictionaries.com/media/english/us_pron_ogg/d/dat/data_/data__us_3_rr.ogg
date,B1,A1,verb,"noun, verb",https://www.oxfordlearnersdictionaries.com/media/english/us_pron_ogg/d/dat/date_/date__us_1.ogg
dawn,B2,C1,noun,noun,https://www.oxfordlearnersdictionaries.com/media/english/us_pron_ogg/d/daw/dawn_/dawn__us_1.ogg
deadline,B1,B2,noun,noun,https://www.oxfordlearnersdictionaries.com/media/english/us_pron_ogg/d/dea/deadl/deadline__us_1.ogg
deadly,B1,B2,adjective,adjective,https://www.oxfordlearnersdictionaries.com/media/english/us_pron_ogg/d/dea/deadl/deadly__us_1.ogg
dealer,B1,B2,noun,noun,https://www.oxfordlearnersdictionaries.com/media/english/us_pron_ogg/d/dea/deale/dealer__us_1.ogg
dear,B2,A1,noun,"adjective, exclamation",https://www.oxfordlearnersdictionaries.com/media/english/us_pron_ogg/d/dea/dear_/dear__us_1.ogg
debate,A2,B2,noun,"noun, verb",https://www.oxfordlearnersdictionaries.com/media/english/us_pron_ogg/d/deb/debat/debate__us_1.ogg
debris,B1,C1,noun,noun,https://www.oxfordlearnersdictionaries.com/media/english/us_pron_ogg/d/deb/debri/debris__us_1_rr.ogg
debt,B1,B2,noun,noun,https://www.oxfordlearnersdictionaries.com/media/english/us_pron_ogg/d/deb/debt_/debt__us_1.ogg
decade,B2,B1,noun,noun,https://www.oxfordlearnersdictionaries.com/media/english/us_pron_ogg/d/dec/decad/decade__us_4.ogg
decide,A2,A1,verb,verb,https://www.oxfordlearnersdictionaries.com/media/english/us_pron_ogg/d/dec/decid/decide__us_2.ogg
decision,B1,A2,noun,noun,https://www.oxfordlearnersdictionaries.com/media/english/us_pron_ogg/d/dec/decis/decision__us_4.ogg
decisive,B2,C1,adjective,adjective,https://www.oxfordlearnersdictionaries.com/media/english/us_pron_ogg/d/dec/decis/decisive__us_1.ogg
declaration,B1,C1,noun,noun,https://www.oxfordlearnersdictionaries.com/media/english/us_pron_ogg/d/dec/decla/declaration__us_1.ogg
declare,B1,B2,verb,verb,https://www.oxfordlearnersdictionaries.com/media/english/us_pron_ogg/d/dec/decla/declare__us_2.ogg
decorate,B2,B1,verb,verb,https://www.oxfordlearnersdictionaries.com/media/english/us_pron_ogg/d/dec/decor/decorate__us_1.ogg
decrease,B1,B2,verb,"noun, verb",https://www.oxfordlearnersdictionaries.com/media/english/us_pron_ogg/d/dec/decre/decrease__us_3_rr.ogg
dedication,B2,C1,noun,noun,https://www.oxfordlearnersdictionaries.com/media/english/us_pron_ogg/d/ded/dedic/dedication__us_1.ogg
deed,B1,C1,noun,noun,https://www.oxfordlearnersdictionaries.com/media/english/us_pron_ogg/d/dee/deed_/deed__us_1.ogg
deem,B2,C1,verb,verb,https://www.oxfordlearnersdictionaries.com/media/english/us_pron_ogg/d/dee/deem_/deem__us_1.ogg
deeply,A2,B2,adverb,adverb,https://www.oxfordlearnersdictionaries.com/media/english/us_pron_ogg/d/dee/deepl/deeply__us_3.ogg
defeat,B1,B2,verb,"noun, verb",https://www.oxfordlearnersdictionaries.com/media/english/us_pron_ogg/d/def/defea/defeat__us_1.ogg
defend,B1,B2,verb,verb,https://www.oxfordlearnersdictionaries.com/media/english/us_pron_ogg/d/def/defen/defend__us_4.ogg
defender,B1,B2,noun,noun,https://www.oxfordlearnersdictionaries.com/media/english/us_pron_ogg/d/def/defen/defender__us_1.ogg
deficiency,B1,C1,noun,noun,https://www.oxfordlearnersdictionaries.com/media/english/us_pron_ogg/d/def/defic/deficiency__us_1.ogg
deficit,B2,C1,noun,noun,https://www.oxfordlearnersdictionaries.com/media/english/us_pron_ogg/d/def/defic/deficit__us_1.ogg
definitely,B1,A2,adverb,adverb,https://www.oxfordlearnersdictionaries.com/media/english/us_pron_ogg/d/def/defin/definitely__us_2.ogg
defy,B2,C1,verb,verb,https://www.oxfordlearnersdictionaries.com/media/english/us_pron_ogg/d/def/defy_/defy__us_1.ogg
delay,B1,B2,verb,"noun, verb",https://www.oxfordlearnersdictionaries.com/media/english/us_pron_ogg/d/del/delay/delay__us_2.ogg
delegate,B2,C1,noun,noun,https://www.oxfordlearnersdictionaries.com/media/english/us_pron_ogg/d/del/deleg/delegate__us_1.ogg
delete,B1,B2,verb,verb,https://www.oxfordlearnersdictionaries.com/media/english/us_pron_ogg/d/del/delet/delete__us_1.ogg
delicate,B1,C1,adjective,adjective,https://www.oxfordlearnersdictionaries.com/media/english/us_pron_ogg/d/del/delic/delicate__us_1.ogg
delighted,B1,B2,adjective,adjective,https://www.oxfordlearnersdictionaries.com/media/english/us_pron_ogg/d/del/delig/delighted__us_3.ogg
delivery,B1,B2,noun,noun,https://www.oxfordlearnersdictionaries.com/media/english/us_pron_ogg/d/del/deliv/delivery__us_1_rr.ogg
demand,B1,B2,verb,"noun, verb",https://www.oxfordlearnersdictionaries.com/media/english/us_pron_ogg/d/dem/deman/demand__us_2.ogg
democracy,B1,B2,noun,noun,https://www.oxfordlearnersdictionaries.com/media/english/us_pron_ogg/d/dem/democ/democracy__us_1.ogg
democratic,B1,B2,adjective,adjective,https://www.oxfordlearnersdictionaries.com/media/english/us_pron_ogg/d/dem/democ/democratic__us_1.ogg
demonstrate,B1,B2,verb,verb,https://www.oxfordlearnersdictionaries.com/media/english/us_pron_ogg/d/dem/demon/demonstrate__us_1.ogg
demonstration,B1,B2,noun,noun,https://www.oxfordlearnersdictionaries.com/media/english/us_pron_ogg/d/dem/demon/demonstration__us_1.ogg
dense,B2,C1,adjective,adjective,https://www.oxfordlearnersdictionaries.com/media/english/us_pron_ogg/d/den/dense/dense__us_1.ogg
deny,B1,B2,verb,verb,https://www.oxfordlearnersdictionaries.com/media/english/us_pron_ogg/d/den/deny_/deny__us_1.ogg
depart,B1,B2,verb,verb,https://www.oxfordlearnersdictionaries.com/media/english/us_pron_ogg/d/dep/depar/depart__us_1.ogg
department,B1,A2,noun,noun,https://www.oxfordlearnersdictionaries.com/media/english/us_pron_ogg/d/dep/depar/department__us_1.ogg
dependent,B1,B2,adjective,adjective,https://www.oxfordlearnersdictionaries.com/media/english/us_pron_ogg/d/dep/depen/dependent__us_1.ogg
depressed,B1,B2,adjective,adjective,https://www.oxfordlearnersdictionaries.com/media/english/us_pron_ogg/d/dep/depre/depressed__us_1.ogg
depressing,B1,B2,adjective,adjective,https://www.oxfordlearnersdictionaries.com/media/english/us_pron_ogg/d/dep/depre/depressing__us_1.ogg
depression,B1,B2,noun,noun,https://www.oxfordlearnersdictionaries.com/media/english/us_pron_ogg/d/dep/depre/depression__us_1.ogg
deprive,B1,C1,verb,verb,https://www.oxfordlearnersdictionaries.com/media/english/us_pron_ogg/d/dep/depri/deprive__us_1.ogg
depth,B1,B2,noun,noun,https://www.oxfordlearnersdictionaries.com/media/english/us_pron_ogg/d/dep/depth/depth__us_1.ogg
deputy,B2,C1,noun,noun,https://www.oxfordlearnersdictionaries.com/media/english/us_pron_ogg/d/dep/deput/deputy__us_1.ogg
derive,B1,B2,verb,verb,https://www.oxfordlearnersdictionaries.com/media/english/us_pron_ogg/d/der/deriv/derive__us_1.ogg
descend,B2,C1,verb,verb,https://www.oxfordlearnersdictionaries.com/media/english/us_pron_ogg/d/des/desce/descend__us_1.ogg
description,A2,A1,noun,noun,https://www.oxfordlearnersdictionaries.com/media/english/us_pron_ogg/d/des/descr/description__us_1.ogg
deserve,B1,B2,verb,verb,https://www.oxfordlearnersdictionaries.com/media/english/us_pron_ogg/d/des/deser/deserve__us_1.ogg
design,B1,A1,verb,"noun, verb",https://www.oxfordlearnersdictionaries.com/media/english/us_pron_ogg/d/des/desig/design__us_3.ogg
designer,B1,A2,noun,noun,https://www.oxfordlearnersdictionaries.com/media/english/us_pron_ogg/d/des/desig/designer__us_1.ogg
desirable,B2,C1,adjective,adjective,https://www.oxfordlearnersdictionaries.com/media/english/us_pron_ogg/d/des/desir/desirable__us_1.ogg
desktop,B2,C1,noun,noun,https://www.oxfordlearnersdictionaries.com/media/english/us_pron_ogg/d/des/deskt/desktop__us_1.ogg
desperate,B1,B2,adjective,adjective,https://www.oxfordlearnersdictionaries.com/media/english/us_pron_ogg/d/des/despe/desperate__us_2_rr.ogg
destruction,B1,B2,noun,noun,https://www.oxfordlearnersdictionaries.com/media/english/us_pron_ogg/d/des/destr/destruction__us_1.ogg
destructive,B1,C1,adjective,adjective,https://www.oxfordlearnersdictionaries.com/media/english/us_pron_ogg/d/des/destr/destructive__us_1.ogg
detail,A2,A1,noun,"noun, verb",https://www.oxfordlearnersdictionaries.com/media/english/us_pron_ogg/d/det/detai/detail__us_1.ogg
detective,B1,A2,noun,noun,https://www.oxfordlearnersdictionaries.com/media/english/us_pron_ogg/d/det/detec/detective__us_1.ogg
determination,B1,B2,noun,noun,https://www.oxfordlearnersdictionaries.com/media/english/us_pron_ogg/d/det/deter/determination__us_1.ogg
determined,B2,B1,adjective,adjective,https://www.oxfordlearnersdictionaries.com/media/english/us_pron_ogg/d/det/deter/determined__us_1.ogg
devastate,B1,C1,verb,verb,https://www.oxfordlearnersdictionaries.com/media/english/us_pron_ogg/d/dev/devas/devastate__us_1.ogg
device,B1,A2,noun,noun,https://www.oxfordlearnersdictionaries.com/media/english/us_pron_ogg/d/dev/devic/device__us_1.ogg
devil,B2,C1,noun,noun,https://www.oxfordlearnersdictionaries.com/media/english/us_pron_ogg/d/dev/devil/devil__us_1.ogg
diamond,A2,B1,noun,noun,https://www.oxfordlearnersdictionaries.com/media/english/us_pron_ogg/d/dia/diamo/diamond__us_4.ogg
dictator,B2,C1,noun,noun,https://www.oxfordlearnersdictionaries.com/media/english/us_pron_ogg/d/dic/dicta/dictator__us_1.ogg
die,A2,A1,verb,verb,https://www.oxfordlearnersdictionaries.com/media/english/us_pron_ogg/d/die/die__/die__us_1.ogg
diet,A2,A1,noun,noun,https://www.oxfordlearnersdictionaries.com/media/english/us_pron_ogg/d/die/diet_/diet__us_1.ogg
differ,B1,B2,verb,verb,https://www.oxfordlearnersdictionaries.com/media/english/us_pron_ogg/d/dif/diffe/differ__us_1.ogg
difficulty,A2,B1,noun,noun,https://www.oxfordlearnersdictionaries.com/media/english/us_pron_ogg/d/dif/diffi/difficulty__us_2_rr.ogg
dig,B1,B2,verb,verb,https://www.oxfordlearnersdictionaries.com/media/english/us_pron_ogg/d/dig/dig__/dig__us_1.ogg
digital,B1,A2,adjective,adjective,https://www.oxfordlearnersdictionaries.com/media/english/us_pron_ogg/d/dig/digit/digital__us_3.ogg
dignity,B2,C1,noun,noun,https://www.oxfordlearnersdictionaries.com/media/english/us_pron_ogg/d/dig/digni/dignity__us_1.ogg
dilemma,B2,C1,noun,noun,https://www.oxfordlearnersdictionaries.com/media/english/us_pron_ogg/d/dil/dilem/dilemma__us_1.ogg
dimension,B2,C1,noun,noun,https://www.oxfordlearnersdictionaries.com/media/english/us_pron_ogg/d/dim/dimen/dimension__us_1.ogg
dip,B2,C1,verb,verb,https://www.oxfordlearnersdictionaries.com/media/english/us_pron_ogg/d/dip/dip__/dip__us_2.ogg
diplomat,B2,C1,noun,noun,https://www.oxfordlearnersdictionaries.com/media/english/us_pron_ogg/d/dip/diplo/diplomat__us_1.ogg
direct,B1,A2,verb,"adjective, adverb, verb",https://www.oxfordlearnersdictionaries.com/media/english/us_pron_ogg/d/dir/direc/direct__us_1_rr.ogg
disability,B1,B2,noun,noun,https://www.oxfordlearnersdictionaries.com/media/english/us_pron_ogg/d/dis/disab/disability__us_1.ogg
disabled,B1,B2,adjective,adjective,https://www.oxfordlearnersdictionaries.com/media/english/us_pron_ogg/d/dis/disab/disabled__us_1.ogg
disadvantage,A2,B1,noun,noun,https://www.oxfordlearnersdictionaries.com/media/english/us_pron_ogg/d/dis/disad/disadvantage__us_4.ogg
disagreement,B1,B2,noun,noun,https://www.oxfordlearnersdictionaries.com/media/english/us_pron_ogg/d/dis/disag/disagreement__us_1.ogg
disappoint,B1,B2,verb,verb,https://www.oxfordlearnersdictionaries.com/media/english/us_pron_ogg/d/dis/disap/disappoint__us_1.ogg
disappointed,A2,B1,adjective,adjective,https://www.oxfordlearnersdictionaries.com/media/english/us_pron_ogg/d/dis/disap/disappointed__us_5.ogg
disappointing,A2,B1,adjective,adjective,https://www.oxfordlearnersdictionaries.com/media/english/us_pron_ogg/d/dis/disap/disappointing__us_5.ogg
disappointment,B1,B2,noun,noun,https://www.oxfordlearnersdictionaries.com/media/english/us_pron_ogg/d/dis/disap/disappointment__us_1.ogg
disaster,B1,A2,noun,noun,https://www.oxfordlearnersdictionaries.com/media/english/us_pron_ogg/d/dis/disas/disaster__us_4.ogg
disastrous,B1,C1,adjective,adjective,https://www.oxfordlearnersdictionaries.com/media/english/us_pron_ogg/d/dis/disas/disastrous__us_1.ogg
discharge,B2,C1,noun,verb,https://www.oxfordlearnersdictionaries.com/media/english/us_pron_ogg/d/dis/disch/discharge__us_1_rr.ogg
discourage,B1,B2,verb,verb,https://www.oxfordlearnersdictionaries.com/media/english/us_pron_ogg/d/dis/disco/discourage__us_1.ogg
discovery,B1,A2,noun,noun,https://www.oxfordlearnersdictionaries.com/media/english/us_pron_ogg/d/dis/disco/discovery__us_1_rr.ogg
discrimination,B1,C1,noun,noun,https://www.oxfordlearnersdictionaries.com/media/english/us_pron_ogg/d/dis/discr/discrimination__us_1.ogg
disease,B1,A2,noun,noun,https://www.oxfordlearnersdictionaries.com/media/english/us_pron_ogg/d/dis/disea/disease__us_1.ogg
dishonest,A2,B2,adjective,adjective,https://www.oxfordlearnersdictionaries.com/media/english/us_pron_ogg/d/dis/disho/dishonest__us_1.ogg
displace,B2,C1,verb,verb,https://www.oxfordlearnersdictionaries.com/media/english/us_pron_ogg/d/dis/displ/displace__us_1.ogg
display,B1,B2,verb,"noun, verb",https://www.oxfordlearnersdictionaries.com/media/english/us_pron_ogg/d/dis/displ/display__us_2.ogg
disposal,B2,C1,noun,noun,https://www.oxfordlearnersdictionaries.com/media/english/us_pron_ogg/d/dis/dispo/disposal__us_1.ogg
dispute,B2,C1,noun,"noun, verb",https://www.oxfordlearnersdictionaries.com/media/english/us_pron_ogg/d/dis/dispu/dispute__us_3.ogg
disrupt,B2,C1,verb,verb,https://www.oxfordlearnersdictionaries.com/media/english/us_pron_ogg/d/dis/disru/disrupt__us_1.ogg
dissolve,B1,C1,verb,verb,https://www.oxfordlearnersdictionaries.com/media/english/us_pron_ogg/d/dis/disso/dissolve__us_1.ogg
distance,B1,A2,noun,noun,https://www.oxfordlearnersdictionaries.com/media/english/us_pron_ogg/d/dis/dista/distance__us_2.ogg
distant,B1,B2,adjective,adjective,https://www.oxfordlearnersdictionaries.com/media/english/us_pron_ogg/d/dis/dista/distant__us_1.ogg
distinction,B1,C1,noun,noun,https://www.oxfordlearnersdictionaries.com/media/english/us_pron_ogg/d/dis/disti/distinction__us_1.ogg
distinguish,B1,B2,verb,verb,https://www.oxfordlearnersdictionaries.com/media/english/us_pron_ogg/d/dis/disti/distinguish__us_1.ogg
distribute,B1,B2,verb,verb,https://www.oxfordlearnersdictionaries.com/media/english/us_pron_ogg/d/dis/distr/distribute__us_1_rr.ogg
distribution,B1,B2,noun,noun,https://www.oxfordlearnersdictionaries.com/media/english/us_pron_ogg/d/dis/distr/distribution__us_1.ogg
district,B1,B2,noun,noun,https://www.oxfordlearnersdictionaries.com/media/english/us_pron_ogg/d/dis/distr/district__us_1.ogg
disturb,A2,B2,verb,verb,https://www.oxfordlearnersdictionaries.com/media/english/us_pron_ogg/d/dis/distu/disturb__us_1.ogg
dive,B1,B2,verb,"noun, verb",https://www.oxfordlearnersdictionaries.com/media/english/us_pron_ogg/d/div/dive_/dive__us_1.ogg
diverse,B1,B2,adjective,adjective,https://www.oxfordlearnersdictionaries.com/media/english/us_pron_ogg/d/div/diver/diverse__us_1_rr.ogg
divert,B2,C1,verb,verb,https://www.oxfordlearnersdictionaries.com/media/english/us_pron_ogg/d/div/diver/divert__us_1_rr.ogg
divide,A2,B2,verb,"noun, verb",https://www.oxfordlearnersdictionaries.com/media/english/us_pron_ogg/d/div/divid/divide__us_2.ogg
divine,B1,C1,adjective,adjective,https://www.oxfordlearnersdictionaries.com/media/english/us_pron_ogg/d/div/divin/divine__us_1.ogg
divorced,B1,A2,adjective,adjective,https://www.oxfordlearnersdictionaries.com/media/english/us_pron_ogg/d/div/divor/divorced__us_1.ogg
document,B1,A2,noun,"noun, verb",https://www.oxfordlearnersdictionaries.com/media/english/us_pron_ogg/d/doc/docum/document__us_1.ogg
donate,B2,B1,verb,verb,https://www.oxfordlearnersdictionaries.com/media/english/us_pron_ogg/d/don/donat/donate__us_1_rr.ogg
dose,B2,C1,noun,noun,https://www.oxfordlearnersdictionaries.com/media/english/us_pron_ogg/d/dos/dose_/dose__us_1.ogg
dot,B1,B2,noun,noun,https://www.oxfordlearnersdictionaries.com/media/english/us_pron_ogg/d/dot/dot__/dot__us_1.ogg
double,B2,A2,verb,"adjective, adverb, determiner, pronoun, verb",https://www.oxfordlearnersdictionaries.com/media/english/us_pron_ogg/d/dou/doubl/double__us_2.ogg
doubt,B2,B1,verb,"noun, verb",https://www.oxfordlearnersdictionaries.com/media/english/us_pron_ogg/d/dou/doubt/doubt__us_1.ogg
down,A2,A1,preposition,"adverb, preposition",https://www.oxfordlearnersdictionaries.com/media/english/us_pron_ogg/d/dow/down_/down__us_1.ogg
downtown,A2,B2,adverb,"adjective, adverb, noun",https://www.oxfordlearnersdictionaries.com/media/english/us_pron_ogg/d/dow/downt/downtown__us_2.ogg
dozen,B1,B2,noun,"determiner, noun",https://www.oxfordlearnersdictionaries.com/media/english/us_pron_ogg/d/doz/dozen/dozen__us_3.ogg
drag,B1,B2,verb,verb,https://www.oxfordlearnersdictionaries.com/media/english/us_pron_ogg/d/dra/drag_/drag__us_1.ogg
drain,B2,C1,verb,verb,https://www.oxfordlearnersdictionaries.com/media/english/us_pron_ogg/d/dra/drain/drain__us_1.ogg
drama,A1,A2,noun,noun,https://www.oxfordlearnersdictionaries.com/media/english/us_pron_ogg/d/dra/drama/drama__us_1.ogg
dramatic,B1,B2,adjective,adjective,https://www.oxfordlearnersdictionaries.com/media/english/us_pron_ogg/d/dra/drama/dramatic__us_2.ogg
dress,A2,A1,verb,"noun, verb",https://www.oxfordlearnersdictionaries.com/media/english/us_pron_ogg/d/dre/dress/dress__us_1.ogg
dressed,A2,B1,adjective,adjective,https://www.oxfordlearnersdictionaries.com/media/english/us_pron_ogg/d/dre/dress/dressed__us_1.ogg
drop,A1,B1,verb,"noun, verb",https://www.oxfordlearnersdictionaries.com/media/english/us_pron_ogg/d/dro/drop_/drop__us_1.ogg
drown,B1,C1,verb,verb,https://www.oxfordlearnersdictionaries.com/media/english/us_pron_ogg/d/dro/drown/drown__us_1.ogg
drum,A1,B1,noun,noun,https://www.oxfordlearnersdictionaries.com/media/english/us_pron_ogg/d/dru/drum_/drum__us_1.ogg
due,A1,B1,adjective,adjective,https://www.oxfordlearnersdictionaries.com/media/english/us_pron_ogg/d/due/due__/due__us_1.ogg
dull,B1,B2,adjective,adjective,https://www.oxfordlearnersdictionaries.com/media/english/us_pron_ogg/d/dul/dull_/dull__us_1.ogg
dumb,B2,C1,adjective,adjective,https://www.oxfordlearnersdictionaries.com/media/english/us_pron_ogg/d/dum/dumb_/dumb__us_1.ogg
dump,B1,B2,verb,verb,https://www.oxfordlearnersdictionaries.com/media/english/us_pron_ogg/d/dum/dump_/dump__us_1.ogg
during,A2,A1,preposition,preposition,https://www.oxfordlearnersdictionaries.com/media/english/us_pron_ogg/d/dur/durin/during__us_1.ogg
dust,A2,B1,noun,noun,https://www.oxfordlearnersdictionaries.com/media/english/us_pron_ogg/d/dus/dust_/dust__us_1.ogg
eager,B1,C1,adjective,adjective,https://www.oxfordlearnersdictionaries.com/media/english/us_pron_ogg/e/eag/eager/eager__us_1.ogg
earnings,B2,C1,noun,noun,https://www.oxfordlearnersdictionaries.com/media/english/us_pron_ogg/e/ear/earni/earnings__us_1.ogg
earthquake,A2,B1,noun,noun,https://www.oxfordlearnersdictionaries.com/media/english/us_pron_ogg/e/ear/earth/earthquake__us_1.ogg
ease,B2,C1,verb,"noun, verb",https://www.oxfordlearnersdictionaries.com/media/english/us_pron_ogg/e/eas/ease_/ease__us_1.ogg
east,A2,A1,noun,"adjective, adverb, noun",https://www.oxfordlearnersdictionaries.com/media/english/us_pron_ogg/e/eas/east_/east__us_1.ogg
ecological,B1,C1,adjective,adjective,https://www.oxfordlearnersdictionaries.com/media/english/us_pron_ogg/e/eco/ecolo/ecological__us_1_rr.ogg
economics,B1,B2,noun,noun,https://www.oxfordlearnersdictionaries.com/media/english/us_pron_ogg/e/eco/econo/economics__us_1_rr.ogg
edition,B1,B2,noun,noun,https://www.oxfordlearnersdictionaries.com/media/english/us_pron_ogg/e/edi/editi/edition__us_2.ogg
editor,A2,B1,noun,noun,https://www.oxfordlearnersdictionaries.com/media/english/us_pron_ogg/e/edi/edito/editor__us_1.ogg
educated,B2,B1,adjective,adjective,https://www.oxfordlearnersdictionaries.com/media/english/us_pron_ogg/e/edu/educa/educated__us_1.ogg
educational,A2,B1,adjective,adjective,https://www.oxfordlearnersdictionaries.com/media/english/us_pron_ogg/e/edu/educa/educational__us_1.ogg
educator,B2,C1,noun,noun,https://www.oxfordlearnersdictionaries.com/media/english/us_pron_ogg/e/edu/educa/educator__us_1.ogg
effectively,B2,B1,adverb,adverb,https://www.oxfordlearnersdictionaries.com/media/english/us_pron_ogg/e/eff/effec/effectively__us_3.ogg
effectiveness,B2,C1,noun,noun,https://www.oxfordlearnersdictionaries.com/media/english/us_pron_ogg/e/eff/effec/effectiveness__us_3.ogg
efficiency,B1,C1,noun,noun,https://www.oxfordlearnersdictionaries.com/media/english/us_pron_ogg/e/eff/effic/efficiency__us_1.ogg
efficient,B1,B2,adjective,adjective,https://www.oxfordlearnersdictionaries.com/media/english/us_pron_ogg/e/eff/effic/efficient__us_1.ogg
effort,A2,B1,noun,noun,https://www.oxfordlearnersdictionaries.com/media/english/us_pron_ogg/e/eff/effor/effort__us_1.ogg
either,B1,A2,pronoun,"adverb, determiner, pronoun",https://www.oxfordlearnersdictionaries.com/media/english/us_pron_ogg/e/eit/eithe/either__us_2_rr.ogg
elbow,B1,B2,noun,noun,https://www.oxfordlearnersdictionaries.com/media/english/us_pron_ogg/e/elb/elbow/elbow__us_1.ogg
elderly,A2,B2,adjective,adjective,https://www.oxfordlearnersdictionaries.com/media/english/us_pron_ogg/e/eld/elder/elderly__us_1.ogg
electrical,B1,A2,adjective,adjective,https://www.oxfordlearnersdictionaries.com/media/english/us_pron_ogg/e/ele/elect/electrical__us_3.ogg
electricity,B1,A2,noun,noun,https://www.oxfordlearnersdictionaries.com/media/english/us_pron_ogg/e/ele/elect/electricity__us_6.ogg
electronic,B1,A2,adjective,adjective,https://www.oxfordlearnersdictionaries.com/media/english/us_pron_ogg/e/ele/elect/electronic__us_5.ogg
elementary,A1,B2,adjective,adjective,https://www.oxfordlearnersdictionaries.com/media/english/us_pron_ogg/e/ele/eleme/elementary__us_1_rr.ogg
elephant,A2,A1,noun,noun,https://www.oxfordlearnersdictionaries.com/media/english/us_pron_ogg/e/ele/eleph/elephant__us_1.ogg
eligible,B2,C1,adjective,adjective,https://www.oxfordlearnersdictionaries.com/media/english/us_pron_ogg/e/eli/eligi/eligible__us_1.ogg
eliminate,B1,B2,verb,verb,https://www.oxfordlearnersdictionaries.com/media/english/us_pron_ogg/e/eli/elimi/eliminate__us_1.ogg
elite,B2,C1,noun,noun,https://www.oxfordlearnersdictionaries.com/media/english/us_pron_ogg/e/eli/elite/elite__us_1_rr.ogg
elsewhere,A2,B2,adverb,adverb,https://www.oxfordlearnersdictionaries.com/media/english/us_pron_ogg/e/els/elsew/elsewhere__us_1.ogg
email,A2,A1,verb,"noun, verb",https://www.oxfordlearnersdictionaries.com/media/english/us_pron_ogg/e/ema/email/email__us_2.ogg
embarrassing,A2,B1,adjective,adjective,https://www.oxfordlearnersdictionaries.com/media/english/us_pron_ogg/e/emb/embar/embarrassing__us_1.ogg
embarrassment,B1,C1,noun,noun,https://www.oxfordlearnersdictionaries.com/media/english/us_pron_ogg/e/emb/embar/embarrassment__us_1.ogg
embassy,B2,C1,noun,noun,https://www.oxfordlearnersdictionaries.com/media/english/us_pron_ogg/e/emb/embas/embassy__us_1.ogg
emerge,B1,B2,verb,verb,https://www.oxfordlearnersdictionaries.com/media/english/us_pron_ogg/e/eme/emerg/emerge__us_4.ogg
emergence,B2,C1,noun,noun,https://www.oxfordlearnersdictionaries.com/media/english/us_pron_ogg/e/eme/emerg/emergence__us_2.ogg
emergency,A2,B1,noun,noun,https://www.oxfordlearnersdictionaries.com/media/english/us_pron_ogg/e/eme/emerg/emergency__us_2.ogg
emotional,B1,B2,adjective,adjective,https://www.oxfordlearnersdictionaries.com/media/english/us_pron_ogg/e/emo/emoti/emotional__us_1.ogg
emotionally,B1,B2,adverb,adverb,https://www.oxfordlearnersdictionaries.com/media/english/us_pron_ogg/e/emo/emoti/emotionally__us_1.ogg
emphasis,B1,B2,noun,noun,https://www.oxfordlearnersdictionaries.com/media/english/us_pron_ogg/e/emp/empha/emphasis__us_1.ogg
empire,B1,B2,noun,noun,https://www.oxfordlearnersdictionaries.com/media/english/us_pron_ogg/e/emp/empir/empire__us_1.ogg
employ,B2,A2,verb,verb,https://www.oxfordlearnersdictionaries.com/media/english/us_pron_ogg/e/emp/emplo/employ__us_4.ogg
employee,B2,A2,noun,noun,https://www.oxfordlearnersdictionaries.com/media/english/us_pron_ogg/e/emp/emplo/employee__us_1_rr.ogg
employer,B2,A2,noun,noun,https://www.oxfordlearnersdictionaries.com/media/english/us_pron_ogg/e/emp/emplo/employer__us_1.ogg
enable,B1,B2,verb,verb,https://www.oxfordlearnersdictionaries.com/media/english/us_pron_ogg/e/ena/enabl/enable__us_3.ogg
encourage,A2,B1,verb,verb,https://www.oxfordlearnersdictionaries.com/media/english/us_pron_ogg/e/enc/encou/encourage__us_4.ogg
encouragement,B1,C1,noun,noun,https://www.oxfordlearnersdictionaries.com/media/english/us_pron_ogg/e/enc/encou/encouragement__us_1.ogg
encouraging,B1,C1,adjective,adjective,https://www.oxfordlearnersdictionaries.com/media/english/us_pron_ogg/e/enc/encou/encouraging__us_1.ogg
end,A2,A1,verb,"noun, verb",https://www.oxfordlearnersdictionaries.com/media/english/us_pron_ogg/e/end/end__/end__us_1.ogg
endless,B1,C1,adjective,adjective,https://www.oxfordlearnersdictionaries.com/media/english/us_pron_ogg/e/end/endle/endless__us_1.ogg
endorse,B2,C1,verb,verb,https://www.oxfordlearnersdictionaries.com/media/english/us_pron_ogg/e/end/endor/endorse__us_1.ogg
endure,B1,C1,verb,verb,https://www.oxfordlearnersdictionaries.com/media/english/us_pron_ogg/e/end/endur/endure__us_1.ogg
energy,B2,A2,noun,noun,https://www.oxfordlearnersdictionaries.com/media/english/us_pron_ogg/e/ene/energ/energy__us_2.ogg
enforce,B2,C1,verb,verb,https://www.oxfordlearnersdictionaries.com/media/english/us_pron_ogg/e/enf/enfor/enforce__us_1.ogg
engage,B1,B2,verb,verb,https://www.oxfordlearnersdictionaries.com/media/english/us_pron_ogg/e/eng/engag/engage__us_1.ogg
engagement,B2,C1,noun,noun,https://www.oxfordlearnersdictionaries.com/media/english/us_pron_ogg/e/eng/engag/engagement__us_1.ogg
engine,B1,A2,noun,noun,https://www.oxfordlearnersdictionaries.com/media/english/us_pron_ogg/e/eng/engin/engine__us_2.ogg
engineer,A1,A2,noun,noun,https://www.oxfordlearnersdictionaries.com/media/english/us_pron_ogg/e/eng/engin/engineer__us_2.ogg
enjoyable,B1,B2,adjective,adjective,https://www.oxfordlearnersdictionaries.com/media/english/us_pron_ogg/e/enj/enjoy/enjoyable__us_1.ogg
enough,A2,A1,pronoun,"adverb, determiner, pronoun",https://www.oxfordlearnersdictionaries.com/media/english/us_pron_ogg/e/eno/enoug/enough__us_1.ogg
enrich,B1,C1,verb,verb,https://www.oxfordlearnersdictionaries.com/media/english/us_pron_ogg/e/enr/enric/enrich__us_1.ogg
ensure,B1,B2,verb,verb,https://www.oxfordlearnersdictionaries.com/media/english/us_pron_ogg/e/ens/ensur/ensure__us_1.ogg
enterprise,B2,C1,noun,noun,https://www.oxfordlearnersdictionaries.com/media/english/us_pron_ogg/e/ent/enter/enterprise__us_1.ogg
entertainment,A2,B1,noun,noun,https://www.oxfordlearnersdictionaries.com/media/english/us_pron_ogg/e/ent/enter/entertainment__us_1.ogg
enthusiasm,B1,B2,noun,noun,https://www.oxfordlearnersdictionaries.com/media/english/us_pron_ogg/e/ent/enthu/enthusiasm__us_4.ogg
enthusiast,B1,C1,noun,noun,https://www.oxfordlearnersdictionaries.com/media/english/us_pron_ogg/e/ent/enthu/enthusiast__us_1.ogg
enthusiastic,B1,B2,adjective,adjective,https://www.oxfordlearnersdictionaries.com/media/english/us_pron_ogg/e/ent/enthu/enthusiastic__us_4.ogg
entire,B1,B2,adjective,adjective,https://www.oxfordlearnersdictionaries.com/media/english/us_pron_ogg/e/ent/entir/entire__us_3.ogg
entirely,B1,B2,adverb,adverb,https://www.oxfordlearnersdictionaries.com/media/english/us_pron_ogg/e/ent/entir/entirely__us_3.ogg
entitle,B2,C1,verb,verb,https://www.oxfordlearnersdictionaries.com/media/english/us_pron_ogg/e/ent/entit/entitle__us_1.ogg
entrance,A2,B1,noun,noun,https://www.oxfordlearnersdictionaries.com/media/english/us_pron_ogg/e/ent/entra/entrance__us_7.ogg
envelope,A2,B2,noun,noun,https://www.oxfordlearnersdictionaries.com/media/english/us_pron_ogg/e/env/envel/envelope__us_1_rr.ogg
environment,B2,A2,noun,noun,https://www.oxfordlearnersdictionaries.com/media/english/us_pron_ogg/e/env/envir/environment__us_2_rr.ogg
episode,A2,B1,noun,noun,https://www.oxfordlearnersdictionaries.com/media/english/us_pron_ogg/e/epi/episo/episode__us_2.ogg
equal,B2,B1,verb,"adjective, noun, verb",https://www.oxfordlearnersdictionaries.com/media/english/us_pron_ogg/e/equ/equal/equal__us_1.ogg
equality,B1,C1,noun,noun,https://www.oxfordlearnersdictionaries.com/media/english/us_pron_ogg/e/equ/equal/equality__us_1.ogg
equation,B2,C1,noun,noun,https://www.oxfordlearnersdictionaries.com/media/english/us_pron_ogg/e/equ/equat/equation__us_1.ogg
equipment,B1,A2,noun,noun,https://www.oxfordlearnersdictionaries.com/media/english/us_pron_ogg/e/equ/equip/equipment__us_1.ogg
era,B1,B2,noun,noun,https://www.oxfordlearnersdictionaries.com/media/english/us_pron_ogg/e/era/era__/era__us_1_rr.ogg
erect,B2,C1,adjective,verb,https://www.oxfordlearnersdictionaries.com/media/english/us_pron_ogg/e/ere/erect/erect__us_1.ogg
essence,B1,C1,noun,noun,https://www.oxfordlearnersdictionaries.com/media/english/us_pron_ogg/e/ess/essen/essence__us_1.ogg
establish,A2,B2,verb,verb,https://www.oxfordlearnersdictionaries.com/media/english/us_pron_ogg/e/est/estab/establish__us_2.ogg
establishment,B1,C1,noun,noun,https://www.oxfordlearnersdictionaries.com/media/english/us_pron_ogg/e/est/estab/establishment__us_1.ogg
estimate,B1,B2,verb,"noun, verb",https://www.oxfordlearnersdictionaries.com/media/english/us_pron_ogg/e/est/estim/estimate__us_1.ogg
eternal,B1,C1,adjective,adjective,https://www.oxfordlearnersdictionaries.com/media/english/us_pron_ogg/e/ete/etern/eternal__us_1.ogg
euro,A2,A1,noun,noun,https://www.oxfordlearnersdictionaries.com/media/english/us_pron_ogg/e/eur/euro_/euro__us_1_rr.ogg
evacuate,B2,C1,verb,verb,https://www.oxfordlearnersdictionaries.com/media/english/us_pron_ogg/e/eva/evacu/evacuate__us_1.ogg
even,A2,B2,adverb,"adjective, adverb",https://www.oxfordlearnersdictionaries.com/media/english/us_pron_ogg/e/eve/even_/even__us_1.ogg
ever,A2,A1,adverb,adverb,https://www.oxfordlearnersdictionaries.com/media/english/us_pron_ogg/e/eve/ever_/ever__us_2.ogg
everyday,A1,A2,adjective,adjective,https://www.oxfordlearnersdictionaries.com/media/english/us_pron_ogg/e/eve/every/everyday__us_1.ogg
everywhere,A1,A2,adverb,adverb,https://www.oxfordlearnersdictionaries.com/media/english/us_pron_ogg/e/eve/every/everywhere__us_1.ogg
evident,B1,B2,adjective,adjective,https://www.oxfordlearnersdictionaries.com/media/english/us_pron_ogg/e/evi/evide/evident__us_1.ogg
exact,B1,A2,adjective,adjective,https://www.oxfordlearnersdictionaries.com/media/english/us_pron_ogg/e/exa/exact/exact__us_1.ogg
exaggerate,B2,C1,noun,verb,https://www.oxfordlearnersdictionaries.com/media/english/us_pron_ogg/e/exa/exagg/exaggerate__us_1.ogg
exam,A2,A1,noun,noun,https://www.oxfordlearnersdictionaries.com/media/english/us_pron_ogg/e/exa/exam_/exam__us_1.ogg
examination,B1,B2,noun,noun,https://www.oxfordlearnersdictionaries.com/media/english/us_pron_ogg/e/exa/exami/examination__us_4.ogg
excellence,B1,C1,noun,noun,https://www.oxfordlearnersdictionaries.com/media/english/us_pron_ogg/e/exc/excel/excellence__us_1.ogg
excellent,A1,A2,adjective,adjective,https://www.oxfordlearnersdictionaries.com/media/english/us_pron_ogg/e/exc/excel/excellent__us_1.ogg
except,A2,B1,preposition,"conjunction, preposition",https://www.oxfordlearnersdictionaries.com/media/english/us_pron_ogg/e/exc/excep/except__us_1.ogg
exceptional,B2,C1,adjective,adjective,https://www.oxfordlearnersdictionaries.com/media/english/us_pron_ogg/e/exc/excep/exceptional__us_1.ogg
excess,B1,C1,noun,"adjective, noun",https://www.oxfordlearnersdictionaries.com/media/english/us_pron_ogg/e/exc/exces/excess__us_2_rr.ogg
exclusion,B2,C1,noun,noun,https://www.oxfordlearnersdictionaries.com/media/english/us_pron_ogg/e/exc/exclu/exclusion__us_1.ogg
exclusive,B1,C1,adjective,adjective,https://www.oxfordlearnersdictionaries.com/media/english/us_pron_ogg/e/exc/exclu/exclusive__us_1.ogg
exclusively,B2,C1,adverb,adverb,https://www.oxfordlearnersdictionaries.com/media/english/us_pron_ogg/e/exc/exclu/exclusively__us_1.ogg
excuse,B1,B2,verb,"noun, verb",https://www.oxfordlearnersdictionaries.com/media/english/us_pron_ogg/e/exc/excus/excuse__us_1.ogg
execute,B2,C1,verb,verb,https://www.oxfordlearnersdictionaries.com/media/english/us_pron_ogg/e/exe/execu/execute__us_1.ogg
execution,B2,C1,noun,noun,https://www.oxfordlearnersdictionaries.com/media/english/us_pron_ogg/e/exe/execu/execution__us_1.ogg
exhibition,A2,B1,noun,noun,https://www.oxfordlearnersdictionaries.com/media/english/us_pron_ogg/e/exh/exhib/exhibition__us_2.ogg
exile,B2,C1,noun,noun,https://www.oxfordlearnersdictionaries.com/media/english/us_pron_ogg/e/exi/exile/exile__us_1_rr.ogg
existence,B1,B2,noun,noun,https://www.oxfordlearnersdictionaries.com/media/english/us_pron_ogg/e/exi/exist/existence__us_1.ogg
exit,B1,B2,verb,"noun, verb",https://www.oxfordlearnersdictionaries.com/media/english/us_pron_ogg/e/exi/exit_/exit__us_1_rr.ogg
expected,B2,B1,adjective,adjective,https://www.oxfordlearnersdictionaries.com/media/english/us_pron_ogg/e/exp/expec/expected__us_1.ogg
expedition,B2,B1,noun,noun,https://www.oxfordlearnersdictionaries.com/media/english/us_pron_ogg/e/exp/exped/expedition__us_1.ogg
expense,B1,B2,noun,noun,https://www.oxfordlearnersdictionaries.com/media/english/us_pron_ogg/e/exp/expen/expense__us_4.ogg
experience,B1,A2,verb,"noun, verb",https://www.oxfordlearnersdictionaries.com/media/english/us_pron_ogg/e/exp/exper/experience__us_1.ogg
experiment,B2,A2,verb,"noun, verb",https://www.oxfordlearnersdictionaries.com/media/english/us_pron_ogg/e/exp/exper/experiment__us_2.ogg
explain,A2,A1,verb,verb,https://www.oxfordlearnersdictionaries.com/media/english/us_pron_ogg/e/exp/expla/explain__us_3.ogg
explode,B2,B1,verb,verb,https://www.oxfordlearnersdictionaries.com/media/english/us_pron_ogg/e/exp/explo/explode__us_1.ogg
exploration,B1,B2,noun,noun,https://www.oxfordlearnersdictionaries.com/media/english/us_pron_ogg/e/exp/explo/exploration__us_1.ogg
explore,A2,B1,verb,verb,https://www.oxfordlearnersdictionaries.com/media/english/us_pron_ogg/e/exp/explo/explore__us_1.ogg
explosive,B2,C1,noun,"adjective, noun",https://www.oxfordlearnersdictionaries.com/media/english/us_pron_ogg/e/exp/explo/explosive__us_1.ogg
export,B2,B1,verb,"noun, verb",https://www.oxfordlearnersdictionaries.com/media/english/us_pron_ogg/e/exp/expor/export__us_2.ogg
expose,B1,B2,verb,verb,https://www.oxfordlearnersdictionaries.com/media/english/us_pron_ogg/e/exp/expos/expose__us_1.ogg
express,B1,A2,verb,verb,https://www.oxfordlearnersdictionaries.com/media/english/us_pron_ogg/e/exp/expre/express__us_6.ogg
extend,B1,B2,verb,verb,https://www.oxfordlearnersdictionaries.com/media/english/us_pron_ogg/e/ext/exten/extend__us_3.ogg
extensively,B1,B2,adverb,adverb,https://www.oxfordlearnersdictionaries.com/media/english/us_pron_ogg/e/ext/exten/extensively__us_1.ogg
extent,B1,B2,noun,noun,https://www.oxfordlearnersdictionaries.com/media/english/us_pron_ogg/e/ext/exten/extent__us_1.ogg
extra,B1,A1,noun,"adjective, adverb, noun",https://www.oxfordlearnersdictionaries.com/media/english/us_pron_ogg/e/ext/extra/extra__us_1.ogg
extraordinary,B1,B2,adjective,adjective,https://www.oxfordlearnersdictionaries.com/media/english/us_pron_ogg/e/ext/extra/extraordinary__us_1.ogg
extreme,B1,A2,adjective,"adjective, noun",https://www.oxfordlearnersdictionaries.com/media/english/us_pron_ogg/e/ext/extre/extreme__us_1.ogg
face,A2,A1,verb,"noun, verb",https://www.oxfordlearnersdictionaries.com/media/english/us_pron_ogg/f/fac/face_/face__us_1.ogg
facilitate,B2,C1,verb,verb,https://www.oxfordlearnersdictionaries.com/media/english/us_pron_ogg/f/fac/facil/facilitate__us_1.ogg
facility,B1,B2,noun,noun,https://www.oxfordlearnersdictionaries.com/media/english/us_pron_ogg/f/fac/facil/facility__us_4.ogg
fact,A2,A1,noun,noun,https://www.oxfordlearnersdictionaries.com/media/english/us_pron_ogg/f/fac/fact_/fact__us_1.ogg
factor,B2,A2,noun,noun,https://www.oxfordlearnersdictionaries.com/media/english/us_pron_ogg/f/fac/facto/factor__us_2.ogg
factory,A1,A2,noun,noun,https://www.oxfordlearnersdictionaries.com/media/english/us_pron_ogg/f/fac/facto/factory__us_1_rr.ogg
faculty,B2,C1,noun,noun,https://www.oxfordlearnersdictionaries.com/media/english/us_pron_ogg/f/fac/facul/faculty__us_1.ogg
fade,B1,C1,verb,verb,https://www.oxfordlearnersdictionaries.com/media/english/us_pron_ogg/f/fad/fade_/fade__us_1.ogg
failure,B1,B2,noun,noun,https://www.oxfordlearnersdictionaries.com/media/english/us_pron_ogg/f/fai/failu/failure__us_2.ogg
fair,B1,A2,noun,adjective,https://www.oxfordlearnersdictionaries.com/media/english/us_pron_ogg/f/fai/fair_/fair__us_1.ogg
fairly,A2,B1,adverb,adverb,https://www.oxfordlearnersdictionaries.com/media/english/us_pron_ogg/f/fai/fairl/fairly__us_2.ogg
fake,B1,B2,adjective,adjective,https://www.oxfordlearnersdictionaries.com/media/english/us_pron_ogg/f/fak/fake_/fake__us_1.ogg
familiar,A2,B1,adjective,adjective,https://www.oxfordlearnersdictionaries.com/media/english/us_pron_ogg/f/fam/famil/familiar__us_1.ogg
fan,A1,A2,noun,noun,https://www.oxfordlearnersdictionaries.com/media/english/us_pron_ogg/f/fan/fan__/fan__us_1.ogg
fantastic,A2,A1,adjective,adjective,https://www.oxfordlearnersdictionaries.com/media/english/us_pron_ogg/f/fan/fanta/fantastic__us_2.ogg
fantasy,B1,B2,noun,noun,https://www.oxfordlearnersdictionaries.com/media/english/us_pron_ogg/f/fan/fanta/fantasy__us_1.ogg
far,A2,B1,adverb,"adjective, adverb",https://www.oxfordlearnersdictionaries.com/media/english/us_pron_ogg/f/far/far__/far__us_1.ogg
fare,A2,B2,noun,noun,https://www.oxfordlearnersdictionaries.com/media/english/us_pron_ogg/f/far/fare_/fare__us_1.ogg
farming,B1,A2,noun,noun,https://www.oxfordlearnersdictionaries.com/media/english/us_pron_ogg/f/far/farmi/farming__us_3.ogg
fascinating,A2,B1,adjective,adjective,https://www.oxfordlearnersdictionaries.com/media/english/us_pron_ogg/f/fas/fasci/fascinating__us_3.ogg
fat,B2,A1,noun,"adjective, noun",https://www.oxfordlearnersdictionaries.com/media/english/us_pron_ogg/f/fat/fat__/fat__us_1.ogg
fatal,B2,C1,adjective,adjective,https://www.oxfordlearnersdictionaries.com/media/english/us_pron_ogg/f/fat/fatal/fatal__us_1.ogg
fate,B2,C1,noun,noun,https://www.oxfordlearnersdictionaries.com/media/english/us_pron_ogg/f/fat/fate_/fate__us_1.ogg
fault,A2,B2,noun,noun,https://www.oxfordlearnersdictionaries.com/media/english/us_pron_ogg/f/fau/fault/fault__us_4.ogg
fear,B2,A2,verb,"noun, verb",https://www.oxfordlearnersdictionaries.com/media/english/us_pron_ogg/f/fea/fear_/fear__us_1.ogg
feat,B2,C1,noun,noun,https://www.oxfordlearnersdictionaries.com/media/english/us_pron_ogg/f/fea/feat_/feat__us_1.ogg
feather,A2,B2,noun,noun,https://www.oxfordlearnersdictionaries.com/media/english/us_pron_ogg/f/fea/feath/feather__us_2.ogg
feature,B2,A2,verb,"noun, verb",https://www.oxfordlearnersdictionaries.com/media/english/us_pron_ogg/f/fea/featu/feature__us_2.ogg
fee,A2,B2,noun,noun,https://www.oxfordlearnersdictionaries.com/media/english/us_pron_ogg/f/fee/fee__/fee__us_1.ogg
feed,B1,B2,verb,"noun, verb",https://www.oxfordlearnersdictionaries.com/media/english/us_pron_ogg/f/fee/feed_/feed__us_1.ogg
feel,A1,B2,verb,"noun, verb",https://www.oxfordlearnersdictionaries.com/media/english/us_pron_ogg/f/fee/feel_/feel__us_1.ogg
fellow,B1,B2,noun,adjective,https://www.oxfordlearnersdictionaries.com/media/english/us_pron_ogg/f/fel/fello/fellow__us_4.ogg
female,B2,A2,noun,"adjective, noun",https://www.oxfordlearnersdictionaries.com/media/english/us_pron_ogg/f/fem/femal/female__us_2.ogg
fence,A2,B1,noun,noun,https://www.oxfordlearnersdictionaries.com/media/english/us_pron_ogg/f/fen/fence/fence__us_1.ogg
fever,A1,B2,noun,noun,https://www.oxfordlearnersdictionaries.com/media/english/us_pron_ogg/f/fev/fever/fever__us_1.ogg
few,B1,A1,pronoun,"adjective, determiner, pronoun",https://www.oxfordlearnersdictionaries.com/media/english/us_pron_ogg/f/few/few__/few__us_1.ogg
field,A1,A2,noun,noun,https://www.oxfordlearnersdictionaries.com/media/english/us_pron_ogg/f/fie/field/field__us_1.ogg
fierce,B2,C1,adjective,adjective,https://www.oxfordlearnersdictionaries.com/media/english/us_pron_ogg/f/fie/fierc/fierce__us_1.ogg
fifth,B1,A1,noun,ordinal number,https://www.oxfordlearnersdictionaries.com/media/english/us_pron_ogg/f/fif/fifth/fifth__us_1.ogg
fight,B1,A2,verb,"noun, verb",https://www.oxfordlearnersdictionaries.com/media/english/us_pron_ogg/f/fig/fight/fight__us_1.ogg
fighting,B2,B1,noun,noun,https://www.oxfordlearnersdictionaries.com/media/english/us_pron_ogg/f/fig/fight/fighting__us_1.ogg
file,B2,B1,verb,"noun, verb",https://www.oxfordlearnersdictionaries.com/media/english/us_pron_ogg/f/fil/file_/file__us_1.ogg
film,B1,A1,verb,"noun, verb",https://www.oxfordlearnersdictionaries.com/media/english/us_pron_ogg/f/fil/film_/film__us_1.ogg
film-maker,B1,C1,noun,noun,https://www.oxfordlearnersdictionaries.com/media/english/us_pron_ogg/f/fil/film_/film_maker_1_us_1.ogg
filter,B1,C1,noun,"noun, verb",https://www.oxfordlearnersdictionaries.com/media/english/us_pron_ogg/f/fil/filte/filter__us_1.ogg
final,A2,A1,noun,"adjective, noun",https://www.oxfordlearnersdictionaries.com/media/english/us_pron_ogg/f/fin/final/final__us_2.ogg
finance,B1,B2,verb,"noun, verb",https://www.oxfordlearnersdictionaries.com/media/english/us_pron_ogg/f/fin/finan/finance__us_1_rr.ogg
finding,B1,B2,noun,noun,https://www.oxfordlearnersdictionaries.com/media/english/us_pron_ogg/f/fin/findi/finding__us_1.ogg
fine,B2,A1,verb,"adjective, noun, verb",https://www.oxfordlearnersdictionaries.com/media/english/us_pron_ogg/f/fin/fine_/fine__us_1.ogg
finger,B1,A2,noun,noun,https://www.oxfordlearnersdictionaries.com/media/english/us_pron_ogg/f/fin/finge/finger__us_1.ogg
finish,A1,A2,verb,"noun, verb",https://www.oxfordlearnersdictionaries.com/media/english/us_pron_ogg/f/fin/finis/finish__us_1.ogg
fire,B2,A1,verb,"noun, verb",https://www.oxfordlearnersdictionaries.com/media/english/us_pron_ogg/f/fir/fire_/fire__us_1.ogg
firearm,B2,C1,noun,noun,https://www.oxfordlearnersdictionaries.com/media/english/us_pron_ogg/f/fir/firea/firearm__us_1.ogg
firefighter,B1,B2,noun,noun,https://www.oxfordlearnersdictionaries.com/media/english/us_pron_ogg/f/fir/firef/firefighter__us_1.ogg
firework,B1,B2,noun,noun,https://www.oxfordlearnersdictionaries.com/media/english/us_pron_ogg/f/fir/firew/firework__us_1.ogg
firm,B1,B2,noun,"adjective, noun",https://www.oxfordlearnersdictionaries.com/media/english/us_pron_ogg/f/fir/firm_/firm__us_1.ogg
firmly,B1,B2,adverb,adverb,https://www.oxfordlearnersdictionaries.com/media/english/us_pron_ogg/f/fir/firml/firmly__us_1.ogg
firstly,B2,A2,adverb,adverb,https://www.oxfordlearnersdictionaries.com/media/english/us_pron_ogg/f/fir/first/firstly__us_1.ogg
fish,B1,A1,verb,"noun, verb",https://www.oxfordlearnersdictionaries.com/media/english/us_pron_ogg/f/fis/fish_/fish__us_1.ogg
fishing,A1,A2,noun,noun,https://www.oxfordlearnersdictionaries.com/media/english/us_pron_ogg/f/fis/fishi/fishing__us_1.ogg
fit,B1,A2,verb,"adjective, noun, verb",https://www.oxfordlearnersdictionaries.com/media/english/us_pron_ogg/f/fit/fit__/fit__us_1.ogg
fix,B1,B2,verb,"noun, verb",https://www.oxfordlearnersdictionaries.com/media/english/us_pron_ogg/f/fix/fix__/fix__us_1.ogg
fixed,B2,B1,adjective,adjective,https://www.oxfordlearnersdictionaries.com/media/english/us_pron_ogg/f/fix/fixed/fixed__us_1.ogg
flag,A1,B1,noun,noun,https://www.oxfordlearnersdictionaries.com/media/english/us_pron_ogg/f/fla/flag_/flag__us_1.ogg
flat,A1,A2,noun,"adjective, noun",https://www.oxfordlearnersdictionaries.com/media/english/us_pron_ogg/f/fla/flat_/flat__us_1.ogg
flaw,B2,C1,noun,noun,https://www.oxfordlearnersdictionaries.com/media/english/us_pron_ogg/f/fla/flaw_/flaw__us_1.ogg
flee,B2,C1,verb,verb,https://www.oxfordlearnersdictionaries.com/media/english/us_pron_ogg/f/fle/flee_/flee__us_1.ogg
fleet,B2,C1,noun,noun,https://www.oxfordlearnersdictionaries.com/media/english/us_pron_ogg/f/fle/fleet/fleet__us_1.ogg
flesh,B2,C1,noun,noun,https://www.oxfordlearnersdictionaries.com/media/english/us_pron_ogg/f/fle/flesh/flesh__us_1.ogg
flexibility,B2,C1,noun,noun,https://www.oxfordlearnersdictionaries.com/media/english/us_pron_ogg/f/fle/flexi/flexibility__us_1.ogg
flight,A2,A1,noun,noun,https://www.oxfordlearnersdictionaries.com/media/english/us_pron_ogg/f/fli/fligh/flight__us_1.ogg
float,B1,B2,verb,verb,https://www.oxfordlearnersdictionaries.com/media/english/us_pron_ogg/f/flo/float/float__us_1.ogg
flour,A2,B1,noun,noun,https://www.oxfordlearnersdictionaries.com/media/english/us_pron_ogg/f/flo/flour/flour__us_1.ogg
flu,B1,A2,noun,noun,https://www.oxfordlearnersdictionaries.com/media/english/us_pron_ogg/f/flu/flu__/flu__us_1.ogg
fluid,B2,C1,adjective,noun,https://www.oxfordlearnersdictionaries.com/media/english/us_pron_ogg/f/flu/fluid/fluid__us_1.ogg
fly,A1,A2,verb,"noun, verb",https://www.oxfordlearnersdictionaries.com/media/english/us_pron_ogg/f/fly/fly__/fly__us_1.ogg
focus,A1,A2,verb,"noun, verb",https://www.oxfordlearnersdictionaries.com/media/english/us_pron_ogg/f/foc/focus/focus__us_1.ogg
fold,B1,B2,verb,"noun, verb",https://www.oxfordlearnersdictionaries.com/media/english/us_pron_ogg/f/fol/fold_/fold__us_1.ogg
follow,A2,A1,verb,verb,https://www.oxfordlearnersdictionaries.com/media/english/us_pron_ogg/f/fol/follo/follow__us_1.ogg
following,B2,A2,preposition,"adjective, noun, preposition",https://www.oxfordlearnersdictionaries.com/media/english/us_pron_ogg/f/fol/follo/following__us_1.ogg
fond,B1,B2,adjective,adjective,https://www.oxfordlearnersdictionaries.com/media/english/us_pron_ogg/f/fon/fond_/fond__us_1.ogg
fool,B1,B2,verb,noun,https://www.oxfordlearnersdictionaries.com/media/english/us_pron_ogg/f/foo/fool_/fool__us_1.ogg
foot,B1,A1,noun,noun,https://www.oxfordlearnersdictionaries.com/media/english/us_pron_ogg/f/foo/foot_/foot__us_1.ogg
forbid,A2,B2,verb,verb,https://www.oxfordlearnersdictionaries.com/media/english/us_pron_ogg/f/for/forbi/forbid__us_1.ogg
force,B2,B1,verb,"noun, verb",https://www.oxfordlearnersdictionaries.com/media/english/us_pron_ogg/f/for/force/force__us_1.ogg
forecast,B1,B2,noun,"noun, verb",https://www.oxfordlearnersdictionaries.com/media/english/us_pron_ogg/f/for/forec/forecast__us_1.ogg
foreign,A1,A2,adjective,adjective,https://www.oxfordlearnersdictionaries.com/media/english/us_pron_ogg/f/for/forei/foreign__us_1_rr.ogg
foreigner,A1,C1,noun,noun,https://www.oxfordlearnersdictionaries.com/media/english/us_pron_ogg/f/for/forei/foreigner__us_1_rr.ogg
forever,A2,B1,adverb,adverb,https://www.oxfordlearnersdictionaries.com/media/english/us_pron_ogg/f/for/forev/forever__us_1.ogg
forgive,B1,B2,verb,verb,https://www.oxfordlearnersdictionaries.com/media/english/us_pron_ogg/f/for/forgi/forgive__us_1.ogg
form,B1,A1,verb,"noun, verb",https://www.oxfordlearnersdictionaries.com/media/english/us_pron_ogg/f/for/form_/form__us_1.ogg
formal,B1,A2,adjective,adjective,https://www.oxfordlearnersdictionaries.com/media/english/us_pron_ogg/f/for/forma/formal__us_1.ogg
format,B1,B2,verb,noun,https://www.oxfordlearnersdictionaries.com/media/english/us_pron_ogg/f/for/forma/format__us_1.ogg
former,B1,B2,adjective,adjective,https://www.oxfordlearnersdictionaries.com/media/english/us_pron_ogg/f/for/forme/former__us_1.ogg
formula,B1,C1,noun,noun,https://www.oxfordlearnersdictionaries.com/media/english/us_pron_ogg/f/for/formu/formula__us_1.ogg
forth,B1,C1,adverb,adverb,https://www.oxfordlearnersdictionaries.com/media/english/us_pron_ogg/f/for/forth/forth__us_1.ogg
forthcoming,B2,C1,adjective,adjective,https://www.oxfordlearnersdictionaries.com/media/english/us_pron_ogg/f/for/forth/forthcoming__us_1_rr.ogg
fortunate,B1,B2,adjective,adjective,https://www.oxfordlearnersdictionaries.com/media/english/us_pron_ogg/f/for/fortu/fortunate__us_1.ogg
fortune,A2,B2,noun,noun,https://www.oxfordlearnersdictionaries.com/media/english/us_pron_ogg/f/for/fortu/fortune__us_2.ogg
forward,A2,B2,adverb,"adjective, adverb",https://www.oxfordlearnersdictionaries.com/media/english/us_pron_ogg/f/for/forwa/forward__us_1.ogg
foundation,B1,B2,noun,noun,https://www.oxfordlearnersdictionaries.com/media/english/us_pron_ogg/f/fou/found/foundation__us_1.ogg
fragment,B1,B2,noun,noun,https://www.oxfordlearnersdictionaries.com/media/english/us_pron_ogg/f/fra/fragm/fragment__us_1.ogg
frame,B2,B1,verb,"noun, verb",https://www.oxfordlearnersdictionaries.com/media/english/us_pron_ogg/f/fra/frame/frame__us_1.ogg
frankly,B2,C1,adverb,adverb,https://www.oxfordlearnersdictionaries.com/media/english/us_pron_ogg/f/fra/frank/frankly__us_1.ogg
free,B2,A1,verb,"adjective, adverb, verb",https://www.oxfordlearnersdictionaries.com/media/english/us_pron_ogg/f/fre/free_/free__us_1.ogg
freedom,A2,B2,noun,noun,https://www.oxfordlearnersdictionaries.com/media/english/us_pron_ogg/f/fre/freed/freedom__us_2.ogg
freely,B1,B2,adverb,adverb,https://www.oxfordlearnersdictionaries.com/media/english/us_pron_ogg/f/fre/freel/freely__us_1.ogg
freeze,A2,B1,verb,verb,https://www.oxfordlearnersdictionaries.com/media/english/us_pron_ogg/f/fre/freez/freeze__us_1.ogg
frequency,B1,B2,noun,noun,https://www.oxfordlearnersdictionaries.com/media/english/us_pron_ogg/f/fre/frequ/frequency__us_2.ogg
frequent,B1,B2,adjective,adjective,https://www.oxfordlearnersdictionaries.com/media/english/us_pron_ogg/f/fre/frequ/frequent__us_1.ogg
friendly,B2,A1,adjective,adjective,https://www.oxfordlearnersdictionaries.com/media/english/us_pron_ogg/f/fri/frien/friendly__us_1.ogg
friendship,A2,B1,noun,noun,https://www.oxfordlearnersdictionaries.com/media/english/us_pron_ogg/f/fri/frien/friendship__us_2.ogg
frighten,A2,B1,verb,verb,https://www.oxfordlearnersdictionaries.com/media/english/us_pron_ogg/f/fri/frigh/frighten__us_2.ogg
frightened,A2,B1,adjective,adjective,https://www.oxfordlearnersdictionaries.com/media/english/us_pron_ogg/f/fri/frigh/frightened__us_1.ogg
frightening,A2,B1,adjective,adjective,https://www.oxfordlearnersdictionaries.com/media/english/us_pron_ogg/f/fri/frigh/frightening__us_2_rr.ogg
frog,A1,A2,noun,noun,https://www.oxfordlearnersdictionaries.com/media/english/us_pron_ogg/f/fro/frog_/frog__us_2_rr.ogg
front,A2,A1,noun,"adjective, noun",https://www.oxfordlearnersdictionaries.com/media/english/us_pron_ogg/f/fro/front/front__us_1.ogg
frustrated,B1,C1,adjective,adjective,https://www.oxfordlearnersdictionaries.com/media/english/us_pron_ogg/f/fru/frust/frustrated__us_2.ogg
frustration,B1,C1,noun,noun,https://www.oxfordlearnersdictionaries.com/media/english/us_pron_ogg/f/fru/frust/frustration__us_1.ogg
full-time,B1,B2,adverb,"adjective, adverb",https://www.oxfordlearnersdictionaries.com/media/english/us_pron_ogg/f/ful/full_/full_time_1_us_1.ogg
fully,A2,B2,adverb,adverb,https://www.oxfordlearnersdictionaries.com/media/english/us_pron_ogg/f/ful/fully/fully__us_2.ogg
fun,A1,A2,noun,"adjective, noun",https://www.oxfordlearnersdictionaries.com/media/english/us_pron_ogg/f/fun/fun__/fun__us_1.ogg
function,A2,B1,verb,"noun, verb",https://www.oxfordlearnersdictionaries.com/media/english/us_pron_ogg/f/fun/funct/function__us_4.ogg
functional,B2,C1,adjective,adjective,https://www.oxfordlearnersdictionaries.com/media/english/us_pron_ogg/f/fun/funct/functional__us_1.ogg
fund,B1,B2,verb,"noun, verb",https://www.oxfordlearnersdictionaries.com/media/english/us_pron_ogg/f/fun/fund_/fund__us_1.ogg
funeral,B1,C1,noun,noun,https://www.oxfordlearnersdictionaries.com/media/english/us_pron_ogg/f/fun/funer/funeral__us_1.ogg
further,B1,A2,adverb,"adjective, adverb",https://www.oxfordlearnersdictionaries.com/media/english/us_pron_ogg/f/fur/furth/further__us_2.ogg
furthermore,B1,B2,adverb,adverb,https://www.oxfordlearnersdictionaries.com/media/english/us_pron_ogg/f/fur/furth/furthermore__us_4.ogg
future,A1,A2,noun,"adjective, noun",https://www.oxfordlearnersdictionaries.com/media/english/us_pron_ogg/f/fut/futur/future__us_2.ogg
gain,B1,B2,verb,"noun, verb",https://www.oxfordlearnersdictionaries.com/media/english/us_pron_ogg/g/gai/gain_/gain__us_1.ogg
gallon,B1,C1,noun,noun,https://www.oxfordlearnersdictionaries.com/media/english/us_pron_ogg/g/gal/gallo/gallon__us_1.ogg
gambling,B2,C1,noun,noun,https://www.oxfordlearnersdictionaries.com/media/english/us_pron_ogg/g/gam/gambl/gambling__us_1.ogg
gap,B1,A2,noun,noun,https://www.oxfordlearnersdictionaries.com/media/english/us_pron_ogg/g/gap/gap__/gap__us_1.ogg
garage,A2,B1,noun,noun,https://www.oxfordlearnersdictionaries.com/media/english/us_pron_ogg/g/gar/garag/garage__us_1_rr.ogg
gather,A2,B1,verb,verb,https://www.oxfordlearnersdictionaries.com/media/english/us_pron_ogg/g/gat/gathe/gather__us_2.ogg
gay,B1,B2,adjective,adjective,https://www.oxfordlearnersdictionaries.com/media/english/us_pron_ogg/g/gay/gay__/gay__us_1.ogg
gaze,B2,C1,noun,"noun, verb",https://www.oxfordlearnersdictionaries.com/media/english/us_pron_ogg/g/gaz/gaze_/gaze__us_1.ogg
gear,B2,C1,noun,noun,https://www.oxfordlearnersdictionaries.com/media/english/us_pron_ogg/g/gea/gear_/gear__us_1.ogg
gender,A2,B2,noun,noun,https://www.oxfordlearnersdictionaries.com/media/english/us_pron_ogg/g/gen/gende/gender__us_1.ogg
gene,B1,B2,noun,noun,https://www.oxfordlearnersdictionaries.com/media/english/us_pron_ogg/g/gen/gene_/gene_1_us_3.ogg
general,B1,A2,noun,adjective,https://www.oxfordlearnersdictionaries.com/media/english/us_pron_ogg/g/gen/gener/general__us_2_rr.ogg
generate,B1,B2,verb,verb,https://www.oxfordlearnersdictionaries.com/media/english/us_pron_ogg/g/gen/gener/generate__us_1.ogg
generation,A2,B1,noun,noun,https://www.oxfordlearnersdictionaries.com/media/english/us_pron_ogg/g/gen/gener/generation__us_1.ogg
genetic,B1,B2,adjective,adjective,https://www.oxfordlearnersdictionaries.com/media/english/us_pron_ogg/g/gen/genet/genetic__us_1.ogg
gentle,A2,B1,adjective,adjective,https://www.oxfordlearnersdictionaries.com/media/english/us_pron_ogg/g/gen/gentl/gentle__us_3.ogg
geography,B1,A1,noun,noun,https://www.oxfordlearnersdictionaries.com/media/english/us_pron_ogg/g/geo/geogr/geography__us_1.ogg
gesture,B1,B2,noun,noun,https://www.oxfordlearnersdictionaries.com/media/english/us_pron_ogg/g/ges/gestu/gesture__us_1_rr.ogg
ghost,A1,B1,noun,noun,https://www.oxfordlearnersdictionaries.com/media/english/us_pron_ogg/g/gho/ghost/ghost__us_1.ogg
gift,A1,A2,noun,noun,https://www.oxfordlearnersdictionaries.com/media/english/us_pron_ogg/g/gif/gift_/gift__us_1.ogg
glad,A1,B1,adjective,adjective,https://www.oxfordlearnersdictionaries.com/media/english/us_pron_ogg/g/gla/glad_/glad__us_1.ogg
glance,B1,C1,verb,"noun, verb",https://www.oxfordlearnersdictionaries.com/media/english/us_pron_ogg/g/gla/glanc/glance__us_1.ogg
glimpse,B1,C1,noun,noun,https://www.oxfordlearnersdictionaries.com/media/english/us_pron_ogg/g/gli/glimp/glimpse__us_1.ogg
globe,A2,B2,noun,noun,https://www.oxfordlearnersdictionaries.com/media/english/us_pron_ogg/g/glo/globe/globe__us_1.ogg
glorious,B1,C1,adjective,adjective,https://www.oxfordlearnersdictionaries.com/media/english/us_pron_ogg/g/glo/glori/glorious__us_1.ogg
glory,B1,C1,noun,noun,https://www.oxfordlearnersdictionaries.com/media/english/us_pron_ogg/g/glo/glory/glory__us_1.ogg
glove,A2,B1,noun,noun,https://www.oxfordlearnersdictionaries.com/media/english/us_pron_ogg/g/glo/glove/glove__us_1.ogg
go,A1,B1,verb,"noun, verb",https://www.oxfordlearnersdictionaries.com/media/english/us_pron_ogg/g/go_/go__u/go__us_1.ogg
goal,A1,A2,noun,noun,https://www.oxfordlearnersdictionaries.com/media/english/us_pron_ogg/g/goa/goal_/goal__us_1.ogg
god,B2,A2,noun,noun,https://www.oxfordlearnersdictionaries.com/media/english/us_pron_ogg/g/god/god__/god__us_1.ogg
golden,A2,B2,adjective,adjective,https://www.oxfordlearnersdictionaries.com/media/english/us_pron_ogg/g/gol/golde/golden__us_1.ogg
good,B2,A1,noun,"adjective, noun",https://www.oxfordlearnersdictionaries.com/media/english/us_pron_ogg/g/goo/good_/good__us_1.ogg
goodness,B1,B2,interjection,noun,https://www.oxfordlearnersdictionaries.com/media/english/us_pron_ogg/g/goo/goodn/goodness__us_1.ogg
gorgeous,B1,B2,adjective,adjective,https://www.oxfordlearnersdictionaries.com/media/english/us_pron_ogg/g/gor/gorge/gorgeous__us_1.ogg
govern,B1,B2,verb,verb,https://www.oxfordlearnersdictionaries.com/media/english/us_pron_ogg/g/gov/gover/govern__us_1.ogg
governor,B1,B2,noun,noun,https://www.oxfordlearnersdictionaries.com/media/english/us_pron_ogg/g/gov/gover/governor__us_1_rr.ogg
grab,B1,B2,verb,verb,https://www.oxfordlearnersdictionaries.com/media/english/us_pron_ogg/g/gra/grab_/grab__us_1.ogg
grace,A2,C1,noun,noun,https://www.oxfordlearnersdictionaries.com/media/english/us_pron_ogg/g/gra/grace/grace__us_1.ogg
grade,B2,B1,verb,"noun, verb",https://www.oxfordlearnersdictionaries.com/media/english/us_pron_ogg/g/gra/grade/grade__us_1.ogg
gradually,A2,B2,adverb,adverb,https://www.oxfordlearnersdictionaries.com/media/english/us_pron_ogg/g/gra/gradu/gradually__us_1_rr.ogg
graduate,A2,B1,verb,"noun, verb",https://www.oxfordlearnersdictionaries.com/media/english/us_pron_ogg/g/gra/gradu/graduate__us_1.ogg
grain,B2,B1,noun,noun,https://www.oxfordlearnersdictionaries.com/media/english/us_pron_ogg/g/gra/grain/grain__us_1.ogg
grant,B1,B2,verb,"noun, verb",https://www.oxfordlearnersdictionaries.com/media/english/us_pron_ogg/g/gra/grant/grant__us_1.ogg
graphic,B1,B2,adjective,adjective,https://www.oxfordlearnersdictionaries.com/media/english/us_pron_ogg/g/gra/graph/graphic__us_1.ogg
graphics,B1,B2,noun,noun,https://www.oxfordlearnersdictionaries.com/media/english/us_pron_ogg/g/gra/graph/graphics__us_1.ogg
grasp,B2,C1,noun,"noun, verb",https://www.oxfordlearnersdictionaries.com/media/english/us_pron_ogg/g/gra/grasp/grasp__us_1.ogg
grass,A1,A2,noun,noun,https://www.oxfordlearnersdictionaries.com/media/english/us_pron_ogg/g/gra/grass/grass__us_1.ogg
grateful,A2,B1,adjective,adjective,https://www.oxfordlearnersdictionaries.com/media/english/us_pron_ogg/g/gra/grate/grateful__us_1.ogg
grave,B1,C1,noun,"adjective, noun",https://www.oxfordlearnersdictionaries.com/media/english/us_pron_ogg/g/gra/grave/grave__us_1.ogg
greatly,A2,B2,adverb,adverb,https://www.oxfordlearnersdictionaries.com/media/english/us_pron_ogg/g/gre/great/greatly__us_1.ogg
green,A2,A1,noun,"adjective, noun",https://www.oxfordlearnersdictionaries.com/media/english/us_pron_ogg/g/gre/green/green__us_1.ogg
greenhouse,B1,B2,noun,noun,https://www.oxfordlearnersdictionaries.com/media/english/us_pron_ogg/g/gre/green/greenhouse__us_1.ogg
greet,A1,A2,verb,verb,https://www.oxfordlearnersdictionaries.com/media/english/us_pron_ogg/g/gre/greet/greet__us_1.ogg
grief,B2,C1,noun,noun,https://www.oxfordlearnersdictionaries.com/media/english/us_pron_ogg/g/gri/grief/grief__us_1.ogg
grin,B2,C1,noun,"noun, verb",https://www.oxfordlearnersdictionaries.com/media/english/us_pron_ogg/g/gri/grin_/grin__us_1.ogg
grip,B2,C1,verb,"noun, verb",https://www.oxfordlearnersdictionaries.com/media/english/us_pron_ogg/g/gri/grip_/grip__us_1.ogg
gross,B2,C1,adjective,adjective,https://www.oxfordlearnersdictionaries.com/media/english/us_pron_ogg/g/gro/gross/gross__us_1.ogg
ground,A1,A2,noun,noun,https://www.oxfordlearnersdictionaries.com/media/english/us_pron_ogg/g/gro/groun/ground__us_2.ogg
group,B1,A1,verb,noun,https://www.oxfordlearnersdictionaries.com/media/english/us_pron_ogg/g/gro/group/group__us_1.ogg
guard,B2,B1,verb,"noun, verb",https://www.oxfordlearnersdictionaries.com/media/english/us_pron_ogg/g/gua/guard/guard__us_1.ogg
guerrilla,B2,C1,noun,noun,https://www.oxfordlearnersdictionaries.com/media/english/us_pron_ogg/g/gue/guerr/guerrilla__us_1.ogg
guest,A1,A2,noun,noun,https://www.oxfordlearnersdictionaries.com/media/english/us_pron_ogg/g/gue/guest/guest__us_1.ogg
guidance,B1,C1,noun,noun,https://www.oxfordlearnersdictionaries.com/media/english/us_pron_ogg/g/gui/guida/guidance__us_1.ogg
guide,B1,A2,verb,"noun, verb",https://www.oxfordlearnersdictionaries.com/media/english/us_pron_ogg/g/gui/guide/guide__us_1.ogg
guilt,B1,C1,noun,noun,https://www.oxfordlearnersdictionaries.com/media/english/us_pron_ogg/g/gui/guilt/guilt__us_1.ogg
guy,A1,A2,noun,noun,https://www.oxfordlearnersdictionaries.com/media/english/us_pron_ogg/g/guy/guy__/guy__us_1.ogg
gym,B1,A1,noun,noun,https://www.oxfordlearnersdictionaries.com/media/english/us_pron_ogg/g/gym/gym__/gym__us_1.ogg
habit,A1,A2,noun,noun,https://www.oxfordlearnersdictionaries.com/media/english/us_pron_ogg/h/hab/habit/habit__us_1.ogg
habitat,B1,B2,noun,noun,https://www.oxfordlearnersdictionaries.com/media/english/us_pron_ogg/h/hab/habit/habitat__us_1.ogg
hail,B2,C1,verb,verb,https://www.oxfordlearnersdictionaries.com/media/english/us_pron_ogg/h/hai/hail_/hail__us_1.ogg
hall,A1,A2,noun,noun,https://www.oxfordlearnersdictionaries.com/media/english/us_pron_ogg/h/hal/hall_/hall__us_1.ogg
hand,A2,A1,verb,"noun, verb",https://www.oxfordlearnersdictionaries.com/media/english/us_pron_ogg/h/han/hand_/hand__us_1.ogg
handle,B1,B2,verb,"noun, verb",https://www.oxfordlearnersdictionaries.com/media/english/us_pron_ogg/h/han/handl/handle__us_2.ogg
handy,B1,C1,adjective,adjective,https://www.oxfordlearnersdictionaries.com/media/english/us_pron_ogg/h/han/handy/handy__us_1.ogg
happiness,A2,B1,noun,noun,https://www.oxfordlearnersdictionaries.com/media/english/us_pron_ogg/h/hap/happi/happiness__us_1.ogg
hardly,A2,B1,adverb,adverb,https://www.oxfordlearnersdictionaries.com/media/english/us_pron_ogg/h/har/hardl/hardly__us_1.ogg
hardware,B2,C1,noun,noun,https://www.oxfordlearnersdictionaries.com/media/english/us_pron_ogg/h/har/hardw/hardware__us_1.ogg
harm,A2,B2,verb,"noun, verb",https://www.oxfordlearnersdictionaries.com/media/english/us_pron_ogg/h/har/harm_/harm__us_1.ogg
harmful,A2,B2,adjective,adjective,https://www.oxfordlearnersdictionaries.com/media/english/us_pron_ogg/h/har/harmf/harmful__us_1.ogg
harmony,A2,C1,noun,noun,https://www.oxfordlearnersdictionaries.com/media/english/us_pron_ogg/h/har/harmo/harmony__us_1.ogg
harvest,A2,C1,noun,"noun, verb",https://www.oxfordlearnersdictionaries.com/media/english/us_pron_ogg/h/har/harve/harvest__us_1.ogg
hate,A2,B1,verb,"noun, verb",https://www.oxfordlearnersdictionaries.com/media/english/us_pron_ogg/h/hat/hate_/hate__us_1.ogg
hatred,B1,C1,noun,noun,https://www.oxfordlearnersdictionaries.com/media/english/us_pron_ogg/h/hat/hatre/hatred__us_1.ogg
haunt,B2,C1,verb,verb,https://www.oxfordlearnersdictionaries.com/media/english/us_pron_ogg/h/hau/haunt/haunt__us_1_rr.ogg
hazard,B1,C1,noun,noun,https://www.oxfordlearnersdictionaries.com/media/english/us_pron_ogg/h/haz/hazar/hazard__us_1.ogg
head,A2,A1,verb,"noun, verb",https://www.oxfordlearnersdictionaries.com/media/english/us_pron_ogg/h/hea/head_/head__us_1.ogg
headache,A1,A2,noun,noun,https://www.oxfordlearnersdictionaries.com/media/english/us_pron_ogg/h/hea/heada/headache__us_1.ogg
heal,B1,B2,verb,verb,https://www.oxfordlearnersdictionaries.com/media/english/us_pron_ogg/h/hea/heal_/heal__us_1.ogg
hearing,B1,B2,noun,noun,https://www.oxfordlearnersdictionaries.com/media/english/us_pron_ogg/h/hea/heari/hearing__us_3.ogg
heart,A1,A2,noun,noun,https://www.oxfordlearnersdictionaries.com/media/english/us_pron_ogg/h/hea/heart/heart__us_1.ogg
heat,B1,A2,verb,"noun, verb",https://www.oxfordlearnersdictionaries.com/media/english/us_pron_ogg/h/hea/heat_/heat__us_1.ogg
heating,A2,B1,noun,noun,https://www.oxfordlearnersdictionaries.com/media/english/us_pron_ogg/h/hea/heati/heating__us_1.ogg
heaven,B1,B2,noun,noun,https://www.oxfordlearnersdictionaries.com/media/english/us_pron_ogg/h/hea/heave/heaven__us_2.ogg
heavily,A2,B1,adverb,adverb,https://www.oxfordlearnersdictionaries.com/media/english/us_pron_ogg/h/hea/heavi/heavily__us_1.ogg
heavy,A1,A2,adjective,adjective,https://www.oxfordlearnersdictionaries.com/media/english/us_pron_ogg/h/hea/heavy/heavy__us_1.ogg
heel,B1,B2,noun,noun,https://www.oxfordlearnersdictionaries.com/media/english/us_pron_ogg/h/hee/heel_/heel__us_1.ogg
height,B1,A2,noun,noun,https://www.oxfordlearnersdictionaries.com/media/english/us_pron_ogg/h/hei/heigh/height__us_1.ogg
helicopter,B2,B1,noun,noun,https://www.oxfordlearnersdictionaries.com/media/english/us_pron_ogg/h/hel/helic/helicopter__us_1.ogg
helmet,B1,B2,noun,noun,https://www.oxfordlearnersdictionaries.com/media/english/us_pron_ogg/h/hel/helme/helmet__us_1.ogg
heritage,B2,C1,noun,noun,https://www.oxfordlearnersdictionaries.com/media/english/us_pron_ogg/h/her/herit/heritage__us_1.ogg
hers,A1,A2,pronoun,pronoun,https://www.oxfordlearnersdictionaries.com/media/english/us_pron_ogg/h/her/hers_/hers__us_1.ogg
hesitate,B1,B2,verb,verb,https://www.oxfordlearnersdictionaries.com/media/english/us_pron_ogg/h/hes/hesit/hesitate__us_2.ogg
hey,A2,A1,interjection,exclamation,https://www.oxfordlearnersdictionaries.com/media/english/us_pron_ogg/h/hey/hey__/hey__us_1.ogg
hidden,B1,B2,adjective,adjective,https://www.oxfordlearnersdictionaries.com/media/english/us_pron_ogg/h/hid/hidde/hidden__us_1.ogg
hide,A1,A2,verb,verb,https://www.oxfordlearnersdictionaries.com/media/english/us_pron_ogg/h/hid/hide_/hide__us_1.ogg
high,A2,A1,adverb,"adjective, adverb, noun",https://www.oxfordlearnersdictionaries.com/media/english/us_pron_ogg/h/hig/high_/high__us_1.ogg
highway,A2,B2,noun,noun,https://www.oxfordlearnersdictionaries.com/media/english/us_pron_ogg/h/hig/highw/highway__us_1.ogg
hill,A1,A2,noun,noun,https://www.oxfordlearnersdictionaries.com/media/english/us_pron_ogg/h/hil/hill_/hill__us_1.ogg
hint,B2,C1,noun,"noun, verb",https://www.oxfordlearnersdictionaries.com/media/english/us_pron_ogg/h/hin/hint_/hint__us_1.ogg
hip,B1,B2,noun,noun,https://www.oxfordlearnersdictionaries.com/media/english/us_pron_ogg/h/hip/hip__/hip__us_1.ogg
hire,B1,B2,verb,"noun, verb",https://www.oxfordlearnersdictionaries.com/media/english/us_pron_ogg/h/hir/hire_/hire__us_1.ogg
historian,B1,B2,noun,noun,https://www.oxfordlearnersdictionaries.com/media/english/us_pron_ogg/h/his/histo/historian__us_1.ogg
hold,A2,B2,verb,"noun, verb",https://www.oxfordlearnersdictionaries.com/media/english/us_pron_ogg/h/hol/hold_/hold__us_1.ogg
hole,A1,A2,noun,noun,https://www.oxfordlearnersdictionaries.com/media/english/us_pron_ogg/h/hol/hole_/hole__us_1.ogg
holy,B1,B2,adjective,adjective,https://www.oxfordlearnersdictionaries.com/media/english/us_pron_ogg/h/hol/holy_/holy__us_1.ogg
home,A1,A2,noun,"adjective, adverb, noun",https://www.oxfordlearnersdictionaries.com/media/english/us_pron_ogg/h/hom/home_/home__us_1.ogg
homeless,B1,B2,adjective,adjective,https://www.oxfordlearnersdictionaries.com/media/english/us_pron_ogg/h/hom/homel/homeless__us_1.ogg
honesty,B1,B2,noun,noun,https://www.oxfordlearnersdictionaries.com/media/english/us_pron_ogg/h/hon/hones/honesty__us_1.ogg
hope,B1,A2,verb,"noun, verb",https://www.oxfordlearnersdictionaries.com/media/english/us_pron_ogg/h/hop/hope_/hope__us_1.ogg
hopeful,B1,C1,adjective,adjective,https://www.oxfordlearnersdictionaries.com/media/english/us_pron_ogg/h/hop/hopef/hopeful__us_1.ogg
hopefully,B1,B2,adverb,adverb,https://www.oxfordlearnersdictionaries.com/media/english/us_pron_ogg/h/hop/hopef/hopefully__us_1.ogg
horizon,B1,C1,noun,noun,https://www.oxfordlearnersdictionaries.com/media/english/us_pron_ogg/h/hor/horiz/horizon__us_1.ogg
horn,B1,C1,noun,noun,https://www.oxfordlearnersdictionaries.com/media/english/us_pron_ogg/h/hor/horn_/horn__us_1.ogg
horror,A2,B1,noun,noun,https://www.oxfordlearnersdictionaries.com/media/english/us_pron_ogg/h/hor/horro/horror__us_1_rr.ogg
host,A2,B1,noun,"noun, verb",https://www.oxfordlearnersdictionaries.com/media/english/us_pron_ogg/h/hos/host_/host__us_1.ogg
household,B1,B2,noun,noun,https://www.oxfordlearnersdictionaries.com/media/english/us_pron_ogg/h/hou/house/household__us_1_rr.ogg
however,A2,A1,adverb,adverb,https://www.oxfordlearnersdictionaries.com/media/english/us_pron_ogg/h/how/howev/however__us_2.ogg
huge,B1,A2,adjective,adjective,https://www.oxfordlearnersdictionaries.com/media/english/us_pron_ogg/h/hug/huge_/huge__us_1.ogg
human,B1,A2,noun,"adjective, noun",https://www.oxfordlearnersdictionaries.com/media/english/us_pron_ogg/h/hum/human/human__us_2.ogg
humanity,B1,C1,noun,noun,https://www.oxfordlearnersdictionaries.com/media/english/us_pron_ogg/h/hum/human/humanity__us_1.ogg
humble,B2,C1,adjective,adjective,https://www.oxfordlearnersdictionaries.com/media/english/us_pron_ogg/h/hum/humbl/humble__us_1.ogg
humorous,B1,B2,adjective,adjective,https://www.oxfordlearnersdictionaries.com/media/english/us_pron_ogg/h/hum/humor/humorous__us_2.ogg
hundred,A2,A1,number,number,https://www.oxfordlearnersdictionaries.com/media/english/us_pron_ogg/h/hun/hundr/hundred__us_2.ogg
hunger,B1,B2,noun,noun,https://www.oxfordlearnersdictionaries.com/media/english/us_pron_ogg/h/hun/hunge/hunger__us_1.ogg
hunt,B1,B2,verb,"noun, verb",https://www.oxfordlearnersdictionaries.com/media/english/us_pron_ogg/h/hun/hunt_/hunt__us_1.ogg
hurry,A2,B1,verb,"noun, verb",https://www.oxfordlearnersdictionaries.com/media/english/us_pron_ogg/h/hur/hurry/hurry__us_1.ogg
hurt,A1,A2,verb,"adjective, noun, verb",https://www.oxfordlearnersdictionaries.com/media/english/us_pron_ogg/h/hur/hurt_/hurt__us_1.ogg
id,A2,B2,noun,noun,https://www.oxfordlearnersdictionaries.com/media/english/us_pron_ogg/i/i_d/i_d__/i_d__1_us_1_abbr.ogg
ideal,A1,A2,adjective,"adjective, noun",https://www.oxfordlearnersdictionaries.com/media/english/us_pron_ogg/i/ide/ideal/ideal__us_2.ogg
identification,B2,C1,noun,noun,https://www.oxfordlearnersdictionaries.com/media/english/us_pron_ogg/i/ide/ident/identification__us_1.ogg
identify,B2,A2,verb,verb,https://www.oxfordlearnersdictionaries.com/media/english/us_pron_ogg/i/ide/ident/identify__us_3.ogg
ideology,B2,C1,noun,noun,https://www.oxfordlearnersdictionaries.com/media/english/us_pron_ogg/i/ide/ideol/ideology__us_1_rr.ogg
idiot,B2,C1,noun,noun,https://www.oxfordlearnersdictionaries.com/media/english/us_pron_ogg/i/idi/idiot/idiot__us_1.ogg
ignorance,B2,C1,noun,noun,https://www.oxfordlearnersdictionaries.com/media/english/us_pron_ogg/i/ign/ignor/ignorance__us_1.ogg
illegal,A2,B1,adjective,adjective,https://www.oxfordlearnersdictionaries.com/media/english/us_pron_ogg/i/ill/illeg/illegal__us_1.ogg
illness,B1,A2,noun,noun,https://www.oxfordlearnersdictionaries.com/media/english/us_pron_ogg/i/ill/illne/illness__us_1.ogg
imagery,B2,C1,noun,noun,https://www.oxfordlearnersdictionaries.com/media/english/us_pron_ogg/i/ima/image/imagery__us_1.ogg
imagination,A2,B2,noun,noun,https://www.oxfordlearnersdictionaries.com/media/english/us_pron_ogg/i/ima/imagi/imagination__us_1.ogg
immediately,B1,A2,adverb,adverb,https://www.oxfordlearnersdictionaries.com/media/english/us_pron_ogg/i/imm/immed/immediately__us_1.ogg
immigrant,B2,B1,noun,noun,https://www.oxfordlearnersdictionaries.com/media/english/us_pron_ogg/i/imm/immig/immigrant__us_1.ogg
immigration,B1,B2,noun,noun,https://www.oxfordlearnersdictionaries.com/media/english/us_pron_ogg/i/imm/immig/immigration__us_1.ogg
impact,A2,B1,noun,"noun, verb",https://www.oxfordlearnersdictionaries.com/media/english/us_pron_ogg/i/imp/impac/impact__us_1.ogg
impatient,A2,B2,adjective,adjective,https://www.oxfordlearnersdictionaries.com/media/english/us_pron_ogg/i/imp/impat/impatient__us_1.ogg
import,B2,B1,verb,"noun, verb",https://www.oxfordlearnersdictionaries.com/media/english/us_pron_ogg/i/imp/impor/import__us_1.ogg
importance,A2,B1,noun,noun,https://www.oxfordlearnersdictionaries.com/media/english/us_pron_ogg/i/imp/impor/importance__us_1.ogg
impress,A2,B2,verb,verb,https://www.oxfordlearnersdictionaries.com/media/english/us_pron_ogg/i/imp/impre/impress__us_1.ogg
imprison,B2,C1,verb,verb,https://www.oxfordlearnersdictionaries.com/media/english/us_pron_ogg/i/imp/impri/imprison__us_1.ogg
imprisonment,B2,C1,noun,noun,https://www.oxfordlearnersdictionaries.com/media/english/us_pron_ogg/i/imp/impri/imprisonment__us_1.ogg
improve,A2,A1,verb,verb,https://www.oxfordlearnersdictionaries.com/media/english/us_pron_ogg/i/imp/impro/improve__us_1.ogg
inadequate,B2,C1,adjective,adjective,https://www.oxfordlearnersdictionaries.com/media/english/us_pron_ogg/i/ina/inade/inadequate__us_1.ogg
incident,B1,B2,noun,noun,https://www.oxfordlearnersdictionaries.com/media/english/us_pron_ogg/i/inc/incid/incident__us_1.ogg
include,A2,A1,verb,verb,https://www.oxfordlearnersdictionaries.com/media/english/us_pron_ogg/i/inc/inclu/include__us_4.ogg
including,B1,A2,preposition,preposition,https://www.oxfordlearnersdictionaries.com/media/english/us_pron_ogg/i/inc/inclu/including__us_1.ogg
income,B1,B2,noun,noun,https://www.oxfordlearnersdictionaries.com/media/english/us_pron_ogg/i/inc/incom/income__us_1_rr.ogg
incorrect,B1,B2,adjective,adjective,https://www.oxfordlearnersdictionaries.com/media/english/us_pron_ogg/i/inc/incor/incorrect__us_1.ogg
increasingly,B1,B2,adverb,adverb,https://www.oxfordlearnersdictionaries.com/media/english/us_pron_ogg/i/inc/incre/increasingly__us_1.ogg
incredible,B1,A2,adjective,adjective,https://www.oxfordlearnersdictionaries.com/media/english/us_pron_ogg/i/inc/incre/incredible__us_1.ogg
incur,B2,C1,verb,verb,https://www.oxfordlearnersdictionaries.com/media/english/us_pron_ogg/i/inc/incur/incur__us_1.ogg
indeed,A2,B1,adverb,adverb,https://www.oxfordlearnersdictionaries.com/media/english/us_pron_ogg/i/ind/indee/indeed__us_1.ogg
independence,A2,B2,noun,noun,https://www.oxfordlearnersdictionaries.com/media/english/us_pron_ogg/i/ind/indep/independence__us_1.ogg
independent,B1,A2,adjective,adjective,https://www.oxfordlearnersdictionaries.com/media/english/us_pron_ogg/i/ind/indep/independent__us_1.ogg
indicate,A2,B1,verb,verb,https://www.oxfordlearnersdictionaries.com/media/english/us_pron_ogg/i/ind/indic/indicate__us_1.ogg
individual,B2,A2,noun,"adjective, noun",https://www.oxfordlearnersdictionaries.com/media/english/us_pron_ogg/i/ind/indiv/individual__us_1.ogg
indoor,A2,B1,adjective,adjective,https://www.oxfordlearnersdictionaries.com/media/english/us_pron_ogg/i/ind/indoo/indoor__us_1.ogg
indulge,B2,C1,verb,verb,https://www.oxfordlearnersdictionaries.com/media/english/us_pron_ogg/i/ind/indul/indulge__us_1.ogg
industrial,B1,B2,adjective,adjective,https://www.oxfordlearnersdictionaries.com/media/english/us_pron_ogg/i/ind/indus/industrial__us_1.ogg
industry,B1,A2,noun,noun,https://www.oxfordlearnersdictionaries.com/media/english/us_pron_ogg/i/ind/indus/industry__us_1.ogg
inevitable,B1,B2,adjective,adjective,https://www.oxfordlearnersdictionaries.com/media/english/us_pron_ogg/i/ine/inevi/inevitable__us_1.ogg
infant,B2,C1,noun,noun,https://www.oxfordlearnersdictionaries.com/media/english/us_pron_ogg/i/inf/infan/infant__us_1.ogg
infect,B2,C1,verb,verb,https://www.oxfordlearnersdictionaries.com/media/english/us_pron_ogg/i/inf/infec/infect__us_1.ogg
infection,B1,B2,noun,noun,https://www.oxfordlearnersdictionaries.com/media/english/us_pron_ogg/i/inf/infec/infection__us_3.ogg
influence,B2,B1,verb,"noun, verb",https://www.oxfordlearnersdictionaries.com/media/english/us_pron_ogg/i/inf/influ/influence__us_1.ogg
influential,B2,C1,adjective,adjective,https://www.oxfordlearnersdictionaries.com/media/english/us_pron_ogg/i/inf/influ/influential__us_1.ogg
inform,B1,B2,verb,verb,https://www.oxfordlearnersdictionaries.com/media/english/us_pron_ogg/i/inf/infor/inform__us_1.ogg
informal,B2,A2,adjective,adjective,https://www.oxfordlearnersdictionaries.com/media/english/us_pron_ogg/i/inf/infor/informal__us_1.ogg
inhabitant,B1,B2,noun,noun,https://www.oxfordlearnersdictionaries.com/media/english/us_pron_ogg/i/inh/inhab/inhabitant__us_1.ogg
initial,B1,B2,noun,adjective,https://www.oxfordlearnersdictionaries.com/media/english/us_pron_ogg/i/ini/initi/initial__us_1.ogg
initially,B1,B2,adverb,adverb,https://www.oxfordlearnersdictionaries.com/media/english/us_pron_ogg/i/ini/initi/initially__us_1.ogg
inject,B1,C1,verb,verb,https://www.oxfordlearnersdictionaries.com/media/english/us_pron_ogg/i/inj/injec/inject__us_1.ogg
injection,B2,C1,noun,noun,https://www.oxfordlearnersdictionaries.com/media/english/us_pron_ogg/i/inj/injec/injection__us_1.ogg
injure,A2,B1,verb,verb,https://www.oxfordlearnersdictionaries.com/media/english/us_pron_ogg/i/inj/injur/injure__us_1.ogg
injured,B2,B1,adjective,adjective,https://www.oxfordlearnersdictionaries.com/media/english/us_pron_ogg/i/inj/injur/injured__us_1.ogg
injury,B1,A2,noun,noun,https://www.oxfordlearnersdictionaries.com/media/english/us_pron_ogg/i/inj/injur/injury__us_1.ogg
ink,B1,B2,noun,noun,https://www.oxfordlearnersdictionaries.com/media/english/us_pron_ogg/i/ink/ink__/ink__us_1.ogg
inner,A2,B2,adjective,adjective,https://www.oxfordlearnersdictionaries.com/media/english/us_pron_ogg/i/inn/inner/inner__us_1.ogg
inside,A1,A2,preposition,"adjective, adverb, noun, preposition",https://www.oxfordlearnersdictionaries.com/media/english/us_pron_ogg/i/ins/insid/inside__us_5.ogg
insight,B1,B2,noun,noun,https://www.oxfordlearnersdictionaries.com/media/english/us_pron_ogg/i/ins/insig/insight__us_1.ogg
insist,B1,B2,verb,verb,https://www.oxfordlearnersdictionaries.com/media/english/us_pron_ogg/i/ins/insis/insist__us_1.ogg
inspect,B2,C1,verb,verb,https://www.oxfordlearnersdictionaries.com/media/english/us_pron_ogg/i/ins/inspe/inspect__us_1.ogg
inspection,B1,C1,noun,noun,https://www.oxfordlearnersdictionaries.com/media/english/us_pron_ogg/i/ins/inspe/inspection__us_1.ogg
inspiration,A2,C1,noun,noun,https://www.oxfordlearnersdictionaries.com/media/english/us_pron_ogg/i/ins/inspi/inspiration__us_1.ogg
inspire,B1,B2,verb,verb,https://www.oxfordlearnersdictionaries.com/media/english/us_pron_ogg/i/ins/inspi/inspire__us_4.ogg
instance,B1,B2,noun,noun,https://www.oxfordlearnersdictionaries.com/media/english/us_pron_ogg/i/ins/insta/instance__us_2.ogg
instant,A2,B2,adjective,adjective,https://www.oxfordlearnersdictionaries.com/media/english/us_pron_ogg/i/ins/insta/instant__us_1.ogg
instinct,B2,C1,noun,noun,https://www.oxfordlearnersdictionaries.com/media/english/us_pron_ogg/i/ins/insti/instinct__us_1.ogg
institute,B1,B2,noun,noun,https://www.oxfordlearnersdictionaries.com/media/english/us_pron_ogg/i/ins/insti/institute__us_2.ogg
instruct,B2,C1,verb,verb,https://www.oxfordlearnersdictionaries.com/media/english/us_pron_ogg/i/ins/instr/instruct__us_1.ogg
instruction,B1,A2,noun,noun,https://www.oxfordlearnersdictionaries.com/media/english/us_pron_ogg/i/ins/instr/instruction__us_3.ogg
instructor,B1,A2,noun,noun,https://www.oxfordlearnersdictionaries.com/media/english/us_pron_ogg/i/ins/instr/instructor__us_4.ogg
insufficient,B2,C1,adjective,adjective,https://www.oxfordlearnersdictionaries.com/media/english/us_pron_ogg/i/ins/insuf/insufficient__us_1.ogg
insult,B2,C1,verb,"noun, verb",https://www.oxfordlearnersdictionaries.com/media/english/us_pron_ogg/i/ins/insul/insult__us_2.ogg
insurance,B1,B2,noun,noun,https://www.oxfordlearnersdictionaries.com/media/english/us_pron_ogg/i/ins/insur/insurance__us_3.ogg
intelligence,A2,B1,noun,noun,https://www.oxfordlearnersdictionaries.com/media/english/us_pron_ogg/i/int/intel/intelligence__us_3.ogg
intense,B1,B2,adjective,adjective,https://www.oxfordlearnersdictionaries.com/media/english/us_pron_ogg/i/int/inten/intense__us_3.ogg
intensive,B1,C1,adjective,adjective,https://www.oxfordlearnersdictionaries.com/media/english/us_pron_ogg/i/int/inten/intensive__us_1.ogg
intent,B2,C1,adjective,noun,https://www.oxfordlearnersdictionaries.com/media/english/us_pron_ogg/i/int/inten/intent__us_1.ogg
interact,B1,B2,verb,verb,https://www.oxfordlearnersdictionaries.com/media/english/us_pron_ogg/i/int/inter/interact__us_1.ogg
interaction,B1,B2,noun,noun,https://www.oxfordlearnersdictionaries.com/media/english/us_pron_ogg/i/int/inter/interaction__us_1.ogg
interactive,B2,C1,adjective,adjective,https://www.oxfordlearnersdictionaries.com/media/english/us_pron_ogg/i/int/inter/interactive__us_1.ogg
interest,B1,A1,verb,"noun, verb",https://www.oxfordlearnersdictionaries.com/media/english/us_pron_ogg/i/int/inter/interest__us_1_rr.ogg
interfere,B2,C1,verb,verb,https://www.oxfordlearnersdictionaries.com/media/english/us_pron_ogg/i/int/inter/interfere__us_1.ogg
interior,B2,C1,noun,"adjective, noun",https://www.oxfordlearnersdictionaries.com/media/english/us_pron_ogg/i/int/inter/interior__us_1.ogg
intermediate,B1,C1,adjective,adjective,https://www.oxfordlearnersdictionaries.com/media/english/us_pron_ogg/i/int/inter/intermediate__us_1.ogg
internal,B1,B2,adjective,adjective,https://www.oxfordlearnersdictionaries.com/media/english/us_pron_ogg/i/int/inter/internal__us_3.ogg
interrupt,B1,B2,verb,verb,https://www.oxfordlearnersdictionaries.com/media/english/us_pron_ogg/i/int/inter/interrupt__us_1.ogg
interval,B1,B2,noun,noun,https://www.oxfordlearnersdictionaries.com/media/english/us_pron_ogg/i/int/inter/interval__us_1.ogg
interview,B1,A1,verb,"noun, verb",https://www.oxfordlearnersdictionaries.com/media/english/us_pron_ogg/i/int/inter/interview__us_2.ogg
intimate,B2,C1,adjective,adjective,https://www.oxfordlearnersdictionaries.com/media/english/us_pron_ogg/i/int/intim/intimate__us_1.ogg
introduction,B1,A2,noun,noun,https://www.oxfordlearnersdictionaries.com/media/english/us_pron_ogg/i/int/intro/introduction__us_2.ogg
invade,A2,B2,verb,verb,https://www.oxfordlearnersdictionaries.com/media/english/us_pron_ogg/i/inv/invad/invade__us_1.ogg
invasion,B1,B2,noun,noun,https://www.oxfordlearnersdictionaries.com/media/english/us_pron_ogg/i/inv/invas/invasion__us_1.ogg
investigate,B2,B1,verb,verb,https://www.oxfordlearnersdictionaries.com/media/english/us_pron_ogg/i/inv/inves/investigate__us_1.ogg
investigation,B1,B2,noun,noun,https://www.oxfordlearnersdictionaries.com/media/english/us_pron_ogg/i/inv/inves/investigation__us_3.ogg
investigator,B2,C1,noun,noun,https://www.oxfordlearnersdictionaries.com/media/english/us_pron_ogg/i/inv/inves/investigator__us_1.ogg
invisible,B2,C1,adjective,adjective,https://www.oxfordlearnersdictionaries.com/media/english/us_pron_ogg/i/inv/invis/invisible__us_1.ogg
invitation,B1,A2,noun,noun,https://www.oxfordlearnersdictionaries.com/media/english/us_pron_ogg/i/inv/invit/invitation__us_1.ogg
invoke,B2,C1,verb,verb,https://www.oxfordlearnersdictionaries.com/media/english/us_pron_ogg/i/inv/invok/invoke__us_1.ogg
involve,B1,A2,verb,verb,https://www.oxfordlearnersdictionaries.com/media/english/us_pron_ogg/i/inv/invol/involve__us_1.ogg
involvement,B2,C1,noun,noun,https://www.oxfordlearnersdictionaries.com/media/english/us_pron_ogg/i/inv/invol/involvement__us_1.ogg
ironically,B2,C1,adverb,adverb,https://www.oxfordlearnersdictionaries.com/media/english/us_pron_ogg/i/iro/ironi/ironically__us_1.ogg
isolation,B1,C1,noun,noun,https://www.oxfordlearnersdictionaries.com/media/english/us_pron_ogg/i/iso/isola/isolation__us_1.ogg
issue,B2,B1,verb,"noun, verb",https://www.oxfordlearnersdictionaries.com/media/english/us_pron_ogg/i/iss/issue/issue__us_2.ogg
it,A1,B1,pronoun,"noun, pronoun",https://www.oxfordlearnersdictionaries.com/media/english/us_pron_ogg/i/i_t/i_t__/i_t__1_us_1_abbr.ogg
item,A1,A2,noun,noun,https://www.oxfordlearnersdictionaries.com/media/english/us_pron_ogg/i/ite/item_/item__us_1.ogg
jam,B2,A2,verb,noun,https://www.oxfordlearnersdictionaries.com/media/english/us_pron_ogg/j/jam/jam__/jam__us_1.ogg
jazz,B1,A2,noun,noun,https://www.oxfordlearnersdictionaries.com/media/english/us_pron_ogg/j/jaz/jazz_/jazz__us_1.ogg
jet,A1,B2,noun,noun,https://www.oxfordlearnersdictionaries.com/media/english/us_pron_ogg/j/jet/jet__/jet__us_1.ogg
joke,B1,A2,verb,"noun, verb",https://www.oxfordlearnersdictionaries.com/media/english/us_pron_ogg/j/jok/joke_/joke__us_1.ogg
journalist,B1,A2,noun,noun,https://www.oxfordlearnersdictionaries.com/media/english/us_pron_ogg/j/jou/journ/journalist__us_1.ogg
journey,A2,A1,noun,noun,https://www.oxfordlearnersdictionaries.com/media/english/us_pron_ogg/j/jou/journ/journey__us_1.ogg
joy,A2,B2,noun,noun,https://www.oxfordlearnersdictionaries.com/media/english/us_pron_ogg/j/joy/joy__/joy__us_1.ogg
judge,A1,B1,verb,"noun, verb",https://www.oxfordlearnersdictionaries.com/media/english/us_pron_ogg/j/jud/judge/judge__us_1.ogg
jump,A1,A2,verb,"noun, verb",https://www.oxfordlearnersdictionaries.com/media/english/us_pron_ogg/j/jum/jump_/jump__us_1.ogg
junior,A2,B2,adjective,adjective,https://www.oxfordlearnersdictionaries.com/media/english/us_pron_ogg/j/jun/junio/junior__us_2.ogg
just,A1,C1,adverb,"adjective, adverb",https://www.oxfordlearnersdictionaries.com/media/english/us_pron_ogg/j/jus/just_/just__us_1.ogg
justice,B1,B2,noun,noun,https://www.oxfordlearnersdictionaries.com/media/english/us_pron_ogg/j/jus/justi/justice__us_1.ogg
keen,B2,B1,adjective,adjective,https://www.oxfordlearnersdictionaries.com/media/english/us_pron_ogg/k/kee/keen_/keen__us_1.ogg
kick,A1,B1,verb,"noun, verb",https://www.oxfordlearnersdictionaries.com/media/english/us_pron_ogg/k/kic/kick_/kick__us_1.ogg
kid,B1,A2,verb,noun,https://www.oxfordlearnersdictionaries.com/media/english/us_pron_ogg/k/kid/kid__/kid__us_1.ogg
kill,A1,A2,verb,verb,https://www.oxfordlearnersdictionaries.com/media/english/us_pron_ogg/k/kil/kill_/kill__us_1.ogg
kind,A1,B1,noun,"adjective, noun",https://www.oxfordlearnersdictionaries.com/media/english/us_pron_ogg/k/kin/kind_/kind__us_1.ogg
king,A1,A2,noun,noun,https://www.oxfordlearnersdictionaries.com/media/english/us_pron_ogg/k/kin/king_/king__us_1.ogg
kingdom,A2,C1,noun,noun,https://www.oxfordlearnersdictionaries.com/media/english/us_pron_ogg/k/kin/kingd/kingdom__us_1.ogg
kit,A2,B2,noun,noun,https://www.oxfordlearnersdictionaries.com/media/english/us_pron_ogg/k/kit/kit__/kit__us_1.ogg
knee,A1,A2,noun,noun,https://www.oxfordlearnersdictionaries.com/media/english/us_pron_ogg/k/kne/knee_/knee__us_1.ogg
knife,A1,A2,noun,noun,https://www.oxfordlearnersdictionaries.com/media/english/us_pron_ogg/k/kni/knife/knife__us_1.ogg
lab,B1,A2,noun,noun,https://www.oxfordlearnersdictionaries.com/media/english/us_pron_ogg/l/lab/lab__/lab__us_1.ogg
label,B2,B1,noun,"noun, verb",https://www.oxfordlearnersdictionaries.com/media/english/us_pron_ogg/l/lab/label/label__us_4.ogg
lack,B2,B1,verb,"noun, verb",https://www.oxfordlearnersdictionaries.com/media/english/us_pron_ogg/l/lac/lack_/lack__us_1.ogg
ladder,B1,B2,noun,noun,https://www.oxfordlearnersdictionaries.com/media/english/us_pron_ogg/l/lad/ladde/ladder__us_1.ogg
lady,A1,A2,noun,noun,https://www.oxfordlearnersdictionaries.com/media/english/us_pron_ogg/l/lad/lady_/lady__us_1.ogg
land,A2,A1,verb,"noun, verb",https://www.oxfordlearnersdictionaries.com/media/english/us_pron_ogg/l/lan/land_/land__us_1.ogg
landlord,B1,C1,noun,noun,https://www.oxfordlearnersdictionaries.com/media/english/us_pron_ogg/l/lan/landl/landlord__us_1.ogg
landscape,A2,B2,noun,noun,https://www.oxfordlearnersdictionaries.com/media/english/us_pron_ogg/l/lan/lands/landscape__us_1.ogg
lane,A2,B2,noun,noun,https://www.oxfordlearnersdictionaries.com/media/english/us_pron_ogg/l/lan/lane_/lane__us_1.ogg
lap,B2,C1,noun,noun,https://www.oxfordlearnersdictionaries.com/media/english/us_pron_ogg/l/lap/lap__/lap__us_1.ogg
laptop,B2,A2,noun,noun,https://www.oxfordlearnersdictionaries.com/media/english/us_pron_ogg/l/lap/lapto/laptop__us_1.ogg
largely,B1,B2,adverb,adverb,https://www.oxfordlearnersdictionaries.com/media/english/us_pron_ogg/l/lar/large/largely__us_1.ogg
laser,B2,C1,noun,noun,https://www.oxfordlearnersdictionaries.com/media/english/us_pron_ogg/l/las/laser/laser__us_1.ogg
last,B1,A2,verb,"adverb, determiner, noun, verb",https://www.oxfordlearnersdictionaries.com/media/english/us_pron_ogg/l/las/last_/last__us_1.ogg
lately,B1,B2,adverb,adverb,https://www.oxfordlearnersdictionaries.com/media/english/us_pron_ogg/l/lat/latel/lately__us_1.ogg
later,A1,A2,adverb,"adjective, adverb",https://www.oxfordlearnersdictionaries.com/media/english/us_pron_ogg/l/lat/later/later__us_1.ogg
latest,A2,B1,adjective,"adjective, noun",https://www.oxfordlearnersdictionaries.com/media/english/us_pron_ogg/l/lat/lates/latest__us_1.ogg
latter,A2,C1,pronoun,"adjective, noun",https://www.oxfordlearnersdictionaries.com/media/english/us_pron_ogg/l/lat/latte/latter__us_1.ogg
laughter,B1,A2,noun,noun,https://www.oxfordlearnersdictionaries.com/media/english/us_pron_ogg/l/lau/laugh/laughter__us_1.ogg
launch,B1,B2,verb,"noun, verb",https://www.oxfordlearnersdictionaries.com/media/english/us_pron_ogg/l/lau/launc/launch__us_1.ogg
lawn,B2,C1,noun,noun,https://www.oxfordlearnersdictionaries.com/media/english/us_pron_ogg/l/law/lawn_/lawn__us_1.ogg
lawsuit,B2,C1,noun,noun,https://www.oxfordlearnersdictionaries.com/media/english/us_pron_ogg/l/law/lawsu/lawsuit__us_1.ogg
lazy,A1,A2,adjective,adjective,https://www.oxfordlearnersdictionaries.com/media/english/us_pron_ogg/l/laz/lazy_/lazy__us_1.ogg
leader,A1,A2,noun,noun,https://www.oxfordlearnersdictionaries.com/media/english/us_pron_ogg/l/lea/leade/leader__us_1.ogg
leadership,B1,B2,noun,noun,https://www.oxfordlearnersdictionaries.com/media/english/us_pron_ogg/l/lea/leade/leadership__us_1.ogg
leaf,A1,B1,noun,noun,https://www.oxfordlearnersdictionaries.com/media/english/us_pron_ogg/l/lea/leaf_/leaf__us_1.ogg
league,B1,B2,noun,noun,https://www.oxfordlearnersdictionaries.com/media/english/us_pron_ogg/l/lea/leagu/league__us_1.ogg
leak,B2,C1,verb,"noun, verb",https://www.oxfordlearnersdictionaries.com/media/english/us_pron_ogg/l/lea/leak_/leak__us_1.ogg
leap,B1,C1,verb,"noun, verb",https://www.oxfordlearnersdictionaries.com/media/english/us_pron_ogg/l/lea/leap_/leap__us_1.ogg
learning,B2,A2,noun,noun,https://www.oxfordlearnersdictionaries.com/media/english/us_pron_ogg/l/lea/learn/learning__us_1.ogg
least,B2,A2,pronoun,"adverb, determiner, pronoun",https://www.oxfordlearnersdictionaries.com/media/english/us_pron_ogg/l/lea/least/least__us_1.ogg
leather,A2,B1,noun,noun,https://www.oxfordlearnersdictionaries.com/media/english/us_pron_ogg/l/lea/leath/leather__us_1.ogg
leave,A1,B2,verb,"noun, verb",https://www.oxfordlearnersdictionaries.com/media/english/us_pron_ogg/l/lea/leave/leave__us_1.ogg
lecture,B1,A2,noun,"noun, verb",https://www.oxfordlearnersdictionaries.com/media/english/us_pron_ogg/l/lec/lectu/lecture__us_1.ogg
left,A2,A1,noun,"adjective, adverb, noun",https://www.oxfordlearnersdictionaries.com/media/english/us_pron_ogg/l/lef/left_/left__us_2.ogg
legendary,B2,C1,adjective,adjective,https://www.oxfordlearnersdictionaries.com/media/english/us_pron_ogg/l/leg/legen/legendary__us_1.ogg
legislation,B2,C1,noun,noun,https://www.oxfordlearnersdictionaries.com/media/english/us_pron_ogg/l/leg/legis/legislation__us_1.ogg
legislative,B2,C1,adjective,adjective,https://www.oxfordlearnersdictionaries.com/media/english/us_pron_ogg/l/leg/legis/legislative__us_1.ogg
legislature,B2,C1,noun,noun,https://www.oxfordlearnersdictionaries.com/media/english/us_pron_ogg/l/leg/legis/legislature__us_1.ogg
legitimate,B2,C1,adjective,adjective,https://www.oxfordlearnersdictionaries.com/media/english/us_pron_ogg/l/leg/legit/legitimate__us_1.ogg
leisure,A2,B1,noun,noun,https://www.oxfordlearnersdictionaries.com/media/english/us_pron_ogg/l/lei/leisu/leisure__us_1_rr.ogg
lengthy,B2,C1,adjective,adjective,https://www.oxfordlearnersdictionaries.com/media/english/us_pron_ogg/l/len/lengt/lengthy__us_1_rr.ogg
level,B2,B1,verb,"adjective, noun, verb",https://www.oxfordlearnersdictionaries.com/media/english/us_pron_ogg/l/lev/level/level__us_2.ogg
liberal,B2,C1,adjective,"adjective, noun",https://www.oxfordlearnersdictionaries.com/media/english/us_pron_ogg/l/lib/liber/liberal__us_1_rr.ogg
liberation,B1,C1,noun,noun,https://www.oxfordlearnersdictionaries.com/media/english/us_pron_ogg/l/lib/liber/liberation__us_1.ogg
liberty,A2,C1,noun,noun,https://www.oxfordlearnersdictionaries.com/media/english/us_pron_ogg/l/lib/liber/liberty__us_1.ogg
lie,A2,B1,verb,"noun, verb, verb",https://www.oxfordlearnersdictionaries.com/media/english/us_pron_ogg/l/lie/lie__/lie__us_1.ogg
lifelong,B1,C1,adjective,adjective,https://www.oxfordlearnersdictionaries.com/media/english/us_pron_ogg/l/lif/lifel/lifelong__us_3.ogg
lift,B1,A2,verb,"noun, verb",https://www.oxfordlearnersdictionaries.com/media/english/us_pron_ogg/l/lif/lift_/lift__us_1.ogg
light,B1,A1,verb,"adjective, noun, verb",https://www.oxfordlearnersdictionaries.com/media/english/us_pron_ogg/l/lig/light/light__us_1.ogg
like,A1,B1,verb,"noun, preposition, verb",https://www.oxfordlearnersdictionaries.com/media/english/us_pron_ogg/l/lik/like_/like__us_1.ogg
limb,B2,C1,noun,noun,https://www.oxfordlearnersdictionaries.com/media/english/us_pron_ogg/l/lim/limb_/limb__us_1.ogg
limitation,B1,B2,noun,noun,https://www.oxfordlearnersdictionaries.com/media/english/us_pron_ogg/l/lim/limit/limitation__us_1.ogg
limited,B1,B2,adjective,adjective,https://www.oxfordlearnersdictionaries.com/media/english/us_pron_ogg/l/lim/limit/limited__us_4.ogg
line,B2,A1,verb,"noun, verb",https://www.oxfordlearnersdictionaries.com/media/english/us_pron_ogg/l/lin/line_/line__us_1.ogg
linger,B2,C1,verb,verb,https://www.oxfordlearnersdictionaries.com/media/english/us_pron_ogg/l/lin/linge/linger__us_1.ogg
link,B1,A2,verb,"noun, verb",https://www.oxfordlearnersdictionaries.com/media/english/us_pron_ogg/l/lin/link_/link__us_1.ogg
lip,A2,B1,noun,noun,https://www.oxfordlearnersdictionaries.com/media/english/us_pron_ogg/l/lip/lip__/lip__us_1.ogg
list,B2,A1,verb,"noun, verb",https://www.oxfordlearnersdictionaries.com/media/english/us_pron_ogg/l/lis/list_/list__us_1.ogg
listener,B2,A2,noun,noun,https://www.oxfordlearnersdictionaries.com/media/english/us_pron_ogg/l/lis/liste/listener__us_1.ogg
literary,B1,B2,adjective,adjective,https://www.oxfordlearnersdictionaries.com/media/english/us_pron_ogg/l/lit/liter/literary__us_1.ogg
little,B1,A1,pronoun,"adjective, adverb, determiner, pronoun",https://www.oxfordlearnersdictionaries.com/media/english/us_pron_ogg/l/lit/littl/little__us_4.ogg
live,A1,B1,verb,"adjective, adverb, verb",https://www.oxfordlearnersdictionaries.com/media/english/us_pron_ogg/l/liv/live_/live__us_2.ogg
lively,A2,B2,adjective,adjective,https://www.oxfordlearnersdictionaries.com/media/english/us_pron_ogg/l/liv/livel/lively__us_1.ogg
liver,B1,C1,noun,noun,https://www.oxfordlearnersdictionaries.com/media/english/us_pron_ogg/l/liv/liver/liver__us_1.ogg
living,B2,B1,noun,"adjective, noun",https://www.oxfordlearnersdictionaries.com/media/english/us_pron_ogg/l/liv/livin/living__us_5.ogg
lobby,B2,C1,noun,"noun, verb",https://www.oxfordlearnersdictionaries.com/media/english/us_pron_ogg/l/lob/lobby/lobby__us_1.ogg
local,A2,A1,adjective,"adjective, noun",https://www.oxfordlearnersdictionaries.com/media/english/us_pron_ogg/l/loc/local/local__us_2.ogg
lock,B1,A2,verb,"noun, verb",https://www.oxfordlearnersdictionaries.com/media/english/us_pron_ogg/l/loc/lock_/lock__us_1.ogg
log,B1,C1,noun,"noun, verb",https://www.oxfordlearnersdictionaries.com/media/english/us_pron_ogg/l/log/log__/log__us_1.ogg
logic,B1,C1,noun,noun,https://www.oxfordlearnersdictionaries.com/media/english/us_pron_ogg/l/log/logic/logic__us_1.ogg
logical,A2,B2,adjective,adjective,https://www.oxfordlearnersdictionaries.com/media/english/us_pron_ogg/l/log/logic/logical__us_2.ogg
logo,B1,B2,noun,noun,https://www.oxfordlearnersdictionaries.com/media/english/us_pron_ogg/l/log/logo_/logo__us_1.ogg
lonely,A1,B1,adjective,adjective,https://www.oxfordlearnersdictionaries.com/media/english/us_pron_ogg/l/lon/lonel/lonely__us_2.ogg
long,A2,A1,adverb,"adjective, adverb",https://www.oxfordlearnersdictionaries.com/media/english/us_pron_ogg/l/lon/long_/long__us_8.ogg
look,A1,A2,verb,"noun, verb",https://www.oxfordlearnersdictionaries.com/media/english/us_pron_ogg/l/loo/look_/look__us_1.ogg
loose,A2,B2,adjective,adjective,https://www.oxfordlearnersdictionaries.com/media/english/us_pron_ogg/l/loo/loose/loose__us_1.ogg
lorry,B1,A2,noun,noun,https://www.oxfordlearnersdictionaries.com/media/english/us_pron_ogg/l/lor/lorry/lorry__us_1.ogg
lose,A2,A1,verb,verb,https://www.oxfordlearnersdictionaries.com/media/english/us_pron_ogg/l/los/lose_/lose__us_1.ogg
lottery,B1,B2,noun,noun,https://www.oxfordlearnersdictionaries.com/media/english/us_pron_ogg/l/lot/lotte/lottery__us_1.ogg
loud,B1,A2,adverb,"adjective, adverb",https://www.oxfordlearnersdictionaries.com/media/english/us_pron_ogg/l/lou/loud_/loud__us_1.ogg
lovely,A1,A2,adjective,adjective,https://www.oxfordlearnersdictionaries.com/media/english/us_pron_ogg/l/lov/lovel/lovely__us_1.ogg
loyal,B1,B2,adjective,adjective,https://www.oxfordlearnersdictionaries.com/media/english/us_pron_ogg/l/loy/loyal/loyal__us_1.ogg
loyalty,B1,C1,noun,noun,https://www.oxfordlearnersdictionaries.com/media/english/us_pron_ogg/l/loy/loyal/loyalty__us_1.ogg
luck,A1,A2,noun,noun,https://www.oxfordlearnersdictionaries.com/media/english/us_pron_ogg/l/luc/luck_/luck__us_1.ogg
lucky,A1,A2,adjective,adjective,https://www.oxfordlearnersdictionaries.com/media/english/us_pron_ogg/l/luc/lucky/lucky__us_1.ogg
lung,B1,B2,noun,noun,https://www.oxfordlearnersdictionaries.com/media/english/us_pron_ogg/l/lun/lung_/lung__us_1.ogg
lyric,A2,B2,adjective,noun,https://www.oxfordlearnersdictionaries.com/media/english/us_pron_ogg/l/lyr/lyric/lyric__us_1.ogg
mad,A2,B1,adjective,adjective,https://www.oxfordlearnersdictionaries.com/media/english/us_pron_ogg/m/mad/mad__/mad__us_1.ogg
magic,A2,B1,noun,"adjective, noun",https://www.oxfordlearnersdictionaries.com/media/english/us_pron_ogg/m/mag/magic/magic__us_1.ogg
magical,B1,C1,adjective,adjective,https://www.oxfordlearnersdictionaries.com/media/english/us_pron_ogg/m/mag/magic/magical__us_1.ogg
magnificent,B1,B2,adjective,adjective,https://www.oxfordlearnersdictionaries.com/media/english/us_pron_ogg/m/mag/magni/magnificent__us_1.ogg
mail,B1,A2,verb,"noun, verb",https://www.oxfordlearnersdictionaries.com/media/english/us_pron_ogg/m/mai/mail_/mail__us_1.ogg
main,B1,A1,adjective,adjective,https://www.oxfordlearnersdictionaries.com/media/english/us_pron_ogg/m/mai/main_/main__us_1.ogg
mainly,A2,B1,adverb,adverb,https://www.oxfordlearnersdictionaries.com/media/english/us_pron_ogg/m/mai/mainl/mainly__us_2.ogg
maintain,B1,B2,verb,verb,https://www.oxfordlearnersdictionaries.com/media/english/us_pron_ogg/m/mai/maint/maintain__us_2.ogg
maintenance,B1,C1,noun,noun,https://www.oxfordlearnersdictionaries.com/media/english/us_pron_ogg/m/mai/maint/maintenance__us_1.ogg
major,B2,A2,noun,"adjective, noun",https://www.oxfordlearnersdictionaries.com/media/english/us_pron_ogg/m/maj/major/major__us_2.ogg
majority,B1,B2,noun,noun,https://www.oxfordlearnersdictionaries.com/media/english/us_pron_ogg/m/maj/major/majority__us_3_rr.ogg
make,A1,B2,verb,"noun, verb",https://www.oxfordlearnersdictionaries.com/media/english/us_pron_ogg/m/mak/make_/make__us_1.ogg
make-up,A2,B2,noun,noun,https://www.oxfordlearnersdictionaries.com/media/english/us_pron_ogg/m/mak/make_/make_up_1_us_1.ogg
mall,A2,B1,noun,noun,https://www.oxfordlearnersdictionaries.com/media/english/us_pron_ogg/m/mal/mall_/mall__us_1.ogg
manipulate,B2,C1,verb,verb,https://www.oxfordlearnersdictionaries.com/media/english/us_pron_ogg/m/man/manip/manipulate__us_1.ogg
march,B1,A1,verb,"noun, noun, verb",https://www.oxfordlearnersdictionaries.com/media/english/us_pron_ogg/m/mar/march/march__us_2.ogg
marine,B1,C1,adjective,adjective,https://www.oxfordlearnersdictionaries.com/media/english/us_pron_ogg/m/mar/marin/marine__us_1.ogg
market,B1,A1,verb,"noun, verb",https://www.oxfordlearnersdictionaries.com/media/english/us_pron_ogg/m/mar/marke/market__us_1.ogg
marketing,B2,B1,noun,noun,https://www.oxfordlearnersdictionaries.com/media/english/us_pron_ogg/m/mar/marke/marketing__us_2.ogg
married,A2,A1,adjective,adjective,https://www.oxfordlearnersdictionaries.com/media/english/us_pron_ogg/m/mar/marri/married__us_4.ogg
mask,B2,C1,noun,noun,https://www.oxfordlearnersdictionaries.com/media/english/us_pron_ogg/m/mas/mask_/mask__us_1.ogg
massacre,B2,C1,noun,noun,https://www.oxfordlearnersdictionaries.com/media/english/us_pron_ogg/m/mas/massa/massacre__us_1.ogg
massive,B1,B2,adjective,adjective,https://www.oxfordlearnersdictionaries.com/media/english/us_pron_ogg/m/mas/massi/massive__us_2.ogg
match,B1,A1,verb,"noun, verb",https://www.oxfordlearnersdictionaries.com/media/english/us_pron_ogg/m/mat/match/match__us_1.ogg
material,A2,B2,noun,"adjective, noun",https://www.oxfordlearnersdictionaries.com/media/english/us_pron_ogg/m/mat/mater/material__us_2.ogg
mathematical,B2,C1,adjective,adjective,https://www.oxfordlearnersdictionaries.com/media/english/us_pron_ogg/m/mat/mathe/mathematical__us_1.ogg
mathematics,B1,A2,noun,noun,https://www.oxfordlearnersdictionaries.com/media/english/us_pron_ogg/m/mat/mathe/mathematics__us_1.ogg
mature,B2,C1,adjective,"adjective, verb",https://www.oxfordlearnersdictionaries.com/media/english/us_pron_ogg/m/mat/matur/mature__us_1_rr.ogg
maximum,B1,B2,noun,"adjective, noun",https://www.oxfordlearnersdictionaries.com/media/english/us_pron_ogg/m/max/maxim/maximum__us_2.ogg
mayor,B1,B2,noun,noun,https://www.oxfordlearnersdictionaries.com/media/english/us_pron_ogg/m/may/mayor/mayor__us_1_rr.ogg
meaning,A2,A1,noun,noun,https://www.oxfordlearnersdictionaries.com/media/english/us_pron_ogg/m/mea/meani/meaning__us_3.ogg
meaningful,B1,C1,adjective,adjective,https://www.oxfordlearnersdictionaries.com/media/english/us_pron_ogg/m/mea/meani/meaningful__us_1.ogg
measurement,B1,B2,noun,noun,https://www.oxfordlearnersdictionaries.com/media/english/us_pron_ogg/m/mea/measu/measurement__us_1.ogg
mechanic,B1,B2,noun,noun,https://www.oxfordlearnersdictionaries.com/media/english/us_pron_ogg/m/mec/mecha/mechanic__us_1.ogg
mechanical,B1,B2,adjective,adjective,https://www.oxfordlearnersdictionaries.com/media/english/us_pron_ogg/m/mec/mecha/mechanical__us_1.ogg
medal,A2,B2,noun,noun,https://www.oxfordlearnersdictionaries.com/media/english/us_pron_ogg/m/med/medal/medal__us_1.ogg
media,B2,A2,noun,noun,https://www.oxfordlearnersdictionaries.com/media/english/us_pron_ogg/m/med/media/media__us_1.ogg
medicine,A1,A2,noun,noun,https://www.oxfordlearnersdictionaries.com/media/english/us_pron_ogg/m/med/medic/medicine__us_2.ogg
meditation,B1,C1,noun,noun,https://www.oxfordlearnersdictionaries.com/media/english/us_pron_ogg/m/med/medit/meditation__us_1.ogg
melody,B2,C1,noun,noun,https://www.oxfordlearnersdictionaries.com/media/english/us_pron_ogg/m/mel/melod/melody__us_1.ogg
melt,B1,B2,verb,verb,https://www.oxfordlearnersdictionaries.com/media/english/us_pron_ogg/m/mel/melt_/melt__us_1.ogg
member,A2,A1,noun,noun,https://www.oxfordlearnersdictionaries.com/media/english/us_pron_ogg/m/mem/membe/member__us_1.ogg
membership,B1,B2,noun,noun,https://www.oxfordlearnersdictionaries.com/media/english/us_pron_ogg/m/mem/membe/membership__us_1.ogg
memorable,B1,B2,adjective,adjective,https://www.oxfordlearnersdictionaries.com/media/english/us_pron_ogg/m/mem/memor/memorable__us_1.ogg
memorial,B2,C1,noun,noun,https://www.oxfordlearnersdictionaries.com/media/english/us_pron_ogg/m/mem/memor/memorial__us_1.ogg
memory,A1,A2,noun,noun,https://www.oxfordlearnersdictionaries.com/media/english/us_pron_ogg/m/mem/memor/memory__us_1_rr.ogg
mentor,B2,C1,noun,noun,https://www.oxfordlearnersdictionaries.com/media/english/us_pron_ogg/m/men/mento/mentor__us_1_rr.ogg
menu,A2,A1,noun,noun,https://www.oxfordlearnersdictionaries.com/media/english/us_pron_ogg/m/men/menu_/menu__us_1.ogg
merchant,B1,C1,noun,noun,https://www.oxfordlearnersdictionaries.com/media/english/us_pron_ogg/m/mer/merch/merchant__us_1.ogg
mercy,B2,C1,noun,noun,https://www.oxfordlearnersdictionaries.com/media/english/us_pron_ogg/m/mer/mercy/mercy__us_1.ogg
mere,B1,C1,adjective,adjective,https://www.oxfordlearnersdictionaries.com/media/english/us_pron_ogg/m/mer/mere_/mere__us_1.ogg
merely,B1,C1,adverb,adverb,https://www.oxfordlearnersdictionaries.com/media/english/us_pron_ogg/m/mer/merel/merely__us_1.ogg
merge,B2,C1,verb,verb,https://www.oxfordlearnersdictionaries.com/media/english/us_pron_ogg/m/mer/merge/merge__us_1.ogg
merger,B2,C1,noun,noun,https://www.oxfordlearnersdictionaries.com/media/english/us_pron_ogg/m/mer/merge/merger__us_1.ogg
mess,B2,B1,verb,noun,https://www.oxfordlearnersdictionaries.com/media/english/us_pron_ogg/m/mes/mess_/mess__us_1.ogg
midnight,A2,A1,noun,noun,https://www.oxfordlearnersdictionaries.com/media/english/us_pron_ogg/m/mid/midni/midnight__us_1.ogg
midst,B2,C1,noun,noun,https://www.oxfordlearnersdictionaries.com/media/english/us_pron_ogg/m/mid/midst/midst__us_1.ogg
migration,B2,C1,noun,noun,https://www.oxfordlearnersdictionaries.com/media/english/us_pron_ogg/m/mig/migra/migration__us_1.ogg
mile,B1,A1,noun,noun,https://www.oxfordlearnersdictionaries.com/media/english/us_pron_ogg/m/mil/mile_/mile__us_1.ogg
military,A2,B2,adjective,"adjective, noun",https://www.oxfordlearnersdictionaries.com/media/english/us_pron_ogg/m/mil/milit/military__us_2.ogg
mill,B2,C1,noun,noun,https://www.oxfordlearnersdictionaries.com/media/english/us_pron_ogg/m/mil/mill_/mill__us_1.ogg
million,A2,A1,number,number,https://www.oxfordlearnersdictionaries.com/media/english/us_pron_ogg/m/mil/milli/million__us_2.ogg
mine,A1,B1,pronoun,"noun, pronoun",https://www.oxfordlearnersdictionaries.com/media/english/us_pron_ogg/m/min/mine_/mine__us_1.ogg
mineral,B1,B2,noun,noun,https://www.oxfordlearnersdictionaries.com/media/english/us_pron_ogg/m/min/miner/mineral__us_3.ogg
minimum,B1,B2,noun,"adjective, noun",https://www.oxfordlearnersdictionaries.com/media/english/us_pron_ogg/m/min/minim/minimum__us_2.ogg
minor,B1,B2,adjective,adjective,https://www.oxfordlearnersdictionaries.com/media/english/us_pron_ogg/m/min/minor/minor__us_2.ogg
minority,B1,B2,noun,noun,https://www.oxfordlearnersdictionaries.com/media/english/us_pron_ogg/m/min/minor/minority__us_1_rr.ogg
minute,A1,C1,noun,"adjective, noun",https://www.oxfordlearnersdictionaries.com/media/english/us_pron_ogg/m/min/minut/minute__us_3.ogg
miracle,B1,C1,noun,noun,https://www.oxfordlearnersdictionaries.com/media/english/us_pron_ogg/m/mir/mirac/miracle__us_1.ogg
miserable,B1,B2,adjective,adjective,https://www.oxfordlearnersdictionaries.com/media/english/us_pron_ogg/m/mis/miser/miserable__us_1_rr.ogg
misery,B1,C1,noun,noun,https://www.oxfordlearnersdictionaries.com/media/english/us_pron_ogg/m/mis/miser/misery__us_1.ogg
misleading,B2,C1,adjective,adjective,https://www.oxfordlearnersdictionaries.com/media/english/us_pron_ogg/m/mis/misle/misleading__us_1.ogg
missile,B2,C1,noun,noun,https://www.oxfordlearnersdictionaries.com/media/english/us_pron_ogg/m/mis/missi/missile__us_1.ogg
mission,B1,B2,noun,noun,https://www.oxfordlearnersdictionaries.com/media/english/us_pron_ogg/m/mis/missi/mission__us_2.ogg
mistake,A2,A1,noun,"noun, verb",https://www.oxfordlearnersdictionaries.com/media/english/us_pron_ogg/m/mis/mista/mistake__us_2.ogg
mix,A2,B1,verb,"noun, verb",https://www.oxfordlearnersdictionaries.com/media/english/us_pron_ogg/m/mix/mix__/mix__us_1.ogg
mixture,B2,B1,noun,noun,https://www.oxfordlearnersdictionaries.com/media/english/us_pron_ogg/m/mix/mixtu/mixture__us_1.ogg
mobile,A1,A2,noun,"adjective, noun",https://www.oxfordlearnersdictionaries.com/media/english/us_pron_ogg/m/mob/mobil/mobile__us_7.ogg
mobility,B2,C1,noun,noun,https://www.oxfordlearnersdictionaries.com/media/english/us_pron_ogg/m/mob/mobil/mobility__us_1.ogg
model,B1,A1,verb,"noun, verb",https://www.oxfordlearnersdictionaries.com/media/english/us_pron_ogg/m/mod/model/model__us_2.ogg
moderate,B1,C1,adjective,adjective,https://www.oxfordlearnersdictionaries.com/media/english/us_pron_ogg/m/mod/moder/moderate__us_1.ogg
modern,A2,A1,adjective,adjective,https://www.oxfordlearnersdictionaries.com/media/english/us_pron_ogg/m/mod/moder/modern__us_2.ogg
modification,B2,C1,noun,noun,https://www.oxfordlearnersdictionaries.com/media/english/us_pron_ogg/m/mod/modif/modification__us_1.ogg
modify,B1,B2,verb,verb,https://www.oxfordlearnersdictionaries.com/media/english/us_pron_ogg/m/mod/modif/modify__us_1.ogg
monitor,B1,B2,verb,"noun, verb",https://www.oxfordlearnersdictionaries.com/media/english/us_pron_ogg/m/mon/monit/monitor__us_1.ogg
monk,B1,C1,noun,noun,https://www.oxfordlearnersdictionaries.com/media/english/us_pron_ogg/m/mon/monk_/monk__us_1.ogg
monkey,A1,A2,noun,noun,https://www.oxfordlearnersdictionaries.com/media/english/us_pron_ogg/m/mon/monke/monkey__us_1.ogg
monster,B1,B2,noun,noun,https://www.oxfordlearnersdictionaries.com/media/english/us_pron_ogg/m/mon/monst/monster__us_1.ogg
monthly,B1,B2,adverb,adjective,https://www.oxfordlearnersdictionaries.com/media/english/us_pron_ogg/m/mon/month/monthly__us_1.ogg
monument,B1,B2,noun,noun,https://www.oxfordlearnersdictionaries.com/media/english/us_pron_ogg/m/mon/monum/monument__us_1.ogg
mood,A2,B1,noun,noun,https://www.oxfordlearnersdictionaries.com/media/english/us_pron_ogg/m/moo/mood_/mood__us_1.ogg
moon,A1,A2,noun,noun,https://www.oxfordlearnersdictionaries.com/media/english/us_pron_ogg/m/moo/moon_/moon__us_1.ogg
moral,B1,B2,noun,"adjective, noun",https://www.oxfordlearnersdictionaries.com/media/english/us_pron_ogg/m/mor/moral/moral__us_1_rr.ogg
morality,B2,C1,noun,noun,https://www.oxfordlearnersdictionaries.com/media/english/us_pron_ogg/m/mor/moral/morality__us_1.ogg
moreover,B1,B2,adverb,adverb,https://www.oxfordlearnersdictionaries.com/media/english/us_pron_ogg/m/mor/moreo/moreover__us_1.ogg
mosque,A2,B2,noun,noun,https://www.oxfordlearnersdictionaries.com/media/english/us_pron_ogg/m/mos/mosqu/mosque__us_1.ogg
most,A2,A1,pronoun,"adverb, determiner, pronoun",https://www.oxfordlearnersdictionaries.com/media/english/us_pron_ogg/m/mos/most_/most__us_1.ogg
motivate,B1,B2,verb,verb,https://www.oxfordlearnersdictionaries.com/media/english/us_pron_ogg/m/mot/motiv/motivate__us_1.ogg
motivation,B1,B2,noun,noun,https://www.oxfordlearnersdictionaries.com/media/english/us_pron_ogg/m/mot/motiv/motivation__us_1.ogg
motive,B1,C1,noun,noun,https://www.oxfordlearnersdictionaries.com/media/english/us_pron_ogg/m/mot/motiv/motive__us_1.ogg
motor,B1,B2,noun,"adjective, noun",https://www.oxfordlearnersdictionaries.com/media/english/us_pron_ogg/m/mot/motor/motor__us_2.ogg
motorcycle,B1,A2,noun,noun,https://www.oxfordlearnersdictionaries.com/media/english/us_pron_ogg/m/mot/motor/motorcycle__us_1.ogg
motorist,B2,C1,noun,noun,https://www.oxfordlearnersdictionaries.com/media/english/us_pron_ogg/m/mot/motor/motorist__us_1.ogg
move,A2,B1,verb,"noun, verb",https://www.oxfordlearnersdictionaries.com/media/english/us_pron_ogg/m/mov/move_/move__us_1.ogg
movement,B1,A2,noun,noun,https://www.oxfordlearnersdictionaries.com/media/english/us_pron_ogg/m/mov/movem/movement__us_1.ogg
museum,A2,A1,noun,noun,https://www.oxfordlearnersdictionaries.com/media/english/us_pron_ogg/m/mus/museu/museum__us_2.ogg
musical,B2,A2,noun,"adjective, noun",https://www.oxfordlearnersdictionaries.com/media/english/us_pron_ogg/m/mus/music/musical__us_3.ogg
musician,A1,A2,noun,noun,https://www.oxfordlearnersdictionaries.com/media/english/us_pron_ogg/m/mus/music/musician__us_2.ogg
mutual,B1,C1,adjective,adjective,https://www.oxfordlearnersdictionaries.com/media/english/us_pron_ogg/m/mut/mutua/mutual__us_1.ogg
mysterious,A2,B2,adjective,adjective,https://www.oxfordlearnersdictionaries.com/media/english/us_pron_ogg/m/mys/myste/mysterious__us_2.ogg
mystery,A2,B1,noun,noun,https://www.oxfordlearnersdictionaries.com/media/english/us_pron_ogg/m/mys/myste/mystery__us_2.ogg
myth,B1,B2,noun,noun,https://www.oxfordlearnersdictionaries.com/media/english/us_pron_ogg/m/myt/myth_/myth__us_1.ogg
naked,B1,B2,adjective,adjective,https://www.oxfordlearnersdictionaries.com/media/english/us_pron_ogg/n/nak/naked/naked__us_1.ogg
name,B1,A1,verb,"noun, verb",https://www.oxfordlearnersdictionaries.com/media/english/us_pron_ogg/n/nam/name_/name__us_1.ogg
narrow,B1,A2,adjective,"adjective, verb",https://www.oxfordlearnersdictionaries.com/media/english/us_pron_ogg/n/nar/narro/narrow__us_2.ogg
nasty,B1,B2,adjective,adjective,https://www.oxfordlearnersdictionaries.com/media/english/us_pron_ogg/n/nas/nasty/nasty__us_1.ogg
nation,A2,B1,noun,noun,https://www.oxfordlearnersdictionaries.com/media/english/us_pron_ogg/n/nat/natio/nation__us_2.ogg
nationwide,B2,C1,adverb,adjective,https://www.oxfordlearnersdictionaries.com/media/english/us_pron_ogg/n/nat/natio/nationwide__us_1.ogg
native,A2,B1,adjective,"adjective, noun",https://www.oxfordlearnersdictionaries.com/media/english/us_pron_ogg/n/nat/nativ/native__us_2.ogg
natural,A2,A1,adjective,adjective,https://www.oxfordlearnersdictionaries.com/media/english/us_pron_ogg/n/nat/natur/natural__us_1_rr.ogg
naval,B2,C1,adjective,adjective,https://www.oxfordlearnersdictionaries.com/media/english/us_pron_ogg/n/nav/naval/naval__us_1.ogg
nearby,B1,B2,adverb,"adjective, adverb",https://www.oxfordlearnersdictionaries.com/media/english/us_pron_ogg/n/nea/nearb/nearby__us_2_rr.ogg
necessarily,B2,B1,adverb,adverb,https://www.oxfordlearnersdictionaries.com/media/english/us_pron_ogg/n/nec/neces/necessarily__us_1.ogg
neck,A1,A2,noun,noun,https://www.oxfordlearnersdictionaries.com/media/english/us_pron_ogg/n/nec/neck_/neck__us_1.ogg
negative,A2,A1,adjective,"adjective, noun",https://www.oxfordlearnersdictionaries.com/media/english/us_pron_ogg/n/neg/negat/negative__us_1.ogg
neglect,B2,C1,noun,"noun, verb",https://www.oxfordlearnersdictionaries.com/media/english/us_pron_ogg/n/neg/negle/neglect__us_1.ogg
negotiate,B1,B2,verb,verb,https://www.oxfordlearnersdictionaries.com/media/english/us_pron_ogg/n/neg/negot/negotiate__us_1.ogg
negotiation,B1,B2,noun,noun,https://www.oxfordlearnersdictionaries.com/media/english/us_pron_ogg/n/neg/negot/negotiation__us_1.ogg
neither,B2,B1,pronoun,"adverb, determiner, pronoun",https://www.oxfordlearnersdictionaries.com/media/english/us_pron_ogg/n/nei/neith/neither__us_2_rr.ogg
net,B1,C1,noun,"adjective, noun",https://www.oxfordlearnersdictionaries.com/media/english/us_pron_ogg/n/net/net__/net__us_1.ogg
network,B1,A2,noun,noun,https://www.oxfordlearnersdictionaries.com/media/english/us_pron_ogg/n/net/netwo/network__us_1.ogg
neutral,B1,B2,adjective,adjective,https://www.oxfordlearnersdictionaries.com/media/english/us_pron_ogg/n/neu/neutr/neutral__us_1.ogg
nevertheless,B1,B2,adverb,adverb,https://www.oxfordlearnersdictionaries.com/media/english/us_pron_ogg/n/nev/never/nevertheless__us_1.ogg
newly,B1,B2,adverb,adverb,https://www.oxfordlearnersdictionaries.com/media/english/us_pron_ogg/n/new/newly/newly__us_1.ogg
next,B2,A1,pronoun,"adjective, adverb, noun",https://www.oxfordlearnersdictionaries.com/media/english/us_pron_ogg/n/nex/next_/next__us_1.ogg
next to,A2,A1,preposition,preposition,https://www.oxfordlearnersdictionaries.com/media/english/us_pron_ogg/n/nex/next_/next_to_1_us_1.ogg
no one,A2,A1,pronoun,pronoun,https://www.oxfordlearnersdictionaries.com/media/english/us_pron_ogg/n/no_/no_on/no_one_1_us_1.ogg
noble,B2,C1,adjective,adjective,https://www.oxfordlearnersdictionaries.com/media/english/us_pron_ogg/n/nob/noble/noble__us_1.ogg
nobody,A2,A1,pronoun,pronoun,https://www.oxfordlearnersdictionaries.com/media/english/us_pron_ogg/n/nob/nobod/nobody__us_1_rr.ogg
nod,B2,C1,verb,verb,https://www.oxfordlearnersdictionaries.com/media/english/us_pron_ogg/n/nod/nod__/nod__us_2.ogg
noise,A1,A2,noun,noun,https://www.oxfordlearnersdictionaries.com/media/english/us_pron_ogg/n/noi/noise/noise__us_1.ogg
nomination,B2,C1,noun,noun,https://www.oxfordlearnersdictionaries.com/media/english/us_pron_ogg/n/nom/nomin/nomination__us_1.ogg
nominee,B2,C1,noun,noun,https://www.oxfordlearnersdictionaries.com/media/english/us_pron_ogg/n/nom/nomin/nominee__us_1.ogg
none,B1,A2,pronoun,pronoun,https://www.oxfordlearnersdictionaries.com/media/english/us_pron_ogg/n/non/none_/none__us_1.ogg
nonetheless,B1,C1,adverb,adverb,https://www.oxfordlearnersdictionaries.com/media/english/us_pron_ogg/n/non/nonet/nonetheless__us_1.ogg
nonsense,B1,C1,noun,noun,https://www.oxfordlearnersdictionaries.com/media/english/us_pron_ogg/n/non/nonse/nonsense__us_1_rr.ogg
noon,A2,C1,noun,noun,https://www.oxfordlearnersdictionaries.com/media/english/us_pron_ogg/n/noo/noon_/noon__us_1.ogg
normally,B1,A2,adverb,adverb,https://www.oxfordlearnersdictionaries.com/media/english/us_pron_ogg/n/nor/norma/normally__us_1.ogg
north,A2,A1,noun,"adjective, adverb, noun",https://www.oxfordlearnersdictionaries.com/media/english/us_pron_ogg/n/nor/north/north__us_1.ogg
notebook,A1,B2,noun,noun,https://www.oxfordlearnersdictionaries.com/media/english/us_pron_ogg/n/not/noteb/notebook__us_1.ogg
notice,B1,A2,verb,"noun, verb",https://www.oxfordlearnersdictionaries.com/media/english/us_pron_ogg/n/not/notic/notice__us_1.ogg
notion,B1,B2,noun,noun,https://www.oxfordlearnersdictionaries.com/media/english/us_pron_ogg/n/not/notio/notion__us_1.ogg
notorious,B1,C1,adjective,adjective,https://www.oxfordlearnersdictionaries.com/media/english/us_pron_ogg/n/not/notor/notorious__us_1.ogg
novel,A2,C1,noun,"adjective, noun",https://www.oxfordlearnersdictionaries.com/media/english/us_pron_ogg/n/nov/novel/novel__us_1.ogg
novelist,B1,B2,noun,noun,https://www.oxfordlearnersdictionaries.com/media/english/us_pron_ogg/n/nov/novel/novelist__us_1.ogg
now,B2,A1,conjunction,"adverb, conjunction",https://www.oxfordlearnersdictionaries.com/media/english/us_pron_ogg/n/now/now__/now__us_1.ogg
nowadays,A2,B2,adverb,adverb,https://www.oxfordlearnersdictionaries.com/media/english/us_pron_ogg/n/now/nowad/nowadays__us_1.ogg
nowhere,B1,A2,adverb,adverb,https://www.oxfordlearnersdictionaries.com/media/english/us_pron_ogg/n/now/nowhe/nowhere__us_1.ogg
numerous,B1,B2,adjective,adjective,https://www.oxfordlearnersdictionaries.com/media/english/us_pron_ogg/n/num/numer/numerous__us_1.ogg
nurse,B1,A1,verb,noun,https://www.oxfordlearnersdictionaries.com/media/english/us_pron_ogg/n/nur/nurse/nurse__us_1.ogg
nursery,B2,C1,noun,noun,https://www.oxfordlearnersdictionaries.com/media/english/us_pron_ogg/n/nur/nurse/nursery__us_1.ogg
nut,B2,A2,noun,noun,https://www.oxfordlearnersdictionaries.com/media/english/us_pron_ogg/n/nut/nut__/nut__us_1.ogg
nutrition,B1,B2,noun,noun,https://www.oxfordlearnersdictionaries.com/media/english/us_pron_ogg/n/nut/nutri/nutrition__us_1.ogg
object,B2,A1,verb,"noun, verb",https://www.oxfordlearnersdictionaries.com/media/english/us_pron_ogg/o/obj/objec/object__us_2_rr.ogg
objection,B1,C1,noun,noun,https://www.oxfordlearnersdictionaries.com/media/english/us_pron_ogg/o/obj/objec/objection__us_1.ogg
objective,B1,B2,noun,"adjective, noun",https://www.oxfordlearnersdictionaries.com/media/english/us_pron_ogg/o/obj/objec/objective__us_1.ogg
observation,B1,B2,noun,noun,https://www.oxfordlearnersdictionaries.com/media/english/us_pron_ogg/o/obs/obser/observation__us_1_rr.ogg
observe,B1,B2,verb,verb,https://www.oxfordlearnersdictionaries.com/media/english/us_pron_ogg/o/obs/obser/observe__us_1.ogg
obsess,B2,C1,verb,verb,https://www.oxfordlearnersdictionaries.com/media/english/us_pron_ogg/o/obs/obses/obsess__us_1.ogg
obsession,B2,C1,noun,noun,https://www.oxfordlearnersdictionaries.com/media/english/us_pron_ogg/o/obs/obses/obsession__us_1.ogg
obstacle,B1,B2,noun,noun,https://www.oxfordlearnersdictionaries.com/media/english/us_pron_ogg/o/obs/obsta/obstacle__us_1.ogg
obtain,B1,B2,verb,verb,https://www.oxfordlearnersdictionaries.com/media/english/us_pron_ogg/o/obt/obtai/obtain__us_1.ogg
occasional,B1,C1,adjective,adjective,https://www.oxfordlearnersdictionaries.com/media/english/us_pron_ogg/o/occ/occas/occasional__us_1.ogg
occasionally,B1,B2,adverb,adverb,https://www.oxfordlearnersdictionaries.com/media/english/us_pron_ogg/o/occ/occas/occasionally__us_3.ogg
occupation,A2,B2,noun,noun,https://www.oxfordlearnersdictionaries.com/media/english/us_pron_ogg/o/occ/occup/occupation__us_1.ogg
occupy,B1,B2,verb,verb,https://www.oxfordlearnersdictionaries.com/media/english/us_pron_ogg/o/occ/occup/occupy__us_1.ogg
ocean,B1,A2,noun,noun,https://www.oxfordlearnersdictionaries.com/media/english/us_pron_ogg/o/oce/ocean/ocean__us_1.ogg
odd,B2,B1,adjective,adjective,https://www.oxfordlearnersdictionaries.com/media/english/us_pron_ogg/o/odd/odd__/odd__us_1.ogg
off,B1,A1,preposition,"adverb, preposition",https://www.oxfordlearnersdictionaries.com/media/english/us_pron_ogg/o/off/off__/off__us_1_rr.ogg
offensive,B1,B2,adjective,adjective,https://www.oxfordlearnersdictionaries.com/media/english/us_pron_ogg/o/off/offen/offensive__us_4.ogg
officer,A1,A2,noun,noun,https://www.oxfordlearnersdictionaries.com/media/english/us_pron_ogg/o/off/offic/officer__us_2_rr.ogg
official,B2,B1,noun,"adjective, noun",https://www.oxfordlearnersdictionaries.com/media/english/us_pron_ogg/o/off/offic/official__us_4.ogg
once,B2,A1,conjunction,"adverb, conjunction",https://www.oxfordlearnersdictionaries.com/media/english/us_pron_ogg/o/onc/once_/once__us_1.ogg
one,A2,A1,pronoun,"determiner, number, pronoun",https://www.oxfordlearnersdictionaries.com/media/english/us_pron_ogg/o/one/one__/one__us_1.ogg
onion,A2,A1,noun,noun,https://www.oxfordlearnersdictionaries.com/media/english/us_pron_ogg/o/oni/onion/onion__us_1.ogg
online,A2,A1,adverb,"adjective, adverb",https://www.oxfordlearnersdictionaries.com/media/english/us_pron_ogg/o/onl/onlin/online__us_1_rr.ogg
opening,B1,B2,noun,noun,https://www.oxfordlearnersdictionaries.com/media/english/us_pron_ogg/o/ope/openi/opening__us_2.ogg
opera,A1,B2,noun,noun,https://www.oxfordlearnersdictionaries.com/media/english/us_pron_ogg/o/ope/opera/opera__us_1_rr.ogg
operate,A2,B2,verb,verb,https://www.oxfordlearnersdictionaries.com/media/english/us_pron_ogg/o/ope/opera/operate__us_1.ogg
opinion,A2,A1,noun,noun,https://www.oxfordlearnersdictionaries.com/media/english/us_pron_ogg/o/opi/opini/opinion__us_5.ogg
oppose,A2,B2,verb,verb,https://www.oxfordlearnersdictionaries.com/media/english/us_pron_ogg/o/opp/oppos/oppose__us_2.ogg
opposite,A2,A1,preposition,"adjective, adverb, noun, preposition",https://www.oxfordlearnersdictionaries.com/media/english/us_pron_ogg/o/opp/oppos/opposite__us_1.ogg
opposition,B1,B2,noun,noun,https://www.oxfordlearnersdictionaries.com/media/english/us_pron_ogg/o/opp/oppos/opposition__us_2.ogg
optimism,B2,C1,noun,noun,https://www.oxfordlearnersdictionaries.com/media/english/us_pron_ogg/o/opt/optim/optimism__us_1.ogg
option,B1,A2,noun,noun,https://www.oxfordlearnersdictionaries.com/media/english/us_pron_ogg/o/opt/optio/option__us_2.ogg
oral,B1,C1,noun,adjective,https://www.oxfordlearnersdictionaries.com/media/english/us_pron_ogg/o/ora/oral_/oral__us_1.ogg
orchestra,B1,B2,noun,noun,https://www.oxfordlearnersdictionaries.com/media/english/us_pron_ogg/o/orc/orche/orchestra__us_1.ogg
order,A2,A1,verb,"noun, verb",https://www.oxfordlearnersdictionaries.com/media/english/us_pron_ogg/o/ord/order/order__us_2.ogg
ordinary,B1,A2,adjective,adjective,https://www.oxfordlearnersdictionaries.com/media/english/us_pron_ogg/o/ord/ordin/ordinary__us_1_rr.ogg
organ,B1,B2,noun,noun,https://www.oxfordlearnersdictionaries.com/media/english/us_pron_ogg/o/org/organ/organ__us_5.ogg
organic,B1,B2,adjective,adjective,https://www.oxfordlearnersdictionaries.com/media/english/us_pron_ogg/o/org/organ/organic__us_1.ogg
origin,B1,B2,noun,noun,https://www.oxfordlearnersdictionaries.com/media/english/us_pron_ogg/o/ori/origi/origin__us_4.ogg
original,B2,A2,noun,"adjective, noun",https://www.oxfordlearnersdictionaries.com/media/english/us_pron_ogg/o/ori/origi/original__us_3.ogg
originally,B2,B1,adverb,adverb,https://www.oxfordlearnersdictionaries.com/media/english/us_pron_ogg/o/ori/origi/originally__us_2.ogg
originate,B2,C1,verb,verb,https://www.oxfordlearnersdictionaries.com/media/english/us_pron_ogg/o/ori/origi/originate__us_1.ogg
other,A2,A1,pronoun,"adjective, pronoun",https://www.oxfordlearnersdictionaries.com/media/english/us_pron_ogg/o/oth/other/other__us_2.ogg
otherwise,B1,B2,adverb,adverb,https://www.oxfordlearnersdictionaries.com/media/english/us_pron_ogg/o/oth/other/otherwise__us_2.ogg
ours,A1,B1,pronoun,pronoun,https://www.oxfordlearnersdictionaries.com/media/english/us_pron_ogg/o/our/ours_/ours__us_1_rr.ogg
outbreak,B2,C1,noun,noun,https://www.oxfordlearnersdictionaries.com/media/english/us_pron_ogg/o/out/outbr/outbreak__us_1.ogg
outer,B1,B2,adjective,adjective,https://www.oxfordlearnersdictionaries.com/media/english/us_pron_ogg/o/out/outer/outer__us_1.ogg
outing,B2,C1,noun,noun,https://www.oxfordlearnersdictionaries.com/media/english/us_pron_ogg/o/out/outin/outing__us_1.ogg
outlet,B2,C1,noun,noun,https://www.oxfordlearnersdictionaries.com/media/english/us_pron_ogg/o/out/outle/outlet__us_1_rr.ogg
outline,B1,B2,verb,"noun, verb",https://www.oxfordlearnersdictionaries.com/media/english/us_pron_ogg/o/out/outli/outline__us_2.ogg
outlook,B2,C1,noun,noun,https://www.oxfordlearnersdictionaries.com/media/english/us_pron_ogg/o/out/outlo/outlook__us_1.ogg
outrage,B2,C1,noun,"noun, verb",https://www.oxfordlearnersdictionaries.com/media/english/us_pron_ogg/o/out/outra/outrage__us_1.ogg
outsider,B2,C1,noun,noun,https://www.oxfordlearnersdictionaries.com/media/english/us_pron_ogg/o/out/outsi/outsider__us_1_rr.ogg
outstanding,B1,B2,adjective,adjective,https://www.oxfordlearnersdictionaries.com/media/english/us_pron_ogg/o/out/outst/outstanding__us_1.ogg
overcome,B1,B2,verb,verb,https://www.oxfordlearnersdictionaries.com/media/english/us_pron_ogg/o/ove/overc/overcome__us_1.ogg
overlook,B2,C1,verb,verb,https://www.oxfordlearnersdictionaries.com/media/english/us_pron_ogg/o/ove/overl/overlook__us_1.ogg
overly,B2,C1,adverb,adverb,https://www.oxfordlearnersdictionaries.com/media/english/us_pron_ogg/o/ove/overl/overly__us_1.ogg
overnight,B1,B2,adverb,adverb,https://www.oxfordlearnersdictionaries.com/media/english/us_pron_ogg/o/ove/overn/overnight__us_1.ogg
overseas,A2,B2,adverb,"adjective, adverb",https://www.oxfordlearnersdictionaries.com/media/english/us_pron_ogg/o/ove/overs/overseas__us_1.ogg
overturn,B2,C1,verb,verb,https://www.oxfordlearnersdictionaries.com/media/english/us_pron_ogg/o/ove/overt/overturn__us_1.ogg
overwhelm,B1,C1,verb,verb,https://www.oxfordlearnersdictionaries.com/media/english/us_pron_ogg/o/ove/overw/overwhelm__us_1.ogg
overwhelming,B1,C1,adjective,adjective,https://www.oxfordlearnersdictionaries.com/media/english/us_pron_ogg/o/ove/overw/overwhelming__us_1.ogg
owe,B1,B2,verb,verb,https://www.oxfordlearnersdictionaries.com/media/english/us_pron_ogg/o/owe/owe__/owe__us_1.ogg
own,B1,A1,verb,"adjective, pronoun, verb",https://www.oxfordlearnersdictionaries.com/media/english/us_pron_ogg/o/own/own__/own__us_1.ogg
owner,A1,A2,noun,noun,https://www.oxfordlearnersdictionaries.com/media/english/us_pron_ogg/o/own/owner/owner__us_1.ogg
oxygen,B1,B2,noun,noun,https://www.oxfordlearnersdictionaries.com/media/english/us_pron_ogg/o/oxy/oxyge/oxygen__us_1.ogg
pace,B1,B2,noun,"noun, verb",https://www.oxfordlearnersdictionaries.com/media/english/us_pron_ogg/p/pac/pace_/pace__us_1.ogg
pack,A2,B1,verb,"noun, verb",https://www.oxfordlearnersdictionaries.com/media/english/us_pron_ogg/p/pac/pack_/pack__us_1.ogg
pad,B2,C1,noun,noun,https://www.oxfordlearnersdictionaries.com/media/english/us_pron_ogg/p/pad/pad__/pad__us_1.ogg
pain,B1,A2,noun,noun,https://www.oxfordlearnersdictionaries.com/media/english/us_pron_ogg/p/pai/pain_/pain__us_1.ogg
palace,A1,A2,noun,noun,https://www.oxfordlearnersdictionaries.com/media/english/us_pron_ogg/p/pal/palac/palace__us_2.ogg
palm,B1,B2,noun,noun,https://www.oxfordlearnersdictionaries.com/media/english/us_pron_ogg/p/pal/palm_/palm__us_1_rr.ogg
pan,A2,B1,noun,noun,https://www.oxfordlearnersdictionaries.com/media/english/us_pron_ogg/p/pan/pan__/pan__us_1.ogg
pants,A1,A2,noun,noun,https://www.oxfordlearnersdictionaries.com/media/english/us_pron_ogg/p/pan/pants/pants__us_1.ogg
parental,B1,C1,adjective,adjective,https://www.oxfordlearnersdictionaries.com/media/english/us_pron_ogg/p/par/paren/parental__us_1.ogg
park,A2,A1,verb,"noun, verb",https://www.oxfordlearnersdictionaries.com/media/english/us_pron_ogg/p/par/park_/park__us_1.ogg
parking,B1,A2,noun,noun,https://www.oxfordlearnersdictionaries.com/media/english/us_pron_ogg/p/par/parki/parking__us_1.ogg
part,B2,A1,verb,noun,https://www.oxfordlearnersdictionaries.com/media/english/us_pron_ogg/p/par/part_/part__us_1.ogg
part-time,B1,B2,adverb,adjective,https://www.oxfordlearnersdictionaries.com/media/english/us_pron_ogg/p/par/part_/part_time_1_us_1.ogg
partial,B1,C1,adjective,adjective,https://www.oxfordlearnersdictionaries.com/media/english/us_pron_ogg/p/par/parti/partial__us_1.ogg
participant,B1,B2,noun,noun,https://www.oxfordlearnersdictionaries.com/media/english/us_pron_ogg/p/par/parti/participant__us_1.ogg
particular,B2,A2,adjective,adjective,https://www.oxfordlearnersdictionaries.com/media/english/us_pron_ogg/p/par/parti/particular__us_1.ogg
partly,A2,B2,adverb,adverb,https://www.oxfordlearnersdictionaries.com/media/english/us_pron_ogg/p/par/partl/partly__us_1.ogg
pass,A2,B1,verb,"noun, verb",https://www.oxfordlearnersdictionaries.com/media/english/us_pron_ogg/p/pas/pass_/pass__us_1.ogg
passage,A2,B2,noun,noun,https://www.oxfordlearnersdictionaries.com/media/english/us_pron_ogg/p/pas/passa/passage__us_5.ogg
passive,B1,C1,adjective,adjective,https://www.oxfordlearnersdictionaries.com/media/english/us_pron_ogg/p/pas/passi/passive__us_1.ogg
passport,B1,A1,noun,noun,https://www.oxfordlearnersdictionaries.com/media/english/us_pron_ogg/p/pas/passp/passport__us_1.ogg
password,B1,B2,noun,noun,https://www.oxfordlearnersdictionaries.com/media/english/us_pron_ogg/p/pas/passw/password__us_1.ogg
pastor,B2,C1,noun,noun,https://www.oxfordlearnersdictionaries.com/media/english/us_pron_ogg/p/pas/pasto/pastor__us_1.ogg
patch,B2,C1,noun,noun,https://www.oxfordlearnersdictionaries.com/media/english/us_pron_ogg/p/pat/patch/patch__us_1.ogg
path,A2,B1,noun,noun,https://www.oxfordlearnersdictionaries.com/media/english/us_pron_ogg/p/pat/path_/path__us_1.ogg
patience,B1,B2,noun,noun,https://www.oxfordlearnersdictionaries.com/media/english/us_pron_ogg/p/pat/patie/patience__us_1.ogg
patient,A2,B2,noun,"adjective, noun",https://www.oxfordlearnersdictionaries.com/media/english/us_pron_ogg/p/pat/patie/patient__us_1.ogg
patrol,B1,C1,noun,"noun, verb",https://www.oxfordlearnersdictionaries.com/media/english/us_pron_ogg/p/pat/patro/patrol__us_1.ogg
patron,B2,C1,noun,noun,https://www.oxfordlearnersdictionaries.com/media/english/us_pron_ogg/p/pat/patro/patron__us_1.ogg
pattern,B1,A2,noun,noun,https://www.oxfordlearnersdictionaries.com/media/english/us_pron_ogg/p/pat/patte/pattern__us_3.ogg
pause,B1,B2,verb,"noun, verb",https://www.oxfordlearnersdictionaries.com/media/english/us_pron_ogg/p/pau/pause/pause__us_1.ogg
pay,A1,A2,verb,"noun, verb",https://www.oxfordlearnersdictionaries.com/media/english/us_pron_ogg/p/pay/pay__/pay__us_1.ogg
payment,B2,B1,noun,noun,https://www.oxfordlearnersdictionaries.com/media/english/us_pron_ogg/p/pay/payme/payment__us_1.ogg
peace,A1,A2,noun,noun,https://www.oxfordlearnersdictionaries.com/media/english/us_pron_ogg/p/pea/peace/peace__us_1.ogg
peaceful,A2,B1,adjective,adjective,https://www.oxfordlearnersdictionaries.com/media/english/us_pron_ogg/p/pea/peace/peaceful__us_1.ogg
peak,B2,C1,noun,noun,https://www.oxfordlearnersdictionaries.com/media/english/us_pron_ogg/p/pea/peak_/peak__us_1.ogg
peculiar,B1,C1,adjective,adjective,https://www.oxfordlearnersdictionaries.com/media/english/us_pron_ogg/p/pec/pecul/peculiar__us_1.ogg
penny,B1,A2,noun,noun,https://www.oxfordlearnersdictionaries.com/media/english/us_pron_ogg/p/pen/penny/penny__us_2.ogg
pepper,A2,A1,noun,noun,https://www.oxfordlearnersdictionaries.com/media/english/us_pron_ogg/p/pep/peppe/pepper__us_2.ogg
per,B1,A2,preposition,preposition,https://www.oxfordlearnersdictionaries.com/media/english/us_pron_ogg/p/per/per__/per__us_1.ogg
percentage,B2,B1,noun,noun,https://www.oxfordlearnersdictionaries.com/media/english/us_pron_ogg/p/per/perce/percentage__us_2.ogg
perfect,A2,A1,adjective,adjective,https://www.oxfordlearnersdictionaries.com/media/english/us_pron_ogg/p/per/perfe/perfect__us_1.ogg
perfectly,A2,B1,adverb,adverb,https://www.oxfordlearnersdictionaries.com/media/english/us_pron_ogg/p/per/perfe/perfectly__us_2.ogg
performance,A2,B1,noun,noun,https://www.oxfordlearnersdictionaries.com/media/english/us_pron_ogg/p/per/perfo/performance__us_2.ogg
permanent,B1,B2,adjective,adjective,https://www.oxfordlearnersdictionaries.com/media/english/us_pron_ogg/p/per/perma/permanent__us_1.ogg
permanently,B1,B2,adverb,adverb,https://www.oxfordlearnersdictionaries.com/media/english/us_pron_ogg/p/per/perma/permanently__us_1.ogg
permit,B1,B2,verb,"noun, verb",https://www.oxfordlearnersdictionaries.com/media/english/us_pron_ogg/p/per/permi/permit__us_2.ogg
persist,B2,C1,verb,verb,https://www.oxfordlearnersdictionaries.com/media/english/us_pron_ogg/p/per/persi/persist__us_1.ogg
persistent,B2,C1,adjective,adjective,https://www.oxfordlearnersdictionaries.com/media/english/us_pron_ogg/p/per/persi/persistent__us_1.ogg
personnel,B2,C1,noun,noun,https://www.oxfordlearnersdictionaries.com/media/english/us_pron_ogg/p/per/perso/personnel__us_1.ogg
pet,A1,A2,noun,noun,https://www.oxfordlearnersdictionaries.com/media/english/us_pron_ogg/p/pet/pet__/pet__us_2.ogg
phenomenon,B1,B2,noun,noun,https://www.oxfordlearnersdictionaries.com/media/english/us_pron_ogg/p/phe/pheno/phenomenon__us_1_rr.ogg
philosopher,B1,C1,noun,noun,https://www.oxfordlearnersdictionaries.com/media/english/us_pron_ogg/p/phi/philo/philosopher__us_1.ogg
philosophical,B2,C1,adjective,adjective,https://www.oxfordlearnersdictionaries.com/media/english/us_pron_ogg/p/phi/philo/philosophical__us_1.ogg
philosophy,B1,B2,noun,noun,https://www.oxfordlearnersdictionaries.com/media/english/us_pron_ogg/p/phi/philo/philosophy__us_1.ogg
photograph,B2,A1,verb,"noun, verb",https://www.oxfordlearnersdictionaries.com/media/english/us_pron_ogg/p/pho/photo/photograph__us_2.ogg
photographer,A2,B1,noun,noun,https://www.oxfordlearnersdictionaries.com/media/english/us_pron_ogg/p/pho/photo/photographer__us_1.ogg
photography,A2,B1,noun,noun,https://www.oxfordlearnersdictionaries.com/media/english/us_pron_ogg/p/pho/photo/photography__us_1.ogg
phrase,B1,A1,noun,noun,https://www.oxfordlearnersdictionaries.com/media/english/us_pron_ogg/p/phr/phras/phrase__us_1.ogg
physician,B2,C1,noun,noun,https://www.oxfordlearnersdictionaries.com/media/english/us_pron_ogg/p/phy/physi/physician__us_1.ogg
physics,B1,A2,noun,noun,https://www.oxfordlearnersdictionaries.com/media/english/us_pron_ogg/p/phy/physi/physics__us_2.ogg
pick,A1,B2,verb,"noun, verb",https://www.oxfordlearnersdictionaries.com/media/english/us_pron_ogg/p/pic/pick_/pick__us_1.ogg
picture,B2,A1,verb,"noun, verb",https://www.oxfordlearnersdictionaries.com/media/english/us_pron_ogg/p/pic/pictu/picture__us_2.ogg
pile,A2,B2,noun,"noun, verb",https://www.oxfordlearnersdictionaries.com/media/english/us_pron_ogg/p/pil/pile_/pile__us_1.ogg
pill,A2,B2,noun,noun,https://www.oxfordlearnersdictionaries.com/media/english/us_pron_ogg/p/pil/pill_/pill__us_1.ogg
pink,A2,A1,noun,"adjective, noun",https://www.oxfordlearnersdictionaries.com/media/english/us_pron_ogg/p/pin/pink_/pink__us_1.ogg
pirate,B2,C1,noun,noun,https://www.oxfordlearnersdictionaries.com/media/english/us_pron_ogg/p/pir/pirat/pirate__us_1.ogg
pit,B1,C1,noun,noun,https://www.oxfordlearnersdictionaries.com/media/english/us_pron_ogg/p/pit/pit__/pit__us_1.ogg
pity,A2,B2,noun,noun,https://www.oxfordlearnersdictionaries.com/media/english/us_pron_ogg/p/pit/pity_/pity__us_1.ogg
place,B1,A1,verb,"noun, verb",https://www.oxfordlearnersdictionaries.com/media/english/us_pron_ogg/p/pla/place/place__us_1.ogg
plain,B1,B2,adjective,adjective,https://www.oxfordlearnersdictionaries.com/media/english/us_pron_ogg/p/pla/plain/plain__us_1.ogg
plan,B1,A1,verb,"noun, verb",https://www.oxfordlearnersdictionaries.com/media/english/us_pron_ogg/p/pla/plan_/plan__us_1.ogg
planning,B2,B1,noun,noun,https://www.oxfordlearnersdictionaries.com/media/english/us_pron_ogg/p/pla/plann/planning__us_3.ogg
plant,B1,A1,verb,"noun, verb",https://www.oxfordlearnersdictionaries.com/media/english/us_pron_ogg/p/pla/plant/plant__us_1.ogg
plastic,B1,A2,noun,"adjective, noun",https://www.oxfordlearnersdictionaries.com/media/english/us_pron_ogg/p/pla/plast/plastic__us_2.ogg
platform,B1,A2,noun,noun,https://www.oxfordlearnersdictionaries.com/media/english/us_pron_ogg/p/pla/platf/platform__us_1.ogg
plead,B2,C1,verb,verb,https://www.oxfordlearnersdictionaries.com/media/english/us_pron_ogg/p/ple/plead/plead__us_1.ogg
pleasant,A2,B1,adjective,adjective,https://www.oxfordlearnersdictionaries.com/media/english/us_pron_ogg/p/ple/pleas/pleasant__us_1.ogg
please,B1,A1,verb,"exclamation, verb",https://www.oxfordlearnersdictionaries.com/media/english/us_pron_ogg/p/ple/pleas/please__us_2.ogg
pleasure,A1,B1,noun,noun,https://www.oxfordlearnersdictionaries.com/media/english/us_pron_ogg/p/ple/pleas/pleasure__us_1.ogg
plot,B2,B1,noun,"noun, verb",https://www.oxfordlearnersdictionaries.com/media/english/us_pron_ogg/p/plo/plot_/plot__us_1.ogg
plug,B2,C1,verb,"noun, verb",https://www.oxfordlearnersdictionaries.com/media/english/us_pron_ogg/p/plu/plug_/plug__us_1.ogg
plus,A2,B2,preposition,"adjective, conjunction, noun, preposition",https://www.oxfordlearnersdictionaries.com/media/english/us_pron_ogg/p/plu/plus_/plus__us_1.ogg
pocket,A1,A2,noun,noun,https://www.oxfordlearnersdictionaries.com/media/english/us_pron_ogg/p/poc/pocke/pocket__us_1.ogg
poem,A1,B1,noun,noun,https://www.oxfordlearnersdictionaries.com/media/english/us_pron_ogg/p/poe/poem_/poem__us_1.ogg
point,A2,A1,verb,"noun, verb",https://www.oxfordlearnersdictionaries.com/media/english/us_pron_ogg/p/poi/point/point__us_1.ogg
poison,B2,B1,verb,"noun, verb",https://www.oxfordlearnersdictionaries.com/media/english/us_pron_ogg/p/poi/poiso/poison__us_1.ogg
pole,B1,C1,noun,noun,https://www.oxfordlearnersdictionaries.com/media/english/us_pron_ogg/p/pol/pole_/pole__us_1.ogg
police,A2,A1,noun,noun,https://www.oxfordlearnersdictionaries.com/media/english/us_pron_ogg/p/pol/polic/police__us_1.ogg
policeman,A2,A1,noun,noun,https://www.oxfordlearnersdictionaries.com/media/english/us_pron_ogg/p/pol/polic/policeman__us_1.ogg
political,A2,B1,adjective,adjective,https://www.oxfordlearnersdictionaries.com/media/english/us_pron_ogg/p/pol/polit/political__us_1.ogg
pollution,A1,A2,noun,noun,https://www.oxfordlearnersdictionaries.com/media/english/us_pron_ogg/p/pol/pollu/pollution__us_2.ogg
pond,B1,C1,noun,noun,https://www.oxfordlearnersdictionaries.com/media/english/us_pron_ogg/p/pon/pond_/pond__us_1.ogg
pop,B2,A2,verb,"adjective, noun, verb",https://www.oxfordlearnersdictionaries.com/media/english/us_pron_ogg/p/pop/pop__/pop__us_1.ogg
popular,A2,A1,adjective,adjective,https://www.oxfordlearnersdictionaries.com/media/english/us_pron_ogg/p/pop/popul/popular__us_1.ogg
portrait,A2,B1,noun,noun,https://www.oxfordlearnersdictionaries.com/media/english/us_pron_ogg/p/por/portr/portrait__us_1.ogg
positive,B1,A1,adjective,"adjective, noun",https://www.oxfordlearnersdictionaries.com/media/english/us_pron_ogg/p/pos/posit/positive__us_2.ogg
possess,B1,B2,verb,verb,https://www.oxfordlearnersdictionaries.com/media/english/us_pron_ogg/p/pos/posse/possess__us_2.ogg
possession,B1,A2,noun,noun,https://www.oxfordlearnersdictionaries.com/media/english/us_pron_ogg/p/pos/posse/possession__us_2.ogg
possibility,B1,A2,noun,noun,https://www.oxfordlearnersdictionaries.com/media/english/us_pron_ogg/p/pos/possi/possibility__us_4.ogg
possible,A2,A1,adjective,adjective,https://www.oxfordlearnersdictionaries.com/media/english/us_pron_ogg/p/pos/possi/possible__us_1.ogg
possibly,A2,B1,adverb,adverb,https://www.oxfordlearnersdictionaries.com/media/english/us_pron_ogg/p/pos/possi/possibly__us_1.ogg
post,A2,A1,verb,"noun, verb",https://www.oxfordlearnersdictionaries.com/media/english/us_pron_ogg/p/pos/post_/post__us_1.ogg
poster,A1,A2,noun,noun,https://www.oxfordlearnersdictionaries.com/media/english/us_pron_ogg/p/pos/poste/poster__us_2.ogg
postpone,B2,C1,verb,verb,https://www.oxfordlearnersdictionaries.com/media/english/us_pron_ogg/p/pos/postp/postpone__us_1.ogg
potential,B1,B2,noun,"adjective, noun",https://www.oxfordlearnersdictionaries.com/media/english/us_pron_ogg/p/pot/poten/potential__us_3.ogg
pound,B2,A1,verb,noun,https://www.oxfordlearnersdictionaries.com/media/english/us_pron_ogg/p/pou/pound/pound__us_1.ogg
pour,A2,B1,verb,verb,https://www.oxfordlearnersdictionaries.com/media/english/us_pron_ogg/p/pou/pour_/pour__us_1.ogg
powder,B2,B1,verb,noun,https://www.oxfordlearnersdictionaries.com/media/english/us_pron_ogg/p/pow/powde/powder__us_2.ogg
powerful,A2,B1,adjective,adjective,https://www.oxfordlearnersdictionaries.com/media/english/us_pron_ogg/p/pow/power/powerful__us_3.ogg
pray,A1,B1,verb,verb,https://www.oxfordlearnersdictionaries.com/media/english/us_pron_ogg/p/pra/pray_/pray__us_1.ogg
precious,B1,B2,adjective,adjective,https://www.oxfordlearnersdictionaries.com/media/english/us_pron_ogg/p/pre/preci/precious__us_1.ogg
precise,A2,B2,adjective,adjective,https://www.oxfordlearnersdictionaries.com/media/english/us_pron_ogg/p/pre/preci/precise__us_1.ogg
prediction,A2,B1,noun,noun,https://www.oxfordlearnersdictionaries.com/media/english/us_pron_ogg/p/pre/predi/prediction__us_3.ogg
prefer,A2,A1,verb,verb,https://www.oxfordlearnersdictionaries.com/media/english/us_pron_ogg/p/pre/prefe/prefer__us_3.ogg
preference,B1,B2,noun,noun,https://www.oxfordlearnersdictionaries.com/media/english/us_pron_ogg/p/pre/prefe/preference__us_1_rr.ogg
pregnant,B1,B2,adjective,adjective,https://www.oxfordlearnersdictionaries.com/media/english/us_pron_ogg/p/pre/pregn/pregnant__us_1.ogg
prejudice,B1,C1,noun,noun,https://www.oxfordlearnersdictionaries.com/media/english/us_pron_ogg/p/pre/preju/prejudice__us_1.ogg
preliminary,B2,C1,adjective,adjective,https://www.oxfordlearnersdictionaries.com/media/english/us_pron_ogg/p/pre/preli/preliminary__us_1.ogg
preparation,B1,B2,noun,noun,https://www.oxfordlearnersdictionaries.com/media/english/us_pron_ogg/p/pre/prepa/preparation__us_2.ogg
prepare,A2,A1,verb,verb,https://www.oxfordlearnersdictionaries.com/media/english/us_pron_ogg/p/pre/prepa/prepare__us_4.ogg
prescribe,B2,C1,verb,verb,https://www.oxfordlearnersdictionaries.com/media/english/us_pron_ogg/p/pre/presc/prescribe__us_1.ogg
prescription,B1,C1,noun,noun,https://www.oxfordlearnersdictionaries.com/media/english/us_pron_ogg/p/pre/presc/prescription__us_1.ogg
presence,B1,B2,noun,noun,https://www.oxfordlearnersdictionaries.com/media/english/us_pron_ogg/p/pre/prese/presence__us_2.ogg
present,B2,A1,verb,"adjective, noun, verb",https://www.oxfordlearnersdictionaries.com/media/english/us_pron_ogg/p/pre/prese/present__us_1.ogg
preservation,B1,C1,noun,noun,https://www.oxfordlearnersdictionaries.com/media/english/us_pron_ogg/p/pre/prese/preservation__us_1.ogg
preserve,B1,B2,verb,verb,https://www.oxfordlearnersdictionaries.com/media/english/us_pron_ogg/p/pre/prese/preserve__us_4.ogg
presidency,B2,C1,noun,noun,https://www.oxfordlearnersdictionaries.com/media/english/us_pron_ogg/p/pre/presi/presidency__us_1.ogg
president,B1,A2,noun,noun,https://www.oxfordlearnersdictionaries.com/media/english/us_pron_ogg/p/pre/presi/president__us_1_rr.ogg
presidential,B2,C1,adjective,adjective,https://www.oxfordlearnersdictionaries.com/media/english/us_pron_ogg/p/pre/presi/presidential__us_1.ogg
pressure,A2,B1,noun,noun,https://www.oxfordlearnersdictionaries.com/media/english/us_pron_ogg/p/pre/press/pressure__us_2.ogg
prestigious,B2,C1,adjective,adjective,https://www.oxfordlearnersdictionaries.com/media/english/us_pron_ogg/p/pre/prest/prestigious__us_2_rr.ogg
presumably,B2,C1,adverb,adverb,https://www.oxfordlearnersdictionaries.com/media/english/us_pron_ogg/p/pre/presu/presumably__us_1.ogg
pretend,A2,B1,verb,verb,https://www.oxfordlearnersdictionaries.com/media/english/us_pron_ogg/p/pre/prete/pretend__us_4.ogg
pretty,A2,A1,adverb,"adjective, adverb",https://www.oxfordlearnersdictionaries.com/media/english/us_pron_ogg/p/pre/prett/pretty__us_3.ogg
prevail,B2,C1,verb,verb,https://www.oxfordlearnersdictionaries.com/media/english/us_pron_ogg/p/pre/preva/prevail__us_1.ogg
prevention,B2,C1,noun,noun,https://www.oxfordlearnersdictionaries.com/media/english/us_pron_ogg/p/pre/preve/prevention__us_1.ogg
previously,B2,B1,adverb,adverb,https://www.oxfordlearnersdictionaries.com/media/english/us_pron_ogg/p/pre/previ/previously__us_2.ogg
price,B2,A1,verb,"noun, verb",https://www.oxfordlearnersdictionaries.com/media/english/us_pron_ogg/p/pri/price/price__us_1.ogg
pride,A2,B2,noun,noun,https://www.oxfordlearnersdictionaries.com/media/english/us_pron_ogg/p/pri/pride/pride__us_1.ogg
primarily,B1,B2,adverb,adverb,https://www.oxfordlearnersdictionaries.com/media/english/us_pron_ogg/p/pri/prima/primarily__us_1.ogg
primary,B2,B1,adjective,adjective,https://www.oxfordlearnersdictionaries.com/media/english/us_pron_ogg/p/pri/prima/primary__us_1_rr.ogg
prince,A1,B1,noun,noun,https://www.oxfordlearnersdictionaries.com/media/english/us_pron_ogg/p/pri/princ/prince__us_1.ogg
princess,A1,B1,noun,noun,https://www.oxfordlearnersdictionaries.com/media/english/us_pron_ogg/p/pri/princ/princess__us_1_rr.ogg
principle,B1,B2,noun,noun,https://www.oxfordlearnersdictionaries.com/media/english/us_pron_ogg/p/pri/princ/principle__us_2.ogg
print,A2,B2,verb,"noun, verb",https://www.oxfordlearnersdictionaries.com/media/english/us_pron_ogg/p/pri/print/print__us_1.ogg
prison,B1,A2,noun,noun,https://www.oxfordlearnersdictionaries.com/media/english/us_pron_ogg/p/pri/priso/prison__us_2.ogg
privacy,B1,B2,noun,noun,https://www.oxfordlearnersdictionaries.com/media/english/us_pron_ogg/p/pri/priva/privacy__us_2.ogg
private,A2,B1,adjective,adjective,https://www.oxfordlearnersdictionaries.com/media/english/us_pron_ogg/p/pri/priva/private__us_1.ogg
privilege,B2,C1,noun,noun,https://www.oxfordlearnersdictionaries.com/media/english/us_pron_ogg/p/pri/privi/privilege__us_1_rr.ogg
prize,B1,A2,noun,noun,https://www.oxfordlearnersdictionaries.com/media/english/us_pron_ogg/p/pri/prize/prize__us_1.ogg
probability,B1,B2,noun,noun,https://www.oxfordlearnersdictionaries.com/media/english/us_pron_ogg/p/pro/proba/probability__us_1.ogg
probably,A2,A1,adverb,adverb,https://www.oxfordlearnersdictionaries.com/media/english/us_pron_ogg/p/pro/proba/probably__us_1.ogg
probe,B2,C1,noun,"noun, verb",https://www.oxfordlearnersdictionaries.com/media/english/us_pron_ogg/p/pro/probe/probe__us_1.ogg
proceed,B1,B2,verb,verb,https://www.oxfordlearnersdictionaries.com/media/english/us_pron_ogg/p/pro/proce/proceed__us_1_rr.ogg
process,B2,A2,verb,"noun, verb",https://www.oxfordlearnersdictionaries.com/media/english/us_pron_ogg/p/pro/proce/process__us_1.ogg
proclaim,B1,C1,verb,verb,https://www.oxfordlearnersdictionaries.com/media/english/us_pron_ogg/p/pro/procl/proclaim__us_1_rr.ogg
produce,A2,B2,verb,"noun, verb",https://www.oxfordlearnersdictionaries.com/media/english/us_pron_ogg/p/pro/produ/produce__us_3.ogg
product,A2,A1,noun,noun,https://www.oxfordlearnersdictionaries.com/media/english/us_pron_ogg/p/pro/produ/product__us_1.ogg
production,A2,B1,noun,noun,https://www.oxfordlearnersdictionaries.com/media/english/us_pron_ogg/p/pro/produ/production__us_1.ogg
productive,B1,C1,adjective,adjective,https://www.oxfordlearnersdictionaries.com/media/english/us_pron_ogg/p/pro/produ/productive__us_1.ogg
professional,B2,A2,noun,"adjective, noun",https://www.oxfordlearnersdictionaries.com/media/english/us_pron_ogg/p/pro/profe/professional__us_4.ogg
professor,B1,A2,noun,noun,https://www.oxfordlearnersdictionaries.com/media/english/us_pron_ogg/p/pro/profe/professor__us_4.ogg
profile,B2,A2,noun,noun,https://www.oxfordlearnersdictionaries.com/media/english/us_pron_ogg/p/pro/profi/profile__us_2.ogg
profit,B2,B1,noun,noun,https://www.oxfordlearnersdictionaries.com/media/english/us_pron_ogg/p/pro/profi/profit__us_1.ogg
profitable,B2,C1,adjective,adjective,https://www.oxfordlearnersdictionaries.com/media/english/us_pron_ogg/p/pro/profi/profitable__us_1.ogg
progress,B2,A2,verb,"noun, verb",https://www.oxfordlearnersdictionaries.com/media/english/us_pron_ogg/p/pro/progr/progress__us_1_rr.ogg
progressive,A2,B2,adjective,adjective,https://www.oxfordlearnersdictionaries.com/media/english/us_pron_ogg/p/pro/progr/progressive__us_1.ogg
project,B2,A1,verb,"noun, verb",https://www.oxfordlearnersdictionaries.com/media/english/us_pron_ogg/p/pro/proje/project__us_1_rr.ogg
projection,B2,C1,noun,noun,https://www.oxfordlearnersdictionaries.com/media/english/us_pron_ogg/p/pro/proje/projection__us_1.ogg
prominent,B1,C1,adjective,adjective,https://www.oxfordlearnersdictionaries.com/media/english/us_pron_ogg/p/pro/promi/prominent__us_1.ogg
promise,B1,A2,verb,"noun, verb",https://www.oxfordlearnersdictionaries.com/media/english/us_pron_ogg/p/pro/promi/promise__us_1.ogg
promotion,B1,B2,noun,noun,https://www.oxfordlearnersdictionaries.com/media/english/us_pron_ogg/p/pro/promo/promotion__us_1.ogg
proof,B1,B2,noun,noun,https://www.oxfordlearnersdictionaries.com/media/english/us_pron_ogg/p/pro/proof/proof__us_1.ogg
proper,A2,B1,adjective,adjective,https://www.oxfordlearnersdictionaries.com/media/english/us_pron_ogg/p/pro/prope/proper__us_1.ogg
proportion,B1,B2,noun,noun,https://www.oxfordlearnersdictionaries.com/media/english/us_pron_ogg/p/pro/propo/proportion__us_1.ogg
proposal,B1,B2,noun,noun,https://www.oxfordlearnersdictionaries.com/media/english/us_pron_ogg/p/pro/propo/proposal__us_2.ogg
propose,B1,B2,verb,verb,https://www.oxfordlearnersdictionaries.com/media/english/us_pron_ogg/p/pro/propo/propose__us_2.ogg
prosecute,B2,C1,verb,verb,https://www.oxfordlearnersdictionaries.com/media/english/us_pron_ogg/p/pro/prose/prosecute__us_1.ogg
prosperity,B1,C1,noun,noun,https://www.oxfordlearnersdictionaries.com/media/english/us_pron_ogg/p/pro/prosp/prosperity__us_1.ogg
protect,B1,A2,verb,verb,https://www.oxfordlearnersdictionaries.com/media/english/us_pron_ogg/p/pro/prote/protect__us_1.ogg
protection,B1,B2,noun,noun,https://www.oxfordlearnersdictionaries.com/media/english/us_pron_ogg/p/pro/prote/protection__us_2.ogg
protective,B1,C1,adjective,adjective,https://www.oxfordlearnersdictionaries.com/media/english/us_pron_ogg/p/pro/prote/protective__us_1.ogg
protest,B2,B1,verb,"noun, verb",https://www.oxfordlearnersdictionaries.com/media/english/us_pron_ogg/p/pro/prote/protest__us_1_rr.ogg
province,B2,C1,noun,noun,https://www.oxfordlearnersdictionaries.com/media/english/us_pron_ogg/p/pro/provi/province__us_1.ogg
provision,B2,C1,noun,noun,https://www.oxfordlearnersdictionaries.com/media/english/us_pron_ogg/p/pro/provi/provision__us_1.ogg
psychological,B1,B2,adjective,adjective,https://www.oxfordlearnersdictionaries.com/media/english/us_pron_ogg/p/psy/psych/psychological__us_1.ogg
psychologist,A2,B2,noun,noun,https://www.oxfordlearnersdictionaries.com/media/english/us_pron_ogg/p/psy/psych/psychologist__us_1.ogg
pub,B1,A2,noun,noun,https://www.oxfordlearnersdictionaries.com/media/english/us_pron_ogg/p/pub/pub__/pub__us_1.ogg
pull,A2,B1,verb,"noun, verb",https://www.oxfordlearnersdictionaries.com/media/english/us_pron_ogg/p/pul/pull_/pull__us_1.ogg
pulse,B2,C1,noun,noun,https://www.oxfordlearnersdictionaries.com/media/english/us_pron_ogg/p/pul/pulse/pulse__us_1.ogg
pump,B1,C1,noun,"noun, verb",https://www.oxfordlearnersdictionaries.com/media/english/us_pron_ogg/p/pum/pump_/pump__us_1.ogg
punch,B2,C1,verb,"noun, verb",https://www.oxfordlearnersdictionaries.com/media/english/us_pron_ogg/p/pun/punch/punch__us_2.ogg
pupil,B1,B2,noun,noun,https://www.oxfordlearnersdictionaries.com/media/english/us_pron_ogg/p/pup/pupil/pupil__us_1.ogg
pure,B1,B2,adjective,adjective,https://www.oxfordlearnersdictionaries.com/media/english/us_pron_ogg/p/pur/pure_/pure__us_1.ogg
pursue,A2,B2,verb,verb,https://www.oxfordlearnersdictionaries.com/media/english/us_pron_ogg/p/pur/pursu/pursue__us_1.ogg
push,A1,B1,verb,"noun, verb",https://www.oxfordlearnersdictionaries.com/media/english/us_pron_ogg/p/pus/push_/push__us_1.ogg
puzzle,B1,B2,noun,noun,https://www.oxfordlearnersdictionaries.com/media/english/us_pron_ogg/p/puz/puzzl/puzzle__us_1.ogg
qualification,B2,B1,noun,noun,https://www.oxfordlearnersdictionaries.com/media/english/us_pron_ogg/q/qua/quali/qualification__us_4.ogg
quantity,B1,A2,noun,noun,https://www.oxfordlearnersdictionaries.com/media/english/us_pron_ogg/q/qua/quant/quantity__us_1.ogg
query,B2,C1,noun,noun,https://www.oxfordlearnersdictionaries.com/media/english/us_pron_ogg/q/que/query/query__us_1_rr.ogg
question,B2,A1,verb,"noun, verb",https://www.oxfordlearnersdictionaries.com/media/english/us_pron_ogg/q/que/quest/question__us_4.ogg
questionnaire,B1,B2,noun,noun,https://www.oxfordlearnersdictionaries.com/media/english/us_pron_ogg/q/que/quest/questionnaire__us_1.ogg
queue,B2,B1,verb,"noun, verb",https://www.oxfordlearnersdictionaries.com/media/english/us_pron_ogg/q/que/queue/queue__us_1.ogg
quick,A2,A1,adjective,adjective,https://www.oxfordlearnersdictionaries.com/media/english/us_pron_ogg/q/qui/quick/quick__us_1.ogg
quiet,B2,A1,noun,adjective,https://www.oxfordlearnersdictionaries.com/media/english/us_pron_ogg/q/qui/quiet/quiet__us_1.ogg
quit,A2,B1,verb,verb,https://www.oxfordlearnersdictionaries.com/media/english/us_pron_ogg/q/qui/quit_/quit__us_1.ogg
quite,A2,A1,adverb,adverb,https://www.oxfordlearnersdictionaries.com/media/english/us_pron_ogg/q/qui/quite/quite__us_1.ogg
quotation,B2,B1,noun,noun,https://www.oxfordlearnersdictionaries.com/media/english/us_pron_ogg/q/quo/quota/quotation__us_2.ogg
quote,B2,B1,verb,"noun, verb",https://www.oxfordlearnersdictionaries.com/media/english/us_pron_ogg/q/quo/quote/quote__us_1.ogg
race,B1,A2,verb,"noun, verb",https://www.oxfordlearnersdictionaries.com/media/english/us_pron_ogg/r/rac/race_/race__us_1.ogg
racial,B1,B2,adjective,adjective,https://www.oxfordlearnersdictionaries.com/media/english/us_pron_ogg/r/rac/racia/racial__us_1.ogg
radar,B2,C1,noun,noun,https://www.oxfordlearnersdictionaries.com/media/english/us_pron_ogg/r/rad/radar/radar__us_1.ogg
radiation,B1,B2,noun,noun,https://www.oxfordlearnersdictionaries.com/media/english/us_pron_ogg/r/rad/radia/radiation__us_1.ogg
radical,B2,C1,noun,adjective,https://www.oxfordlearnersdictionaries.com/media/english/us_pron_ogg/r/rad/radic/radical__us_1.ogg
rage,B1,C1,noun,noun,https://www.oxfordlearnersdictionaries.com/media/english/us_pron_ogg/r/rag/rage_/rage__us_1.ogg
rail,B1,B2,noun,noun,https://www.oxfordlearnersdictionaries.com/media/english/us_pron_ogg/r/rai/rail_/rail__us_1.ogg
railway,B1,A2,noun,noun,https://www.oxfordlearnersdictionaries.com/media/english/us_pron_ogg/r/rai/railw/railway__us_2.ogg
rally,B2,C1,noun,"noun, verb",https://www.oxfordlearnersdictionaries.com/media/english/us_pron_ogg/r/ral/rally/rally__us_1.ogg
range,B2,B1,verb,"noun, verb",https://www.oxfordlearnersdictionaries.com/media/english/us_pron_ogg/r/ran/range/range__us_1.ogg
rank,B1,B2,noun,"noun, verb",https://www.oxfordlearnersdictionaries.com/media/english/us_pron_ogg/r/ran/rank_/rank__us_1.ogg
rape,B2,C1,verb,"noun, verb",https://www.oxfordlearnersdictionaries.com/media/english/us_pron_ogg/r/rap/rape_/rape__us_1.ogg
rapid,B1,B2,adjective,adjective,https://www.oxfordlearnersdictionaries.com/media/english/us_pron_ogg/r/rap/rapid/rapid__us_1.ogg
rapidly,B1,B2,adverb,adverb,https://www.oxfordlearnersdictionaries.com/media/english/us_pron_ogg/r/rap/rapid/rapidly__us_2.ogg
rat,A1,B2,noun,noun,https://www.oxfordlearnersdictionaries.com/media/english/us_pron_ogg/r/rat/rat__/rat__us_1.ogg
rate,B2,A2,verb,"noun, verb",https://www.oxfordlearnersdictionaries.com/media/english/us_pron_ogg/r/rat/rate_/rate__us_1.ogg
rating,A2,B2,noun,noun,https://www.oxfordlearnersdictionaries.com/media/english/us_pron_ogg/r/rat/ratin/rating__us_1.ogg
rational,B1,C1,adjective,adjective,https://www.oxfordlearnersdictionaries.com/media/english/us_pron_ogg/r/rat/ratio/rational__us_1.ogg
raw,A2,B2,adjective,adjective,https://www.oxfordlearnersdictionaries.com/media/english/us_pron_ogg/r/raw/raw__/raw__us_1.ogg
ray,A2,C1,noun,noun,https://www.oxfordlearnersdictionaries.com/media/english/us_pron_ogg/r/ray/ray__/ray__us_1.ogg
reach,A2,B2,verb,"noun, verb",https://www.oxfordlearnersdictionaries.com/media/english/us_pron_ogg/r/rea/reach/reach__us_1.ogg
react,B1,A2,verb,verb,https://www.oxfordlearnersdictionaries.com/media/english/us_pron_ogg/r/rea/react/react__us_1.ogg
reaction,B2,B1,noun,noun,https://www.oxfordlearnersdictionaries.com/media/english/us_pron_ogg/r/rea/react/reaction__us_2.ogg
readily,B2,C1,adverb,adverb,https://www.oxfordlearnersdictionaries.com/media/english/us_pron_ogg/r/rea/readi/readily__us_1.ogg
realistic,B1,B2,adjective,adjective,https://www.oxfordlearnersdictionaries.com/media/english/us_pron_ogg/r/rea/reali/realistic__us_2.ogg
rear,B2,C1,adjective,"adjective, noun",https://www.oxfordlearnersdictionaries.com/media/english/us_pron_ogg/r/rea/rear_/rear__us_1.ogg
reasonable,B1,B2,adjective,adjective,https://www.oxfordlearnersdictionaries.com/media/english/us_pron_ogg/r/rea/reaso/reasonable__us_2_rr.ogg
rebel,B2,C1,verb,noun,https://www.oxfordlearnersdictionaries.com/media/english/us_pron_ogg/r/reb/rebel/rebel__us_1.ogg
rebuild,B1,B2,verb,verb,https://www.oxfordlearnersdictionaries.com/media/english/us_pron_ogg/r/reb/rebui/rebuild__us_1.ogg
recall,B1,B2,verb,verb,https://www.oxfordlearnersdictionaries.com/media/english/us_pron_ogg/r/rec/recal/recall__us_1_rr.ogg
receipt,A2,B1,noun,noun,https://www.oxfordlearnersdictionaries.com/media/english/us_pron_ogg/r/rec/recei/receipt__us_1.ogg
reception,B1,A2,noun,noun,https://www.oxfordlearnersdictionaries.com/media/english/us_pron_ogg/r/rec/recep/reception__us_3.ogg
recipe,B2,A2,noun,noun,https://www.oxfordlearnersdictionaries.com/media/english/us_pron_ogg/r/rec/recip/recipe__us_2.ogg
recommend,B1,A2,verb,verb,https://www.oxfordlearnersdictionaries.com/media/english/us_pron_ogg/r/rec/recom/recommend__us_1.ogg
recommendation,B2,B1,noun,noun,https://www.oxfordlearnersdictionaries.com/media/english/us_pron_ogg/r/rec/recom/recommendation__us_1.ogg
recording,B1,A2,noun,noun,https://www.oxfordlearnersdictionaries.com/media/english/us_pron_ogg/r/rec/recor/recording__us_1.ogg
recover,B1,B2,verb,verb,https://www.oxfordlearnersdictionaries.com/media/english/us_pron_ogg/r/rec/recov/recover__us_1.ogg
recovery,B1,B2,noun,noun,https://www.oxfordlearnersdictionaries.com/media/english/us_pron_ogg/r/rec/recov/recovery__us_1.ogg
red,A2,A1,noun,"adjective, noun",https://www.oxfordlearnersdictionaries.com/media/english/us_pron_ogg/r/red/red__/red__us_1.ogg
reduce,B1,A2,verb,verb,https://www.oxfordlearnersdictionaries.com/media/english/us_pron_ogg/r/red/reduc/reduce__us_1.ogg
reduction,B1,B2,noun,noun,https://www.oxfordlearnersdictionaries.com/media/english/us_pron_ogg/r/red/reduc/reduction__us_3.ogg
referee,B1,B2,noun,noun,https://www.oxfordlearnersdictionaries.com/media/english/us_pron_ogg/r/ref/refer/referee__us_1.ogg
reference,B2,B1,noun,noun,https://www.oxfordlearnersdictionaries.com/media/english/us_pron_ogg/r/ref/refer/reference__us_1.ogg
reflect,A2,B1,verb,verb,https://www.oxfordlearnersdictionaries.com/media/english/us_pron_ogg/r/ref/refle/reflect__us_1.ogg
reflection,B1,C1,noun,noun,https://www.oxfordlearnersdictionaries.com/media/english/us_pron_ogg/r/ref/refle/reflection__us_1.ogg
reform,B2,C1,noun,"noun, verb",https://www.oxfordlearnersdictionaries.com/media/english/us_pron_ogg/r/ref/refor/reform__us_1.ogg
refuge,B2,C1,noun,noun,https://www.oxfordlearnersdictionaries.com/media/english/us_pron_ogg/r/ref/refug/refuge__us_1.ogg
refusal,B1,C1,noun,noun,https://www.oxfordlearnersdictionaries.com/media/english/us_pron_ogg/r/ref/refus/refusal__us_1.ogg
refuse,B1,A2,verb,verb,https://www.oxfordlearnersdictionaries.com/media/english/us_pron_ogg/r/ref/refus/refuse__us_4.ogg
regain,B1,C1,verb,verb,https://www.oxfordlearnersdictionaries.com/media/english/us_pron_ogg/r/reg/regai/regain__us_1_rr.ogg
regard,B1,B2,verb,"noun, verb",https://www.oxfordlearnersdictionaries.com/media/english/us_pron_ogg/r/reg/regar/regard__us_1.ogg
regardless,B2,C1,adverb,adverb,https://www.oxfordlearnersdictionaries.com/media/english/us_pron_ogg/r/reg/regar/regardless__us_1.ogg
regime,B2,C1,noun,noun,https://www.oxfordlearnersdictionaries.com/media/english/us_pron_ogg/r/reg/regim/regime__us_2_rr.ogg
region,B1,A2,noun,noun,https://www.oxfordlearnersdictionaries.com/media/english/us_pron_ogg/r/reg/regio/region__us_1.ogg
regional,B1,B2,adjective,adjective,https://www.oxfordlearnersdictionaries.com/media/english/us_pron_ogg/r/reg/regio/regional__us_3.ogg
register,B1,B2,verb,"noun, verb",https://www.oxfordlearnersdictionaries.com/media/english/us_pron_ogg/r/reg/regis/register__us_1.ogg
registration,B1,B2,noun,noun,https://www.oxfordlearnersdictionaries.com/media/english/us_pron_ogg/r/reg/regis/registration__us_1.ogg
regret,A2,B2,verb,"noun, verb",https://www.oxfordlearnersdictionaries.com/media/english/us_pron_ogg/r/reg/regre/regret__us_1.ogg
regularly,A2,B1,adverb,adverb,https://www.oxfordlearnersdictionaries.com/media/english/us_pron_ogg/r/reg/regul/regularly__us_1.ogg
regulation,B1,B2,noun,noun,https://www.oxfordlearnersdictionaries.com/media/english/us_pron_ogg/r/reg/regul/regulation__us_2.ogg
rejection,B2,C1,noun,noun,https://www.oxfordlearnersdictionaries.com/media/english/us_pron_ogg/r/rej/rejec/rejection__us_1.ogg
related,B2,B1,adjective,adjective,https://www.oxfordlearnersdictionaries.com/media/english/us_pron_ogg/r/rel/relat/related__us_1.ogg
relationship,B1,A2,noun,noun,https://www.oxfordlearnersdictionaries.com/media/english/us_pron_ogg/r/rel/relat/relationship__us_1.ogg
relatively,B1,B2,adverb,adverb,https://www.oxfordlearnersdictionaries.com/media/english/us_pron_ogg/r/rel/relat/relatively__us_1.ogg
relax,A2,A1,verb,verb,https://www.oxfordlearnersdictionaries.com/media/english/us_pron_ogg/r/rel/relax/relax__us_1.ogg
relaxed,A2,B1,adjective,adjective,https://www.oxfordlearnersdictionaries.com/media/english/us_pron_ogg/r/rel/relax/relaxed__us_1.ogg
reluctant,B2,C1,adjective,adjective,https://www.oxfordlearnersdictionaries.com/media/english/us_pron_ogg/r/rel/reluc/reluctant__us_1.ogg
rely,B1,B2,verb,verb,https://www.oxfordlearnersdictionaries.com/media/english/us_pron_ogg/r/rel/rely_/rely__us_1.ogg
remain,A2,B1,verb,verb,https://www.oxfordlearnersdictionaries.com/media/english/us_pron_ogg/r/rem/remai/remain__us_1.ogg
remainder,B1,C1,noun,noun,https://www.oxfordlearnersdictionaries.com/media/english/us_pron_ogg/r/rem/remai/remainder__us_1.ogg
remains,B2,C1,noun,noun,https://www.oxfordlearnersdictionaries.com/media/english/us_pron_ogg/r/rem/remai/remains__us_1.ogg
remark,B1,B2,verb,"noun, verb",https://www.oxfordlearnersdictionaries.com/media/english/us_pron_ogg/r/rem/remar/remark__us_1.ogg
remarkable,B1,B2,adjective,adjective,https://www.oxfordlearnersdictionaries.com/media/english/us_pron_ogg/r/rem/remar/remarkable__us_1.ogg
remedy,B1,C1,noun,noun,https://www.oxfordlearnersdictionaries.com/media/english/us_pron_ogg/r/rem/remed/remedy__us_1.ogg
remind,A2,B1,verb,verb,https://www.oxfordlearnersdictionaries.com/media/english/us_pron_ogg/r/rem/remin/remind__us_2.ogg
reminder,B2,C1,noun,noun,https://www.oxfordlearnersdictionaries.com/media/english/us_pron_ogg/r/rem/remin/reminder__us_1.ogg
remote,A2,B1,adjective,adjective,https://www.oxfordlearnersdictionaries.com/media/english/us_pron_ogg/r/rem/remot/remote__us_1.ogg
remove,B1,A2,verb,verb,https://www.oxfordlearnersdictionaries.com/media/english/us_pron_ogg/r/rem/remov/remove__us_1.ogg
renew,B1,C1,verb,verb,https://www.oxfordlearnersdictionaries.com/media/english/us_pron_ogg/r/ren/renew/renew__us_1.ogg
rent,A2,B1,verb,"noun, verb",https://www.oxfordlearnersdictionaries.com/media/english/us_pron_ogg/r/ren/rent_/rent__us_2.ogg
rental,B2,C1,noun,noun,https://www.oxfordlearnersdictionaries.com/media/english/us_pron_ogg/r/ren/renta/rental__us_1.ogg
repair,A2,B1,verb,"noun, verb",https://www.oxfordlearnersdictionaries.com/media/english/us_pron_ogg/r/rep/repai/repair__us_7.ogg
repeat,A1,B1,verb,"noun, verb",https://www.oxfordlearnersdictionaries.com/media/english/us_pron_ogg/r/rep/repea/repeat__us_1.ogg
replacement,B2,C1,noun,noun,https://www.oxfordlearnersdictionaries.com/media/english/us_pron_ogg/r/rep/repla/replacement__us_1.ogg
reply,B1,A2,verb,"noun, verb",https://www.oxfordlearnersdictionaries.com/media/english/us_pron_ogg/r/rep/reply/reply__us_1.ogg
report,B1,A1,verb,"noun, verb",https://www.oxfordlearnersdictionaries.com/media/english/us_pron_ogg/r/rep/repor/report__us_1.ogg
reporter,A1,A2,noun,noun,https://www.oxfordlearnersdictionaries.com/media/english/us_pron_ogg/r/rep/repor/reporter__us_1.ogg
represent,A2,B1,verb,verb,https://www.oxfordlearnersdictionaries.com/media/english/us_pron_ogg/r/rep/repre/represent__us_1.ogg
representative,B1,B2,noun,"adjective, noun",https://www.oxfordlearnersdictionaries.com/media/english/us_pron_ogg/r/rep/repre/representative__us_4.ogg
reproduce,B1,C1,verb,verb,https://www.oxfordlearnersdictionaries.com/media/english/us_pron_ogg/r/rep/repro/reproduce__us_1.ogg
republic,B1,C1,noun,noun,https://www.oxfordlearnersdictionaries.com/media/english/us_pron_ogg/r/rep/repub/republic__us_1.ogg
reputation,B1,B2,noun,noun,https://www.oxfordlearnersdictionaries.com/media/english/us_pron_ogg/r/rep/reput/reputation__us_1.ogg
request,B1,A2,verb,"noun, verb",https://www.oxfordlearnersdictionaries.com/media/english/us_pron_ogg/r/req/reque/request__us_1.ogg
requirement,B1,B2,noun,noun,https://www.oxfordlearnersdictionaries.com/media/english/us_pron_ogg/r/req/requi/requirement__us_1.ogg
rescue,B1,B2,verb,"noun, verb",https://www.oxfordlearnersdictionaries.com/media/english/us_pron_ogg/r/res/rescu/rescue__us_2.ogg
research,B2,A2,verb,"noun, verb",https://www.oxfordlearnersdictionaries.com/media/english/us_pron_ogg/r/res/resea/research__us_2_rr.ogg
researcher,B1,A2,noun,noun,https://www.oxfordlearnersdictionaries.com/media/english/us_pron_ogg/r/res/resea/researcher__us_6.ogg
resemble,B1,C1,verb,verb,https://www.oxfordlearnersdictionaries.com/media/english/us_pron_ogg/r/res/resem/resemble__us_1.ogg
reserve,B1,B2,verb,"noun, verb",https://www.oxfordlearnersdictionaries.com/media/english/us_pron_ogg/r/res/reser/reserve__us_4.ogg
residence,B2,C1,noun,noun,https://www.oxfordlearnersdictionaries.com/media/english/us_pron_ogg/r/res/resid/residence__us_1_rr.ogg
residential,B1,C1,adjective,adjective,https://www.oxfordlearnersdictionaries.com/media/english/us_pron_ogg/r/res/resid/residential__us_1.ogg
resignation,B2,C1,noun,noun,https://www.oxfordlearnersdictionaries.com/media/english/us_pron_ogg/r/res/resig/resignation__us_1.ogg
resist,B1,B2,verb,verb,https://www.oxfordlearnersdictionaries.com/media/english/us_pron_ogg/r/res/resis/resist__us_1.ogg
resistance,B2,C1,noun,noun,https://www.oxfordlearnersdictionaries.com/media/english/us_pron_ogg/r/res/resis/resistance__us_1.ogg
resolve,B1,B2,verb,verb,https://www.oxfordlearnersdictionaries.com/media/english/us_pron_ogg/r/res/resol/resolve__us_1.ogg
resort,B1,B2,noun,noun,https://www.oxfordlearnersdictionaries.com/media/english/us_pron_ogg/r/res/resor/resort__us_1.ogg
respond,B1,A2,verb,verb,https://www.oxfordlearnersdictionaries.com/media/english/us_pron_ogg/r/res/respo/respond__us_1.ogg
rest,B1,A2,verb,"noun, verb",https://www.oxfordlearnersdictionaries.com/media/english/us_pron_ogg/r/res/rest_/rest__us_1.ogg
restore,B1,B2,verb,verb,https://www.oxfordlearnersdictionaries.com/media/english/us_pron_ogg/r/res/resto/restore__us_1.ogg
restrict,B1,B2,verb,verb,https://www.oxfordlearnersdictionaries.com/media/english/us_pron_ogg/r/res/restr/restrict__us_1.ogg
result,B1,A1,verb,"noun, verb",https://www.oxfordlearnersdictionaries.com/media/english/us_pron_ogg/r/res/resul/result__us_1.ogg
resume,B2,C1,verb,verb,https://www.oxfordlearnersdictionaries.com/media/english/us_pron_ogg/r/res/resum/resume__us_1.ogg
retail,B1,B2,noun,noun,https://www.oxfordlearnersdictionaries.com/media/english/us_pron_ogg/r/ret/retai/retail__us_1.ogg
retain,B1,B2,verb,verb,https://www.oxfordlearnersdictionaries.com/media/english/us_pron_ogg/r/ret/retai/retain__us_3.ogg
retire,A2,B1,verb,verb,https://www.oxfordlearnersdictionaries.com/media/english/us_pron_ogg/r/ret/retir/retire__us_3.ogg
retired,A2,B1,adjective,adjective,https://www.oxfordlearnersdictionaries.com/media/english/us_pron_ogg/r/ret/retir/retired__us_4.ogg
retreat,B2,C1,verb,"noun, verb",https://www.oxfordlearnersdictionaries.com/media/english/us_pron_ogg/r/ret/retre/retreat__us_1.ogg
retrieve,B2,C1,verb,verb,https://www.oxfordlearnersdictionaries.com/media/english/us_pron_ogg/r/ret/retri/retrieve__us_1.ogg
return,A2,A1,verb,"noun, verb",https://www.oxfordlearnersdictionaries.com/media/english/us_pron_ogg/r/ret/retur/return__us_2.ogg
reveal,A2,B2,verb,verb,https://www.oxfordlearnersdictionaries.com/media/english/us_pron_ogg/r/rev/revea/reveal__us_5.ogg
revelation,B2,C1,noun,noun,https://www.oxfordlearnersdictionaries.com/media/english/us_pron_ogg/r/rev/revel/revelation__us_1.ogg
revenge,B2,C1,noun,noun,https://www.oxfordlearnersdictionaries.com/media/english/us_pron_ogg/r/rev/reven/revenge__us_1.ogg
reverse,B2,C1,verb,"adjective, noun, verb",https://www.oxfordlearnersdictionaries.com/media/english/us_pron_ogg/r/rev/rever/reverse__us_1.ogg
review,B2,A2,verb,"noun, verb",https://www.oxfordlearnersdictionaries.com/media/english/us_pron_ogg/r/rev/revie/review__us_4.ogg
revision,B1,B2,noun,noun,https://www.oxfordlearnersdictionaries.com/media/english/us_pron_ogg/r/rev/revis/revision__us_1.ogg
revival,B2,C1,noun,noun,https://www.oxfordlearnersdictionaries.com/media/english/us_pron_ogg/r/rev/reviv/revival__us_1.ogg
revive,B2,C1,verb,verb,https://www.oxfordlearnersdictionaries.com/media/english/us_pron_ogg/r/rev/reviv/revive__us_1.ogg
revolutionary,B2,C1,adjective,adjective,https://www.oxfordlearnersdictionaries.com/media/english/us_pron_ogg/r/rev/revol/revolutionary__us_1.ogg
rhythm,A2,B2,noun,noun,https://www.oxfordlearnersdictionaries.com/media/english/us_pron_ogg/r/rhy/rhyth/rhythm__us_2.ogg
rid,B1,B2,verb,verb,https://www.oxfordlearnersdictionaries.com/media/english/us_pron_ogg/r/rid/rid__/rid__us_1.ogg
ride,A1,A2,verb,"noun, verb",https://www.oxfordlearnersdictionaries.com/media/english/us_pron_ogg/r/rid/ride_/ride__us_1.ogg
ridiculous,B1,B2,adjective,adjective,https://www.oxfordlearnersdictionaries.com/media/english/us_pron_ogg/r/rid/ridic/ridiculous__us_1.ogg
right,A2,A1,noun,"adjective, adverb, noun",https://www.oxfordlearnersdictionaries.com/media/english/us_pron_ogg/r/rig/right/right__us_1.ogg
ring,A1,A2,verb,"noun, verb",https://www.oxfordlearnersdictionaries.com/media/english/us_pron_ogg/r/rin/ring_/ring__us_1.ogg
rip,B2,C1,verb,verb,https://www.oxfordlearnersdictionaries.com/media/english/us_pron_ogg/r/rip/rip__/rip__us_2.ogg
risk,B2,B1,verb,"noun, verb",https://www.oxfordlearnersdictionaries.com/media/english/us_pron_ogg/r/ris/risk_/risk__us_1.ogg
ritual,B2,C1,noun,noun,https://www.oxfordlearnersdictionaries.com/media/english/us_pron_ogg/r/rit/ritua/ritual__us_1.ogg
road,A2,A1,noun,noun,https://www.oxfordlearnersdictionaries.com/media/english/us_pron_ogg/r/roa/road_/road__us_1.ogg
rob,A2,B2,verb,verb,https://www.oxfordlearnersdictionaries.com/media/english/us_pron_ogg/r/rob/rob__/rob__us_1.ogg
robbery,A2,B2,noun,noun,https://www.oxfordlearnersdictionaries.com/media/english/us_pron_ogg/r/rob/robbe/robbery__us_1.ogg
rock,B2,A2,verb,"noun, verb",https://www.oxfordlearnersdictionaries.com/media/english/us_pron_ogg/r/roc/rock_/rock__us_1.ogg
role,A1,A2,noun,noun,https://www.oxfordlearnersdictionaries.com/media/english/us_pron_ogg/r/rol/role_/role__us_1.ogg
roll,B2,B1,verb,"noun, verb",https://www.oxfordlearnersdictionaries.com/media/english/us_pron_ogg/r/rol/roll_/roll__us_1.ogg
romance,A2,B2,noun,noun,https://www.oxfordlearnersdictionaries.com/media/english/us_pron_ogg/r/rom/roman/romance__us_1_rr.ogg
romantic,A2,B1,adjective,adjective,https://www.oxfordlearnersdictionaries.com/media/english/us_pron_ogg/r/rom/roman/romantic__us_1.ogg
room,B1,A1,verb,noun,https://www.oxfordlearnersdictionaries.com/media/english/us_pron_ogg/r/roo/room_/room__us_1_rr.ogg
root,A2,B2,noun,noun,https://www.oxfordlearnersdictionaries.com/media/english/us_pron_ogg/r/roo/root_/root__us_1_rr.ogg
rope,A2,B1,noun,noun,https://www.oxfordlearnersdictionaries.com/media/english/us_pron_ogg/r/rop/rope_/rope__us_1.ogg
rose,A1,B2,noun,noun,https://www.oxfordlearnersdictionaries.com/media/english/us_pron_ogg/r/ros/rose_/rose__us_2.ogg
roughly,A2,B2,adverb,adverb,https://www.oxfordlearnersdictionaries.com/media/english/us_pron_ogg/r/rou/rough/roughly__us_1.ogg
round,B2,A2,verb,"adjective, adverb, noun, preposition",https://www.oxfordlearnersdictionaries.com/media/english/us_pron_ogg/r/rou/round/round__us_1.ogg
route,B2,A2,noun,noun,https://www.oxfordlearnersdictionaries.com/media/english/us_pron_ogg/r/rou/route/route__us_1_rr.ogg
routine,B1,B2,noun,"adjective, noun",https://www.oxfordlearnersdictionaries.com/media/english/us_pron_ogg/r/rou/routi/routine__us_1.ogg
row,B2,B1,verb,noun,https://www.oxfordlearnersdictionaries.com/media/english/us_pron_ogg/r/row/row__/row__us_1.ogg
royal,A2,B1,adjective,adjective,https://www.oxfordlearnersdictionaries.com/media/english/us_pron_ogg/r/roy/royal/royal__us_1.ogg
rubber,B1,B2,noun,"adjective, noun",https://www.oxfordlearnersdictionaries.com/media/english/us_pron_ogg/r/rub/rubbe/rubber__us_1.ogg
rubbish,B1,A2,noun,noun,https://www.oxfordlearnersdictionaries.com/media/english/us_pron_ogg/r/rub/rubbi/rubbish__us_1.ogg
rude,A1,A2,adjective,adjective,https://www.oxfordlearnersdictionaries.com/media/english/us_pron_ogg/r/rud/rude_/rude__us_1.ogg
rugby,A2,B1,noun,noun,https://www.oxfordlearnersdictionaries.com/media/english/us_pron_ogg/r/rug/rugby/rugby__us_2.ogg
ruin,A2,B2,verb,"noun, verb",https://www.oxfordlearnersdictionaries.com/media/english/us_pron_ogg/r/rui/ruin_/ruin__us_1.ogg
rule,B2,A1,verb,"noun, verb",https://www.oxfordlearnersdictionaries.com/media/english/us_pron_ogg/r/rul/rule_/rule__us_1.ogg
run,A1,A2,verb,"noun, verb",https://www.oxfordlearnersdictionaries.com/media/english/us_pron_ogg/r/run/run__/run__us_1.ogg
rush,B1,B2,verb,"noun, verb",https://www.oxfordlearnersdictionaries.com/media/english/us_pron_ogg/r/rus/rush_/rush__us_1.ogg
sack,B2,C1,verb,verb,https://www.oxfordlearnersdictionaries.com/media/english/us_pron_ogg/s/sac/sack_/sack__us_1.ogg
sacred,B1,C1,adjective,adjective,https://www.oxfordlearnersdictionaries.com/media/english/us_pron_ogg/s/sac/sacre/sacred__us_1.ogg
sail,B2,B1,verb,"noun, verb",https://www.oxfordlearnersdictionaries.com/media/english/us_pron_ogg/s/sai/sail_/sail__us_1.ogg
sailor,A1,B1,noun,noun,https://www.oxfordlearnersdictionaries.com/media/english/us_pron_ogg/s/sai/sailo/sailor__us_1.ogg
sake,A2,C1,noun,noun,https://www.oxfordlearnersdictionaries.com/media/english/us_pron_ogg/s/sak/sake_/sake__us_1.ogg
salary,B2,A2,noun,noun,https://www.oxfordlearnersdictionaries.com/media/english/us_pron_ogg/s/sal/salar/salary__us_1.ogg
sale,A1,A2,noun,noun,https://www.oxfordlearnersdictionaries.com/media/english/us_pron_ogg/s/sal/sale_/sale__us_1.ogg
salt,A2,A1,noun,noun,https://www.oxfordlearnersdictionaries.com/media/english/us_pron_ogg/s/sal/salt_/salt__us_1.ogg
sample,A2,B1,noun,"noun, verb",https://www.oxfordlearnersdictionaries.com/media/english/us_pron_ogg/s/sam/sampl/sample__us_1.ogg
satellite,B1,B2,noun,noun,https://www.oxfordlearnersdictionaries.com/media/english/us_pron_ogg/s/sat/satel/satellite__us_1.ogg
satisfaction,B1,B2,noun,noun,https://www.oxfordlearnersdictionaries.com/media/english/us_pron_ogg/s/sat/satis/satisfaction__us_1.ogg
satisfied,B1,B2,adjective,adjective,https://www.oxfordlearnersdictionaries.com/media/english/us_pron_ogg/s/sat/satis/satisfied__us_3.ogg
satisfy,A2,B2,verb,verb,https://www.oxfordlearnersdictionaries.com/media/english/us_pron_ogg/s/sat/satis/satisfy__us_2.ogg
save,A1,A2,verb,verb,https://www.oxfordlearnersdictionaries.com/media/english/us_pron_ogg/s/sav/save_/save__us_1.ogg
say,A1,C1,verb,"noun, verb",https://www.oxfordlearnersdictionaries.com/media/english/us_pron_ogg/s/say/say__/say__us_1.ogg
scale,A2,B2,noun,noun,https://www.oxfordlearnersdictionaries.com/media/english/us_pron_ogg/s/sca/scale/scale__us_1.ogg
scan,B2,B1,verb,verb,https://www.oxfordlearnersdictionaries.com/media/english/us_pron_ogg/s/sca/scan_/scan__us_1.ogg
scare,B1,B2,verb,"noun, verb",https://www.oxfordlearnersdictionaries.com/media/english/us_pron_ogg/s/sca/scare/scare__us_1.ogg
scared,B1,A2,adjective,adjective,https://www.oxfordlearnersdictionaries.com/media/english/us_pron_ogg/s/sca/scare/scared__us_2.ogg
scary,B1,A2,adjective,adjective,https://www.oxfordlearnersdictionaries.com/media/english/us_pron_ogg/s/sca/scary/scary__us_2.ogg
schedule,B2,A2,verb,"noun, verb",https://www.oxfordlearnersdictionaries.com/media/english/us_pron_ogg/s/sch/sched/schedule__us_1_rr.ogg
scholar,B1,B2,noun,noun,https://www.oxfordlearnersdictionaries.com/media/english/us_pron_ogg/s/sch/schol/scholar__us_1.ogg
scholarship,B1,B2,noun,noun,https://www.oxfordlearnersdictionaries.com/media/english/us_pron_ogg/s/sch/schol/scholarship__us_1.ogg
scientific,A2,B1,adjective,adjective,https://www.oxfordlearnersdictionaries.com/media/english/us_pron_ogg/s/sci/scien/scientific__us_1.ogg
scope,B1,C1,noun,noun,https://www.oxfordlearnersdictionaries.com/media/english/us_pron_ogg/s/sco/scope/scope__us_1.ogg
score,B1,A2,verb,"noun, verb",https://www.oxfordlearnersdictionaries.com/media/english/us_pron_ogg/s/sco/score/score__us_1.ogg
scream,B1,B2,verb,"noun, verb",https://www.oxfordlearnersdictionaries.com/media/english/us_pron_ogg/s/scr/screa/scream__us_1.ogg
screen,B2,A2,verb,"noun, verb",https://www.oxfordlearnersdictionaries.com/media/english/us_pron_ogg/s/scr/scree/screen__us_1.ogg
screw,B2,C1,verb,"noun, verb",https://www.oxfordlearnersdictionaries.com/media/english/us_pron_ogg/s/scr/screw/screw__us_1.ogg
script,A2,B1,noun,noun,https://www.oxfordlearnersdictionaries.com/media/english/us_pron_ogg/s/scr/scrip/script__us_1.ogg
seal,B2,C1,noun,"noun, verb",https://www.oxfordlearnersdictionaries.com/media/english/us_pron_ogg/s/sea/seal_/seal__us_1.ogg
search,B1,A2,verb,"noun, verb",https://www.oxfordlearnersdictionaries.com/media/english/us_pron_ogg/s/sea/searc/search__us_1.ogg
season,B1,A2,noun,noun,https://www.oxfordlearnersdictionaries.com/media/english/us_pron_ogg/s/sea/seaso/season__us_2.ogg
seat,A1,A2,noun,"noun, verb",https://www.oxfordlearnersdictionaries.com/media/english/us_pron_ogg/s/sea/seat_/seat__us_1.ogg
secondary,B2,B1,adjective,adjective,https://www.oxfordlearnersdictionaries.com/media/english/us_pron_ogg/s/sec/secon/secondary__us_1.ogg
secondly,B2,A2,adverb,adverb,https://www.oxfordlearnersdictionaries.com/media/english/us_pron_ogg/s/sec/secon/secondly__us_2.ogg
secure,B1,B2,adjective,"adjective, verb",https://www.oxfordlearnersdictionaries.com/media/english/us_pron_ogg/s/sec/secur/secure__us_2.ogg
seed,A2,B1,noun,noun,https://www.oxfordlearnersdictionaries.com/media/english/us_pron_ogg/s/see/seed_/seed__us_1.ogg
seek,A2,B2,verb,verb,https://www.oxfordlearnersdictionaries.com/media/english/us_pron_ogg/s/see/seek_/seek__us_1.ogg
segment,B2,C1,noun,noun,https://www.oxfordlearnersdictionaries.com/media/english/us_pron_ogg/s/seg/segme/segment__us_1.ogg
seize,B1,C1,verb,verb,https://www.oxfordlearnersdictionaries.com/media/english/us_pron_ogg/s/sei/seize/seize__us_1.ogg
seldom,B2,C1,adverb,adverb,https://www.oxfordlearnersdictionaries.com/media/english/us_pron_ogg/s/sel/seldo/seldom__us_1.ogg
selection,B1,B2,noun,noun,https://www.oxfordlearnersdictionaries.com/media/english/us_pron_ogg/s/sel/selec/selection__us_2.ogg
self,A1,B2,noun,noun,https://www.oxfordlearnersdictionaries.com/media/english/us_pron_ogg/s/sel/self_/self__us_1.ogg
senator,B2,C1,noun,noun,https://www.oxfordlearnersdictionaries.com/media/english/us_pron_ogg/s/sen/senat/senator__us_1.ogg
send,A2,A1,verb,verb,https://www.oxfordlearnersdictionaries.com/media/english/us_pron_ogg/s/sen/send_/send__us_1.ogg
senior,A2,B2,noun,adjective,https://www.oxfordlearnersdictionaries.com/media/english/us_pron_ogg/s/sen/senio/senior__us_1.ogg
sensation,B1,C1,noun,noun,https://www.oxfordlearnersdictionaries.com/media/english/us_pron_ogg/s/sen/sensa/sensation__us_1.ogg
sense,B2,A2,verb,"noun, verb",https://www.oxfordlearnersdictionaries.com/media/english/us_pron_ogg/s/sen/sense/sense__us_1.ogg
sensible,B2,B1,adjective,adjective,https://www.oxfordlearnersdictionaries.com/media/english/us_pron_ogg/s/sen/sensi/sensible__us_3.ogg
sentence,B2,A1,verb,"noun, verb",https://www.oxfordlearnersdictionaries.com/media/english/us_pron_ogg/s/sen/sente/sentence__us_2.ogg
separate,B2,A2,verb,"adjective, verb",https://www.oxfordlearnersdictionaries.com/media/english/us_pron_ogg/s/sep/separ/separate__us_1.ogg
separation,B1,C1,noun,noun,https://www.oxfordlearnersdictionaries.com/media/english/us_pron_ogg/s/sep/separ/separation__us_1.ogg
sequence,B1,B2,noun,noun,https://www.oxfordlearnersdictionaries.com/media/english/us_pron_ogg/s/seq/seque/sequence__us_2.ogg
serial,B2,C1,adjective,adjective,https://www.oxfordlearnersdictionaries.com/media/english/us_pron_ogg/s/ser/seria/serial__us_1.ogg
series,B1,A2,noun,noun,https://www.oxfordlearnersdictionaries.com/media/english/us_pron_ogg/s/ser/serie/series__us_2.ogg
serious,B1,A2,adjective,adjective,https://www.oxfordlearnersdictionaries.com/media/english/us_pron_ogg/s/ser/serio/serious__us_1.ogg
seriously,A2,B1,adverb,adverb,https://www.oxfordlearnersdictionaries.com/media/english/us_pron_ogg/s/ser/serio/seriously__us_2.ogg
servant,B2,B1,noun,noun,https://www.oxfordlearnersdictionaries.com/media/english/us_pron_ogg/s/ser/serva/servant__us_1.ogg
service,B1,A2,verb,noun,https://www.oxfordlearnersdictionaries.com/media/english/us_pron_ogg/s/ser/servi/service__us_3.ogg
session,B1,B2,noun,noun,https://www.oxfordlearnersdictionaries.com/media/english/us_pron_ogg/s/ses/sessi/session__us_3.ogg
set,A1,B1,verb,"noun, verb",https://www.oxfordlearnersdictionaries.com/media/english/us_pron_ogg/s/set/set__/set__us_1.ogg
settle,B1,B2,verb,verb,https://www.oxfordlearnersdictionaries.com/media/english/us_pron_ogg/s/set/settl/settle__us_2.ogg
settlement,B1,C1,noun,noun,https://www.oxfordlearnersdictionaries.com/media/english/us_pron_ogg/s/set/settl/settlement__us_1.ogg
settler,B1,B2,noun,noun,https://www.oxfordlearnersdictionaries.com/media/english/us_pron_ogg/s/set/settl/settler__us_2_rr.ogg
severe,B1,B2,adjective,adjective,https://www.oxfordlearnersdictionaries.com/media/english/us_pron_ogg/s/sev/sever/severe__us_1.ogg
severely,B1,B2,adverb,adverb,https://www.oxfordlearnersdictionaries.com/media/english/us_pron_ogg/s/sev/sever/severely__us_1.ogg
sexual,B2,B1,adjective,adjective,https://www.oxfordlearnersdictionaries.com/media/english/us_pron_ogg/s/sex/sexua/sexual__us_1.ogg
shade,A2,B2,noun,noun,https://www.oxfordlearnersdictionaries.com/media/english/us_pron_ogg/s/sha/shade/shade__us_1.ogg
shadow,B1,B2,verb,noun,https://www.oxfordlearnersdictionaries.com/media/english/us_pron_ogg/s/sha/shado/shadow__us_1.ogg
shallow,B1,B2,adjective,adjective,https://www.oxfordlearnersdictionaries.com/media/english/us_pron_ogg/s/sha/shall/shallow__us_1.ogg
shame,B1,B2,noun,noun,https://www.oxfordlearnersdictionaries.com/media/english/us_pron_ogg/s/sha/shame/shame__us_1.ogg
shape,B1,A2,verb,"noun, verb",https://www.oxfordlearnersdictionaries.com/media/english/us_pron_ogg/s/sha/shape/shape__us_1.ogg
share,A1,B1,verb,"noun, verb",https://www.oxfordlearnersdictionaries.com/media/english/us_pron_ogg/s/sha/share/share__us_1.ogg
sharp,B2,B1,adverb,adjective,https://www.oxfordlearnersdictionaries.com/media/english/us_pron_ogg/s/sha/sharp/sharp__us_1.ogg
shatter,B2,C1,verb,verb,https://www.oxfordlearnersdictionaries.com/media/english/us_pron_ogg/s/sha/shatt/shatter__us_1.ogg
shed,B2,C1,noun,verb,https://www.oxfordlearnersdictionaries.com/media/english/us_pron_ogg/s/she/shed_/shed__us_1.ogg
sheer,B1,C1,adjective,adjective,https://www.oxfordlearnersdictionaries.com/media/english/us_pron_ogg/s/she/sheer/sheer__us_1.ogg
sheet,B1,A2,noun,noun,https://www.oxfordlearnersdictionaries.com/media/english/us_pron_ogg/s/she/sheet/sheet__us_1.ogg
shelf,A1,B1,noun,noun,https://www.oxfordlearnersdictionaries.com/media/english/us_pron_ogg/s/she/shelf/shelf__us_1.ogg
shell,B2,B1,verb,noun,https://www.oxfordlearnersdictionaries.com/media/english/us_pron_ogg/s/she/shell/shell__us_1.ogg
shelter,B1,B2,noun,"noun, verb",https://www.oxfordlearnersdictionaries.com/media/english/us_pron_ogg/s/she/shelt/shelter__us_3.ogg
shine,A2,B1,verb,verb,https://www.oxfordlearnersdictionaries.com/media/english/us_pron_ogg/s/shi/shine/shine__us_1.ogg
ship,B1,A2,verb,"noun, verb",https://www.oxfordlearnersdictionaries.com/media/english/us_pron_ogg/s/shi/ship_/ship__us_1.ogg
shipping,B2,C1,noun,noun,https://www.oxfordlearnersdictionaries.com/media/english/us_pron_ogg/s/shi/shipp/shipping__us_1.ogg
shocked,B1,B2,adjective,adjective,https://www.oxfordlearnersdictionaries.com/media/english/us_pron_ogg/s/sho/shock/shocked__us_1.ogg
shocking,B1,B2,adjective,adjective,https://www.oxfordlearnersdictionaries.com/media/english/us_pron_ogg/s/sho/shock/shocking__us_1.ogg
shoot,A2,C1,verb,"noun, verb",https://www.oxfordlearnersdictionaries.com/media/english/us_pron_ogg/s/sho/shoot/shoot__us_1.ogg
shop,B1,A1,verb,"noun, verb",https://www.oxfordlearnersdictionaries.com/media/english/us_pron_ogg/s/sho/shop_/shop__us_1.ogg
shore,A2,B2,noun,noun,https://www.oxfordlearnersdictionaries.com/media/english/us_pron_ogg/s/sho/shore/shore__us_1.ogg
shortage,B1,B2,noun,noun,https://www.oxfordlearnersdictionaries.com/media/english/us_pron_ogg/s/sho/short/shortage__us_1.ogg
shortly,B1,B2,adverb,adverb,https://www.oxfordlearnersdictionaries.com/media/english/us_pron_ogg/s/sho/short/shortly__us_1.ogg
shot,A2,B2,noun,noun,https://www.oxfordlearnersdictionaries.com/media/english/us_pron_ogg/s/sho/shot_/shot__us_2.ogg
shoulder,A1,A2,noun,noun,https://www.oxfordlearnersdictionaries.com/media/english/us_pron_ogg/s/sho/shoul/shoulder__us_1.ogg
shout,B1,A2,verb,"noun, verb",https://www.oxfordlearnersdictionaries.com/media/english/us_pron_ogg/s/sho/shout/shout__us_1.ogg
shower,B2,A1,verb,noun,https://www.oxfordlearnersdictionaries.com/media/english/us_pron_ogg/s/sho/showe/shower__us_1.ogg
shrink,B2,C1,verb,verb,https://www.oxfordlearnersdictionaries.com/media/english/us_pron_ogg/s/shr/shrin/shrink__us_1.ogg
shrug,B2,C1,verb,verb,https://www.oxfordlearnersdictionaries.com/media/english/us_pron_ogg/s/shr/shrug/shrug__us_1.ogg
shy,A1,B1,adjective,adjective,https://www.oxfordlearnersdictionaries.com/media/english/us_pron_ogg/s/shy/shy__/shy__us_1.ogg
side,A1,A2,noun,noun,https://www.oxfordlearnersdictionaries.com/media/english/us_pron_ogg/s/sid/side_/side__us_1.ogg
sigh,B2,C1,verb,"noun, verb",https://www.oxfordlearnersdictionaries.com/media/english/us_pron_ogg/s/sig/sigh_/sigh__us_1.ogg
sight,A1,B1,noun,noun,https://www.oxfordlearnersdictionaries.com/media/english/us_pron_ogg/s/sig/sight/sight__us_1.ogg
sign,B1,A2,verb,"noun, verb",https://www.oxfordlearnersdictionaries.com/media/english/us_pron_ogg/s/sig/sign_/sign__us_1.ogg
signature,B1,B2,noun,noun,https://www.oxfordlearnersdictionaries.com/media/english/us_pron_ogg/s/sig/signa/signature__us_1.ogg
significance,B1,B2,noun,noun,https://www.oxfordlearnersdictionaries.com/media/english/us_pron_ogg/s/sig/signi/significance__us_1.ogg
significant,A2,B2,adjective,adjective,https://www.oxfordlearnersdictionaries.com/media/english/us_pron_ogg/s/sig/signi/significant__us_1.ogg
silence,A2,B2,noun,noun,https://www.oxfordlearnersdictionaries.com/media/english/us_pron_ogg/s/sil/silen/silence__us_2.ogg
silk,B1,B2,noun,noun,https://www.oxfordlearnersdictionaries.com/media/english/us_pron_ogg/s/sil/silk_/silk__us_1.ogg
silly,A2,B1,adjective,adjective,https://www.oxfordlearnersdictionaries.com/media/english/us_pron_ogg/s/sil/silly/silly__us_2.ogg
similar,A2,A1,adjective,adjective,https://www.oxfordlearnersdictionaries.com/media/english/us_pron_ogg/s/sim/simil/similar__us_1.ogg
simply,A2,B1,adverb,adverb,https://www.oxfordlearnersdictionaries.com/media/english/us_pron_ogg/s/sim/simpl/simply__us_1.ogg
simultaneously,B1,C1,adverb,adverb,https://www.oxfordlearnersdictionaries.com/media/english/us_pron_ogg/s/sim/simul/simultaneously__us_1.ogg
since,A2,B1,preposition,"adverb, conjunction, preposition",https://www.oxfordlearnersdictionaries.com/media/english/us_pron_ogg/s/sin/since/since__us_1.ogg
single,B1,A2,noun,"adjective, noun",https://www.oxfordlearnersdictionaries.com/media/english/us_pron_ogg/s/sin/singl/single__us_1.ogg
sir,A1,A2,noun,noun,https://www.oxfordlearnersdictionaries.com/media/english/us_pron_ogg/s/sir/sir__/sir__us_1.ogg
site,A1,A2,noun,noun,https://www.oxfordlearnersdictionaries.com/media/english/us_pron_ogg/s/sit/site_/site__us_1.ogg
situation,A2,A1,noun,noun,https://www.oxfordlearnersdictionaries.com/media/english/us_pron_ogg/s/sit/situa/situation__us_1.ogg
size,A1,A2,noun,noun,https://www.oxfordlearnersdictionaries.com/media/english/us_pron_ogg/s/siz/size_/size__us_1.ogg
sketch,B2,C1,verb,noun,https://www.oxfordlearnersdictionaries.com/media/english/us_pron_ogg/s/ske/sketc/sketch__us_1.ogg
ski,B1,A2,verb,"adjective, noun, verb",https://www.oxfordlearnersdictionaries.com/media/english/us_pron_ogg/s/ski/ski__/ski__us_1.ogg
skin,B1,A2,noun,noun,https://www.oxfordlearnersdictionaries.com/media/english/us_pron_ogg/s/ski/skin_/skin__us_1.ogg
skip,B2,C1,verb,verb,https://www.oxfordlearnersdictionaries.com/media/english/us_pron_ogg/s/ski/skip_/skip__us_1.ogg
sky,A1,A2,noun,noun,https://www.oxfordlearnersdictionaries.com/media/english/us_pron_ogg/s/sky/sky__/sky__us_1.ogg
slam,B2,C1,verb,verb,https://www.oxfordlearnersdictionaries.com/media/english/us_pron_ogg/s/sla/slam_/slam__us_1.ogg
slap,B2,C1,verb,verb,https://www.oxfordlearnersdictionaries.com/media/english/us_pron_ogg/s/sla/slap_/slap__us_1.ogg
slash,B2,C1,noun,verb,https://www.oxfordlearnersdictionaries.com/media/english/us_pron_ogg/s/sla/slash/slash__us_1.ogg
slave,A2,B2,noun,noun,https://www.oxfordlearnersdictionaries.com/media/english/us_pron_ogg/s/sla/slave/slave__us_1.ogg
slavery,B1,C1,noun,noun,https://www.oxfordlearnersdictionaries.com/media/english/us_pron_ogg/s/sla/slave/slavery__us_1.ogg
sleep,A1,A2,verb,"noun, verb",https://www.oxfordlearnersdictionaries.com/media/english/us_pron_ogg/s/sle/sleep/sleep__us_1.ogg
slice,B2,B1,verb,"noun, verb",https://www.oxfordlearnersdictionaries.com/media/english/us_pron_ogg/s/sli/slice/slice__us_1.ogg
slight,B1,B2,noun,adjective,https://www.oxfordlearnersdictionaries.com/media/english/us_pron_ogg/s/sli/sligh/slight__us_1.ogg
slip,B1,B2,verb,verb,https://www.oxfordlearnersdictionaries.com/media/english/us_pron_ogg/s/sli/slip_/slip__us_1.ogg
slogan,B1,B2,noun,noun,https://www.oxfordlearnersdictionaries.com/media/english/us_pron_ogg/s/slo/sloga/slogan__us_1.ogg
slope,B1,B2,noun,"noun, verb",https://www.oxfordlearnersdictionaries.com/media/english/us_pron_ogg/s/slo/slope/slope__us_1.ogg
slot,B1,C1,noun,noun,https://www.oxfordlearnersdictionaries.com/media/english/us_pron_ogg/s/slo/slot_/slot__us_1.ogg
slow,B1,A1,verb,"adjective, verb",https://www.oxfordlearnersdictionaries.com/media/english/us_pron_ogg/s/slo/slow_/slow__us_1.ogg
smart,A1,B1,adjective,adjective,https://www.oxfordlearnersdictionaries.com/media/english/us_pron_ogg/s/sma/smart/smart__us_1.ogg
smash,B2,C1,verb,verb,https://www.oxfordlearnersdictionaries.com/media/english/us_pron_ogg/s/sma/smash/smash__us_1.ogg
smell,B1,A2,verb,"noun, verb",https://www.oxfordlearnersdictionaries.com/media/english/us_pron_ogg/s/sme/smell/smell__us_1.ogg
smile,B1,A2,verb,"noun, verb",https://www.oxfordlearnersdictionaries.com/media/english/us_pron_ogg/s/smi/smile/smile__us_1.ogg
smoking,A1,A2,noun,noun,https://www.oxfordlearnersdictionaries.com/media/english/us_pron_ogg/s/smo/smoki/smoking__us_3.ogg
smooth,A2,B1,adjective,adjective,https://www.oxfordlearnersdictionaries.com/media/english/us_pron_ogg/s/smo/smoot/smooth__us_1.ogg
snap,B2,C1,verb,verb,https://www.oxfordlearnersdictionaries.com/media/english/us_pron_ogg/s/sna/snap_/snap__us_1.ogg
snow,A2,A1,verb,"noun, verb",https://www.oxfordlearnersdictionaries.com/media/english/us_pron_ogg/s/sno/snow_/snow__us_1.ogg
soak,B2,C1,verb,verb,https://www.oxfordlearnersdictionaries.com/media/english/us_pron_ogg/s/soa/soak_/soak__us_1.ogg
soar,B2,C1,verb,verb,https://www.oxfordlearnersdictionaries.com/media/english/us_pron_ogg/s/soa/soar_/soar__us_1.ogg
soccer,A1,A2,noun,noun,https://www.oxfordlearnersdictionaries.com/media/english/us_pron_ogg/s/soc/socce/soccer__us_2.ogg
social,A1,A2,adjective,adjective,https://www.oxfordlearnersdictionaries.com/media/english/us_pron_ogg/s/soc/socia/social__us_1.ogg
software,A2,B1,noun,noun,https://www.oxfordlearnersdictionaries.com/media/english/us_pron_ogg/s/sof/softw/software__us_3.ogg
solo,B2,C1,noun,"adjective, noun",https://www.oxfordlearnersdictionaries.com/media/english/us_pron_ogg/s/sol/solo_/solo__us_1.ogg
solve,A1,A2,verb,verb,https://www.oxfordlearnersdictionaries.com/media/english/us_pron_ogg/s/sol/solve/solve__us_1_rr.ogg
somebody,A2,A1,pronoun,pronoun,https://www.oxfordlearnersdictionaries.com/media/english/us_pron_ogg/s/som/someb/somebody__us_3_rr.ogg
somehow,B1,B2,adverb,adverb,https://www.oxfordlearnersdictionaries.com/media/english/us_pron_ogg/s/som/someh/somehow__us_1.ogg
sometime,B1,B2,adverb,adverb,https://www.oxfordlearnersdictionaries.com/media/english/us_pron_ogg/s/som/somet/sometime__us_1.ogg
sometimes,B1,A1,adverb,adverb,https://www.oxfordlearnersdictionaries.com/media/english/us_pron_ogg/s/som/somet/sometimes__us_2.ogg
sort,B2,A2,verb,"noun, verb",https://www.oxfordlearnersdictionaries.com/media/english/us_pron_ogg/s/sor/sort_/sort__us_1.ogg
soul,B1,B2,noun,noun,https://www.oxfordlearnersdictionaries.com/media/english/us_pron_ogg/s/sou/soul_/soul__us_1.ogg
sound,A2,C1,verb,"adjective, noun, verb",https://www.oxfordlearnersdictionaries.com/media/english/us_pron_ogg/s/sou/sound/sound__us_1.ogg
south,A2,A1,noun,"adjective, adverb, noun",https://www.oxfordlearnersdictionaries.com/media/english/us_pron_ogg/s/sou/south/south__us_1.ogg
space,A2,A1,noun,noun,https://www.oxfordlearnersdictionaries.com/media/english/us_pron_ogg/s/spa/space/space__us_1.ogg
span,B2,C1,verb,"noun, verb",https://www.oxfordlearnersdictionaries.com/media/english/us_pron_ogg/s/spa/span_/span__us_1.ogg
spark,B2,C1,noun,verb,https://www.oxfordlearnersdictionaries.com/media/english/us_pron_ogg/s/spa/spark/spark__us_1.ogg
specialist,B1,B2,noun,"adjective, noun",https://www.oxfordlearnersdictionaries.com/media/english/us_pron_ogg/s/spe/speci/specialist__us_1.ogg
specifically,B2,B1,adverb,adverb,https://www.oxfordlearnersdictionaries.com/media/english/us_pron_ogg/s/spe/speci/specifically__us_1.ogg
spectacle,B2,C1,noun,noun,https://www.oxfordlearnersdictionaries.com/media/english/us_pron_ogg/s/spe/spect/spectacle__us_1.ogg
spectacular,B1,B2,adjective,adjective,https://www.oxfordlearnersdictionaries.com/media/english/us_pron_ogg/s/spe/spect/spectacular__us_1.ogg
spectator,B1,B2,noun,noun,https://www.oxfordlearnersdictionaries.com/media/english/us_pron_ogg/s/spe/spect/spectator__us_1.ogg
speech,A1,A2,noun,noun,https://www.oxfordlearnersdictionaries.com/media/english/us_pron_ogg/s/spe/speec/speech__us_1.ogg
speed,B1,A2,verb,"noun, verb",https://www.oxfordlearnersdictionaries.com/media/english/us_pron_ogg/s/spe/speed/speed__us_1.ogg
spell,A2,C1,verb,"noun, verb",https://www.oxfordlearnersdictionaries.com/media/english/us_pron_ogg/s/spe/spell/spell__us_1.ogg
spelling,B1,A1,noun,noun,https://www.oxfordlearnersdictionaries.com/media/english/us_pron_ogg/s/spe/spell/spelling__us_1.ogg
sphere,B1,C1,noun,noun,https://www.oxfordlearnersdictionaries.com/media/english/us_pron_ogg/s/sph/spher/sphere__us_1.ogg
spice,B1,B2,noun,noun,https://www.oxfordlearnersdictionaries.com/media/english/us_pron_ogg/s/spi/spice/spice__us_1.ogg
spider,B1,A2,noun,noun,https://www.oxfordlearnersdictionaries.com/media/english/us_pron_ogg/s/spi/spide/spider__us_1.ogg
spill,A2,B2,verb,verb,https://www.oxfordlearnersdictionaries.com/media/english/us_pron_ogg/s/spi/spill/spill__us_1.ogg
spin,B2,C1,verb,"noun, verb",https://www.oxfordlearnersdictionaries.com/media/english/us_pron_ogg/s/spi/spin_/spin__us_1.ogg
spiritual,B1,B2,adjective,adjective,https://www.oxfordlearnersdictionaries.com/media/english/us_pron_ogg/s/spi/spiri/spiritual__us_1.ogg
spoil,B1,B2,verb,verb,https://www.oxfordlearnersdictionaries.com/media/english/us_pron_ogg/s/spo/spoil/spoil__us_1.ogg
spot,B2,B1,verb,"noun, verb",https://www.oxfordlearnersdictionaries.com/media/english/us_pron_ogg/s/spo/spot_/spot__us_1.ogg
spy,A1,C1,noun,"noun, verb",https://www.oxfordlearnersdictionaries.com/media/english/us_pron_ogg/s/spy/spy__/spy__us_1.ogg
squad,B2,C1,noun,noun,https://www.oxfordlearnersdictionaries.com/media/english/us_pron_ogg/s/squ/squad/squad__us_1.ogg
squeeze,B2,C1,verb,verb,https://www.oxfordlearnersdictionaries.com/media/english/us_pron_ogg/s/squ/squee/squeeze__us_1.ogg
stab,B2,C1,verb,verb,https://www.oxfordlearnersdictionaries.com/media/english/us_pron_ogg/s/sta/stab_/stab__us_1.ogg
stability,B2,C1,noun,noun,https://www.oxfordlearnersdictionaries.com/media/english/us_pron_ogg/s/sta/stabi/stability__us_1.ogg
stable,B1,B2,adjective,adjective,https://www.oxfordlearnersdictionaries.com/media/english/us_pron_ogg/s/sta/stabl/stable__us_1.ogg
stadium,A2,B1,noun,noun,https://www.oxfordlearnersdictionaries.com/media/english/us_pron_ogg/s/sta/stadi/stadium__us_1.ogg
staff,A2,B1,noun,noun,https://www.oxfordlearnersdictionaries.com/media/english/us_pron_ogg/s/sta/staff/staff__us_1.ogg
stage,A1,A2,noun,"noun, verb",https://www.oxfordlearnersdictionaries.com/media/english/us_pron_ogg/s/sta/stage/stage__us_1.ogg
stake,B2,C1,noun,noun,https://www.oxfordlearnersdictionaries.com/media/english/us_pron_ogg/s/sta/stake/stake__us_1.ogg
stall,B1,B2,noun,noun,https://www.oxfordlearnersdictionaries.com/media/english/us_pron_ogg/s/sta/stall/stall__us_1.ogg
stamp,B2,A2,verb,noun,https://www.oxfordlearnersdictionaries.com/media/english/us_pron_ogg/s/sta/stamp/stamp__us_1.ogg
stand,A2,B2,verb,"noun, verb",https://www.oxfordlearnersdictionaries.com/media/english/us_pron_ogg/s/sta/stand/stand__us_1.ogg
star,B1,A1,verb,"noun, verb",https://www.oxfordlearnersdictionaries.com/media/english/us_pron_ogg/s/sta/star_/star__us_1.ogg
stare,B1,B2,verb,verb,https://www.oxfordlearnersdictionaries.com/media/english/us_pron_ogg/s/sta/stare/stare__us_1.ogg
start,A1,A2,verb,"noun, verb",https://www.oxfordlearnersdictionaries.com/media/english/us_pron_ogg/s/sta/start/start__us_1.ogg
state,B2,B1,verb,"adjective, noun, verb",https://www.oxfordlearnersdictionaries.com/media/english/us_pron_ogg/s/sta/state/state__us_1.ogg
statement,A2,A1,noun,noun,https://www.oxfordlearnersdictionaries.com/media/english/us_pron_ogg/s/sta/state/statement__us_1.ogg
statue,A2,B1,noun,noun,https://www.oxfordlearnersdictionaries.com/media/english/us_pron_ogg/s/sta/statu/statue__us_1.ogg
status,B1,B2,noun,noun,https://www.oxfordlearnersdictionaries.com/media/english/us_pron_ogg/s/sta/statu/status__us_2_rr.ogg
stay,A1,A2,verb,"noun, verb",https://www.oxfordlearnersdictionaries.com/media/english/us_pron_ogg/s/sta/stay_/stay__us_1.ogg
steadily,B1,B2,adverb,adverb,https://www.oxfordlearnersdictionaries.com/media/english/us_pron_ogg/s/ste/stead/steadily__us_1.ogg
steady,B1,B2,adjective,adjective,https://www.oxfordlearnersdictionaries.com/media/english/us_pron_ogg/s/ste/stead/steady__us_1.ogg
steam,B1,B2,noun,noun,https://www.oxfordlearnersdictionaries.com/media/english/us_pron_ogg/s/ste/steam/steam__us_1.ogg
steel,B1,B2,noun,noun,https://www.oxfordlearnersdictionaries.com/media/english/us_pron_ogg/s/ste/steel/steel__us_1.ogg
steep,B1,B2,adjective,adjective,https://www.oxfordlearnersdictionaries.com/media/english/us_pron_ogg/s/ste/steep/steep__us_1.ogg
steer,B2,C1,verb,verb,https://www.oxfordlearnersdictionaries.com/media/english/us_pron_ogg/s/ste/steer/steer__us_1.ogg
stem,B1,C1,verb,"noun, verb",https://www.oxfordlearnersdictionaries.com/media/english/us_pron_ogg/s/ste/stem_/stem__us_1.ogg
step,A1,A2,verb,"noun, verb",https://www.oxfordlearnersdictionaries.com/media/english/us_pron_ogg/s/ste/step_/step__us_1.ogg
stereotype,B2,C1,noun,noun,https://www.oxfordlearnersdictionaries.com/media/english/us_pron_ogg/s/ste/stere/stereotype__us_1.ogg
sticky,B1,B2,adjective,adjective,https://www.oxfordlearnersdictionaries.com/media/english/us_pron_ogg/s/sti/stick/sticky__us_1.ogg
still,A2,B1,adverb,"adjective, adverb",https://www.oxfordlearnersdictionaries.com/media/english/us_pron_ogg/s/sti/still/still__us_1.ogg
stir,B1,C1,verb,verb,https://www.oxfordlearnersdictionaries.com/media/english/us_pron_ogg/s/sti/stir_/stir__us_1.ogg
stone,A1,A2,noun,noun,https://www.oxfordlearnersdictionaries.com/media/english/us_pron_ogg/s/sto/stone/stone__us_1.ogg
storage,B1,C1,noun,noun,https://www.oxfordlearnersdictionaries.com/media/english/us_pron_ogg/s/sto/stora/storage__us_1.ogg
store,B2,A2,verb,"noun, verb",https://www.oxfordlearnersdictionaries.com/media/english/us_pron_ogg/s/sto/store/store__us_1.ogg
straight,A1,A2,adverb,"adjective, adverb",https://www.oxfordlearnersdictionaries.com/media/english/us_pron_ogg/s/str/strai/straight__us_1.ogg
straightforward,B2,C1,adjective,adjective,https://www.oxfordlearnersdictionaries.com/media/english/us_pron_ogg/s/str/strai/straightforward__us_1.ogg
strain,B2,C1,verb,noun,https://www.oxfordlearnersdictionaries.com/media/english/us_pron_ogg/s/str/strai/strain__us_1.ogg
strand,B2,C1,noun,noun,https://www.oxfordlearnersdictionaries.com/media/english/us_pron_ogg/s/str/stran/strand__us_1.ogg
strange,A1,A2,adjective,adjective,https://www.oxfordlearnersdictionaries.com/media/english/us_pron_ogg/s/str/stran/strange__us_1.ogg
stranger,A2,B1,noun,noun,https://www.oxfordlearnersdictionaries.com/media/english/us_pron_ogg/s/str/stran/stranger__us_1.ogg
strategic,B1,C1,adjective,adjective,https://www.oxfordlearnersdictionaries.com/media/english/us_pron_ogg/s/str/strat/strategic__us_1.ogg
stream,B1,B2,verb,noun,https://www.oxfordlearnersdictionaries.com/media/english/us_pron_ogg/s/str/strea/stream__us_1.ogg
strength,A2,B1,noun,noun,https://www.oxfordlearnersdictionaries.com/media/english/us_pron_ogg/s/str/stren/strength__us_1_rr.ogg
strengthen,B1,B2,verb,verb,https://www.oxfordlearnersdictionaries.com/media/english/us_pron_ogg/s/str/stren/strengthen__us_1_rr.ogg
stress,B2,A2,verb,"noun, verb",https://www.oxfordlearnersdictionaries.com/media/english/us_pron_ogg/s/str/stres/stress__us_1.ogg
stretch,B1,B2,verb,"noun, verb",https://www.oxfordlearnersdictionaries.com/media/english/us_pron_ogg/s/str/stret/stretch__us_1.ogg
strict,A1,B2,adjective,adjective,https://www.oxfordlearnersdictionaries.com/media/english/us_pron_ogg/s/str/stric/strict__us_1.ogg
strike,B1,B2,verb,"noun, verb",https://www.oxfordlearnersdictionaries.com/media/english/us_pron_ogg/s/str/strik/strike__us_1.ogg
striking,B2,C1,adjective,adjective,https://www.oxfordlearnersdictionaries.com/media/english/us_pron_ogg/s/str/strik/striking__us_1.ogg
string,A2,B1,noun,noun,https://www.oxfordlearnersdictionaries.com/media/english/us_pron_ogg/s/str/strin/string__us_1.ogg
strip,B2,C1,verb,"noun, verb",https://www.oxfordlearnersdictionaries.com/media/english/us_pron_ogg/s/str/strip/strip__us_1.ogg
strive,B2,C1,verb,verb,https://www.oxfordlearnersdictionaries.com/media/english/us_pron_ogg/s/str/striv/strive__us_1.ogg
strongly,A2,B1,adverb,adverb,https://www.oxfordlearnersdictionaries.com/media/english/us_pron_ogg/s/str/stron/strongly__us_1.ogg
stuff,B2,B1,verb,"noun, verb",https://www.oxfordlearnersdictionaries.com/media/english/us_pron_ogg/s/stu/stuff/stuff__us_1.ogg
stumble,B1,C1,verb,verb,https://www.oxfordlearnersdictionaries.com/media/english/us_pron_ogg/s/stu/stumb/stumble__us_1.ogg
stun,B1,C1,verb,verb,https://www.oxfordlearnersdictionaries.com/media/english/us_pron_ogg/s/stu/stun_/stun__us_1.ogg
stunning,B1,B2,adjective,adjective,https://www.oxfordlearnersdictionaries.com/media/english/us_pron_ogg/s/stu/stunn/stunning__us_1.ogg
stupid,B1,A2,adjective,adjective,https://www.oxfordlearnersdictionaries.com/media/english/us_pron_ogg/s/stu/stupi/stupid__us_1.ogg
style,A2,A1,noun,noun,https://www.oxfordlearnersdictionaries.com/media/english/us_pron_ogg/s/sty/style/style__us_1.ogg
subject,A1,B2,noun,"adjective, noun",https://www.oxfordlearnersdictionaries.com/media/english/us_pron_ogg/s/sub/subje/subject__us_4_rr.ogg
substance,B2,B1,noun,noun,https://www.oxfordlearnersdictionaries.com/media/english/us_pron_ogg/s/sub/subst/substance__us_2.ogg
substantial,B1,C1,adjective,adjective,https://www.oxfordlearnersdictionaries.com/media/english/us_pron_ogg/s/sub/subst/substantial__us_1.ogg
substitute,B2,C1,verb,"noun, verb",https://www.oxfordlearnersdictionaries.com/media/english/us_pron_ogg/s/sub/subst/substitute__us_1.ogg
subtle,B2,C1,adjective,adjective,https://www.oxfordlearnersdictionaries.com/media/english/us_pron_ogg/s/sub/subtl/subtle__us_1.ogg
success,A2,A1,noun,noun,https://www.oxfordlearnersdictionaries.com/media/english/us_pron_ogg/s/suc/succe/success__us_2.ogg
successful,A1,A2,adjective,adjective,https://www.oxfordlearnersdictionaries.com/media/english/us_pron_ogg/s/suc/succe/successful__us_2.ogg
successfully,A2,B1,adverb,adverb,https://www.oxfordlearnersdictionaries.com/media/english/us_pron_ogg/s/suc/succe/successfully__us_3.ogg
successive,B2,C1,adjective,adjective,https://www.oxfordlearnersdictionaries.com/media/english/us_pron_ogg/s/suc/succe/successive__us_1.ogg
suck,B2,C1,verb,verb,https://www.oxfordlearnersdictionaries.com/media/english/us_pron_ogg/s/suc/suck_/suck__us_1.ogg
sudden,A2,B1,adjective,adjective,https://www.oxfordlearnersdictionaries.com/media/english/us_pron_ogg/s/sud/sudde/sudden__us_2.ogg
suddenly,B1,A2,adverb,adverb,https://www.oxfordlearnersdictionaries.com/media/english/us_pron_ogg/s/sud/sudde/suddenly__us_2.ogg
sue,B2,C1,verb,verb,https://www.oxfordlearnersdictionaries.com/media/english/us_pron_ogg/s/sue/sue__/sue__us_1.ogg
sufficient,B1,B2,adjective,adjective,https://www.oxfordlearnersdictionaries.com/media/english/us_pron_ogg/s/suf/suffi/sufficient__us_1.ogg
suggestion,A1,A2,noun,noun,https://www.oxfordlearnersdictionaries.com/media/english/us_pron_ogg/s/sug/sugge/suggestion__us_1_rr.ogg
suicide,B1,C1,noun,noun,https://www.oxfordlearnersdictionaries.com/media/english/us_pron_ogg/s/sui/suici/suicide__us_1.ogg
suitable,A2,B1,adjective,adjective,https://www.oxfordlearnersdictionaries.com/media/english/us_pron_ogg/s/sui/suita/suitable__us_2.ogg
sum,A1,B2,noun,"noun, verb",https://www.oxfordlearnersdictionaries.com/media/english/us_pron_ogg/s/sum/sum__/sum__us_1.ogg
summary,A2,B1,noun,noun,https://www.oxfordlearnersdictionaries.com/media/english/us_pron_ogg/s/sum/summa/summary__us_2.ogg
summit,B1,C1,noun,noun,https://www.oxfordlearnersdictionaries.com/media/english/us_pron_ogg/s/sum/summi/summit__us_1.ogg
super,A1,B2,adjective,adjective,https://www.oxfordlearnersdictionaries.com/media/english/us_pron_ogg/s/sup/super/super__us_1.ogg
superb,B2,C1,adjective,adjective,https://www.oxfordlearnersdictionaries.com/media/english/us_pron_ogg/s/sup/super/superb__us_1.ogg
superior,B1,C1,adjective,adjective,https://www.oxfordlearnersdictionaries.com/media/english/us_pron_ogg/s/sup/super/superior__us_1.ogg
supervise,B2,C1,verb,verb,https://www.oxfordlearnersdictionaries.com/media/english/us_pron_ogg/s/sup/super/supervise__us_1.ogg
supervision,B2,C1,noun,noun,https://www.oxfordlearnersdictionaries.com/media/english/us_pron_ogg/s/sup/super/supervision__us_1.ogg
supervisor,B2,C1,noun,noun,https://www.oxfordlearnersdictionaries.com/media/english/us_pron_ogg/s/sup/super/supervisor__us_1.ogg
supplement,B2,C1,noun,"noun, verb",https://www.oxfordlearnersdictionaries.com/media/english/us_pron_ogg/s/sup/suppl/supplement__us_1.ogg
supply,B2,B1,verb,"noun, verb",https://www.oxfordlearnersdictionaries.com/media/english/us_pron_ogg/s/sup/suppl/supply__us_1.ogg
support,B1,A2,verb,"noun, verb",https://www.oxfordlearnersdictionaries.com/media/english/us_pron_ogg/s/sup/suppo/support__us_1.ogg
supportive,B1,C1,adjective,adjective,https://www.oxfordlearnersdictionaries.com/media/english/us_pron_ogg/s/sup/suppo/supportive__us_1.ogg
suppose,B1,A2,verb,verb,https://www.oxfordlearnersdictionaries.com/media/english/us_pron_ogg/s/sup/suppo/suppose__us_1.ogg
supposedly,B1,C1,adverb,adverb,https://www.oxfordlearnersdictionaries.com/media/english/us_pron_ogg/s/sup/suppo/supposedly__us_1.ogg
suppress,B2,C1,verb,verb,https://www.oxfordlearnersdictionaries.com/media/english/us_pron_ogg/s/sup/suppr/suppress__us_1.ogg
sure,A2,A1,adverb,"adjective, adverb",https://www.oxfordlearnersdictionaries.com/media/english/us_pron_ogg/s/sur/sure_/sure__us_1_rr.ogg
surge,B2,C1,noun,"noun, verb",https://www.oxfordlearnersdictionaries.com/media/english/us_pron_ogg/s/sur/surge/surge__us_1.ogg
surgeon,B1,B2,noun,noun,https://www.oxfordlearnersdictionaries.com/media/english/us_pron_ogg/s/sur/surge/surgeon__us_1.ogg
surgery,B1,B2,noun,noun,https://www.oxfordlearnersdictionaries.com/media/english/us_pron_ogg/s/sur/surge/surgery__us_1.ogg
surprise,B1,A2,verb,"noun, verb",https://www.oxfordlearnersdictionaries.com/media/english/us_pron_ogg/s/sur/surpr/surprise__us_1_rr.ogg
surrender,B2,C1,verb,verb,https://www.oxfordlearnersdictionaries.com/media/english/us_pron_ogg/s/sur/surre/surrender__us_1.ogg
surround,B1,B2,verb,verb,https://www.oxfordlearnersdictionaries.com/media/english/us_pron_ogg/s/sur/surro/surround__us_1.ogg
surrounding,B1,B2,adjective,adjective,https://www.oxfordlearnersdictionaries.com/media/english/us_pron_ogg/s/sur/surro/surrounding__us_1.ogg
surveillance,B2,C1,noun,noun,https://www.oxfordlearnersdictionaries.com/media/english/us_pron_ogg/s/sur/surve/surveillance__us_1.ogg
survey,A1,A2,noun,"noun, verb",https://www.oxfordlearnersdictionaries.com/media/english/us_pron_ogg/s/sur/surve/survey__us_1.ogg
survival,B1,B2,noun,noun,https://www.oxfordlearnersdictionaries.com/media/english/us_pron_ogg/s/sur/survi/survival__us_1.ogg
survive,A2,B1,verb,verb,https://www.oxfordlearnersdictionaries.com/media/english/us_pron_ogg/s/sur/survi/survive__us_1.ogg
survivor,B1,B2,noun,noun,https://www.oxfordlearnersdictionaries.com/media/english/us_pron_ogg/s/sur/survi/survivor__us_1.ogg
suspicion,B1,C1,noun,noun,https://www.oxfordlearnersdictionaries.com/media/english/us_pron_ogg/s/sus/suspi/suspicion__us_1.ogg
suspicious,B2,C1,adjective,adjective,https://www.oxfordlearnersdictionaries.com/media/english/us_pron_ogg/s/sus/suspi/suspicious__us_1.ogg
sustain,B2,C1,verb,verb,https://www.oxfordlearnersdictionaries.com/media/english/us_pron_ogg/s/sus/susta/sustain__us_1.ogg
swallow,A2,B2,verb,verb,https://www.oxfordlearnersdictionaries.com/media/english/us_pron_ogg/s/swa/swall/swallow__us_1.ogg
swear,B1,B2,verb,verb,https://www.oxfordlearnersdictionaries.com/media/english/us_pron_ogg/s/swe/swear/swear__us_1.ogg
sweater,A2,A1,noun,noun,https://www.oxfordlearnersdictionaries.com/media/english/us_pron_ogg/s/swe/sweat/sweater__us_1.ogg
swim,A1,B1,verb,"noun, verb",https://www.oxfordlearnersdictionaries.com/media/english/us_pron_ogg/s/swi/swim_/swim__us_1.ogg
swing,B2,C1,verb,"noun, verb",https://www.oxfordlearnersdictionaries.com/media/english/us_pron_ogg/s/swi/swing/swing__us_1.ogg
switch,B1,B2,verb,"noun, verb",https://www.oxfordlearnersdictionaries.com/media/english/us_pron_ogg/s/swi/switc/switch__us_1.ogg
sword,B1,C1,noun,noun,https://www.oxfordlearnersdictionaries.com/media/english/us_pron_ogg/s/swo/sword/sword__us_1.ogg
symbolic,B2,C1,adjective,adjective,https://www.oxfordlearnersdictionaries.com/media/english/us_pron_ogg/s/sym/symbo/symbolic__us_1.ogg
sympathy,B1,B2,noun,noun,https://www.oxfordlearnersdictionaries.com/media/english/us_pron_ogg/s/sym/sympa/sympathy__us_1.ogg
syndrome,B1,C1,noun,noun,https://www.oxfordlearnersdictionaries.com/media/english/us_pron_ogg/s/syn/syndr/syndrome__us_1.ogg
systematic,B1,C1,adjective,adjective,https://www.oxfordlearnersdictionaries.com/media/english/us_pron_ogg/s/sys/syste/systematic__us_1.ogg
tablet,B1,A2,noun,noun,https://www.oxfordlearnersdictionaries.com/media/english/us_pron_ogg/t/tab/table/tablet__us_1.ogg
tackle,B2,C1,verb,"noun, verb",https://www.oxfordlearnersdictionaries.com/media/english/us_pron_ogg/t/tac/tackl/tackle__us_1.ogg
tail,B2,B1,noun,noun,https://www.oxfordlearnersdictionaries.com/media/english/us_pron_ogg/t/tai/tail_/tail__us_1.ogg
tale,B1,B2,noun,noun,https://www.oxfordlearnersdictionaries.com/media/english/us_pron_ogg/t/tal/tale_/tale__us_1.ogg
talent,A2,B1,noun,noun,https://www.oxfordlearnersdictionaries.com/media/english/us_pron_ogg/t/tal/talen/talent__us_1.ogg
talk,A1,A2,verb,"noun, verb",https://www.oxfordlearnersdictionaries.com/media/english/us_pron_ogg/t/tal/talk_/talk__us_1.ogg
tank,B1,B2,noun,noun,https://www.oxfordlearnersdictionaries.com/media/english/us_pron_ogg/t/tan/tank_/tank__us_1.ogg
taste,B1,A2,verb,"noun, verb",https://www.oxfordlearnersdictionaries.com/media/english/us_pron_ogg/t/tas/taste/taste__us_1.ogg
teaching,B1,A2,noun,noun,https://www.oxfordlearnersdictionaries.com/media/english/us_pron_ogg/t/tea/teach/teaching__us_3.ogg
tear,B1,B2,verb,"noun, verb",https://www.oxfordlearnersdictionaries.com/media/english/us_pron_ogg/t/tea/tear_/tear__us_1.ogg
technical,B2,B1,adjective,adjective,https://www.oxfordlearnersdictionaries.com/media/english/us_pron_ogg/t/tec/techn/technical__us_2.ogg
technological,B1,B2,adjective,adjective,https://www.oxfordlearnersdictionaries.com/media/english/us_pron_ogg/t/tec/techn/technological__us_1.ogg
technology,A1,A2,noun,noun,https://www.oxfordlearnersdictionaries.com/media/english/us_pron_ogg/t/tec/techn/technology__us_1.ogg
teenager,A2,A1,noun,noun,https://www.oxfordlearnersdictionaries.com/media/english/us_pron_ogg/t/tee/teena/teenager__us_3.ogg
telephone,A2,A1,verb,"noun, verb",https://www.oxfordlearnersdictionaries.com/media/english/us_pron_ogg/t/tel/telep/telephone__us_2.ogg
temple,A1,B2,noun,noun,https://www.oxfordlearnersdictionaries.com/media/english/us_pron_ogg/t/tem/templ/temple__us_1.ogg
temporary,B1,B2,adjective,adjective,https://www.oxfordlearnersdictionaries.com/media/english/us_pron_ogg/t/tem/tempo/temporary__us_1.ogg
tempt,B1,C1,verb,verb,https://www.oxfordlearnersdictionaries.com/media/english/us_pron_ogg/t/tem/tempt/tempt__us_1.ogg
tendency,B1,B2,noun,noun,https://www.oxfordlearnersdictionaries.com/media/english/us_pron_ogg/t/ten/tende/tendency__us_1.ogg
tender,B2,C1,adjective,adjective,https://www.oxfordlearnersdictionaries.com/media/english/us_pron_ogg/t/ten/tende/tender__us_1.ogg
tension,B1,B2,noun,noun,https://www.oxfordlearnersdictionaries.com/media/english/us_pron_ogg/t/ten/tensi/tension__us_1.ogg
term,B1,A2,noun,"noun, verb",https://www.oxfordlearnersdictionaries.com/media/english/us_pron_ogg/t/ter/term_/term__us_1.ogg
terminal,B1,C1,noun,"adjective, noun",https://www.oxfordlearnersdictionaries.com/media/english/us_pron_ogg/t/ter/termi/terminal__us_1.ogg
terribly,B1,B2,adverb,adverb,https://www.oxfordlearnersdictionaries.com/media/english/us_pron_ogg/t/ter/terri/terribly__us_1.ogg
terrific,B1,C1,adjective,adjective,https://www.oxfordlearnersdictionaries.com/media/english/us_pron_ogg/t/ter/terri/terrific__us_1.ogg
terrify,A2,B2,verb,verb,https://www.oxfordlearnersdictionaries.com/media/english/us_pron_ogg/t/ter/terri/terrify__us_1.ogg
terror,B1,B2,noun,noun,https://www.oxfordlearnersdictionaries.com/media/english/us_pron_ogg/t/ter/terro/terror__us_1.ogg
terrorism,B1,B2,noun,noun,https://www.oxfordlearnersdictionaries.com/media/english/us_pron_ogg/t/ter/terro/terrorism__us_1.ogg
terrorist,B1,B2,noun,noun,https://www.oxfordlearnersdictionaries.com/media/english/us_pron_ogg/t/ter/terro/terrorist__us_1.ogg
test,B2,A1,verb,"noun, verb",https://www.oxfordlearnersdictionaries.com/media/english/us_pron_ogg/t/tes/test_/test__us_1.ogg
testify,B2,C1,verb,verb,https://www.oxfordlearnersdictionaries.com/media/english/us_pron_ogg/t/tes/testi/testify__us_1.ogg
testimony,B2,C1,noun,noun,https://www.oxfordlearnersdictionaries.com/media/english/us_pron_ogg/t/tes/testi/testimony__us_1.ogg
text,A2,A1,verb,"noun, verb",https://www.oxfordlearnersdictionaries.com/media/english/us_pron_ogg/t/tex/text_/text__us_1.ogg
textbook,A2,B2,noun,noun,https://www.oxfordlearnersdictionaries.com/media/english/us_pron_ogg/t/tex/textb/textbook__us_1.ogg
that,A1,B1,pronoun,"adverb, conjunction, determiner, pronoun",https://www.oxfordlearnersdictionaries.com/media/english/us_pron_ogg/t/tha/that_/that__us_1.ogg
theft,B1,B2,noun,noun,https://www.oxfordlearnersdictionaries.com/media/english/us_pron_ogg/t/the/theft/theft__us_1.ogg
theirs,A2,B1,pronoun,pronoun,https://www.oxfordlearnersdictionaries.com/media/english/us_pron_ogg/t/the/their/theirs__us_1.ogg
theme,B2,B1,noun,noun,https://www.oxfordlearnersdictionaries.com/media/english/us_pron_ogg/t/the/theme/theme__us_1.ogg
thereafter,B2,C1,adverb,adverb,https://www.oxfordlearnersdictionaries.com/media/english/us_pron_ogg/t/the/there/thereafter__us_1.ogg
therefore,A2,B1,adverb,adverb,https://www.oxfordlearnersdictionaries.com/media/english/us_pron_ogg/t/the/there/therefore__us_1.ogg
thick,A1,A2,adjective,adjective,https://www.oxfordlearnersdictionaries.com/media/english/us_pron_ogg/t/thi/thick/thick__us_1.ogg
thin,A1,A2,adjective,adjective,https://www.oxfordlearnersdictionaries.com/media/english/us_pron_ogg/t/thi/thin_/thin__us_1.ogg
thirsty,A2,A1,adjective,adjective,https://www.oxfordlearnersdictionaries.com/media/english/us_pron_ogg/t/thi/thirs/thirsty__us_1.ogg
this,A1,B1,pronoun,"adverb, determiner, pronoun",https://www.oxfordlearnersdictionaries.com/media/english/us_pron_ogg/t/thi/this_/this__us_1.ogg
thorough,B1,B2,adjective,adjective,https://www.oxfordlearnersdictionaries.com/media/english/us_pron_ogg/t/tho/thoro/thorough__us_1.ogg
though,A2,B1,conjunction,"adverb, conjunction",https://www.oxfordlearnersdictionaries.com/media/english/us_pron_ogg/t/tho/thoug/though__us_1.ogg
thoughtful,B2,C1,adjective,adjective,https://www.oxfordlearnersdictionaries.com/media/english/us_pron_ogg/t/tho/thoug/thoughtful__us_1.ogg
thousand,A2,A1,number,number,https://www.oxfordlearnersdictionaries.com/media/english/us_pron_ogg/t/tho/thous/thousand__us_2.ogg
thread,B2,C1,noun,noun,https://www.oxfordlearnersdictionaries.com/media/english/us_pron_ogg/t/thr/threa/thread__us_1.ogg
threat,B1,B2,noun,noun,https://www.oxfordlearnersdictionaries.com/media/english/us_pron_ogg/t/thr/threa/threat__us_1.ogg
thrilled,B2,C1,adjective,adjective,https://www.oxfordlearnersdictionaries.com/media/english/us_pron_ogg/t/thr/thril/thrilled__us_1.ogg
throat,B2,B1,noun,noun,https://www.oxfordlearnersdictionaries.com/media/english/us_pron_ogg/t/thr/throa/throat__us_1.ogg
thumb,B1,B2,noun,noun,https://www.oxfordlearnersdictionaries.com/media/english/us_pron_ogg/t/thu/thumb/thumb__us_1.ogg
thus,B1,B2,adverb,adverb,https://www.oxfordlearnersdictionaries.com/media/english/us_pron_ogg/t/thu/thus_/thus__us_1.ogg
tide,B1,C1,noun,noun,https://www.oxfordlearnersdictionaries.com/media/english/us_pron_ogg/t/tid/tide_/tide__us_1.ogg
tie,B1,A2,verb,"noun, verb",https://www.oxfordlearnersdictionaries.com/media/english/us_pron_ogg/t/tie/tie__/tie__us_1.ogg
tight,B2,B1,adverb,adjective,https://www.oxfordlearnersdictionaries.com/media/english/us_pron_ogg/t/tig/tight/tight__us_1.ogg
tighten,B1,C1,verb,verb,https://www.oxfordlearnersdictionaries.com/media/english/us_pron_ogg/t/tig/tight/tighten__us_1.ogg
till,A2,B1,preposition,"conjunction, preposition",https://www.oxfordlearnersdictionaries.com/media/english/us_pron_ogg/t/til/till_/till__us_1.ogg
time,B2,A1,verb,"noun, verb",https://www.oxfordlearnersdictionaries.com/media/english/us_pron_ogg/t/tim/time_/time__us_1.ogg
timely,B1,C1,adjective,adjective,https://www.oxfordlearnersdictionaries.com/media/english/us_pron_ogg/t/tim/timel/timely__us_1.ogg
tip,B2,A2,verb,"noun, verb",https://www.oxfordlearnersdictionaries.com/media/english/us_pron_ogg/t/tip/tip__/tip__us_1.ogg
tissue,B1,B2,noun,noun,https://www.oxfordlearnersdictionaries.com/media/english/us_pron_ogg/t/tis/tissu/tissue__us_1.ogg
title,A2,A1,noun,"noun, verb",https://www.oxfordlearnersdictionaries.com/media/english/us_pron_ogg/t/tit/title/title__us_4.ogg
tobacco,B1,C1,noun,noun,https://www.oxfordlearnersdictionaries.com/media/english/us_pron_ogg/t/tob/tobac/tobacco__us_1.ogg
toe,A2,B1,noun,noun,https://www.oxfordlearnersdictionaries.com/media/english/us_pron_ogg/t/toe/toe__/toe__us_1.ogg
tolerate,B2,C1,verb,verb,https://www.oxfordlearnersdictionaries.com/media/english/us_pron_ogg/t/tol/toler/tolerate__us_1.ogg
toll,B2,C1,noun,noun,https://www.oxfordlearnersdictionaries.com/media/english/us_pron_ogg/t/tol/toll_/toll__us_1.ogg
tone,A2,B2,noun,noun,https://www.oxfordlearnersdictionaries.com/media/english/us_pron_ogg/t/ton/tone_/tone__us_1.ogg
tonight,A2,A1,noun,"adverb, noun",https://www.oxfordlearnersdictionaries.com/media/english/us_pron_ogg/t/ton/tonig/tonight__us_1.ogg
tool,A1,A2,noun,noun,https://www.oxfordlearnersdictionaries.com/media/english/us_pron_ogg/t/too/tool_/tool__us_1.ogg
top,A1,A2,noun,"adjective, noun, verb",https://www.oxfordlearnersdictionaries.com/media/english/us_pron_ogg/t/top/top__/top__us_1.ogg
torture,B2,C1,verb,"noun, verb",https://www.oxfordlearnersdictionaries.com/media/english/us_pron_ogg/t/tor/tortu/torture__us_1.ogg
toss,B1,C1,verb,verb,https://www.oxfordlearnersdictionaries.com/media/english/us_pron_ogg/t/tos/toss_/toss__us_1_rr.ogg
tour,B1,A2,verb,"noun, verb",https://www.oxfordlearnersdictionaries.com/media/english/us_pron_ogg/t/tou/tour_/tour__us_2.ogg
tourism,B1,A2,noun,noun,https://www.oxfordlearnersdictionaries.com/media/english/us_pron_ogg/t/tou/touri/tourism__us_1.ogg
tourist,A2,A1,noun,noun,https://www.oxfordlearnersdictionaries.com/media/english/us_pron_ogg/t/tou/touri/tourist__us_1.ogg
tournament,B1,B2,noun,noun,https://www.oxfordlearnersdictionaries.com/media/english/us_pron_ogg/t/tou/tourn/tournament__us_1_rr.ogg
towel,A1,A2,noun,noun,https://www.oxfordlearnersdictionaries.com/media/english/us_pron_ogg/t/tow/towel/towel__us_1.ogg
tower,A1,A2,noun,noun,https://www.oxfordlearnersdictionaries.com/media/english/us_pron_ogg/t/tow/tower/tower__us_1.ogg
toxic,B2,C1,adjective,adjective,https://www.oxfordlearnersdictionaries.com/media/english/us_pron_ogg/t/tox/toxic/toxic__us_1.ogg
toy,A1,A2,noun,"adjective, noun",https://www.oxfordlearnersdictionaries.com/media/english/us_pron_ogg/t/toy/toy__/toy__us_1.ogg
trace,B2,C1,verb,"noun, verb",https://www.oxfordlearnersdictionaries.com/media/english/us_pron_ogg/t/tra/trace/trace__us_1.ogg
track,B2,A2,verb,"noun, verb",https://www.oxfordlearnersdictionaries.com/media/english/us_pron_ogg/t/tra/track/track__us_1.ogg
trade,B2,B1,verb,"noun, verb",https://www.oxfordlearnersdictionaries.com/media/english/us_pron_ogg/t/tra/trade/trade__us_1.ogg
traffic,A2,A1,noun,noun,https://www.oxfordlearnersdictionaries.com/media/english/us_pron_ogg/t/tra/traff/traffic__us_1.ogg
tragedy,B1,B2,noun,noun,https://www.oxfordlearnersdictionaries.com/media/english/us_pron_ogg/t/tra/trage/tragedy__us_1.ogg
tragic,B1,B2,adjective,adjective,https://www.oxfordlearnersdictionaries.com/media/english/us_pron_ogg/t/tra/tragi/tragic__us_1.ogg
trail,B2,C1,verb,"noun, verb",https://www.oxfordlearnersdictionaries.com/media/english/us_pron_ogg/t/tra/trail/trail__us_1.ogg
trailer,B2,C1,noun,noun,https://www.oxfordlearnersdictionaries.com/media/english/us_pron_ogg/t/tra/trail/trailer__us_1.ogg
train,A2,A1,verb,"noun, verb",https://www.oxfordlearnersdictionaries.com/media/english/us_pron_ogg/t/tra/train/train__us_1.ogg
trainer,B2,A2,noun,noun,https://www.oxfordlearnersdictionaries.com/media/english/us_pron_ogg/t/tra/train/trainer__us_2.ogg
transcript,B2,C1,noun,noun,https://www.oxfordlearnersdictionaries.com/media/english/us_pron_ogg/t/tra/trans/transcript__us_1.ogg
transfer,B1,B2,verb,"noun, verb",https://www.oxfordlearnersdictionaries.com/media/english/us_pron_ogg/t/tra/trans/transfer__us_2.ogg
transform,B1,B2,verb,verb,https://www.oxfordlearnersdictionaries.com/media/english/us_pron_ogg/t/tra/trans/transform__us_1.ogg
transformation,B1,C1,noun,noun,https://www.oxfordlearnersdictionaries.com/media/english/us_pron_ogg/t/tra/trans/transformation__us_1.ogg
translation,B2,B1,noun,noun,https://www.oxfordlearnersdictionaries.com/media/english/us_pron_ogg/t/tra/trans/translation__us_2_rr.ogg
transmission,B2,C1,noun,noun,https://www.oxfordlearnersdictionaries.com/media/english/us_pron_ogg/t/tra/trans/transmission__us_2_rr.ogg
transparent,B2,C1,adjective,adjective,https://www.oxfordlearnersdictionaries.com/media/english/us_pron_ogg/t/tra/trans/transparent__us_1.ogg
transport,B2,A2,verb,"noun, verb",https://www.oxfordlearnersdictionaries.com/media/english/us_pron_ogg/t/tra/trans/transport__us_1.ogg
transportation,B1,B2,noun,noun,https://www.oxfordlearnersdictionaries.com/media/english/us_pron_ogg/t/tra/trans/transportation__us_3.ogg
trap,A2,B2,noun,"noun, verb",https://www.oxfordlearnersdictionaries.com/media/english/us_pron_ogg/t/tra/trap_/trap__us_1.ogg
treasure,A2,B2,noun,noun,https://www.oxfordlearnersdictionaries.com/media/english/us_pron_ogg/t/tre/treas/treasure__us_1.ogg
treat,B2,B1,verb,verb,https://www.oxfordlearnersdictionaries.com/media/english/us_pron_ogg/t/tre/treat/treat__us_1.ogg
treaty,B2,C1,noun,noun,https://www.oxfordlearnersdictionaries.com/media/english/us_pron_ogg/t/tre/treat/treaty__us_1.ogg
tremendous,B1,C1,adjective,adjective,https://www.oxfordlearnersdictionaries.com/media/english/us_pron_ogg/t/tre/treme/tremendous__us_1.ogg
trick,B2,B1,verb,"noun, verb",https://www.oxfordlearnersdictionaries.com/media/english/us_pron_ogg/t/tri/trick/trick__us_1.ogg
trigger,B1,C1,noun,"noun, verb",https://www.oxfordlearnersdictionaries.com/media/english/us_pron_ogg/t/tri/trigg/trigger__us_1.ogg
trio,B2,C1,noun,noun,https://www.oxfordlearnersdictionaries.com/media/english/us_pron_ogg/t/tri/trio_/trio__us_1.ogg
trip,B2,A1,verb,"noun, verb",https://www.oxfordlearnersdictionaries.com/media/english/us_pron_ogg/t/tri/trip_/trip__us_1.ogg
triumph,B1,C1,noun,noun,https://www.oxfordlearnersdictionaries.com/media/english/us_pron_ogg/t/tri/trium/triumph__us_1.ogg
trophy,B2,C1,noun,noun,https://www.oxfordlearnersdictionaries.com/media/english/us_pron_ogg/t/tro/troph/trophy__us_1.ogg
tropical,B1,B2,adjective,adjective,https://www.oxfordlearnersdictionaries.com/media/english/us_pron_ogg/t/tro/tropi/tropical__us_1.ogg
trouble,B1,A2,verb,"noun, verb",https://www.oxfordlearnersdictionaries.com/media/english/us_pron_ogg/t/tro/troub/trouble__us_2.ogg
truck,A1,A2,noun,noun,https://www.oxfordlearnersdictionaries.com/media/english/us_pron_ogg/t/tru/truck/truck__us_1.ogg
truly,A2,B2,adverb,adverb,https://www.oxfordlearnersdictionaries.com/media/english/us_pron_ogg/t/tru/truly/truly__us_1.ogg
trust,A2,B2,verb,"noun, verb",https://www.oxfordlearnersdictionaries.com/media/english/us_pron_ogg/t/tru/trust/trust__us_1.ogg
truth,A2,B1,noun,noun,https://www.oxfordlearnersdictionaries.com/media/english/us_pron_ogg/t/tru/truth/truth__us_1.ogg
try,A2,B2,verb,"noun, verb",https://www.oxfordlearnersdictionaries.com/media/english/us_pron_ogg/t/try/try__/try__us_1.ogg
tube,A1,B1,noun,noun,https://www.oxfordlearnersdictionaries.com/media/english/us_pron_ogg/t/tub/tube_/tube__us_1.ogg
tuition,B2,C1,noun,noun,https://www.oxfordlearnersdictionaries.com/media/english/us_pron_ogg/t/tui/tuiti/tuition__us_1.ogg
tune,A2,B2,noun,noun,https://www.oxfordlearnersdictionaries.com/media/english/us_pron_ogg/t/tun/tune_/tune__us_1.ogg
twice,A2,A1,adverb,adverb,https://www.oxfordlearnersdictionaries.com/media/english/us_pron_ogg/t/twi/twice/twice__us_1.ogg
twin,B1,A2,noun,"adjective, noun",https://www.oxfordlearnersdictionaries.com/media/english/us_pron_ogg/t/twi/twin_/twin__us_1.ogg
twist,B1,C1,verb,"noun, verb",https://www.oxfordlearnersdictionaries.com/media/english/us_pron_ogg/t/twi/twist/twist__us_1.ogg
type,B1,A1,verb,"noun, verb",https://www.oxfordlearnersdictionaries.com/media/english/us_pron_ogg/t/typ/type_/type__us_1.ogg
typical,B1,A2,adjective,adjective,https://www.oxfordlearnersdictionaries.com/media/english/us_pron_ogg/t/typ/typic/typical__us_2.ogg
ugly,A1,B1,adjective,adjective,https://www.oxfordlearnersdictionaries.com/media/english/us_pron_ogg/u/ugl/ugly_/ugly__us_2.ogg
uncertainty,B1,B2,noun,noun,https://www.oxfordlearnersdictionaries.com/media/english/us_pron_ogg/u/unc/uncer/uncertainty__us_1.ogg
uncomfortable,A2,B1,adjective,adjective,https://www.oxfordlearnersdictionaries.com/media/english/us_pron_ogg/u/unc/uncom/uncomfortable__us_4.ogg
undergo,B1,B2,verb,verb,https://www.oxfordlearnersdictionaries.com/media/english/us_pron_ogg/u/und/under/undergo__us_1.ogg
undergraduate,B2,C1,noun,noun,https://www.oxfordlearnersdictionaries.com/media/english/us_pron_ogg/u/und/under/undergraduate__us_1.ogg
underground,B2,A2,adverb,"adjective, adverb",https://www.oxfordlearnersdictionaries.com/media/english/us_pron_ogg/u/und/under/underground__us_5.ogg
understand,A2,A1,verb,verb,https://www.oxfordlearnersdictionaries.com/media/english/us_pron_ogg/u/und/under/understand__us_2.ogg
understanding,B2,A2,noun,noun,https://www.oxfordlearnersdictionaries.com/media/english/us_pron_ogg/u/und/under/understanding__us_1.ogg
underwear,B2,B1,noun,noun,https://www.oxfordlearnersdictionaries.com/media/english/us_pron_ogg/u/und/under/underwear__us_1.ogg
undoubtedly,B2,C1,adverb,adverb,https://www.oxfordlearnersdictionaries.com/media/english/us_pron_ogg/u/und/undou/undoubtedly__us_1.ogg
unexpected,B1,B2,adjective,adjective,https://www.oxfordlearnersdictionaries.com/media/english/us_pron_ogg/u/une/unexp/unexpected__us_2.ogg
unfair,A2,B1,adjective,adjective,https://www.oxfordlearnersdictionaries.com/media/english/us_pron_ogg/u/unf/unfai/unfair__us_1.ogg
unfold,B1,B2,verb,verb,https://www.oxfordlearnersdictionaries.com/media/english/us_pron_ogg/u/unf/unfol/unfold__us_1.ogg
unfortunate,B1,B2,adjective,adjective,https://www.oxfordlearnersdictionaries.com/media/english/us_pron_ogg/u/unf/unfor/unfortunate__us_1.ogg
unify,B1,C1,verb,verb,https://www.oxfordlearnersdictionaries.com/media/english/us_pron_ogg/u/uni/unify/unify__us_1.ogg
unique,B1,B2,adjective,adjective,https://www.oxfordlearnersdictionaries.com/media/english/us_pron_ogg/u/uni/uniqu/unique__us_1.ogg
unite,B1,B2,verb,verb,https://www.oxfordlearnersdictionaries.com/media/english/us_pron_ogg/u/uni/unite/unite__us_1.ogg
united,B2,A2,adjective,adjective,https://www.oxfordlearnersdictionaries.com/media/english/us_pron_ogg/u/uni/unite/united__us_1.ogg
universe,B1,B2,noun,noun,https://www.oxfordlearnersdictionaries.com/media/english/us_pron_ogg/u/uni/unive/universe__us_1.ogg
university,A2,A1,noun,noun,https://www.oxfordlearnersdictionaries.com/media/english/us_pron_ogg/u/uni/unive/university__us_1.ogg
unknown,A2,B2,adjective,adjective,https://www.oxfordlearnersdictionaries.com/media/english/us_pron_ogg/u/unk/unkno/unknown__us_1.ogg
unlike,B2,B1,preposition,preposition,https://www.oxfordlearnersdictionaries.com/media/english/us_pron_ogg/u/unl/unlik/unlike__us_1.ogg
unnecessary,A2,B1,adjective,adjective,https://www.oxfordlearnersdictionaries.com/media/english/us_pron_ogg/u/unn/unnec/unnecessary__us_1.ogg
unpleasant,A2,B1,adjective,adjective,https://www.oxfordlearnersdictionaries.com/media/english/us_pron_ogg/u/unp/unple/unpleasant__us_1.ogg
upgrade,B2,C1,verb,"noun, verb",https://www.oxfordlearnersdictionaries.com/media/english/us_pron_ogg/u/upg/upgra/upgrade__us_2.ogg
upon,A2,B1,preposition,preposition,https://www.oxfordlearnersdictionaries.com/media/english/us_pron_ogg/u/upo/upon_/upon__us_1_rr.ogg
upper,B1,B2,adjective,adjective,https://www.oxfordlearnersdictionaries.com/media/english/us_pron_ogg/u/upp/upper/upper__us_2.ogg
upset,B2,B1,verb,"adjective, verb",https://www.oxfordlearnersdictionaries.com/media/english/us_pron_ogg/u/ups/upset/upset__us_2.ogg
upstairs,B1,A2,noun,"adjective, adverb",https://www.oxfordlearnersdictionaries.com/media/english/us_pron_ogg/u/ups/upsta/upstairs__us_4.ogg
urgent,B1,B2,adjective,adjective,https://www.oxfordlearnersdictionaries.com/media/english/us_pron_ogg/u/urg/urgen/urgent__us_1.ogg
usage,B1,B2,noun,noun,https://www.oxfordlearnersdictionaries.com/media/english/us_pron_ogg/u/usa/usage/usage__us_1.ogg
use,A1,A2,verb,"noun, verb",https://www.oxfordlearnersdictionaries.com/media/english/us_pron_ogg/u/use/use__/use__us_2.ogg
used,A2,B1,adjective,adjective,https://www.oxfordlearnersdictionaries.com/media/english/us_pron_ogg/u/use/used_/used__us_2.ogg
used to,B1,A2,modal auxiliary,modal verb,https://www.oxfordlearnersdictionaries.com/media/english/us_pron_ogg/u/use/used_/used_to_1_us_1.ogg
useful,A2,A1,adjective,adjective,https://www.oxfordlearnersdictionaries.com/media/english/us_pron_ogg/u/use/usefu/useful__us_2.ogg
useless,B1,B2,adjective,adjective,https://www.oxfordlearnersdictionaries.com/media/english/us_pron_ogg/u/use/usele/useless__us_1.ogg
user,B2,A2,noun,noun,https://www.oxfordlearnersdictionaries.com/media/english/us_pron_ogg/u/use/user_/user__us_2.ogg
utility,B2,C1,noun,noun,https://www.oxfordlearnersdictionaries.com/media/english/us_pron_ogg/u/uti/utili/utility__us_1.ogg
utterly,B2,C1,adverb,adverb,https://www.oxfordlearnersdictionaries.com/media/english/us_pron_ogg/u/utt/utter/utterly__us_1.ogg
vague,B1,C1,adjective,adjective,https://www.oxfordlearnersdictionaries.com/media/english/us_pron_ogg/v/vag/vague/vague__us_1.ogg
value,B2,B1,verb,"noun, verb",https://www.oxfordlearnersdictionaries.com/media/english/us_pron_ogg/v/val/value/value__us_2.ogg
van,B1,A2,noun,noun,https://www.oxfordlearnersdictionaries.com/media/english/us_pron_ogg/v/van/van__/van__us_1.ogg
vanish,B2,C1,verb,verb,https://www.oxfordlearnersdictionaries.com/media/english/us_pron_ogg/v/van/vanis/vanish__us_1.ogg
varied,B2,C1,adjective,adjective,https://www.oxfordlearnersdictionaries.com/media/english/us_pron_ogg/v/var/varie/varied__us_1.ogg
variety,B1,A2,noun,noun,https://www.oxfordlearnersdictionaries.com/media/english/us_pron_ogg/v/var/varie/variety__us_3.ogg
vary,B1,B2,verb,verb,https://www.oxfordlearnersdictionaries.com/media/english/us_pron_ogg/v/var/vary_/vary__us_4.ogg
vast,B1,B2,adjective,adjective,https://www.oxfordlearnersdictionaries.com/media/english/us_pron_ogg/v/vas/vast_/vast__us_1.ogg
vehicle,B1,A2,noun,noun,https://www.oxfordlearnersdictionaries.com/media/english/us_pron_ogg/v/veh/vehic/vehicle__us_5.ogg
vein,B1,C1,noun,noun,https://www.oxfordlearnersdictionaries.com/media/english/us_pron_ogg/v/vei/vein_/vein__us_1.ogg
venture,B2,C1,noun,"noun, verb",https://www.oxfordlearnersdictionaries.com/media/english/us_pron_ogg/v/ven/ventu/venture__us_1.ogg
verbal,B2,C1,adjective,adjective,https://www.oxfordlearnersdictionaries.com/media/english/us_pron_ogg/v/ver/verba/verbal__us_1.ogg
verse,B2,C1,verb,noun,https://www.oxfordlearnersdictionaries.com/media/english/us_pron_ogg/v/ver/verse/verse__us_1.ogg
version,B2,B1,noun,noun,https://www.oxfordlearnersdictionaries.com/media/english/us_pron_ogg/v/ver/versi/version__us_1.ogg
versus,B2,C1,preposition,preposition,https://www.oxfordlearnersdictionaries.com/media/english/us_pron_ogg/v/ver/versu/versus__us_1_rr.ogg
very,A1,B2,adverb,"adjective, adverb",https://www.oxfordlearnersdictionaries.com/media/english/us_pron_ogg/v/ver/very_/very__us_1.ogg
vessel,B1,C1,noun,noun,https://www.oxfordlearnersdictionaries.com/media/english/us_pron_ogg/v/ves/vesse/vessel__us_1.ogg
veteran,B2,C1,noun,noun,https://www.oxfordlearnersdictionaries.com/media/english/us_pron_ogg/v/vet/veter/veteran__us_1.ogg
via,B1,B2,preposition,preposition,https://www.oxfordlearnersdictionaries.com/media/english/us_pron_ogg/v/via/via__/via__us_1_rr.ogg
vice,B1,C1,adjective,noun,https://www.oxfordlearnersdictionaries.com/media/english/us_pron_ogg/v/vic/vice_/vice__us_1.ogg
victory,B1,B2,noun,noun,https://www.oxfordlearnersdictionaries.com/media/english/us_pron_ogg/v/vic/victo/victory__us_1.ogg
view,B1,A2,verb,"noun, verb",https://www.oxfordlearnersdictionaries.com/media/english/us_pron_ogg/v/vie/view_/view__us_1.ogg
viewer,B2,B1,noun,noun,https://www.oxfordlearnersdictionaries.com/media/english/us_pron_ogg/v/vie/viewe/viewer__us_1.ogg
viewpoint,B1,B2,noun,noun,https://www.oxfordlearnersdictionaries.com/media/english/us_pron_ogg/v/vie/viewp/viewpoint__us_1.ogg
village,A2,A1,noun,noun,https://www.oxfordlearnersdictionaries.com/media/english/us_pron_ogg/v/vil/villa/village__us_1.ogg
villager,B2,C1,noun,noun,https://www.oxfordlearnersdictionaries.com/media/english/us_pron_ogg/v/vil/villa/villager__us_1.ogg
violate,B2,C1,verb,verb,https://www.oxfordlearnersdictionaries.com/media/english/us_pron_ogg/v/vio/viola/violate__us_1.ogg
violence,B1,B2,noun,noun,https://www.oxfordlearnersdictionaries.com/media/english/us_pron_ogg/v/vio/viole/violence__us_1.ogg
violent,A2,B1,adjective,adjective,https://www.oxfordlearnersdictionaries.com/media/english/us_pron_ogg/v/vio/viole/violent__us_1.ogg
virtual,B1,B2,adjective,adjective,https://www.oxfordlearnersdictionaries.com/media/english/us_pron_ogg/v/vir/virtu/virtual__us_1.ogg
virtue,B2,C1,noun,noun,https://www.oxfordlearnersdictionaries.com/media/english/us_pron_ogg/v/vir/virtu/virtue__us_1.ogg
virus,B1,A2,noun,noun,https://www.oxfordlearnersdictionaries.com/media/english/us_pron_ogg/v/vir/virus/virus__us_1.ogg
visa,B1,B2,noun,noun,https://www.oxfordlearnersdictionaries.com/media/english/us_pron_ogg/v/vis/visa_/visa__us_1_rr.ogg
visible,B1,B2,adjective,adjective,https://www.oxfordlearnersdictionaries.com/media/english/us_pron_ogg/v/vis/visib/visible__us_1.ogg
vision,B1,B2,noun,noun,https://www.oxfordlearnersdictionaries.com/media/english/us_pron_ogg/v/vis/visio/vision__us_1.ogg
visitor,A2,A1,noun,noun,https://www.oxfordlearnersdictionaries.com/media/english/us_pron_ogg/v/vis/visit/visitor__us_1.ogg
visual,B1,B2,adjective,adjective,https://www.oxfordlearnersdictionaries.com/media/english/us_pron_ogg/v/vis/visua/visual__us_1.ogg
volume,B1,B2,noun,noun,https://www.oxfordlearnersdictionaries.com/media/english/us_pron_ogg/v/vol/volum/volume__us_2_rr.ogg
vow,B2,C1,noun,verb,https://www.oxfordlearnersdictionaries.com/media/english/us_pron_ogg/v/vow/vow__/vow__us_1.ogg
wait,A1,A2,verb,"noun, verb",https://www.oxfordlearnersdictionaries.com/media/english/us_pron_ogg/w/wai/wait_/wait__us_1.ogg
wake,B1,A1,verb,verb,https://www.oxfordlearnersdictionaries.com/media/english/us_pron_ogg/w/wak/wake_/wake__us_1.ogg
wander,A2,B2,verb,verb,https://www.oxfordlearnersdictionaries.com/media/english/us_pron_ogg/w/wan/wande/wander__us_1.ogg
war,A1,A2,noun,noun,https://www.oxfordlearnersdictionaries.com/media/english/us_pron_ogg/w/war/war__/war__us_1.ogg
ward,B1,C1,noun,noun,https://www.oxfordlearnersdictionaries.com/media/english/us_pron_ogg/w/war/ward_/ward__us_1.ogg
warm,B1,A1,verb,"adjective, verb",https://www.oxfordlearnersdictionaries.com/media/english/us_pron_ogg/w/war/warm_/warm__us_1.ogg
warrior,B1,C1,noun,noun,https://www.oxfordlearnersdictionaries.com/media/english/us_pron_ogg/w/war/warri/warrior__us_1_rr.ogg
wash,A1,A2,verb,"noun, verb",https://www.oxfordlearnersdictionaries.com/media/english/us_pron_ogg/w/was/wash_/wash__us_1_rr.ogg
water,B2,A1,verb,"noun, verb",https://www.oxfordlearnersdictionaries.com/media/english/us_pron_ogg/w/wat/water/water__us_1_rr.ogg
wave,B1,A2,verb,"noun, verb",https://www.oxfordlearnersdictionaries.com/media/english/us_pron_ogg/w/wav/wave_/wave__us_1.ogg
way,A1,B2,noun,"adverb, noun",https://www.oxfordlearnersdictionaries.com/media/english/us_pron_ogg/w/way/way__/way__us_1.ogg
weaken,B2,C1,verb,verb,https://www.oxfordlearnersdictionaries.com/media/english/us_pron_ogg/w/wea/weake/weaken__us_1.ogg
weakness,B1,B2,noun,noun,https://www.oxfordlearnersdictionaries.com/media/english/us_pron_ogg/w/wea/weakn/weakness__us_2.ogg
wealth,A2,B2,noun,noun,https://www.oxfordlearnersdictionaries.com/media/english/us_pron_ogg/w/wea/wealt/wealth__us_1.ogg
weave,B2,C1,noun,verb,https://www.oxfordlearnersdictionaries.com/media/english/us_pron_ogg/w/wea/weave/weave__us_1.ogg
website,A2,A1,noun,noun,https://www.oxfordlearnersdictionaries.com/media/english/us_pron_ogg/w/web/websi/website__us_1.ogg
weed,B2,C1,noun,noun,https://www.oxfordlearnersdictionaries.com/media/english/us_pron_ogg/w/wee/weed_/weed__us_1.ogg
weekly,A2,B2,adverb,adjective,https://www.oxfordlearnersdictionaries.com/media/english/us_pron_ogg/w/wee/weekl/weekly__us_1.ogg
weigh,A2,B1,verb,verb,https://www.oxfordlearnersdictionaries.com/media/english/us_pron_ogg/w/wei/weigh/weigh__us_1.ogg
weird,B1,B2,adjective,adjective,https://www.oxfordlearnersdictionaries.com/media/english/us_pron_ogg/w/wei/weird/weird__us_1.ogg
west,A2,A1,noun,"adjective, adverb, noun",https://www.oxfordlearnersdictionaries.com/media/english/us_pron_ogg/w/wes/west_/west__us_1.ogg
western,B2,B1,adjective,adjective,https://www.oxfordlearnersdictionaries.com/media/english/us_pron_ogg/w/wes/weste/western__us_3.ogg
whatever,B1,C1,pronoun,"adverb, determiner, pronoun",https://www.oxfordlearnersdictionaries.com/media/english/us_pron_ogg/w/wha/whate/whatever__us_3_rr.ogg
wheel,A1,A2,noun,noun,https://www.oxfordlearnersdictionaries.com/media/english/us_pron_ogg/w/whe/wheel/wheel__us_1.ogg
wherever,B1,B2,conjunction,conjunction,https://www.oxfordlearnersdictionaries.com/media/english/us_pron_ogg/w/whe/where/wherever__us_1_rr.ogg
while,B1,A2,noun,"conjunction, noun",https://www.oxfordlearnersdictionaries.com/media/english/us_pron_ogg/w/whi/while/while__us_1.ogg
whip,B2,C1,verb,verb,https://www.oxfordlearnersdictionaries.com/media/english/us_pron_ogg/w/whi/whip_/whip__us_1.ogg
whoever,B1,B2,pronoun,pronoun,https://www.oxfordlearnersdictionaries.com/media/english/us_pron_ogg/w/who/whoev/whoever__us_1.ogg
whole,B1,A2,noun,"adjective, noun",https://www.oxfordlearnersdictionaries.com/media/english/us_pron_ogg/w/who/whole/whole__us_1.ogg
whom,A2,B2,pronoun,pronoun,https://www.oxfordlearnersdictionaries.com/media/english/us_pron_ogg/w/who/whom_/whom__us_1.ogg
whose,A1,A2,pronoun,"determiner, pronoun",https://www.oxfordlearnersdictionaries.com/media/english/us_pron_ogg/w/who/whose/whose__us_1.ogg
widely,A2,B2,adverb,adverb,https://www.oxfordlearnersdictionaries.com/media/english/us_pron_ogg/w/wid/widel/widely__us_1.ogg
widen,B2,C1,verb,verb,https://www.oxfordlearnersdictionaries.com/media/english/us_pron_ogg/w/wid/widen/widen__us_1.ogg
widespread,B1,B2,adjective,adjective,https://www.oxfordlearnersdictionaries.com/media/english/us_pron_ogg/w/wid/wides/widespread__us_1_rr.ogg
widow,B2,C1,noun,noun,https://www.oxfordlearnersdictionaries.com/media/english/us_pron_ogg/w/wid/widow/widow__us_1.ogg
width,B2,C1,noun,noun,https://www.oxfordlearnersdictionaries.com/media/english/us_pron_ogg/w/wid/width/width__us_1_rr.ogg
wildlife,B1,B2,noun,noun,https://www.oxfordlearnersdictionaries.com/media/english/us_pron_ogg/w/wil/wildl/wildlife__us_1.ogg
will,B2,B1,noun,"noun, modal verb",https://www.oxfordlearnersdictionaries.com/media/english/us_pron_ogg/w/wil/will_/will__us_1.ogg
willingness,B1,C1,noun,noun,https://www.oxfordlearnersdictionaries.com/media/english/us_pron_ogg/w/wil/willi/willingness__us_1.ogg
win,A1,B1,verb,"noun, verb",https://www.oxfordlearnersdictionaries.com/media/english/us_pron_ogg/w/win/win__/win__us_1.ogg
wind,B2,A2,verb,"noun, verb",https://www.oxfordlearnersdictionaries.com/media/english/us_pron_ogg/w/win/wind_/wind__us_1.ogg
wine,A2,A1,noun,noun,https://www.oxfordlearnersdictionaries.com/media/english/us_pron_ogg/w/win/wine_/wine__us_1.ogg
wipe,B2,C1,verb,verb,https://www.oxfordlearnersdictionaries.com/media/english/us_pron_ogg/w/wip/wipe_/wipe__us_1.ogg
wisdom,A2,B2,noun,noun,https://www.oxfordlearnersdictionaries.com/media/english/us_pron_ogg/w/wis/wisdo/wisdom__us_1.ogg
wise,A2,B2,adjective,adjective,https://www.oxfordlearnersdictionaries.com/media/english/us_pron_ogg/w/wis/wise_/wise__us_1.ogg
wit,B2,C1,noun,noun,https://www.oxfordlearnersdictionaries.com/media/english/us_pron_ogg/w/wit/wit__/wit__us_1.ogg
withdrawal,B2,C1,noun,noun,https://www.oxfordlearnersdictionaries.com/media/english/us_pron_ogg/w/wit/withd/withdrawal__us_1_rr.ogg
within,A2,B1,preposition,preposition,https://www.oxfordlearnersdictionaries.com/media/english/us_pron_ogg/w/wit/withi/within__us_1_rr.ogg
without,A2,A1,preposition,preposition,https://www.oxfordlearnersdictionaries.com/media/english/us_pron_ogg/w/wit/witho/without__us_1_rr.ogg
witness,B1,B2,verb,"noun, verb",https://www.oxfordlearnersdictionaries.com/media/english/us_pron_ogg/w/wit/witne/witness__us_2.ogg
wonder,A2,B1,verb,"noun, verb",https://www.oxfordlearnersdictionaries.com/media/english/us_pron_ogg/w/won/wonde/wonder__us_2.ogg
wool,A2,B1,noun,noun,https://www.oxfordlearnersdictionaries.com/media/english/us_pron_ogg/w/woo/wool_/wool__us_1.ogg
working,B1,A2,adjective,adjective,https://www.oxfordlearnersdictionaries.com/media/english/us_pron_ogg/w/wor/worki/working__us_3.ogg
workout,B1,C1,noun,noun,https://www.oxfordlearnersdictionaries.com/media/english/us_pron_ogg/w/wor/worko/workout__us_1.ogg
workplace,B1,B2,noun,noun,https://www.oxfordlearnersdictionaries.com/media/english/us_pron_ogg/w/wor/workp/workplace__us_1.ogg
workshop,B1,B2,noun,noun,https://www.oxfordlearnersdictionaries.com/media/english/us_pron_ogg/w/wor/works/workshop__us_1.ogg
worldwide,A2,B1,adverb,"adjective, adverb",https://www.oxfordlearnersdictionaries.com/media/english/us_pron_ogg/w/wor/world/worldwide__us_3.ogg
worry,A2,B1,verb,"noun, verb",https://www.oxfordlearnersdictionaries.com/media/english/us_pron_ogg/w/wor/worry/worry__us_2.ogg
worse,B2,A2,noun,"adjective, adverb, noun",https://www.oxfordlearnersdictionaries.com/media/english/us_pron_ogg/w/wor/worse/worse__us_1.ogg
worship,B2,C1,noun,"noun, verb",https://www.oxfordlearnersdictionaries.com/media/english/us_pron_ogg/w/wor/worsh/worship__us_1.ogg
worst,B1,A2,noun,"adjective, adverb, noun",https://www.oxfordlearnersdictionaries.com/media/english/us_pron_ogg/w/wor/worst/worst__us_1.ogg
worthwhile,B1,C1,adjective,adjective,https://www.oxfordlearnersdictionaries.com/media/english/us_pron_ogg/w/wor/worth/worthwhile__us_1.ogg
worthy,B1,C1,adjective,adjective,https://www.oxfordlearnersdictionaries.com/media/english/us_pron_ogg/w/wor/worth/worthy__us_1.ogg
wrap,B1,B2,verb,verb,https://www.oxfordlearnersdictionaries.com/media/english/us_pron_ogg/w/wra/wrap_/wrap__us_1.ogg
wrist,B1,B2,noun,noun,https://www.oxfordlearnersdictionaries.com/media/english/us_pron_ogg/w/wri/wrist/wrist__us_1.ogg
writing,A2,A1,noun,noun,https://www.oxfordlearnersdictionaries.com/media/english/us_pron_ogg/w/wri/writi/writing__us_4.ogg
wrong,A2,A1,adverb,"adjective, adverb, noun",https://www.oxfordlearnersdictionaries.com/media/english/us_pron_ogg/w/wro/wrong/wrong__us_1.ogg
yard,A1,B1,noun,noun,https://www.oxfordlearnersdictionaries.com/media/english/us_pron_ogg/y/yar/yard_/yard__us_1.ogg
yeah,A2,A1,adverb,exclamation,https://www.oxfordlearnersdictionaries.com/media/english/us_pron_ogg/y/yea/yeah_/yeah__us_1.ogg
yell,B2,C1,verb,verb,https://www.oxfordlearnersdictionaries.com/media/english/us_pron_ogg/y/yel/yell_/yell__us_1.ogg
yet,B1,A2,conjunction,"adverb, conjunction",https://www.oxfordlearnersdictionaries.com/media/english/us_pron_ogg/y/yet/yet__/yet__us_1.ogg
yield,B2,C1,verb,"noun, verb",https://www.oxfordlearnersdictionaries.com/media/english/us_pron_ogg/y/yie/yield/yield__us_1.ogg
yours,A1,A2,pronoun,pronoun,https://www.oxfordlearnersdictionaries.com/media/english/us_pron_ogg/y/you/yours/yours__us_2_rr.ogg
youth,A2,B1,noun,noun,https://www.oxfordlearnersdictionaries.com/media/english/us_pron_ogg/y/you/youth/youth__us_1.ogg
zone,A2,B2,noun,noun,https://www.oxfordlearnersdictionaries.com/media/english/us_pron_ogg/z/zon/zone_/zone__us_1.ogg
