word,cefrj_cefr,ox5k_cefr,cefrj_pos,ox5k_pos,voice_url
a,A1,A1,determiner,indefinite article,https://www.oxfordlearnersdictionaries.com/media/english/us_pron_ogg/a/a__/a__us/a__us_2_rr.ogg
ability,A2,A2,noun,noun,https://www.oxfordlearnersdictionaries.com/media/english/us_pron_ogg/a/abi/abili/ability__us_4.ogg
about,A1,A1,preposition,"adverb, preposition",https://www.oxfordlearnersdictionaries.com/media/english/us_pron_ogg/a/abo/about/about__us_1.ogg
above,A1,A1,preposition,"adverb, preposition",https://www.oxfordlearnersdictionaries.com/media/english/us_pron_ogg/a/abo/above/above__us_2.ogg
abroad,A2,A2,adverb,adverb,https://www.oxfordlearnersdictionaries.com/media/english/us_pron_ogg/a/abr/abroa/abroad__us_4.ogg
absolutely,B1,B1,adverb,adverb,https://www.oxfordlearnersdictionaries.com/media/english/us_pron_ogg/a/abs/absol/absolutely__us_1_rr.ogg
academic,B1,B1,adjective,"adjective, noun",https://www.oxfordlearnersdictionaries.com/media/english/us_pron_ogg/a/aca/acade/academic__us_2.ogg
accept,A2,A2,verb,verb,https://www.oxfordlearnersdictionaries.com/media/english/us_pron_ogg/a/acc/accep/accept__us_1.ogg
accident,A2,A2,noun,noun,https://www.oxfordlearnersdictionaries.com/media/english/us_pron_ogg/a/acc/accid/accident__us_2_rr.ogg
account,B1,B1,verb,"noun, verb",https://www.oxfordlearnersdictionaries.com/media/english/us_pron_ogg/a/acc/accou/account__us_1.ogg
achieve,A2,A2,verb,verb,https://www.oxfordlearnersdictionaries.com/media/english/us_pron_ogg/a/ach/achie/achieve__us_2.ogg
achievement,B1,B1,noun,noun,https://www.oxfordlearnersdictionaries.com/media/english/us_pron_ogg/a/ach/achie/achievement__us_1.ogg
act,B1,B1,verb,"noun, verb",https://www.oxfordlearnersdictionaries.com/media/english/us_pron_ogg/a/act/act__/act__us_2.ogg
action,A1,A1,noun,noun,https://www.oxfordlearnersdictionaries.com/media/english/us_pron_ogg/a/act/actio/action__us_2.ogg
activity,A1,A1,noun,noun,https://www.oxfordlearnersdictionaries.com/media/english/us_pron_ogg/a/act/activ/activity__us_4.ogg
actor,A1,A1,noun,noun,https://www.oxfordlearnersdictionaries.com/media/english/us_pron_ogg/a/act/actor/actor__us_2.ogg
actual,B2,B2,adjective,adjective,https://www.oxfordlearnersdictionaries.com/media/english/us_pron_ogg/a/act/actua/actual__us_1_rr.ogg
actually,A2,A2,adverb,adverb,https://www.oxfordlearnersdictionaries.com/media/english/us_pron_ogg/a/act/actua/actually__us_1_rr.ogg
ad,B1,B1,noun,noun,https://www.oxfordlearnersdictionaries.com/media/english/us_pron_ogg/a/ad_/ad__u/ad__us_2.ogg
add,A1,A1,verb,verb,https://www.oxfordlearnersdictionaries.com/media/english/us_pron_ogg/a/add/add__/add__us_2.ogg
addiction,B2,B2,noun,noun,https://www.oxfordlearnersdictionaries.com/media/english/us_pron_ogg/a/add/addic/addiction__us_1.ogg
additionally,B2,B2,adverb,adverb,https://www.oxfordlearnersdictionaries.com/media/english/us_pron_ogg/a/add/addit/additionally__us_1.ogg
adequate,B2,B2,adjective,adjective,https://www.oxfordlearnersdictionaries.com/media/english/us_pron_ogg/a/ade/adequ/adequate__us_1.ogg
adequately,B2,B2,adverb,adverb,https://www.oxfordlearnersdictionaries.com/media/english/us_pron_ogg/a/ade/adequ/adequately__us_1.ogg
adult,A2,A2,noun,"adjective, noun",https://www.oxfordlearnersdictionaries.com/media/english/us_pron_ogg/a/adu/adult/adult__us_2_rr.ogg
advantage,A2,A2,noun,noun,https://www.oxfordlearnersdictionaries.com/media/english/us_pron_ogg/a/adv/advan/advantage__us_1.ogg
adventure,A2,A2,noun,noun,https://www.oxfordlearnersdictionaries.com/media/english/us_pron_ogg/a/adv/adven/adventure__us_3.ogg
advertisement,A2,A2,noun,noun,https://www.oxfordlearnersdictionaries.com/media/english/us_pron_ogg/a/adv/adver/advertisement__us_2_rr.ogg
advertising,A2,A2,noun,noun,https://www.oxfordlearnersdictionaries.com/media/english/us_pron_ogg/a/adv/adver/advertising__us_1.ogg
afford,B1,B1,verb,verb,https://www.oxfordlearnersdictionaries.com/media/english/us_pron_ogg/a/aff/affor/afford__us_1.ogg
affordable,B2,B2,adjective,adjective,https://www.oxfordlearnersdictionaries.com/media/english/us_pron_ogg/a/aff/affor/affordable__us_1.ogg
afraid,A1,A1,adjective,adjective,https://www.oxfordlearnersdictionaries.com/media/english/us_pron_ogg/a/afr/afrai/afraid__us_2.ogg
afternoon,A1,A1,noun,noun,https://www.oxfordlearnersdictionaries.com/media/english/us_pron_ogg/a/aft/after/afternoon__us_2.ogg
again,A1,A1,adverb,adverb,https://www.oxfordlearnersdictionaries.com/media/english/us_pron_ogg/a/aga/again/again__us_1.ogg
against,A2,A2,preposition,preposition,https://www.oxfordlearnersdictionaries.com/media/english/us_pron_ogg/a/aga/again/against__us_1.ogg
age,A1,A1,noun,"noun, verb",https://www.oxfordlearnersdictionaries.com/media/english/us_pron_ogg/a/age/age__/age__us_1.ogg
ago,A1,A1,adverb,adverb,https://www.oxfordlearnersdictionaries.com/media/english/us_pron_ogg/a/ago/ago__/ago__us_1.ogg
agree,A1,A1,verb,verb,https://www.oxfordlearnersdictionaries.com/media/english/us_pron_ogg/a/agr/agree/agree__us_1.ogg
agreement,B1,B1,noun,noun,https://www.oxfordlearnersdictionaries.com/media/english/us_pron_ogg/a/agr/agree/agreement__us_1.ogg
aircraft,B2,B2,noun,noun,https://www.oxfordlearnersdictionaries.com/media/english/us_pron_ogg/a/air/aircr/aircraft__us_1.ogg
airport,A1,A1,noun,noun,https://www.oxfordlearnersdictionaries.com/media/english/us_pron_ogg/a/air/airpo/airport__us_1.ogg
alarm,B1,B1,verb,"noun, verb",https://www.oxfordlearnersdictionaries.com/media/english/us_pron_ogg/a/ala/alarm/alarm__us_1.ogg
alcohol,B1,B1,noun,noun,https://www.oxfordlearnersdictionaries.com/media/english/us_pron_ogg/a/alc/alcoh/alcohol__us_1_rr.ogg
alive,A2,A2,adjective,adjective,https://www.oxfordlearnersdictionaries.com/media/english/us_pron_ogg/a/ali/alive/alive__us_2.ogg
allow,A2,A2,verb,verb,https://www.oxfordlearnersdictionaries.com/media/english/us_pron_ogg/a/all/allow/allow__us_2.ogg
along,A2,A2,preposition,"adverb, preposition",https://www.oxfordlearnersdictionaries.com/media/english/us_pron_ogg/a/alo/along/along__us_2.ogg
alongside,B2,B2,preposition,preposition,https://www.oxfordlearnersdictionaries.com/media/english/us_pron_ogg/a/alo/along/alongside__us_2.ogg
also,A1,A1,adverb,adverb,https://www.oxfordlearnersdictionaries.com/media/english/us_pron_ogg/a/als/also_/also__us_3.ogg
alter,B2,B2,verb,verb,https://www.oxfordlearnersdictionaries.com/media/english/us_pron_ogg/a/alt/alter/alter__us_4.ogg
alternative,B1,B1,noun,"adjective, noun",https://www.oxfordlearnersdictionaries.com/media/english/us_pron_ogg/a/alt/alter/alternative__us_1.ogg
although,A2,A2,conjunction,conjunction,https://www.oxfordlearnersdictionaries.com/media/english/us_pron_ogg/a/alt/altho/although__us_3.ogg
always,A1,A1,adverb,adverb,https://www.oxfordlearnersdictionaries.com/media/english/us_pron_ogg/a/alw/alway/always__us_1_rr.ogg
amazed,B1,B1,adjective,adjective,https://www.oxfordlearnersdictionaries.com/media/english/us_pron_ogg/a/ama/amaze/amazed__us_2.ogg
ambitious,B1,B1,adjective,adjective,https://www.oxfordlearnersdictionaries.com/media/english/us_pron_ogg/a/amb/ambit/ambitious__us_2.ogg
among,A2,A2,preposition,preposition,https://www.oxfordlearnersdictionaries.com/media/english/us_pron_ogg/a/amo/among/among__us_2.ogg
analysis,B1,B1,noun,noun,https://www.oxfordlearnersdictionaries.com/media/english/us_pron_ogg/a/ana/analy/analysis__us_2.ogg
analyst,B2,B2,noun,noun,https://www.oxfordlearnersdictionaries.com/media/english/us_pron_ogg/a/ana/analy/analyst__us_1.ogg
ancient,A2,A2,adjective,adjective,https://www.oxfordlearnersdictionaries.com/media/english/us_pron_ogg/a/anc/ancie/ancient__us_1.ogg
and,A1,A1,conjunction,conjunction,https://www.oxfordlearnersdictionaries.com/media/english/us_pron_ogg/a/and/and__/and__us_1.ogg
angry,A1,A1,adjective,adjective,https://www.oxfordlearnersdictionaries.com/media/english/us_pron_ogg/a/ang/angry/angry__us_1.ogg
animal,A1,A1,noun,noun,https://www.oxfordlearnersdictionaries.com/media/english/us_pron_ogg/a/ani/anima/animal__us_1.ogg
ankle,A2,A2,noun,noun,https://www.oxfordlearnersdictionaries.com/media/english/us_pron_ogg/a/ank/ankle/ankle__us_1.ogg
announce,B1,B1,verb,verb,https://www.oxfordlearnersdictionaries.com/media/english/us_pron_ogg/a/ann/annou/announce__us_1.ogg
announcement,B1,B1,noun,noun,https://www.oxfordlearnersdictionaries.com/media/english/us_pron_ogg/a/ann/annou/announcement__us_1.ogg
annoyed,B1,B1,adjective,adjective,https://www.oxfordlearnersdictionaries.com/media/english/us_pron_ogg/a/ann/annoy/annoyed__us_3.ogg
answer,A1,A1,verb,"noun, verb",https://www.oxfordlearnersdictionaries.com/media/english/us_pron_ogg/a/ans/answe/answer__us_1.ogg
anticipate,B2,B2,verb,verb,https://www.oxfordlearnersdictionaries.com/media/english/us_pron_ogg/a/ant/antic/anticipate__us_1.ogg
anyone,A1,A1,pronoun,pronoun,https://www.oxfordlearnersdictionaries.com/media/english/us_pron_ogg/a/any/anyon/anyone__us_1_rr.ogg
anything,A1,A1,pronoun,pronoun,https://www.oxfordlearnersdictionaries.com/media/english/us_pron_ogg/a/any/anyth/anything__us_1.ogg
anyway,A2,A2,adverb,adverb,https://www.oxfordlearnersdictionaries.com/media/english/us_pron_ogg/a/any/anywa/anyway__us_1.ogg
anywhere,A2,A2,adverb,"adverb, pronoun",https://www.oxfordlearnersdictionaries.com/media/english/us_pron_ogg/a/any/anywh/anywhere__us_1.ogg
appeal,B2,B2,verb,"noun, verb",https://www.oxfordlearnersdictionaries.com/media/english/us_pron_ogg/a/app/appea/appeal__us_2.ogg
appear,A2,A2,verb,verb,https://www.oxfordlearnersdictionaries.com/media/english/us_pron_ogg/a/app/appea/appear__us_2.ogg
appearance,A2,A2,noun,noun,https://www.oxfordlearnersdictionaries.com/media/english/us_pron_ogg/a/app/appea/appearance__us_1.ogg
apple,A1,A1,noun,noun,https://www.oxfordlearnersdictionaries.com/media/english/us_pron_ogg/a/app/apple/apple__us_1.ogg
applicant,B2,B2,noun,noun,https://www.oxfordlearnersdictionaries.com/media/english/us_pron_ogg/a/app/appli/applicant__us_1.ogg
application,B1,B1,noun,noun,https://www.oxfordlearnersdictionaries.com/media/english/us_pron_ogg/a/app/appli/application__us_2.ogg
apply,A2,A2,verb,verb,https://www.oxfordlearnersdictionaries.com/media/english/us_pron_ogg/a/app/apply/apply__us_1.ogg
approach,B2,B2,verb,"noun, verb",https://www.oxfordlearnersdictionaries.com/media/english/us_pron_ogg/a/app/appro/approach__us_1.ogg
appropriately,B2,B2,adverb,adverb,https://www.oxfordlearnersdictionaries.com/media/english/us_pron_ogg/a/app/appro/appropriately__us_1.ogg
approximately,B1,B1,adverb,adverb,https://www.oxfordlearnersdictionaries.com/media/english/us_pron_ogg/a/app/appro/approximately__us_1.ogg
april,A1,A1,noun,noun,https://www.oxfordlearnersdictionaries.com/media/english/us_pron_ogg/a/apr/april/april__us_1.ogg
architecture,A2,A2,noun,noun,https://www.oxfordlearnersdictionaries.com/media/english/us_pron_ogg/a/arc/archi/architecture__us_1.ogg
argue,A2,A2,verb,verb,https://www.oxfordlearnersdictionaries.com/media/english/us_pron_ogg/a/arg/argue/argue__us_2.ogg
argument,A2,A2,noun,noun,https://www.oxfordlearnersdictionaries.com/media/english/us_pron_ogg/a/arg/argum/argument__us_1.ogg
around,A1,A1,preposition,"adverb, preposition",https://www.oxfordlearnersdictionaries.com/media/english/us_pron_ogg/a/aro/aroun/around__us_2.ogg
arrest,B1,B1,verb,"noun, verb",https://www.oxfordlearnersdictionaries.com/media/english/us_pron_ogg/a/arr/arres/arrest__us_1.ogg
arrival,B1,B1,noun,noun,https://www.oxfordlearnersdictionaries.com/media/english/us_pron_ogg/a/arr/arriv/arrival__us_3.ogg
arrive,A1,A1,verb,verb,https://www.oxfordlearnersdictionaries.com/media/english/us_pron_ogg/a/arr/arriv/arrive__us_1.ogg
art,A1,A1,noun,noun,https://www.oxfordlearnersdictionaries.com/media/english/us_pron_ogg/a/art/art__/art__us_1.ogg
article,A1,A1,noun,noun,https://www.oxfordlearnersdictionaries.com/media/english/us_pron_ogg/a/art/artic/article__us_1.ogg
ask,A1,A1,verb,verb,https://www.oxfordlearnersdictionaries.com/media/english/us_pron_ogg/a/ask/ask__/ask__us_1.ogg
asleep,A2,A2,adjective,adjective,https://www.oxfordlearnersdictionaries.com/media/english/us_pron_ogg/a/asl/aslee/asleep__us_2.ogg
assess,B2,B2,verb,verb,https://www.oxfordlearnersdictionaries.com/media/english/us_pron_ogg/a/ass/asses/assess__us_2.ogg
assessment,B2,B2,noun,noun,https://www.oxfordlearnersdictionaries.com/media/english/us_pron_ogg/a/ass/asses/assessment__us_1.ogg
assignment,B1,B1,noun,noun,https://www.oxfordlearnersdictionaries.com/media/english/us_pron_ogg/a/ass/assig/assignment__us_1.ogg
assist,B1,B1,verb,verb,https://www.oxfordlearnersdictionaries.com/media/english/us_pron_ogg/a/ass/assis/assist__us_1.ogg
assumption,B2,B2,noun,noun,https://www.oxfordlearnersdictionaries.com/media/english/us_pron_ogg/a/ass/assum/assumption__us_1.ogg
assure,B2,B2,verb,verb,https://www.oxfordlearnersdictionaries.com/media/english/us_pron_ogg/a/ass/assur/assure__us_1.ogg
astonishing,B2,B2,adjective,adjective,https://www.oxfordlearnersdictionaries.com/media/english/us_pron_ogg/a/ast/aston/astonishing__us_1.ogg
at,A1,A1,preposition,preposition,https://www.oxfordlearnersdictionaries.com/media/english/us_pron_ogg/a/at_/at__u/at__us_3_rr.ogg
athlete,A2,A2,noun,noun,https://www.oxfordlearnersdictionaries.com/media/english/us_pron_ogg/a/ath/athle/athlete__us_1.ogg
atmosphere,B1,B1,noun,noun,https://www.oxfordlearnersdictionaries.com/media/english/us_pron_ogg/a/atm/atmos/atmosphere__us_2.ogg
attach,B1,B1,verb,verb,https://www.oxfordlearnersdictionaries.com/media/english/us_pron_ogg/a/att/attac/attach__us_1.ogg
attack,A2,A2,verb,"noun, verb",https://www.oxfordlearnersdictionaries.com/media/english/us_pron_ogg/a/att/attac/attack__us_2.ogg
attention,A2,A2,noun,"exclamation, noun",https://www.oxfordlearnersdictionaries.com/media/english/us_pron_ogg/a/att/atten/attention__us_1.ogg
attract,B1,B1,verb,verb,https://www.oxfordlearnersdictionaries.com/media/english/us_pron_ogg/a/att/attra/attract__us_1.ogg
attraction,B1,B1,noun,noun,https://www.oxfordlearnersdictionaries.com/media/english/us_pron_ogg/a/att/attra/attraction__us_1.ogg
attractive,A2,A2,adjective,adjective,https://www.oxfordlearnersdictionaries.com/media/english/us_pron_ogg/a/att/attra/attractive__us_2.ogg
audience,A2,A2,noun,noun,https://www.oxfordlearnersdictionaries.com/media/english/us_pron_ogg/a/aud/audie/audience__us_1.ogg
august,A1,A1,noun,noun,https://www.oxfordlearnersdictionaries.com/media/english/us_pron_ogg/a/aug/augus/august__us_1.ogg
aunt,A1,A1,noun,noun,https://www.oxfordlearnersdictionaries.com/media/english/us_pron_ogg/a/aun/aunt_/aunt__us_1_rr.ogg
author,A2,A2,noun,noun,https://www.oxfordlearnersdictionaries.com/media/english/us_pron_ogg/a/aut/autho/author__us_1.ogg
authority,B1,B1,noun,noun,https://www.oxfordlearnersdictionaries.com/media/english/us_pron_ogg/a/aut/autho/authority__us_1_rr.ogg
autumn,A1,A1,noun,noun,https://www.oxfordlearnersdictionaries.com/media/english/us_pron_ogg/a/aut/autum/autumn__us_3.ogg
average,A2,A2,noun,"adjective, noun, verb",https://www.oxfordlearnersdictionaries.com/media/english/us_pron_ogg/a/ave/avera/average__us_2.ogg
avoid,A2,A2,verb,verb,https://www.oxfordlearnersdictionaries.com/media/english/us_pron_ogg/a/avo/avoid/avoid__us_1.ogg
aware,B1,B1,adjective,adjective,https://www.oxfordlearnersdictionaries.com/media/english/us_pron_ogg/a/awa/aware/aware__us_1.ogg
away,A1,A1,adverb,adverb,https://www.oxfordlearnersdictionaries.com/media/english/us_pron_ogg/a/awa/away_/away__us_1.ogg
awful,A2,A2,adjective,adjective,https://www.oxfordlearnersdictionaries.com/media/english/us_pron_ogg/a/awf/awful/awful__us_2.ogg
baby,A1,A1,noun,noun,https://www.oxfordlearnersdictionaries.com/media/english/us_pron_ogg/b/bab/baby_/baby__us_1.ogg
background,A2,A2,noun,noun,https://www.oxfordlearnersdictionaries.com/media/english/us_pron_ogg/b/bac/backg/background__us_1.ogg
bad,A1,A1,adjective,adjective,https://www.oxfordlearnersdictionaries.com/media/english/us_pron_ogg/b/bad/bad__/bad__us_1.ogg
badge,B2,B2,noun,noun,https://www.oxfordlearnersdictionaries.com/media/english/us_pron_ogg/b/bad/badge/badge__us_1.ogg
badly,A2,A2,adverb,adverb,https://www.oxfordlearnersdictionaries.com/media/english/us_pron_ogg/b/bad/badly/badly__us_2.ogg
bag,A1,A1,noun,noun,https://www.oxfordlearnersdictionaries.com/media/english/us_pron_ogg/b/bag/bag__/bag__us_1.ogg
balanced,B2,B2,adjective,adjective,https://www.oxfordlearnersdictionaries.com/media/english/us_pron_ogg/b/bal/balan/balanced__us_1.ogg
ball,A1,A1,noun,noun,https://www.oxfordlearnersdictionaries.com/media/english/us_pron_ogg/b/bal/ball_/ball__us_1.ogg
ballet,B2,B2,noun,noun,https://www.oxfordlearnersdictionaries.com/media/english/us_pron_ogg/b/bal/balle/ballet__us_3.ogg
banana,A1,A1,noun,noun,https://www.oxfordlearnersdictionaries.com/media/english/us_pron_ogg/b/ban/banan/banana__us_2.ogg
band,A1,A1,noun,noun,https://www.oxfordlearnersdictionaries.com/media/english/us_pron_ogg/b/ban/band_/band__us_1.ogg
bargain,B2,B2,verb,noun,https://www.oxfordlearnersdictionaries.com/media/english/us_pron_ogg/b/bar/barga/bargain__us_1.ogg
barrier,B2,B2,noun,noun,https://www.oxfordlearnersdictionaries.com/media/english/us_pron_ogg/b/bar/barri/barrier__us_2.ogg
base,B1,B1,verb,"noun, verb",https://www.oxfordlearnersdictionaries.com/media/english/us_pron_ogg/b/bas/base_/base__us_1.ogg
basis,B1,B1,noun,noun,https://www.oxfordlearnersdictionaries.com/media/english/us_pron_ogg/b/bas/basis/basis__us_2.ogg
bath,A1,A1,noun,noun,https://www.oxfordlearnersdictionaries.com/media/english/us_pron_ogg/b/bat/bath_/bath__us_1.ogg
bathroom,A1,A1,noun,noun,https://www.oxfordlearnersdictionaries.com/media/english/us_pron_ogg/b/bat/bathr/bathroom__us_1_rr.ogg
battle,B1,B1,noun,"noun, verb",https://www.oxfordlearnersdictionaries.com/media/english/us_pron_ogg/b/bat/battl/battle__us_2.ogg
be,A1,A1,be-verb,"verb, auxiliary verb",https://www.oxfordlearnersdictionaries.com/media/english/us_pron_ogg/b/be_/be__u/be__us_1.ogg
beach,A1,A1,noun,noun,https://www.oxfordlearnersdictionaries.com/media/english/us_pron_ogg/b/bea/beach/beach__us_1.ogg
bear,A2,A2,verb,"noun, verb",https://www.oxfordlearnersdictionaries.com/media/english/us_pron_ogg/b/bea/bear_/bear__us_1.ogg
beautiful,A1,A1,adjective,adjective,https://www.oxfordlearnersdictionaries.com/media/english/us_pron_ogg/b/bea/beaut/beautiful__us_1.ogg
because,A1,A1,conjunction,conjunction,https://www.oxfordlearnersdictionaries.com/media/english/us_pron_ogg/b/bec/becau/because__us_2.ogg
become,A1,A1,verb,verb,https://www.oxfordlearnersdictionaries.com/media/english/us_pron_ogg/b/bec/becom/become__us_2.ogg
bed,A1,A1,noun,noun,https://www.oxfordlearnersdictionaries.com/media/english/us_pron_ogg/b/bed/bed__/bed__us_2.ogg
bedroom,A1,A1,noun,noun,https://www.oxfordlearnersdictionaries.com/media/english/us_pron_ogg/b/bed/bedro/bedroom__us_1_rr.ogg
begin,A1,A1,verb,verb,https://www.oxfordlearnersdictionaries.com/media/english/us_pron_ogg/b/beg/begin/begin__us_1.ogg
behind,A1,A1,preposition,"adverb, preposition",https://www.oxfordlearnersdictionaries.com/media/english/us_pron_ogg/b/beh/behin/behind__us_2.ogg
belief,B1,B1,noun,noun,https://www.oxfordlearnersdictionaries.com/media/english/us_pron_ogg/b/bel/belie/belief__us_1.ogg
believe,A1,A1,verb,verb,https://www.oxfordlearnersdictionaries.com/media/english/us_pron_ogg/b/bel/belie/believe__us_1.ogg
belong,A2,A2,verb,verb,https://www.oxfordlearnersdictionaries.com/media/english/us_pron_ogg/b/bel/belon/belong__us_6.ogg
below,A1,A1,preposition,"adverb, preposition",https://www.oxfordlearnersdictionaries.com/media/english/us_pron_ogg/b/bel/below/below__us_1.ogg
belt,A2,A2,noun,noun,https://www.oxfordlearnersdictionaries.com/media/english/us_pron_ogg/b/bel/belt_/belt__us_1.ogg
beneficial,B2,B2,adjective,adjective,https://www.oxfordlearnersdictionaries.com/media/english/us_pron_ogg/b/ben/benef/beneficial__us_1.ogg
best,A1,A1,adverb,"adjective, adverb, noun",https://www.oxfordlearnersdictionaries.com/media/english/us_pron_ogg/b/bes/best_/best__us_1.ogg
bicycle,A1,A1,noun,noun,https://www.oxfordlearnersdictionaries.com/media/english/us_pron_ogg/b/bic/bicyc/bicycle__us_1.ogg
bid,B2,B2,verb,"noun, verb",https://www.oxfordlearnersdictionaries.com/media/english/us_pron_ogg/b/bid/bid__/bid__us_1.ogg
big,A1,A1,adjective,adjective,https://www.oxfordlearnersdictionaries.com/media/english/us_pron_ogg/b/big/big__/big__us_1.ogg
bike,A1,A1,noun,noun,https://www.oxfordlearnersdictionaries.com/media/english/us_pron_ogg/b/bik/bike_/bike__us_1.ogg
biological,B2,B2,adjective,adjective,https://www.oxfordlearnersdictionaries.com/media/english/us_pron_ogg/b/bio/biolo/biological__us_1.ogg
bird,A1,A1,noun,noun,https://www.oxfordlearnersdictionaries.com/media/english/us_pron_ogg/b/bir/bird_/bird__us_1.ogg
birthday,A1,A1,noun,noun,https://www.oxfordlearnersdictionaries.com/media/english/us_pron_ogg/b/bir/birth/birthday__us_1.ogg
bit,A2,A2,noun,noun,https://www.oxfordlearnersdictionaries.com/media/english/us_pron_ogg/b/bit/bit__/bit__us_1.ogg
bite,B1,B1,verb,"noun, verb",https://www.oxfordlearnersdictionaries.com/media/english/us_pron_ogg/b/bit/bite_/bite__us_1.ogg
black,A1,A1,noun,"adjective, noun",https://www.oxfordlearnersdictionaries.com/media/english/us_pron_ogg/b/bla/black/black__us_1.ogg
block,B1,B1,verb,"noun, verb",https://www.oxfordlearnersdictionaries.com/media/english/us_pron_ogg/b/blo/block/block__us_1.ogg
blood,A2,A2,noun,noun,https://www.oxfordlearnersdictionaries.com/media/english/us_pron_ogg/b/blo/blood/blood__us_1.ogg
blue,A1,A1,noun,"adjective, noun",https://www.oxfordlearnersdictionaries.com/media/english/us_pron_ogg/b/blu/blue_/blue__us_1.ogg
boat,A1,A1,noun,noun,https://www.oxfordlearnersdictionaries.com/media/english/us_pron_ogg/b/boa/boat_/boat__us_1.ogg
body,A1,A1,noun,noun,https://www.oxfordlearnersdictionaries.com/media/english/us_pron_ogg/b/bod/body_/body__us_2.ogg
boil,A2,A2,verb,verb,https://www.oxfordlearnersdictionaries.com/media/english/us_pron_ogg/b/boi/boil_/boil__us_1.ogg
bold,B2,B2,noun,adjective,https://www.oxfordlearnersdictionaries.com/media/english/us_pron_ogg/b/bol/bold_/bold__us_1.ogg
bomb,B1,B1,verb,"noun, verb",https://www.oxfordlearnersdictionaries.com/media/english/us_pron_ogg/b/bom/bomb_/bomb__us_1.ogg
bombing,B2,B2,noun,noun,https://www.oxfordlearnersdictionaries.com/media/english/us_pron_ogg/b/bom/bombi/bombing__us_1.ogg
boost,B2,B2,verb,"noun, verb",https://www.oxfordlearnersdictionaries.com/media/english/us_pron_ogg/b/boo/boost/boost__us_1.ogg
border,B1,B1,noun,"noun, verb",https://www.oxfordlearnersdictionaries.com/media/english/us_pron_ogg/b/bor/borde/border__us_1.ogg
boring,A1,A1,adjective,adjective,https://www.oxfordlearnersdictionaries.com/media/english/us_pron_ogg/b/bor/borin/boring__us_1.ogg
boss,A2,A2,noun,noun,https://www.oxfordlearnersdictionaries.com/media/english/us_pron_ogg/b/bos/boss_/boss__us_8.ogg
both,A1,A1,pronoun,"determiner, pronoun",https://www.oxfordlearnersdictionaries.com/media/english/us_pron_ogg/b/bot/both_/both__us_1.ogg
box,A1,A1,noun,noun,https://www.oxfordlearnersdictionaries.com/media/english/us_pron_ogg/b/box/box__/box__us_1.ogg
boy,A1,A1,noun,noun,https://www.oxfordlearnersdictionaries.com/media/english/us_pron_ogg/b/boy/boy__/boy__us_1.ogg
boyfriend,A1,A1,noun,noun,https://www.oxfordlearnersdictionaries.com/media/english/us_pron_ogg/b/boy/boyfr/boyfriend__us_2.ogg
branch,B1,B1,verb,noun,https://www.oxfordlearnersdictionaries.com/media/english/us_pron_ogg/b/bra/branc/branch__us_1.ogg
bread,A1,A1,noun,noun,https://www.oxfordlearnersdictionaries.com/media/english/us_pron_ogg/b/bre/bread/bread__us_1.ogg
break,A1,A1,verb,"noun, verb",https://www.oxfordlearnersdictionaries.com/media/english/us_pron_ogg/b/bre/break/break__us_1.ogg
breakfast,A1,A1,noun,noun,https://www.oxfordlearnersdictionaries.com/media/english/us_pron_ogg/b/bre/break/breakfast__us_1.ogg
breath,B1,B1,noun,noun,https://www.oxfordlearnersdictionaries.com/media/english/us_pron_ogg/b/bre/breat/breath__us_1.ogg
brilliant,A2,A2,adjective,adjective,https://www.oxfordlearnersdictionaries.com/media/english/us_pron_ogg/b/bri/brill/brilliant__us_1.ogg
bring,A1,A1,verb,verb,https://www.oxfordlearnersdictionaries.com/media/english/us_pron_ogg/b/bri/bring/bring__us_1.ogg
broadcast,B2,B2,verb,"noun, verb",https://www.oxfordlearnersdictionaries.com/media/english/us_pron_ogg/b/bro/broad/broadcast__us_1.ogg
broadcaster,B2,B2,noun,noun,https://www.oxfordlearnersdictionaries.com/media/english/us_pron_ogg/b/bro/broad/broadcaster__us_1.ogg
broadly,B2,B2,adverb,adverb,https://www.oxfordlearnersdictionaries.com/media/english/us_pron_ogg/b/bro/broad/broadly__us_1.ogg
brother,A1,A1,noun,noun,https://www.oxfordlearnersdictionaries.com/media/english/us_pron_ogg/b/bro/broth/brother__us_2.ogg
bubble,B1,B1,noun,noun,https://www.oxfordlearnersdictionaries.com/media/english/us_pron_ogg/b/bub/bubbl/bubble__us_3.ogg
build,A1,A1,verb,verb,https://www.oxfordlearnersdictionaries.com/media/english/us_pron_ogg/b/bui/build/build__us_1.ogg
building,A1,A1,noun,noun,https://www.oxfordlearnersdictionaries.com/media/english/us_pron_ogg/b/bui/build/building__us_3.ogg
bus,A1,A1,noun,noun,https://www.oxfordlearnersdictionaries.com/media/english/us_pron_ogg/b/bus/bus__/bus__us_1.ogg
business,A1,A1,noun,noun,https://www.oxfordlearnersdictionaries.com/media/english/us_pron_ogg/b/bus/busin/business__us_4.ogg
businessman,A2,A2,noun,noun,https://www.oxfordlearnersdictionaries.com/media/english/us_pron_ogg/b/bus/busin/businessman__us_1_rr.ogg
busy,A1,A1,adjective,adjective,https://www.oxfordlearnersdictionaries.com/media/english/us_pron_ogg/b/bus/busy_/busy__us_2.ogg
butter,A1,A1,noun,noun,https://www.oxfordlearnersdictionaries.com/media/english/us_pron_ogg/b/but/butte/butter__us_2.ogg
buy,A1,A1,verb,verb,https://www.oxfordlearnersdictionaries.com/media/english/us_pron_ogg/b/buy/buy__/buy__us_1.ogg
bye,A1,A1,noun,exclamation,https://www.oxfordlearnersdictionaries.com/media/english/us_pron_ogg/b/bye/bye__/bye__us_1.ogg
cable,B2,B2,noun,noun,https://www.oxfordlearnersdictionaries.com/media/english/us_pron_ogg/c/cab/cable/cable__us_2.ogg
cake,A1,A1,noun,noun,https://www.oxfordlearnersdictionaries.com/media/english/us_pron_ogg/c/cak/cake_/cake__us_1.ogg
calm,B1,B1,adjective,"adjective, noun, verb",https://www.oxfordlearnersdictionaries.com/media/english/us_pron_ogg/c/cal/calm_/calm__us_1.ogg
camera,A1,A1,noun,noun,https://www.oxfordlearnersdictionaries.com/media/english/us_pron_ogg/c/cam/camer/camera__us_1_rr.ogg
camp,A2,A2,verb,"noun, verb",https://www.oxfordlearnersdictionaries.com/media/english/us_pron_ogg/c/cam/camp_/camp_1_us_1.ogg
camping,A2,A2,noun,noun,https://www.oxfordlearnersdictionaries.com/media/english/us_pron_ogg/c/cam/campi/camping__us_3.ogg
can,A2,A2,noun,"noun, modal verb",https://www.oxfordlearnersdictionaries.com/media/english/us_pron_ogg/c/can/can__/can__us_2.ogg
car,A1,A1,noun,noun,https://www.oxfordlearnersdictionaries.com/media/english/us_pron_ogg/c/car/car__/car__us_1.ogg
carbon,B2,B2,noun,noun,https://www.oxfordlearnersdictionaries.com/media/english/us_pron_ogg/c/car/carbo/carbon__us_1.ogg
card,A1,A1,noun,noun,https://www.oxfordlearnersdictionaries.com/media/english/us_pron_ogg/c/car/card_/card__us_1.ogg
careless,B1,B1,adjective,adjective,https://www.oxfordlearnersdictionaries.com/media/english/us_pron_ogg/c/car/carel/careless__us_2.ogg
carry,A1,A1,verb,verb,https://www.oxfordlearnersdictionaries.com/media/english/us_pron_ogg/c/car/carry/carry__us_2.ogg
cash,A2,A2,noun,noun,https://www.oxfordlearnersdictionaries.com/media/english/us_pron_ogg/c/cas/cash_/cash__us_1.ogg
cast,B2,B2,verb,"noun, verb",https://www.oxfordlearnersdictionaries.com/media/english/us_pron_ogg/c/cas/cast_/cast__us_1.ogg
castle,A2,A2,noun,noun,https://www.oxfordlearnersdictionaries.com/media/english/us_pron_ogg/c/cas/castl/castle__us_2.ogg
cat,A1,A1,noun,noun,https://www.oxfordlearnersdictionaries.com/media/english/us_pron_ogg/c/cat/cat__/cat__us_1.ogg
category,B1,B1,noun,noun,https://www.oxfordlearnersdictionaries.com/media/english/us_pron_ogg/c/cat/categ/category__us_1.ogg
cause,A2,A2,verb,"noun, verb",https://www.oxfordlearnersdictionaries.com/media/english/us_pron_ogg/c/cau/cause/cause__us_1.ogg
cd,A1,A1,noun,noun,https://www.oxfordlearnersdictionaries.com/media/english/us_pron_ogg/c/cd_/cd__u/cd__us_1.ogg
central,B1,B1,adjective,adjective,https://www.oxfordlearnersdictionaries.com/media/english/us_pron_ogg/c/cen/centr/central__us_1.ogg
ceremony,B1,B1,noun,noun,https://www.oxfordlearnersdictionaries.com/media/english/us_pron_ogg/c/cer/cerem/ceremony__us_1.ogg
certain,A2,A2,adjective,adjective,https://www.oxfordlearnersdictionaries.com/media/english/us_pron_ogg/c/cer/certa/certain__us_2.ogg
certainly,A2,A2,adverb,adverb,https://www.oxfordlearnersdictionaries.com/media/english/us_pron_ogg/c/cer/certa/certainly__us_1.ogg
certificate,B2,B2,noun,noun,https://www.oxfordlearnersdictionaries.com/media/english/us_pron_ogg/c/cer/certi/certificate__us_1.ogg
chair,A1,A1,noun,"noun, verb",https://www.oxfordlearnersdictionaries.com/media/english/us_pron_ogg/c/cha/chair/chair__us_1.ogg
champion,B1,B1,noun,noun,https://www.oxfordlearnersdictionaries.com/media/english/us_pron_ogg/c/cha/champ/champion__us_2.ogg
chance,A2,A2,noun,noun,https://www.oxfordlearnersdictionaries.com/media/english/us_pron_ogg/c/cha/chanc/chance__us_1.ogg
change,A1,A1,verb,"noun, verb",https://www.oxfordlearnersdictionaries.com/media/english/us_pron_ogg/c/cha/chang/change__us_1.ogg
channel,B1,B1,noun,noun,https://www.oxfordlearnersdictionaries.com/media/english/us_pron_ogg/c/cha/chann/channel__us_1.ogg
charge,B1,B1,verb,"noun, verb",https://www.oxfordlearnersdictionaries.com/media/english/us_pron_ogg/c/cha/charg/charge__us_1.ogg
charming,B2,B2,adjective,adjective,https://www.oxfordlearnersdictionaries.com/media/english/us_pron_ogg/c/cha/charm/charming__us_1.ogg
chase,B2,B2,verb,"noun, verb",https://www.oxfordlearnersdictionaries.com/media/english/us_pron_ogg/c/cha/chase/chase__us_1.ogg
chat,A2,A2,verb,"noun, verb",https://www.oxfordlearnersdictionaries.com/media/english/us_pron_ogg/c/cha/chat_/chat__us_1.ogg
check,A2,A2,verb,"noun, verb",https://www.oxfordlearnersdictionaries.com/media/english/us_pron_ogg/c/che/check/check__us_1.ogg
cheerful,B1,B1,adjective,adjective,https://www.oxfordlearnersdictionaries.com/media/english/us_pron_ogg/c/che/cheer/cheerful__us_3.ogg
cheese,A1,A1,noun,noun,https://www.oxfordlearnersdictionaries.com/media/english/us_pron_ogg/c/che/chees/cheese__us_1.ogg
chef,A2,A2,noun,noun,https://www.oxfordlearnersdictionaries.com/media/english/us_pron_ogg/c/che/chef_/chef__us_1.ogg
chemical,B1,B1,noun,"adjective, noun",https://www.oxfordlearnersdictionaries.com/media/english/us_pron_ogg/c/che/chemi/chemical__us_2.ogg
chicken,A1,A1,noun,noun,https://www.oxfordlearnersdictionaries.com/media/english/us_pron_ogg/c/chi/chick/chicken__us_2.ogg
chief,B2,B2,noun,"adjective, noun",https://www.oxfordlearnersdictionaries.com/media/english/us_pron_ogg/c/chi/chief/chief__us_1.ogg
child,A1,A1,noun,noun,https://www.oxfordlearnersdictionaries.com/media/english/us_pron_ogg/c/chi/child/child__us_1.ogg
chocolate,A1,A1,noun,noun,https://www.oxfordlearnersdictionaries.com/media/english/us_pron_ogg/c/cho/choco/chocolate__us_2_rr.ogg
choice,A2,A2,noun,noun,https://www.oxfordlearnersdictionaries.com/media/english/us_pron_ogg/c/cho/choic/choice__us_1.ogg
choose,A1,A1,verb,verb,https://www.oxfordlearnersdictionaries.com/media/english/us_pron_ogg/c/cho/choos/choose__us_1.ogg
chop,B2,B2,verb,verb,https://www.oxfordlearnersdictionaries.com/media/english/us_pron_ogg/c/cho/chop_/chop__us_1.ogg
cigarette,A2,A2,noun,noun,https://www.oxfordlearnersdictionaries.com/media/english/us_pron_ogg/c/cig/cigar/cigarette__us_2_rr.ogg
cinema,A1,A1,noun,noun,https://www.oxfordlearnersdictionaries.com/media/english/us_pron_ogg/c/cin/cinem/cinema__us_3.ogg
circuit,B2,B2,noun,noun,https://www.oxfordlearnersdictionaries.com/media/english/us_pron_ogg/c/cir/circu/circuit__us_1.ogg
circumstance,B2,B2,noun,noun,https://www.oxfordlearnersdictionaries.com/media/english/us_pron_ogg/c/cir/circu/circumstance__us_3.ogg
city,A1,A1,noun,noun,https://www.oxfordlearnersdictionaries.com/media/english/us_pron_ogg/c/cit/city_/city__us_1.ogg
clarify,B2,B2,verb,verb,https://www.oxfordlearnersdictionaries.com/media/english/us_pron_ogg/c/cla/clari/clarify__us_1.ogg
class,A1,A1,noun,noun,https://www.oxfordlearnersdictionaries.com/media/english/us_pron_ogg/c/cla/class/class__us_1.ogg
classic,B2,B2,noun,"adjective, noun",https://www.oxfordlearnersdictionaries.com/media/english/us_pron_ogg/c/cla/class/classic__us_2.ogg
classroom,A1,A1,noun,noun,https://www.oxfordlearnersdictionaries.com/media/english/us_pron_ogg/c/cla/class/classroom__us_1_rr.ogg
clean,A1,A1,verb,"adjective, verb",https://www.oxfordlearnersdictionaries.com/media/english/us_pron_ogg/c/cle/clean/clean__us_1.ogg
clearly,A2,A2,adverb,adverb,https://www.oxfordlearnersdictionaries.com/media/english/us_pron_ogg/c/cle/clear/clearly__us_2.ogg
clock,A1,A1,noun,noun,https://www.oxfordlearnersdictionaries.com/media/english/us_pron_ogg/c/clo/clock/clock__us_1.ogg
clothes,A1,A1,noun,noun,https://www.oxfordlearnersdictionaries.com/media/english/us_pron_ogg/c/clo/cloth/clothes__us_2_rr.ogg
club,A1,A1,noun,noun,https://www.oxfordlearnersdictionaries.com/media/english/us_pron_ogg/c/clu/club_/club__us_1.ogg
coal,B1,B1,noun,noun,https://www.oxfordlearnersdictionaries.com/media/english/us_pron_ogg/c/coa/coal_/coal__us_1.ogg
coat,A1,A1,noun,noun,https://www.oxfordlearnersdictionaries.com/media/english/us_pron_ogg/c/coa/coat_/coat__us_1.ogg
coffee,A1,A1,noun,noun,https://www.oxfordlearnersdictionaries.com/media/english/us_pron_ogg/c/cof/coffe/coffee__us_1_rr.ogg
coincidence,B2,B2,noun,noun,https://www.oxfordlearnersdictionaries.com/media/english/us_pron_ogg/c/coi/coinc/coincidence__us_1.ogg
cold,A1,A1,noun,"adjective, noun",https://www.oxfordlearnersdictionaries.com/media/english/us_pron_ogg/c/col/cold_/cold__us_1.ogg
collapse,B2,B2,verb,"noun, verb",https://www.oxfordlearnersdictionaries.com/media/english/us_pron_ogg/c/col/colla/collapse__us_1.ogg
collector,B2,B2,noun,noun,https://www.oxfordlearnersdictionaries.com/media/english/us_pron_ogg/c/col/colle/collector__us_1.ogg
college,A1,A1,noun,noun,https://www.oxfordlearnersdictionaries.com/media/english/us_pron_ogg/c/col/colle/college__us_1.ogg
column,A2,A2,noun,noun,https://www.oxfordlearnersdictionaries.com/media/english/us_pron_ogg/c/col/colum/column__us_1.ogg
combine,B1,B1,verb,verb,https://www.oxfordlearnersdictionaries.com/media/english/us_pron_ogg/c/com/combi/combine__us_1.ogg
come,A1,A1,verb,verb,https://www.oxfordlearnersdictionaries.com/media/english/us_pron_ogg/c/com/come_/come__us_1.ogg
comfortable,A2,A2,adjective,adjective,https://www.oxfordlearnersdictionaries.com/media/english/us_pron_ogg/c/com/comfo/comfortable__us_4.ogg
commander,B2,B2,noun,noun,https://www.oxfordlearnersdictionaries.com/media/english/us_pron_ogg/c/com/comma/commander__us_1.ogg
commission,B2,B2,noun,"noun, verb",https://www.oxfordlearnersdictionaries.com/media/english/us_pron_ogg/c/com/commi/commission__us_2.ogg
commit,B1,B1,verb,verb,https://www.oxfordlearnersdictionaries.com/media/english/us_pron_ogg/c/com/commi/commit__us_1.ogg
communicate,A2,A2,verb,verb,https://www.oxfordlearnersdictionaries.com/media/english/us_pron_ogg/c/com/commu/communicate__us_1.ogg
comparison,B1,B1,noun,noun,https://www.oxfordlearnersdictionaries.com/media/english/us_pron_ogg/c/com/compa/comparison__us_2.ogg
competition,A2,A2,noun,noun,https://www.oxfordlearnersdictionaries.com/media/english/us_pron_ogg/c/com/compe/competition__us_1.ogg
competitive,B1,B1,adjective,adjective,https://www.oxfordlearnersdictionaries.com/media/english/us_pron_ogg/c/com/compe/competitive__us_3.ogg
competitor,B1,B1,noun,noun,https://www.oxfordlearnersdictionaries.com/media/english/us_pron_ogg/c/com/compe/competitor__us_3.ogg
complain,A2,A2,verb,verb,https://www.oxfordlearnersdictionaries.com/media/english/us_pron_ogg/c/com/compl/complain__us_2.ogg
completion,B2,B2,noun,noun,https://www.oxfordlearnersdictionaries.com/media/english/us_pron_ogg/c/com/compl/completion__us_1.ogg
complex,B1,B1,adjective,"adjective, noun",https://www.oxfordlearnersdictionaries.com/media/english/us_pron_ogg/c/com/compl/complex__us_1_rr.ogg
component,B2,B2,noun,noun,https://www.oxfordlearnersdictionaries.com/media/english/us_pron_ogg/c/com/compo/component__us_1.ogg
comprehensive,B2,B2,adjective,adjective,https://www.oxfordlearnersdictionaries.com/media/english/us_pron_ogg/c/com/compr/comprehensive__us_1.ogg
compulsory,B2,B2,adjective,adjective,https://www.oxfordlearnersdictionaries.com/media/english/us_pron_ogg/c/com/compu/compulsory__us_1.ogg
computer,A1,A1,noun,noun,https://www.oxfordlearnersdictionaries.com/media/english/us_pron_ogg/c/com/compu/computer__us_3.ogg
concern,B2,B2,verb,"noun, verb",https://www.oxfordlearnersdictionaries.com/media/english/us_pron_ogg/x/xco/xconc/xconcern__us_3.ogg
concert,A1,A1,noun,noun,https://www.oxfordlearnersdictionaries.com/media/english/us_pron_ogg/x/xco/xconc/xconcert__us_1.ogg
conclude,B1,B1,verb,verb,https://www.oxfordlearnersdictionaries.com/media/english/us_pron_ogg/x/xco/xconc/xconclude__us_2.ogg
conclusion,B1,B1,noun,noun,https://www.oxfordlearnersdictionaries.com/media/english/us_pron_ogg/x/xco/xconc/xconclusion__us_2.ogg
concrete,B2,B2,noun,"adjective, noun",https://www.oxfordlearnersdictionaries.com/media/english/us_pron_ogg/x/xco/xconc/xconcrete__us_4.ogg
condition,A2,A2,noun,noun,https://www.oxfordlearnersdictionaries.com/media/english/us_pron_ogg/x/xco/xcond/xcondition__us_2.ogg
conduct,B2,B2,verb,"noun, verb",https://www.oxfordlearnersdictionaries.com/media/english/us_pron_ogg/x/xco/xcond/xconduct__us_2.ogg
confess,B2,B2,verb,verb,https://www.oxfordlearnersdictionaries.com/media/english/us_pron_ogg/x/xco/xconf/xconfess__us_1.ogg
confirm,B1,B1,verb,verb,https://www.oxfordlearnersdictionaries.com/media/english/us_pron_ogg/x/xco/xconf/xconfirm__us_2.ogg
consider,A2,A2,verb,verb,https://www.oxfordlearnersdictionaries.com/media/english/us_pron_ogg/x/xco/xcons/xconsider__us_1.ogg
considerably,B2,B2,adverb,adverb,https://www.oxfordlearnersdictionaries.com/media/english/us_pron_ogg/x/xco/xcons/xconsiderably__us_1.ogg
consistent,B2,B2,adjective,adjective,https://www.oxfordlearnersdictionaries.com/media/english/us_pron_ogg/x/xco/xcons/xconsistent__us_1.ogg
constant,B2,B2,adjective,adjective,https://www.oxfordlearnersdictionaries.com/media/english/us_pron_ogg/x/xco/xcons/xconstant__us_1.ogg
consult,B2,B2,verb,verb,https://www.oxfordlearnersdictionaries.com/media/english/us_pron_ogg/x/xco/xcons/xconsult__us_1.ogg
consultant,B2,B2,noun,noun,https://www.oxfordlearnersdictionaries.com/media/english/us_pron_ogg/x/xco/xcons/xconsultant__us_1.ogg
consume,B1,B1,verb,verb,https://www.oxfordlearnersdictionaries.com/media/english/us_pron_ogg/x/xco/xcons/xconsume__us_2.ogg
consumer,B1,B1,noun,noun,https://www.oxfordlearnersdictionaries.com/media/english/us_pron_ogg/x/xco/xcons/xconsumer__us_2.ogg
contemporary,B2,B2,adjective,adjective,https://www.oxfordlearnersdictionaries.com/media/english/us_pron_ogg/x/xco/xcont/xcontemporary__us_1.ogg
context,A2,A2,noun,noun,https://www.oxfordlearnersdictionaries.com/media/english/us_pron_ogg/x/xco/xcont/xcontext__us_1.ogg
continent,A2,A2,noun,noun,https://www.oxfordlearnersdictionaries.com/media/english/us_pron_ogg/x/xco/xcont/xcontinent__us_2_rr.ogg
continue,A2,A2,verb,verb,https://www.oxfordlearnersdictionaries.com/media/english/us_pron_ogg/x/xco/xcont/xcontinue__us_1.ogg
continuous,B1,B1,adjective,adjective,https://www.oxfordlearnersdictionaries.com/media/english/us_pron_ogg/x/xco/xcont/xcontinuous__us_1.ogg
contract,B2,B2,noun,"noun, verb",https://www.oxfordlearnersdictionaries.com/media/english/us_pron_ogg/x/xco/xcont/xcontract__us_1.ogg
controversy,B2,B2,noun,noun,https://www.oxfordlearnersdictionaries.com/media/english/us_pron_ogg/x/xco/xcont/xcontroversy__us_1.ogg
convention,B2,B2,noun,noun,https://www.oxfordlearnersdictionaries.com/media/english/us_pron_ogg/x/xco/xconv/xconvention__us_1.ogg
conventional,B2,B2,adjective,adjective,https://www.oxfordlearnersdictionaries.com/media/english/us_pron_ogg/x/xco/xconv/xconventional__us_1.ogg
conversation,A1,A1,noun,noun,https://www.oxfordlearnersdictionaries.com/media/english/us_pron_ogg/x/xco/xconv/xconversation__us_1.ogg
convert,B2,B2,verb,verb,https://www.oxfordlearnersdictionaries.com/media/english/us_pron_ogg/x/xco/xconv/xconvert__us_1.ogg
convince,B1,B1,verb,verb,https://www.oxfordlearnersdictionaries.com/media/english/us_pron_ogg/x/xco/xconv/xconvince__us_1.ogg
convinced,B2,B2,adjective,adjective,https://www.oxfordlearnersdictionaries.com/media/english/us_pron_ogg/x/xco/xconv/xconvinced__us_1.ogg
cooker,A2,A2,noun,noun,https://www.oxfordlearnersdictionaries.com/media/english/us_pron_ogg/c/coo/cooke/cooker__us_2.ogg
cope,B2,B2,verb,verb,https://www.oxfordlearnersdictionaries.com/media/english/us_pron_ogg/c/cop/cope_/cope__us_1.ogg
copy,A2,A2,verb,"noun, verb",https://www.oxfordlearnersdictionaries.com/media/english/us_pron_ogg/c/cop/copy_/copy__us_1.ogg
core,B2,B2,noun,"adjective, noun",https://www.oxfordlearnersdictionaries.com/media/english/us_pron_ogg/c/cor/core_/core__us_1.ogg
corporate,B2,B2,adjective,adjective,https://www.oxfordlearnersdictionaries.com/media/english/us_pron_ogg/c/cor/corpo/corporate__us_1_rr.ogg
corporation,B2,B2,noun,noun,https://www.oxfordlearnersdictionaries.com/media/english/us_pron_ogg/c/cor/corpo/corporation__us_1.ogg
correctly,A2,A2,adverb,adverb,https://www.oxfordlearnersdictionaries.com/media/english/us_pron_ogg/c/cor/corre/correctly__us_2.ogg
corridor,B2,B2,noun,noun,https://www.oxfordlearnersdictionaries.com/media/english/us_pron_ogg/c/cor/corri/corridor__us_1_rr.ogg
cotton,B1,B1,noun,noun,https://www.oxfordlearnersdictionaries.com/media/english/us_pron_ogg/c/cot/cotto/cotton__us_3.ogg
could,A1,A1,modal auxiliary,modal verb,https://www.oxfordlearnersdictionaries.com/media/english/us_pron_ogg/c/cou/could/could__us_3_rr.ogg
couple,A2,A2,noun,noun,https://www.oxfordlearnersdictionaries.com/media/english/us_pron_ogg/c/cou/coupl/couple__us_2.ogg
course,A1,A1,noun,noun,https://www.oxfordlearnersdictionaries.com/media/english/us_pron_ogg/c/cou/cours/course__us_1.ogg
cousin,A1,A1,noun,noun,https://www.oxfordlearnersdictionaries.com/media/english/us_pron_ogg/c/cou/cousi/cousin__us_1.ogg
cow,A1,A1,noun,noun,https://www.oxfordlearnersdictionaries.com/media/english/us_pron_ogg/c/cow/cow__/cow__us_1.ogg
crack,B2,B2,verb,"noun, verb",https://www.oxfordlearnersdictionaries.com/media/english/us_pron_ogg/c/cra/crack/crack__us_1.ogg
crazy,A2,A2,adjective,adjective,https://www.oxfordlearnersdictionaries.com/media/english/us_pron_ogg/c/cra/crazy/crazy__us_2.ogg
creation,B2,B2,noun,noun,https://www.oxfordlearnersdictionaries.com/media/english/us_pron_ogg/c/cre/creat/creation__us_2.ogg
creative,A2,A2,adjective,adjective,https://www.oxfordlearnersdictionaries.com/media/english/us_pron_ogg/c/cre/creat/creative__us_2.ogg
credit,A2,A2,noun,"noun, verb",https://www.oxfordlearnersdictionaries.com/media/english/us_pron_ogg/c/cre/credi/credit__us_1.ogg
crew,B2,B2,noun,noun,https://www.oxfordlearnersdictionaries.com/media/english/us_pron_ogg/c/cre/crew_/crew__us_1.ogg
crime,A2,A2,noun,noun,https://www.oxfordlearnersdictionaries.com/media/english/us_pron_ogg/c/cri/crime/crime__us_1.ogg
criminal,B1,B1,noun,"adjective, noun",https://www.oxfordlearnersdictionaries.com/media/english/us_pron_ogg/c/cri/crimi/criminal__us_3.ogg
critically,B2,B2,adverb,adverb,https://www.oxfordlearnersdictionaries.com/media/english/us_pron_ogg/c/cri/criti/critically__us_1.ogg
criticism,B2,B2,noun,noun,https://www.oxfordlearnersdictionaries.com/media/english/us_pron_ogg/c/cri/criti/criticism__us_3.ogg
cross,A2,A2,verb,"noun, verb",https://www.oxfordlearnersdictionaries.com/media/english/us_pron_ogg/c/cro/cross/cross__us_1.ogg
crowd,A2,A2,noun,noun,https://www.oxfordlearnersdictionaries.com/media/english/us_pron_ogg/c/cro/crowd/crowd__us_1.ogg
crowded,A2,A2,adjective,adjective,https://www.oxfordlearnersdictionaries.com/media/english/us_pron_ogg/c/cro/crowd/crowded__us_1.ogg
crucial,B2,B2,adjective,adjective,https://www.oxfordlearnersdictionaries.com/media/english/us_pron_ogg/c/cru/cruci/crucial__us_1.ogg
cruel,B1,B1,adjective,adjective,https://www.oxfordlearnersdictionaries.com/media/english/us_pron_ogg/c/cru/cruel/cruel__us_1_rr.ogg
cruise,B2,B2,verb,"noun, verb",https://www.oxfordlearnersdictionaries.com/media/english/us_pron_ogg/c/cru/cruis/cruise__us_1.ogg
cultural,B1,B1,adjective,adjective,https://www.oxfordlearnersdictionaries.com/media/english/us_pron_ogg/c/cul/cultu/cultural__us_1.ogg
culture,A1,A1,noun,noun,https://www.oxfordlearnersdictionaries.com/media/english/us_pron_ogg/c/cul/cultu/culture__us_2.ogg
cup,A1,A1,noun,noun,https://www.oxfordlearnersdictionaries.com/media/english/us_pron_ogg/c/cup/cup__/cup__us_1.ogg
cupboard,A2,A2,noun,noun,https://www.oxfordlearnersdictionaries.com/media/english/us_pron_ogg/c/cup/cupbo/cupboard__us_2.ogg
cure,B2,B2,verb,"noun, verb",https://www.oxfordlearnersdictionaries.com/media/english/us_pron_ogg/c/cur/cure_/cure__us_1.ogg
currency,B1,B1,noun,noun,https://www.oxfordlearnersdictionaries.com/media/english/us_pron_ogg/c/cur/curre/currency__us_1.ogg
current,B1,B1,adjective,"adjective, noun",https://www.oxfordlearnersdictionaries.com/media/english/us_pron_ogg/c/cur/curre/current__us_1.ogg
currently,B1,B1,adverb,adverb,https://www.oxfordlearnersdictionaries.com/media/english/us_pron_ogg/c/cur/curre/currently__us_1.ogg
curtain,B1,B1,noun,noun,https://www.oxfordlearnersdictionaries.com/media/english/us_pron_ogg/c/cur/curta/curtain__us_1.ogg
dad,A1,A1,noun,noun,https://www.oxfordlearnersdictionaries.com/media/english/us_pron_ogg/d/dad/dad__/dad__us_1.ogg
daily,A2,A2,adverb,"adjective, adverb",https://www.oxfordlearnersdictionaries.com/media/english/us_pron_ogg/d/dai/daily/daily__us_1.ogg
damage,B1,B1,verb,"noun, verb",https://www.oxfordlearnersdictionaries.com/media/english/us_pron_ogg/d/dam/damag/damage__us_1.ogg
dance,A1,A1,verb,"noun, verb",https://www.oxfordlearnersdictionaries.com/media/english/us_pron_ogg/d/dan/dance/dance__us_1.ogg
dancing,A1,A1,noun,noun,https://www.oxfordlearnersdictionaries.com/media/english/us_pron_ogg/d/dan/danci/dancing__us_1.ogg
danger,A2,A2,noun,noun,https://www.oxfordlearnersdictionaries.com/media/english/us_pron_ogg/d/dan/dange/danger__us_1.ogg
dark,A1,A1,adjective,"adjective, noun",https://www.oxfordlearnersdictionaries.com/media/english/us_pron_ogg/d/dar/dark_/dark__us_1.ogg
database,B2,B2,noun,noun,https://www.oxfordlearnersdictionaries.com/media/english/us_pron_ogg/d/dat/datab/database__us_1_rr.ogg
daughter,A1,A1,noun,noun,https://www.oxfordlearnersdictionaries.com/media/english/us_pron_ogg/d/dau/daugh/daughter__us_1.ogg
day,A1,A1,noun,noun,https://www.oxfordlearnersdictionaries.com/media/english/us_pron_ogg/d/day/day__/day__us_1.ogg
dead,A2,A2,adjective,adjective,https://www.oxfordlearnersdictionaries.com/media/english/us_pron_ogg/d/dea/dead_/dead__us_1.ogg
deal,B1,B1,verb,"noun, verb",https://www.oxfordlearnersdictionaries.com/media/english/us_pron_ogg/d/dea/deal_/deal__us_1.ogg
death,A2,A2,noun,noun,https://www.oxfordlearnersdictionaries.com/media/english/us_pron_ogg/d/dea/death/death__us_1.ogg
december,A1,A1,noun,noun,https://www.oxfordlearnersdictionaries.com/media/english/us_pron_ogg/d/dec/decem/december__us_2.ogg
decent,B2,B2,adjective,adjective,https://www.oxfordlearnersdictionaries.com/media/english/us_pron_ogg/d/dec/decen/decent__us_1.ogg
deck,B2,B2,noun,noun,https://www.oxfordlearnersdictionaries.com/media/english/us_pron_ogg/d/dec/deck_/deck__us_1.ogg
decline,B2,B2,verb,"noun, verb",https://www.oxfordlearnersdictionaries.com/media/english/us_pron_ogg/d/dec/decli/decline__us_2.ogg
decoration,B2,B2,noun,noun,https://www.oxfordlearnersdictionaries.com/media/english/us_pron_ogg/d/dec/decor/decoration__us_2.ogg
deep,A2,A2,adverb,"adjective, adverb",https://www.oxfordlearnersdictionaries.com/media/english/us_pron_ogg/d/dee/deep_/deep__us_1.ogg
define,B1,B1,verb,verb,https://www.oxfordlearnersdictionaries.com/media/english/us_pron_ogg/d/def/defin/define__us_2.ogg
definite,B1,B1,adjective,adjective,https://www.oxfordlearnersdictionaries.com/media/english/us_pron_ogg/d/def/defin/definite__us_1.ogg
definition,B1,B1,noun,noun,https://www.oxfordlearnersdictionaries.com/media/english/us_pron_ogg/d/def/defin/definition__us_1.ogg
degree,A2,A2,noun,noun,https://www.oxfordlearnersdictionaries.com/media/english/us_pron_ogg/d/deg/degre/degree__us_2.ogg
deliberate,B2,B2,adjective,adjective,https://www.oxfordlearnersdictionaries.com/media/english/us_pron_ogg/d/del/delib/deliberate__us_2_rr.ogg
deliberately,B2,B2,adverb,adverb,https://www.oxfordlearnersdictionaries.com/media/english/us_pron_ogg/d/del/delib/deliberately__us_2_rr.ogg
delicious,A1,A1,adjective,adjective,https://www.oxfordlearnersdictionaries.com/media/english/us_pron_ogg/d/del/delic/delicious__us_2.ogg
delight,B2,B2,verb,"noun, verb",https://www.oxfordlearnersdictionaries.com/media/english/us_pron_ogg/d/del/delig/delight__us_1.ogg
deliver,B1,B1,verb,verb,https://www.oxfordlearnersdictionaries.com/media/english/us_pron_ogg/d/del/deliv/deliver__us_2.ogg
dentist,A2,A2,noun,noun,https://www.oxfordlearnersdictionaries.com/media/english/us_pron_ogg/d/den/denti/dentist__us_1.ogg
departure,B1,B1,noun,noun,https://www.oxfordlearnersdictionaries.com/media/english/us_pron_ogg/d/dep/depar/departure__us_1.ogg
depend,A2,A2,verb,verb,https://www.oxfordlearnersdictionaries.com/media/english/us_pron_ogg/d/dep/depen/depend__us_1.ogg
deposit,B2,B2,verb,"noun, verb",https://www.oxfordlearnersdictionaries.com/media/english/us_pron_ogg/d/dep/depos/deposit__us_1.ogg
describe,A1,A1,verb,verb,https://www.oxfordlearnersdictionaries.com/media/english/us_pron_ogg/d/des/descr/describe__us_1.ogg
desert,A2,A2,noun,"noun, verb",https://www.oxfordlearnersdictionaries.com/media/english/us_pron_ogg/d/des/deser/desert__us_1.ogg
desire,B2,B2,verb,"noun, verb",https://www.oxfordlearnersdictionaries.com/media/english/us_pron_ogg/d/des/desir/desire__us_1.ogg
desk,A1,A1,noun,noun,https://www.oxfordlearnersdictionaries.com/media/english/us_pron_ogg/d/des/desk_/desk__us_1.ogg
desperately,B2,B2,adverb,adverb,https://www.oxfordlearnersdictionaries.com/media/english/us_pron_ogg/d/des/despe/desperately__us_1.ogg
despite,B1,B1,preposition,preposition,https://www.oxfordlearnersdictionaries.com/media/english/us_pron_ogg/d/des/despi/despite__us_1.ogg
destination,B1,B1,noun,noun,https://www.oxfordlearnersdictionaries.com/media/english/us_pron_ogg/d/des/desti/destination__us_2.ogg
destroy,A2,A2,verb,verb,https://www.oxfordlearnersdictionaries.com/media/english/us_pron_ogg/d/des/destr/destroy__us_1.ogg
detailed,B2,B2,adjective,adjective,https://www.oxfordlearnersdictionaries.com/media/english/us_pron_ogg/d/det/detai/detailed__us_1_rr.ogg
detect,B2,B2,verb,verb,https://www.oxfordlearnersdictionaries.com/media/english/us_pron_ogg/d/det/detec/detect__us_1.ogg
determine,B1,B1,verb,verb,https://www.oxfordlearnersdictionaries.com/media/english/us_pron_ogg/d/det/deter/determine__us_1.ogg
develop,A2,A2,verb,verb,https://www.oxfordlearnersdictionaries.com/media/english/us_pron_ogg/d/dev/devel/develop__us_1.ogg
development,B1,B1,noun,noun,https://www.oxfordlearnersdictionaries.com/media/english/us_pron_ogg/d/dev/devel/development__us_1.ogg
devote,B2,B2,verb,verb,https://www.oxfordlearnersdictionaries.com/media/english/us_pron_ogg/d/dev/devot/devote__us_1.ogg
diagram,B1,B1,noun,noun,https://www.oxfordlearnersdictionaries.com/media/english/us_pron_ogg/d/dia/diagr/diagram__us_1.ogg
diary,A2,A2,noun,noun,https://www.oxfordlearnersdictionaries.com/media/english/us_pron_ogg/d/dia/diary/diary__us_1.ogg
dictionary,A1,A1,noun,noun,https://www.oxfordlearnersdictionaries.com/media/english/us_pron_ogg/d/dic/dicti/dictionary__us_1.ogg
difference,A1,A1,noun,noun,https://www.oxfordlearnersdictionaries.com/media/english/us_pron_ogg/d/dif/diffe/difference__us_1.ogg
different,A1,A1,adjective,adjective,https://www.oxfordlearnersdictionaries.com/media/english/us_pron_ogg/d/dif/diffe/different__us_1.ogg
differently,A2,A2,adverb,adverb,https://www.oxfordlearnersdictionaries.com/media/english/us_pron_ogg/d/dif/diffe/differently__us_3.ogg
difficult,A1,A1,adjective,adjective,https://www.oxfordlearnersdictionaries.com/media/english/us_pron_ogg/d/dif/diffi/difficult__us_2_rr.ogg
dinner,A1,A1,noun,noun,https://www.oxfordlearnersdictionaries.com/media/english/us_pron_ogg/d/din/dinne/dinner__us_3.ogg
direction,A2,A2,noun,noun,https://www.oxfordlearnersdictionaries.com/media/english/us_pron_ogg/d/dir/direc/direction__us_1_rr.ogg
directly,B1,B1,adverb,adverb,https://www.oxfordlearnersdictionaries.com/media/english/us_pron_ogg/d/dir/direc/directly__us_1_rr.ogg
director,A2,A2,noun,noun,https://www.oxfordlearnersdictionaries.com/media/english/us_pron_ogg/d/dir/direc/director__us_1_rr.ogg
dirt,B1,B1,noun,noun,https://www.oxfordlearnersdictionaries.com/media/english/us_pron_ogg/d/dir/dirt_/dirt__us_1.ogg
dirty,A1,A1,adjective,adjective,https://www.oxfordlearnersdictionaries.com/media/english/us_pron_ogg/d/dir/dirty/dirty__us_1.ogg
disagree,A2,A2,verb,verb,https://www.oxfordlearnersdictionaries.com/media/english/us_pron_ogg/d/dis/disag/disagree__us_4.ogg
disappear,A2,A2,verb,verb,https://www.oxfordlearnersdictionaries.com/media/english/us_pron_ogg/d/dis/disap/disappear__us_1.ogg
discipline,B2,B2,noun,noun,https://www.oxfordlearnersdictionaries.com/media/english/us_pron_ogg/d/dis/disci/discipline__us_1.ogg
discount,B1,B1,noun,"noun, verb",https://www.oxfordlearnersdictionaries.com/media/english/us_pron_ogg/d/dis/disco/discount__us_1_rr.ogg
discover,A2,A2,verb,verb,https://www.oxfordlearnersdictionaries.com/media/english/us_pron_ogg/d/dis/disco/discover__us_1.ogg
discuss,A1,A1,verb,verb,https://www.oxfordlearnersdictionaries.com/media/english/us_pron_ogg/d/dis/discu/discuss__us_1.ogg
discussion,A2,A2,noun,noun,https://www.oxfordlearnersdictionaries.com/media/english/us_pron_ogg/d/dis/discu/discussion__us_1.ogg
dish,A1,A1,noun,noun,https://www.oxfordlearnersdictionaries.com/media/english/us_pron_ogg/d/dis/dish_/dish__us_1.ogg
dislike,B1,B1,verb,"noun, verb",https://www.oxfordlearnersdictionaries.com/media/english/us_pron_ogg/d/dis/disli/dislike__us_1.ogg
dismiss,B2,B2,verb,verb,https://www.oxfordlearnersdictionaries.com/media/english/us_pron_ogg/d/dis/dismi/dismiss__us_3.ogg
disorder,B2,B2,noun,noun,https://www.oxfordlearnersdictionaries.com/media/english/us_pron_ogg/d/dis/disor/disorder__us_1.ogg
distract,B2,B2,verb,verb,https://www.oxfordlearnersdictionaries.com/media/english/us_pron_ogg/d/dis/distr/distract__us_1.ogg
division,B2,B2,noun,noun,https://www.oxfordlearnersdictionaries.com/media/english/us_pron_ogg/d/div/divis/division__us_2.ogg
divorce,B2,B2,verb,"noun, verb",https://www.oxfordlearnersdictionaries.com/media/english/us_pron_ogg/d/div/divor/divorce__us_1.ogg
do,A1,A1,do-verb,"verb, auxiliary verb",https://www.oxfordlearnersdictionaries.com/media/english/us_pron_ogg/d/do_/do__u/do__us_3_rr.ogg
documentary,B1,B1,noun,noun,https://www.oxfordlearnersdictionaries.com/media/english/us_pron_ogg/d/doc/docum/documentary__us_2_rr.ogg
dog,A1,A1,noun,noun,https://www.oxfordlearnersdictionaries.com/media/english/us_pron_ogg/d/dog/dog__/dog__us_1_rr.ogg
dollar,A1,A1,noun,noun,https://www.oxfordlearnersdictionaries.com/media/english/us_pron_ogg/d/dol/dolla/dollar__us_2.ogg
domestic,B2,B2,adjective,adjective,https://www.oxfordlearnersdictionaries.com/media/english/us_pron_ogg/d/dom/domes/domestic__us_2.ogg
dominate,B2,B2,verb,verb,https://www.oxfordlearnersdictionaries.com/media/english/us_pron_ogg/d/dom/domin/dominate__us_1.ogg
donation,B2,B2,noun,noun,https://www.oxfordlearnersdictionaries.com/media/english/us_pron_ogg/d/don/donat/donation__us_1.ogg
door,A1,A1,noun,noun,https://www.oxfordlearnersdictionaries.com/media/english/us_pron_ogg/d/doo/door_/door__us_1.ogg
download,A2,A2,verb,"noun, verb",https://www.oxfordlearnersdictionaries.com/media/english/us_pron_ogg/d/dow/downl/download__us_3.ogg
downstairs,A2,A2,adverb,"adjective, adverb",https://www.oxfordlearnersdictionaries.com/media/english/us_pron_ogg/d/dow/downs/downstairs__us_1.ogg
dramatically,B2,B2,adverb,adverb,https://www.oxfordlearnersdictionaries.com/media/english/us_pron_ogg/d/dra/drama/dramatically__us_1.ogg
draw,A1,A1,verb,verb,https://www.oxfordlearnersdictionaries.com/media/english/us_pron_ogg/d/dra/draw_/draw__us_1.ogg
drawing,A2,A2,noun,noun,https://www.oxfordlearnersdictionaries.com/media/english/us_pron_ogg/d/dra/drawi/drawing__us_1.ogg
dream,A2,A2,verb,"noun, verb",https://www.oxfordlearnersdictionaries.com/media/english/us_pron_ogg/d/dre/dream/dream__us_1.ogg
drink,A1,A1,verb,"noun, verb",https://www.oxfordlearnersdictionaries.com/media/english/us_pron_ogg/d/dri/drink/drink__us_1.ogg
drive,A2,A2,verb,"noun, verb",https://www.oxfordlearnersdictionaries.com/media/english/us_pron_ogg/d/dri/drive/drive__us_1.ogg
driver,A1,A1,noun,noun,https://www.oxfordlearnersdictionaries.com/media/english/us_pron_ogg/d/dri/drive/driver__us_2.ogg
drought,B2,B2,noun,noun,https://www.oxfordlearnersdictionaries.com/media/english/us_pron_ogg/d/dro/droug/drought__us_1.ogg
drug,A2,A2,noun,noun,https://www.oxfordlearnersdictionaries.com/media/english/us_pron_ogg/d/dru/drug_/drug__us_1.ogg
drunk,B1,B1,adjective,adjective,https://www.oxfordlearnersdictionaries.com/media/english/us_pron_ogg/d/dru/drunk/drunk__us_2.ogg
dry,A2,A2,verb,"adjective, verb",https://www.oxfordlearnersdictionaries.com/media/english/us_pron_ogg/d/dry/dry__/dry__us_1.ogg
duty,B1,B1,noun,noun,https://www.oxfordlearnersdictionaries.com/media/english/us_pron_ogg/d/dut/duty_/duty__us_1.ogg
dvd,A1,A1,noun,noun,https://www.oxfordlearnersdictionaries.com/media/english/us_pron_ogg/d/dvd/dvd__/dvd__us_1.ogg
dynamic,B2,B2,adjective,"adjective, noun",https://www.oxfordlearnersdictionaries.com/media/english/us_pron_ogg/d/dyn/dynam/dynamic__us_1.ogg
each,A1,A1,pronoun,"adverb, determiner, pronoun",https://www.oxfordlearnersdictionaries.com/media/english/us_pron_ogg/e/eac/each_/each__us_1.ogg
ear,A1,A1,noun,noun,https://www.oxfordlearnersdictionaries.com/media/english/us_pron_ogg/e/ear/ear__/ear__us_1.ogg
early,A1,A1,adverb,"adjective, adverb",https://www.oxfordlearnersdictionaries.com/media/english/us_pron_ogg/e/ear/early/early__us_1.ogg
earn,A2,A2,verb,verb,https://www.oxfordlearnersdictionaries.com/media/english/us_pron_ogg/e/ear/earn_/earn__us_1.ogg
earth,A2,A2,noun,noun,https://www.oxfordlearnersdictionaries.com/media/english/us_pron_ogg/e/ear/earth/earth__us_1.ogg
easily,A2,A2,adverb,adverb,https://www.oxfordlearnersdictionaries.com/media/english/us_pron_ogg/e/eas/easil/easily__us_1.ogg
eastern,B1,B1,adjective,adjective,https://www.oxfordlearnersdictionaries.com/media/english/us_pron_ogg/e/eas/easte/eastern__us_1.ogg
easy,A1,A1,adjective,adjective,https://www.oxfordlearnersdictionaries.com/media/english/us_pron_ogg/e/eas/easy_/easy__us_1.ogg
eat,A1,A1,verb,verb,https://www.oxfordlearnersdictionaries.com/media/english/us_pron_ogg/e/eat/eat__/eat__us_1.ogg
economic,B1,B1,adjective,adjective,https://www.oxfordlearnersdictionaries.com/media/english/us_pron_ogg/e/eco/econo/economic__us_2_rr.ogg
economist,B2,B2,noun,noun,https://www.oxfordlearnersdictionaries.com/media/english/us_pron_ogg/e/eco/econo/economist__us_1.ogg
economy,B1,B1,noun,noun,https://www.oxfordlearnersdictionaries.com/media/english/us_pron_ogg/e/eco/econo/economy__us_1.ogg
edge,B1,B1,noun,noun,https://www.oxfordlearnersdictionaries.com/media/english/us_pron_ogg/e/edg/edge_/edge__us_1.ogg
edit,B2,B2,verb,verb,https://www.oxfordlearnersdictionaries.com/media/english/us_pron_ogg/e/edi/edit_/edit__us_1.ogg
editorial,B2,B2,noun,adjective,https://www.oxfordlearnersdictionaries.com/media/english/us_pron_ogg/e/edi/edito/editorial__us_1.ogg
educate,B1,B1,verb,verb,https://www.oxfordlearnersdictionaries.com/media/english/us_pron_ogg/e/edu/educa/educate__us_1.ogg
education,A2,A2,noun,noun,https://www.oxfordlearnersdictionaries.com/media/english/us_pron_ogg/e/edu/educa/education__us_1.ogg
effect,A2,A2,noun,noun,https://www.oxfordlearnersdictionaries.com/media/english/us_pron_ogg/e/eff/effec/effect__us_1.ogg
effective,B1,B1,adjective,adjective,https://www.oxfordlearnersdictionaries.com/media/english/us_pron_ogg/e/eff/effec/effective__us_3.ogg
egg,A1,A1,noun,noun,https://www.oxfordlearnersdictionaries.com/media/english/us_pron_ogg/e/egg/egg__/egg__us_1.ogg
eight,A1,A1,number,number,https://www.oxfordlearnersdictionaries.com/media/english/us_pron_ogg/e/eig/eight/eight__us_1.ogg
eighteen,A1,A1,number,number,https://www.oxfordlearnersdictionaries.com/media/english/us_pron_ogg/e/eig/eight/eighteen__us_1.ogg
eighty,A1,A1,number,number,https://www.oxfordlearnersdictionaries.com/media/english/us_pron_ogg/e/eig/eight/eighty__us_1.ogg
elect,B2,B2,verb,verb,https://www.oxfordlearnersdictionaries.com/media/english/us_pron_ogg/e/ele/elect/elect__us_1.ogg
election,B1,B1,noun,noun,https://www.oxfordlearnersdictionaries.com/media/english/us_pron_ogg/e/ele/elect/election__us_1.ogg
electric,A2,A2,adjective,adjective,https://www.oxfordlearnersdictionaries.com/media/english/us_pron_ogg/e/ele/elect/electric__us_1.ogg
electronics,B2,B2,noun,noun,https://www.oxfordlearnersdictionaries.com/media/english/us_pron_ogg/e/ele/elect/electronics__us_1.ogg
elegant,B2,B2,adjective,adjective,https://www.oxfordlearnersdictionaries.com/media/english/us_pron_ogg/e/ele/elega/elegant__us_1.ogg
element,B1,B1,noun,noun,https://www.oxfordlearnersdictionaries.com/media/english/us_pron_ogg/e/ele/eleme/element__us_1.ogg
eleven,A1,A1,number,number,https://www.oxfordlearnersdictionaries.com/media/english/us_pron_ogg/e/ele/eleve/eleven__us_1.ogg
else,A1,A1,adverb,adverb,https://www.oxfordlearnersdictionaries.com/media/english/us_pron_ogg/e/els/else_/else__us_1.ogg
embarrassed,B1,B1,adjective,adjective,https://www.oxfordlearnersdictionaries.com/media/english/us_pron_ogg/e/emb/embar/embarrassed__us_1.ogg
embrace,B2,B2,noun,verb,https://www.oxfordlearnersdictionaries.com/media/english/us_pron_ogg/e/emb/embra/embrace__us_1.ogg
emotion,B1,B1,noun,noun,https://www.oxfordlearnersdictionaries.com/media/english/us_pron_ogg/e/emo/emoti/emotion__us_1.ogg
employment,B1,B1,noun,noun,https://www.oxfordlearnersdictionaries.com/media/english/us_pron_ogg/e/emp/emplo/employment__us_1.ogg
empty,A2,A2,adjective,"adjective, verb",https://www.oxfordlearnersdictionaries.com/media/english/us_pron_ogg/e/emp/empty/empty__us_2.ogg
encounter,B2,B2,verb,"noun, verb",https://www.oxfordlearnersdictionaries.com/media/english/us_pron_ogg/e/enc/encou/encounter__us_5.ogg
ending,A2,A2,noun,noun,https://www.oxfordlearnersdictionaries.com/media/english/us_pron_ogg/e/end/endin/ending__us_3.ogg
enemy,B1,B1,noun,noun,https://www.oxfordlearnersdictionaries.com/media/english/us_pron_ogg/e/ene/enemy/enemy__us_2.ogg
engaged,B1,B1,adjective,adjective,https://www.oxfordlearnersdictionaries.com/media/english/us_pron_ogg/e/eng/engag/engaged__us_4.ogg
engineering,B1,B1,noun,noun,https://www.oxfordlearnersdictionaries.com/media/english/us_pron_ogg/e/eng/engin/engineering__us_1.ogg
enhance,B2,B2,verb,verb,https://www.oxfordlearnersdictionaries.com/media/english/us_pron_ogg/e/enh/enhan/enhance__us_3.ogg
enjoy,A1,A1,verb,verb,https://www.oxfordlearnersdictionaries.com/media/english/us_pron_ogg/e/enj/enjoy/enjoy__us_1.ogg
enormous,A2,A2,adjective,adjective,https://www.oxfordlearnersdictionaries.com/media/english/us_pron_ogg/e/eno/enorm/enormous__us_1.ogg
enter,A2,A2,verb,verb,https://www.oxfordlearnersdictionaries.com/media/english/us_pron_ogg/e/ent/enter/enter__us_4.ogg
entertain,B1,B1,verb,verb,https://www.oxfordlearnersdictionaries.com/media/english/us_pron_ogg/e/ent/enter/entertain__us_3.ogg
entertaining,B2,B2,adjective,adjective,https://www.oxfordlearnersdictionaries.com/media/english/us_pron_ogg/e/ent/enter/entertaining__us_1.ogg
entrepreneur,B2,B2,noun,noun,https://www.oxfordlearnersdictionaries.com/media/english/us_pron_ogg/e/ent/entre/entrepreneur__us_2_rr.ogg
entry,B1,B1,noun,noun,https://www.oxfordlearnersdictionaries.com/media/english/us_pron_ogg/e/ent/entry/entry__us_2.ogg
environmental,B1,B1,adjective,adjective,https://www.oxfordlearnersdictionaries.com/media/english/us_pron_ogg/e/env/envir/environmental__us_2_rr.ogg
equally,B1,B1,adverb,adverb,https://www.oxfordlearnersdictionaries.com/media/english/us_pron_ogg/e/equ/equal/equally__us_2.ogg
equip,B2,B2,verb,verb,https://www.oxfordlearnersdictionaries.com/media/english/us_pron_ogg/e/equ/equip/equip__us_1.ogg
error,A2,A2,noun,noun,https://www.oxfordlearnersdictionaries.com/media/english/us_pron_ogg/e/err/error/error__us_2.ogg
erupt,B2,B2,verb,verb,https://www.oxfordlearnersdictionaries.com/media/english/us_pron_ogg/e/eru/erupt/erupt__us_1.ogg
escape,B1,B1,verb,"noun, verb",https://www.oxfordlearnersdictionaries.com/media/english/us_pron_ogg/e/esc/escap/escape__us_2.ogg
especially,A2,A2,adverb,adverb,https://www.oxfordlearnersdictionaries.com/media/english/us_pron_ogg/e/esp/espec/especially__us_1_rr.ogg
essay,A2,A2,noun,noun,https://www.oxfordlearnersdictionaries.com/media/english/us_pron_ogg/e/ess/essay/essay__us_1.ogg
essential,B1,B1,adjective,adjective,https://www.oxfordlearnersdictionaries.com/media/english/us_pron_ogg/e/ess/essen/essential__us_2.ogg
essentially,B2,B2,adverb,adverb,https://www.oxfordlearnersdictionaries.com/media/english/us_pron_ogg/e/ess/essen/essentially__us_1.ogg
estate,B2,B2,noun,noun,https://www.oxfordlearnersdictionaries.com/media/english/us_pron_ogg/e/est/estat/estate__us_2.ogg
ethic,B2,B2,noun,noun,https://www.oxfordlearnersdictionaries.com/media/english/us_pron_ogg/e/eth/ethic/ethic__us_1.ogg
ethnic,B2,B2,adjective,adjective,https://www.oxfordlearnersdictionaries.com/media/english/us_pron_ogg/e/eth/ethni/ethnic__us_1.ogg
evaluate,B2,B2,verb,verb,https://www.oxfordlearnersdictionaries.com/media/english/us_pron_ogg/e/eva/evalu/evaluate__us_1.ogg
evaluation,B2,B2,noun,noun,https://www.oxfordlearnersdictionaries.com/media/english/us_pron_ogg/e/eva/evalu/evaluation__us_1.ogg
evening,A1,A1,noun,noun,https://www.oxfordlearnersdictionaries.com/media/english/us_pron_ogg/e/eve/eveni/evening__us_1.ogg
event,A1,A1,noun,noun,https://www.oxfordlearnersdictionaries.com/media/english/us_pron_ogg/e/eve/event/event__us_1.ogg
eventually,B1,B1,adverb,adverb,https://www.oxfordlearnersdictionaries.com/media/english/us_pron_ogg/e/eve/event/eventually__us_1_rr.ogg
every,A1,A1,determiner,determiner,https://www.oxfordlearnersdictionaries.com/media/english/us_pron_ogg/e/eve/every/every__us_2.ogg
everybody,A1,A1,pronoun,pronoun,https://www.oxfordlearnersdictionaries.com/media/english/us_pron_ogg/e/eve/every/everybody__us_1_rr.ogg
everyone,A1,A1,pronoun,pronoun,https://www.oxfordlearnersdictionaries.com/media/english/us_pron_ogg/e/eve/every/everyone__us_1_rr.ogg
everything,A1,A1,pronoun,pronoun,https://www.oxfordlearnersdictionaries.com/media/english/us_pron_ogg/e/eve/every/everything__us_1.ogg
evidence,A2,A2,noun,noun,https://www.oxfordlearnersdictionaries.com/media/english/us_pron_ogg/e/evi/evide/evidence__us_1.ogg
evil,B2,B2,noun,"adjective, noun",https://www.oxfordlearnersdictionaries.com/media/english/us_pron_ogg/e/evi/evil_/evil__us_1.ogg
evolution,B2,B2,noun,noun,https://www.oxfordlearnersdictionaries.com/media/english/us_pron_ogg/e/evo/evolu/evolution__us_2.ogg
evolve,B2,B2,verb,verb,https://www.oxfordlearnersdictionaries.com/media/english/us_pron_ogg/e/evo/evolv/evolve__us_5.ogg
exactly,A2,A2,adverb,adverb,https://www.oxfordlearnersdictionaries.com/media/english/us_pron_ogg/e/exa/exact/exactly__us_1_rr.ogg
examine,B1,B1,verb,verb,https://www.oxfordlearnersdictionaries.com/media/english/us_pron_ogg/e/exa/exami/examine__us_1.ogg
example,A1,A1,noun,noun,https://www.oxfordlearnersdictionaries.com/media/english/us_pron_ogg/e/exa/examp/example__us_5.ogg
exceed,B2,B2,verb,verb,https://www.oxfordlearnersdictionaries.com/media/english/us_pron_ogg/e/exc/excee/exceed__us_1.ogg
exception,B2,B2,noun,noun,https://www.oxfordlearnersdictionaries.com/media/english/us_pron_ogg/e/exc/excep/exception__us_1.ogg
excessive,B2,B2,adjective,adjective,https://www.oxfordlearnersdictionaries.com/media/english/us_pron_ogg/e/exc/exces/excessive__us_1.ogg
exchange,B1,B1,verb,"noun, verb",https://www.oxfordlearnersdictionaries.com/media/english/us_pron_ogg/e/exc/excha/exchange__us_1.ogg
excited,A1,A1,adjective,adjective,https://www.oxfordlearnersdictionaries.com/media/english/us_pron_ogg/e/exc/excit/excited__us_1.ogg
excitement,B1,B1,noun,noun,https://www.oxfordlearnersdictionaries.com/media/english/us_pron_ogg/e/exc/excit/excitement__us_1.ogg
exciting,A1,A1,adjective,adjective,https://www.oxfordlearnersdictionaries.com/media/english/us_pron_ogg/e/exc/excit/exciting__us_3.ogg
exclude,B2,B2,verb,verb,https://www.oxfordlearnersdictionaries.com/media/english/us_pron_ogg/e/exc/exclu/exclude__us_1.ogg
executive,B2,B2,noun,"adjective, noun",https://www.oxfordlearnersdictionaries.com/media/english/us_pron_ogg/e/exe/execu/executive__us_2.ogg
exercise,A1,A1,verb,"noun, verb",https://www.oxfordlearnersdictionaries.com/media/english/us_pron_ogg/e/exe/exerc/exercise__us_1.ogg
exhibit,B2,B2,verb,"noun, verb",https://www.oxfordlearnersdictionaries.com/media/english/us_pron_ogg/e/exh/exhib/exhibit__us_1.ogg
exist,A2,A2,verb,verb,https://www.oxfordlearnersdictionaries.com/media/english/us_pron_ogg/e/exi/exist/exist__us_1.ogg
exotic,B2,B2,adjective,adjective,https://www.oxfordlearnersdictionaries.com/media/english/us_pron_ogg/e/exo/exoti/exotic__us_3.ogg
expand,B1,B1,verb,verb,https://www.oxfordlearnersdictionaries.com/media/english/us_pron_ogg/e/exp/expan/expand__us_1.ogg
expansion,B2,B2,noun,noun,https://www.oxfordlearnersdictionaries.com/media/english/us_pron_ogg/e/exp/expan/expansion__us_1.ogg
expect,A2,A2,verb,verb,https://www.oxfordlearnersdictionaries.com/media/english/us_pron_ogg/e/exp/expec/expect__us_1.ogg
expectation,B2,B2,noun,noun,https://www.oxfordlearnersdictionaries.com/media/english/us_pron_ogg/e/exp/expec/expectation__us_1.ogg
expensive,A1,A1,adjective,adjective,https://www.oxfordlearnersdictionaries.com/media/english/us_pron_ogg/e/exp/expen/expensive__us_1.ogg
experienced,B1,B1,adjective,adjective,https://www.oxfordlearnersdictionaries.com/media/english/us_pron_ogg/e/exp/exper/experienced__us_1.ogg
expert,A2,A2,noun,"adjective, noun",https://www.oxfordlearnersdictionaries.com/media/english/us_pron_ogg/e/exp/exper/expert__us_1.ogg
explanation,A2,A2,noun,noun,https://www.oxfordlearnersdictionaries.com/media/english/us_pron_ogg/e/exp/expla/explanation__us_1.ogg
exploit,B2,B2,verb,verb,https://www.oxfordlearnersdictionaries.com/media/english/us_pron_ogg/e/exp/explo/exploit__us_1.ogg
explosion,B1,B1,noun,noun,https://www.oxfordlearnersdictionaries.com/media/english/us_pron_ogg/e/exp/explo/explosion__us_1.ogg
expression,A2,A2,noun,noun,https://www.oxfordlearnersdictionaries.com/media/english/us_pron_ogg/e/exp/expre/expression__us_1.ogg
extension,B2,B2,noun,noun,https://www.oxfordlearnersdictionaries.com/media/english/us_pron_ogg/e/ext/exten/extension__us_1.ogg
extensive,B2,B2,adjective,adjective,https://www.oxfordlearnersdictionaries.com/media/english/us_pron_ogg/e/ext/exten/extensive__us_1.ogg
external,B2,B2,adjective,adjective,https://www.oxfordlearnersdictionaries.com/media/english/us_pron_ogg/e/ext/exter/external__us_1.ogg
extract,B2,B2,verb,"noun, verb",https://www.oxfordlearnersdictionaries.com/media/english/us_pron_ogg/e/ext/extra/extract__us_1.ogg
extremely,A2,A2,adverb,adverb,https://www.oxfordlearnersdictionaries.com/media/english/us_pron_ogg/e/ext/extre/extremely__us_1.ogg
eye,A1,A1,noun,noun,https://www.oxfordlearnersdictionaries.com/media/english/us_pron_ogg/e/eye/eye__/eye__us_1.ogg
fabric,B2,B2,noun,noun,https://www.oxfordlearnersdictionaries.com/media/english/us_pron_ogg/f/fab/fabri/fabric__us_1.ogg
fabulous,B2,B2,adjective,adjective,https://www.oxfordlearnersdictionaries.com/media/english/us_pron_ogg/f/fab/fabul/fabulous__us_1.ogg
fail,A2,A2,verb,verb,https://www.oxfordlearnersdictionaries.com/media/english/us_pron_ogg/f/fai/fail_/fail__us_1.ogg
faith,B2,B2,noun,noun,https://www.oxfordlearnersdictionaries.com/media/english/us_pron_ogg/f/fai/faith/faith__us_1.ogg
fall,A2,A2,verb,"noun, verb",https://www.oxfordlearnersdictionaries.com/media/english/us_pron_ogg/f/fal/fall_/fall__us_1.ogg
false,A1,A1,adjective,adjective,https://www.oxfordlearnersdictionaries.com/media/english/us_pron_ogg/f/fal/false/false__us_1.ogg
fame,B2,B2,noun,noun,https://www.oxfordlearnersdictionaries.com/media/english/us_pron_ogg/f/fam/fame_/fame__us_1.ogg
family,A1,A1,noun,"adjective, noun",https://www.oxfordlearnersdictionaries.com/media/english/us_pron_ogg/f/fam/famil/family__us_2_rr.ogg
famous,A1,A1,adjective,adjective,https://www.oxfordlearnersdictionaries.com/media/english/us_pron_ogg/f/fam/famou/famous__us_2.ogg
fancy,B1,B1,verb,"adjective, verb",https://www.oxfordlearnersdictionaries.com/media/english/us_pron_ogg/f/fan/fancy/fancy__us_2.ogg
farm,A1,A1,noun,"noun, verb",https://www.oxfordlearnersdictionaries.com/media/english/us_pron_ogg/f/far/farm_/farm__us_1.ogg
farmer,A1,A1,noun,noun,https://www.oxfordlearnersdictionaries.com/media/english/us_pron_ogg/f/far/farme/farmer__us_2.ogg
fashion,A2,A2,noun,noun,https://www.oxfordlearnersdictionaries.com/media/english/us_pron_ogg/f/fas/fashi/fashion__us_2.ogg
fashionable,B1,B1,adjective,adjective,https://www.oxfordlearnersdictionaries.com/media/english/us_pron_ogg/f/fas/fashi/fashionable__us_3.ogg
fast,A1,A1,adverb,"adjective, adverb",https://www.oxfordlearnersdictionaries.com/media/english/us_pron_ogg/f/fas/fast_/fast__us_1.ogg
fasten,B1,B1,verb,verb,https://www.oxfordlearnersdictionaries.com/media/english/us_pron_ogg/f/fas/faste/fasten__us_2.ogg
father,A1,A1,noun,noun,https://www.oxfordlearnersdictionaries.com/media/english/us_pron_ogg/f/fat/fathe/father__us_2.ogg
february,A1,A1,noun,noun,https://www.oxfordlearnersdictionaries.com/media/english/us_pron_ogg/f/feb/febru/february__us_1_rr.ogg
federal,B2,B2,adjective,adjective,https://www.oxfordlearnersdictionaries.com/media/english/us_pron_ogg/f/fed/feder/federal__us_1.ogg
feedback,B2,B2,noun,noun,https://www.oxfordlearnersdictionaries.com/media/english/us_pron_ogg/f/fee/feedb/feedback__us_2.ogg
feeling,A1,A1,noun,noun,https://www.oxfordlearnersdictionaries.com/media/english/us_pron_ogg/f/fee/feeli/feeling__us_2.ogg
festival,A1,A1,noun,noun,https://www.oxfordlearnersdictionaries.com/media/english/us_pron_ogg/f/fes/festi/festival__us_2.ogg
fiction,A2,A2,noun,noun,https://www.oxfordlearnersdictionaries.com/media/english/us_pron_ogg/f/fic/ficti/fiction__us_2.ogg
fifteen,A1,A1,number,number,https://www.oxfordlearnersdictionaries.com/media/english/us_pron_ogg/f/fif/fifte/fifteen__us_3.ogg
fifty,A1,A1,number,number,https://www.oxfordlearnersdictionaries.com/media/english/us_pron_ogg/f/fif/fifty/fifty__us_2.ogg
figure,A2,A2,verb,"noun, verb",https://www.oxfordlearnersdictionaries.com/media/english/us_pron_ogg/f/fig/figur/figure__us_2.ogg
fill,A1,A1,verb,verb,https://www.oxfordlearnersdictionaries.com/media/english/us_pron_ogg/f/fil/fill_/fill__us_1.ogg
finally,A2,A2,adverb,adverb,https://www.oxfordlearnersdictionaries.com/media/english/us_pron_ogg/f/fin/final/finally__us_2.ogg
financial,B1,B1,adjective,adjective,https://www.oxfordlearnersdictionaries.com/media/english/us_pron_ogg/f/fin/finan/financial__us_1_rr.ogg
find,A1,A1,verb,verb,https://www.oxfordlearnersdictionaries.com/media/english/us_pron_ogg/f/fin/find_/find__us_1.ogg
first,A1,A1,adverb,"adverb, determiner, noun, ordinal number",https://www.oxfordlearnersdictionaries.com/media/english/us_pron_ogg/f/fir/first/first__us_1.ogg
fitness,B1,B1,noun,noun,https://www.oxfordlearnersdictionaries.com/media/english/us_pron_ogg/f/fit/fitne/fitness__us_1.ogg
five,A1,A1,number,number,https://www.oxfordlearnersdictionaries.com/media/english/us_pron_ogg/f/fiv/five_/five__us_1.ogg
flame,B2,B2,noun,noun,https://www.oxfordlearnersdictionaries.com/media/english/us_pron_ogg/f/fla/flame/flame__us_1.ogg
flash,B2,B2,verb,"noun, verb",https://www.oxfordlearnersdictionaries.com/media/english/us_pron_ogg/f/fla/flash/flash__us_1.ogg
flexible,B2,B2,adjective,adjective,https://www.oxfordlearnersdictionaries.com/media/english/us_pron_ogg/f/fle/flexi/flexible__us_2.ogg
flood,B1,B1,verb,"noun, verb",https://www.oxfordlearnersdictionaries.com/media/english/us_pron_ogg/f/flo/flood/flood__us_1.ogg
floor,A1,A1,noun,noun,https://www.oxfordlearnersdictionaries.com/media/english/us_pron_ogg/f/flo/floor/floor__us_1.ogg
flow,B1,B1,verb,"noun, verb",https://www.oxfordlearnersdictionaries.com/media/english/us_pron_ogg/f/flo/flow_/flow__us_1.ogg
flower,A1,A1,noun,noun,https://www.oxfordlearnersdictionaries.com/media/english/us_pron_ogg/f/flo/flowe/flower__us_1.ogg
folk,B1,B1,noun,"adjective, noun",https://www.oxfordlearnersdictionaries.com/media/english/us_pron_ogg/f/fol/folk_/folk__us_1.ogg
food,A1,A1,noun,noun,https://www.oxfordlearnersdictionaries.com/media/english/us_pron_ogg/f/foo/food_/food__us_1.ogg
football,A1,A1,noun,noun,https://www.oxfordlearnersdictionaries.com/media/english/us_pron_ogg/f/foo/footb/football__us_4.ogg
for,A1,A1,preposition,preposition,https://www.oxfordlearnersdictionaries.com/media/english/us_pron_ogg/f/for/for__/for__us_1_rr.ogg
forest,A2,A2,noun,noun,https://www.oxfordlearnersdictionaries.com/media/english/us_pron_ogg/f/for/fores/forest__us_1_rr.ogg
forget,A1,A1,verb,verb,https://www.oxfordlearnersdictionaries.com/media/english/us_pron_ogg/f/for/forge/forget__us_1.ogg
fork,A2,A2,noun,noun,https://www.oxfordlearnersdictionaries.com/media/english/us_pron_ogg/f/for/fork_/fork__us_1.ogg
formation,B2,B2,noun,noun,https://www.oxfordlearnersdictionaries.com/media/english/us_pron_ogg/f/for/forma/formation__us_1.ogg
formerly,B2,B2,adverb,adverb,https://www.oxfordlearnersdictionaries.com/media/english/us_pron_ogg/f/for/forme/formerly__us_1.ogg
fortunately,A2,A2,adverb,adverb,https://www.oxfordlearnersdictionaries.com/media/english/us_pron_ogg/f/for/fortu/fortunately__us_1.ogg
forty,A1,A1,number,number,https://www.oxfordlearnersdictionaries.com/media/english/us_pron_ogg/f/for/forty/forty__us_1.ogg
found,B2,B2,verb,verb,https://www.oxfordlearnersdictionaries.com/media/english/us_pron_ogg/f/fou/found/found__us_2.ogg
four,A1,A1,number,number,https://www.oxfordlearnersdictionaries.com/media/english/us_pron_ogg/f/fou/four_/four__us_1.ogg
fourteen,A1,A1,number,number,https://www.oxfordlearnersdictionaries.com/media/english/us_pron_ogg/f/fou/fourt/fourteen__us_1.ogg
fraud,B2,B2,noun,noun,https://www.oxfordlearnersdictionaries.com/media/english/us_pron_ogg/f/fra/fraud/fraud__us_1.ogg
frequently,B1,B1,adverb,adverb,https://www.oxfordlearnersdictionaries.com/media/english/us_pron_ogg/f/fre/frequ/frequently__us_1.ogg
fresh,A2,A2,adjective,adjective,https://www.oxfordlearnersdictionaries.com/media/english/us_pron_ogg/f/fre/fresh/fresh__us_1.ogg
friday,A1,A1,noun,noun,https://www.oxfordlearnersdictionaries.com/media/english/us_pron_ogg/f/fri/frida/friday__us_1_rr.ogg
fridge,A2,A2,noun,noun,https://www.oxfordlearnersdictionaries.com/media/english/us_pron_ogg/f/fri/fridg/fridge__us_1.ogg
friend,A1,A1,noun,noun,https://www.oxfordlearnersdictionaries.com/media/english/us_pron_ogg/f/fri/frien/friend__us_1.ogg
from,A1,A1,preposition,preposition,https://www.oxfordlearnersdictionaries.com/media/english/us_pron_ogg/f/fro/from_/from__us_1_rr.ogg
frozen,B1,B1,adjective,adjective,https://www.oxfordlearnersdictionaries.com/media/english/us_pron_ogg/f/fro/froze/frozen__us_3.ogg
fruit,A1,A1,noun,noun,https://www.oxfordlearnersdictionaries.com/media/english/us_pron_ogg/f/fru/fruit/fruit__us_1.ogg
fry,B1,B1,verb,verb,https://www.oxfordlearnersdictionaries.com/media/english/us_pron_ogg/f/fry/fry__/fry__us_1.ogg
fuel,B1,B1,noun,"noun, verb",https://www.oxfordlearnersdictionaries.com/media/english/us_pron_ogg/f/fue/fuel_/fuel__us_1_rr.ogg
full,A1,A1,adjective,adjective,https://www.oxfordlearnersdictionaries.com/media/english/us_pron_ogg/f/ful/full_/full__us_1.ogg
fundamental,B2,B2,adjective,adjective,https://www.oxfordlearnersdictionaries.com/media/english/us_pron_ogg/f/fun/funda/fundamental__us_3.ogg
funny,A1,A1,adjective,adjective,https://www.oxfordlearnersdictionaries.com/media/english/us_pron_ogg/f/fun/funny/funny__us_2.ogg
fur,B1,B1,noun,noun,https://www.oxfordlearnersdictionaries.com/media/english/us_pron_ogg/f/fur/fur__/fur__us_1.ogg
furious,B2,B2,adjective,adjective,https://www.oxfordlearnersdictionaries.com/media/english/us_pron_ogg/f/fur/furio/furious__us_1.ogg
furniture,A2,A2,noun,noun,https://www.oxfordlearnersdictionaries.com/media/english/us_pron_ogg/f/fur/furni/furniture__us_2.ogg
gallery,A2,A2,noun,noun,https://www.oxfordlearnersdictionaries.com/media/english/us_pron_ogg/g/gal/galle/gallery__us_1.ogg
game,A1,A1,noun,noun,https://www.oxfordlearnersdictionaries.com/media/english/us_pron_ogg/g/gam/game_/game__us_1.ogg
gang,B2,B2,noun,noun,https://www.oxfordlearnersdictionaries.com/media/english/us_pron_ogg/g/gan/gang_/gang__us_1.ogg
garden,A1,A1,noun,noun,https://www.oxfordlearnersdictionaries.com/media/english/us_pron_ogg/g/gar/garde/garden__us_1.ogg
gas,A2,A2,noun,noun,https://www.oxfordlearnersdictionaries.com/media/english/us_pron_ogg/g/gas/gas__/gas__us_1.ogg
gate,A2,A2,noun,noun,https://www.oxfordlearnersdictionaries.com/media/english/us_pron_ogg/g/gat/gate_/gate__us_1.ogg
generally,B1,B1,adverb,adverb,https://www.oxfordlearnersdictionaries.com/media/english/us_pron_ogg/g/gen/gener/generally__us_2_rr.ogg
generous,B1,B1,adjective,adjective,https://www.oxfordlearnersdictionaries.com/media/english/us_pron_ogg/g/gen/gener/generous__us_1.ogg
genius,B2,B2,noun,noun,https://www.oxfordlearnersdictionaries.com/media/english/us_pron_ogg/g/gen/geniu/genius__us_1.ogg
genre,B2,B2,noun,noun,https://www.oxfordlearnersdictionaries.com/media/english/us_pron_ogg/g/gen/genre/genre__us_1.ogg
gentleman,B1,B1,noun,noun,https://www.oxfordlearnersdictionaries.com/media/english/us_pron_ogg/g/gen/gentl/gentleman__us_3.ogg
genuine,B2,B2,adjective,adjective,https://www.oxfordlearnersdictionaries.com/media/english/us_pron_ogg/g/gen/genui/genuine__us_1.ogg
genuinely,B2,B2,adverb,adverb,https://www.oxfordlearnersdictionaries.com/media/english/us_pron_ogg/g/gen/genui/genuinely__us_1.ogg
get,A1,A1,verb,verb,https://www.oxfordlearnersdictionaries.com/media/english/us_pron_ogg/g/get/get__/get__us_1.ogg
giant,B1,B1,adjective,"adjective, noun",https://www.oxfordlearnersdictionaries.com/media/english/us_pron_ogg/g/gia/giant/giant__us_1.ogg
girl,A1,A1,noun,noun,https://www.oxfordlearnersdictionaries.com/media/english/us_pron_ogg/g/gir/girl_/girl__us_1.ogg
girlfriend,A1,A1,noun,noun,https://www.oxfordlearnersdictionaries.com/media/english/us_pron_ogg/g/gir/girlf/girlfriend__us_1.ogg
give,A1,A1,verb,verb,https://www.oxfordlearnersdictionaries.com/media/english/us_pron_ogg/g/giv/give_/give__us_1.ogg
glass,A1,A1,noun,noun,https://www.oxfordlearnersdictionaries.com/media/english/us_pron_ogg/g/gla/glass/glass__us_1.ogg
global,B1,B1,adjective,adjective,https://www.oxfordlearnersdictionaries.com/media/english/us_pron_ogg/g/glo/globa/global__us_2.ogg
gold,A2,A2,noun,"adjective, noun",https://www.oxfordlearnersdictionaries.com/media/english/us_pron_ogg/g/gol/gold_/gold__us_1.ogg
golf,A2,A2,noun,noun,https://www.oxfordlearnersdictionaries.com/media/english/us_pron_ogg/g/gol/golf_/golf__us_1_rr.ogg
goods,B1,B1,noun,noun,https://www.oxfordlearnersdictionaries.com/media/english/us_pron_ogg/g/goo/goods/goods__us_1.ogg
government,A2,A2,noun,noun,https://www.oxfordlearnersdictionaries.com/media/english/us_pron_ogg/g/gov/gover/government__us_1_rr.ogg
grand,B2,B2,adjective,adjective,https://www.oxfordlearnersdictionaries.com/media/english/us_pron_ogg/g/gra/grand/grand__us_1.ogg
grandfather,A1,A1,noun,noun,https://www.oxfordlearnersdictionaries.com/media/english/us_pron_ogg/g/gra/grand/grandfather__us_1.ogg
grandmother,A1,A1,noun,noun,https://www.oxfordlearnersdictionaries.com/media/english/us_pron_ogg/g/gra/grand/grandmother__us_1.ogg
grandparent,A1,A1,noun,noun,https://www.oxfordlearnersdictionaries.com/media/english/us_pron_ogg/g/gra/grand/grandparent__us_1.ogg
great,A1,A1,adjective,adjective,https://www.oxfordlearnersdictionaries.com/media/english/us_pron_ogg/g/gre/great/great__us_1.ogg
grow,A1,A1,verb,verb,https://www.oxfordlearnersdictionaries.com/media/english/us_pron_ogg/g/gro/grow_/grow__us_1.ogg
growth,B1,B1,noun,noun,https://www.oxfordlearnersdictionaries.com/media/english/us_pron_ogg/g/gro/growt/growth__us_1.ogg
guarantee,B2,B2,verb,"noun, verb",https://www.oxfordlearnersdictionaries.com/media/english/us_pron_ogg/g/gua/guara/guarantee__us_1.ogg
guess,A1,A1,verb,"noun, verb",https://www.oxfordlearnersdictionaries.com/media/english/us_pron_ogg/g/gue/guess/guess__us_1.ogg
guideline,B2,B2,noun,noun,https://www.oxfordlearnersdictionaries.com/media/english/us_pron_ogg/g/gui/guide/guideline__us_1.ogg
guilty,B1,B1,adjective,adjective,https://www.oxfordlearnersdictionaries.com/media/english/us_pron_ogg/g/gui/guilt/guilty__us_2.ogg
guitar,A1,A1,noun,noun,https://www.oxfordlearnersdictionaries.com/media/english/us_pron_ogg/g/gui/guita/guitar__us_2.ogg
gun,A2,A2,noun,noun,https://www.oxfordlearnersdictionaries.com/media/english/us_pron_ogg/g/gun/gun__/gun__us_1.ogg
hair,A1,A1,noun,noun,https://www.oxfordlearnersdictionaries.com/media/english/us_pron_ogg/h/hai/hair_/hair__us_1.ogg
half,A2,A2,pronoun,"adverb, determiner, noun, pronoun",https://www.oxfordlearnersdictionaries.com/media/english/us_pron_ogg/h/hal/half_/half__us_1.ogg
hang,B1,B1,verb,verb,https://www.oxfordlearnersdictionaries.com/media/english/us_pron_ogg/h/han/hang_/hang__us_1.ogg
happen,A1,A1,verb,verb,https://www.oxfordlearnersdictionaries.com/media/english/us_pron_ogg/h/hap/happe/happen__us_1.ogg
happily,A2,A2,adverb,adverb,https://www.oxfordlearnersdictionaries.com/media/english/us_pron_ogg/h/hap/happi/happily__us_2.ogg
happy,A1,A1,adjective,adjective,https://www.oxfordlearnersdictionaries.com/media/english/us_pron_ogg/h/hap/happy/happy__us_2.ogg
hard,A1,A1,adverb,"adjective, adverb",https://www.oxfordlearnersdictionaries.com/media/english/us_pron_ogg/h/har/hard_/hard__us_1.ogg
hat,A1,A1,noun,noun,https://www.oxfordlearnersdictionaries.com/media/english/us_pron_ogg/h/hat/hat__/hat__us_1.ogg
have,A1,A1,have-verb,"verb, auxiliary verb",https://www.oxfordlearnersdictionaries.com/media/english/us_pron_ogg/h/hav/have_/have__us_1_rr.ogg
have to,A1,A1,modal auxiliary,modal verb,https://www.oxfordlearnersdictionaries.com/media/english/us_pron_ogg/h/hav/have_/have_to_1_us_1.ogg
he,A1,A1,pronoun,pronoun,https://www.oxfordlearnersdictionaries.com/media/english/us_pron_ogg/h/he_/he__u/he__us_1.ogg
headline,B1,B1,noun,noun,https://www.oxfordlearnersdictionaries.com/media/english/us_pron_ogg/h/hea/headl/headline__us_1.ogg
headquarters,B2,B2,noun,noun,https://www.oxfordlearnersdictionaries.com/media/english/us_pron_ogg/h/hea/headq/headquarters__us_1_rr.ogg
health,A1,A1,noun,noun,https://www.oxfordlearnersdictionaries.com/media/english/us_pron_ogg/h/hea/healt/health__us_1.ogg
healthy,A1,A1,adjective,adjective,https://www.oxfordlearnersdictionaries.com/media/english/us_pron_ogg/h/hea/healt/healthy__us_1.ogg
hear,A1,A1,verb,verb,https://www.oxfordlearnersdictionaries.com/media/english/us_pron_ogg/h/hea/hear_/hear__us_1.ogg
hell,B2,B2,noun,noun,https://www.oxfordlearnersdictionaries.com/media/english/us_pron_ogg/h/hel/hell_/hell__us_1.ogg
hello,A1,A1,noun,"exclamation, noun",https://www.oxfordlearnersdictionaries.com/media/english/us_pron_ogg/h/hel/hello/hello__us_1_rr.ogg
help,A1,A1,verb,"noun, verb",https://www.oxfordlearnersdictionaries.com/media/english/us_pron_ogg/h/hel/help_/help__us_1.ogg
helpful,A2,A2,adjective,adjective,https://www.oxfordlearnersdictionaries.com/media/english/us_pron_ogg/h/hel/helpf/helpful__us_1.ogg
her,A1,A1,pronoun,"determiner, pronoun",https://www.oxfordlearnersdictionaries.com/media/english/us_pron_ogg/h/her/her__/her__us_3_rr.ogg
herb,B2,B2,noun,noun,https://www.oxfordlearnersdictionaries.com/media/english/us_pron_ogg/h/her/herb_/herb__us_1.ogg
here,A1,A1,adverb,adverb,https://www.oxfordlearnersdictionaries.com/media/english/us_pron_ogg/h/her/here_/here__us_1.ogg
hero,A2,A2,noun,noun,https://www.oxfordlearnersdictionaries.com/media/english/us_pron_ogg/h/her/hero_/hero__us_1_rr.ogg
herself,A2,A2,pronoun,pronoun,https://www.oxfordlearnersdictionaries.com/media/english/us_pron_ogg/h/her/herse/herself__us_3.ogg
hi,A1,A1,interjection,exclamation,https://www.oxfordlearnersdictionaries.com/media/english/us_pron_ogg/h/hi_/hi__u/hi__us_1.ogg
highlight,B1,B1,verb,"noun, verb",https://www.oxfordlearnersdictionaries.com/media/english/us_pron_ogg/h/hig/highl/highlight__us_1.ogg
highly,B1,B1,adverb,adverb,https://www.oxfordlearnersdictionaries.com/media/english/us_pron_ogg/h/hig/highl/highly__us_1.ogg
hilarious,B2,B2,adjective,adjective,https://www.oxfordlearnersdictionaries.com/media/english/us_pron_ogg/h/hil/hilar/hilarious__us_1.ogg
him,A1,A1,pronoun,pronoun,https://www.oxfordlearnersdictionaries.com/media/english/us_pron_ogg/h/him/him__/him__us_1_rr.ogg
himself,A2,A2,pronoun,pronoun,https://www.oxfordlearnersdictionaries.com/media/english/us_pron_ogg/h/him/himse/himself__us_1_rr.ogg
his,A1,A1,pronoun,"determiner, pronoun",https://www.oxfordlearnersdictionaries.com/media/english/us_pron_ogg/h/his/his__/his__us_3_rr.ogg
historic,B1,B1,adjective,adjective,https://www.oxfordlearnersdictionaries.com/media/english/us_pron_ogg/h/his/histo/historic__us_1_rr.ogg
historical,B1,B1,adjective,adjective,https://www.oxfordlearnersdictionaries.com/media/english/us_pron_ogg/h/his/histo/historical__us_1_rr.ogg
history,A1,A1,noun,noun,https://www.oxfordlearnersdictionaries.com/media/english/us_pron_ogg/h/his/histo/history__us_2_rr.ogg
hit,A2,A2,verb,"noun, verb",https://www.oxfordlearnersdictionaries.com/media/english/us_pron_ogg/h/hit/hit__/hit__us_1.ogg
hobby,A1,A1,noun,noun,https://www.oxfordlearnersdictionaries.com/media/english/us_pron_ogg/h/hob/hobby/hobby__us_1.ogg
hockey,A2,A2,noun,noun,https://www.oxfordlearnersdictionaries.com/media/english/us_pron_ogg/h/hoc/hocke/hockey__us_1.ogg
holiday,A1,A1,noun,noun,https://www.oxfordlearnersdictionaries.com/media/english/us_pron_ogg/h/hol/holid/holiday__us_1.ogg
hollow,B2,B2,adjective,adjective,https://www.oxfordlearnersdictionaries.com/media/english/us_pron_ogg/h/hol/hollo/hollow__us_1.ogg
homework,A1,A1,noun,noun,https://www.oxfordlearnersdictionaries.com/media/english/us_pron_ogg/h/hom/homew/homework__us_1.ogg
honest,B1,B1,adjective,adjective,https://www.oxfordlearnersdictionaries.com/media/english/us_pron_ogg/h/hon/hones/honest__us_1.ogg
hook,B2,B2,verb,"noun, verb",https://www.oxfordlearnersdictionaries.com/media/english/us_pron_ogg/h/hoo/hook_/hook__us_1.ogg
horrible,B1,B1,adjective,adjective,https://www.oxfordlearnersdictionaries.com/media/english/us_pron_ogg/h/hor/horri/horrible__us_1_rr.ogg
horse,A1,A1,noun,noun,https://www.oxfordlearnersdictionaries.com/media/english/us_pron_ogg/h/hor/horse/horse__us_1.ogg
hospital,A1,A1,noun,noun,https://www.oxfordlearnersdictionaries.com/media/english/us_pron_ogg/h/hos/hospi/hospital__us_2.ogg
hot,A1,A1,adjective,adjective,https://www.oxfordlearnersdictionaries.com/media/english/us_pron_ogg/h/hot/hot__/hot__us_1.ogg
hotel,A1,A1,noun,noun,https://www.oxfordlearnersdictionaries.com/media/english/us_pron_ogg/h/hot/hotel/hotel__us_2.ogg
hour,A1,A1,noun,noun,https://www.oxfordlearnersdictionaries.com/media/english/us_pron_ogg/h/hou/hour_/hour__us_2.ogg
house,A1,A1,noun,"noun, verb",https://www.oxfordlearnersdictionaries.com/media/english/us_pron_ogg/h/hou/house/house__us_1.ogg
how,A1,A1,adverb,adverb,https://www.oxfordlearnersdictionaries.com/media/english/us_pron_ogg/h/how/how__/how__us_1.ogg
hungry,A1,A1,adjective,adjective,https://www.oxfordlearnersdictionaries.com/media/english/us_pron_ogg/h/hun/hungr/hungry__us_2.ogg
hunting,B2,B2,noun,noun,https://www.oxfordlearnersdictionaries.com/media/english/us_pron_ogg/h/hun/hunti/hunting__us_4.ogg
husband,A1,A1,noun,noun,https://www.oxfordlearnersdictionaries.com/media/english/us_pron_ogg/h/hus/husba/husband__us_4.ogg
i,A1,A1,pronoun,pronoun,https://www.oxfordlearnersdictionaries.com/media/english/us_pron_ogg/i/i__/i__us/i__us_1.ogg
ice,A1,A1,noun,noun,https://www.oxfordlearnersdictionaries.com/media/english/us_pron_ogg/i/ice/ice__/ice__us_1.ogg
ice cream,A1,A1,noun,noun,https://www.oxfordlearnersdictionaries.com/media/english/us_pron_ogg/i/ice/ice_c/ice_cream_1_us_2.ogg
icon,B2,B2,noun,noun,https://www.oxfordlearnersdictionaries.com/media/english/us_pron_ogg/i/ico/icon_/icon__us_1.ogg
idea,A1,A1,noun,noun,https://www.oxfordlearnersdictionaries.com/media/english/us_pron_ogg/i/ide/idea_/idea__us_2.ogg
identical,B2,B2,adjective,adjective,https://www.oxfordlearnersdictionaries.com/media/english/us_pron_ogg/i/ide/ident/identical__us_1.ogg
identity,B1,B1,noun,noun,https://www.oxfordlearnersdictionaries.com/media/english/us_pron_ogg/i/ide/ident/identity__us_1.ogg
if,A1,A1,conjunction,conjunction,https://www.oxfordlearnersdictionaries.com/media/english/us_pron_ogg/i/if_/if__u/if__us_1.ogg
ignore,B1,B1,verb,verb,https://www.oxfordlearnersdictionaries.com/media/english/us_pron_ogg/i/ign/ignor/ignore__us_2.ogg
ill,A2,A2,adjective,adjective,https://www.oxfordlearnersdictionaries.com/media/english/us_pron_ogg/i/ill/ill__/ill__us_1.ogg
illustrate,B2,B2,verb,verb,https://www.oxfordlearnersdictionaries.com/media/english/us_pron_ogg/i/ill/illus/illustrate__us_1.ogg
illustration,B2,B2,noun,noun,https://www.oxfordlearnersdictionaries.com/media/english/us_pron_ogg/i/ill/illus/illustration__us_2.ogg
image,A2,A2,noun,noun,https://www.oxfordlearnersdictionaries.com/media/english/us_pron_ogg/i/ima/image/image__us_1.ogg
imaginary,B1,B1,adjective,adjective,https://www.oxfordlearnersdictionaries.com/media/english/us_pron_ogg/i/ima/imagi/imaginary__us_1.ogg
imagine,A1,A1,verb,verb,https://www.oxfordlearnersdictionaries.com/media/english/us_pron_ogg/i/ima/imagi/imagine__us_1.ogg
immediate,B1,B1,adjective,adjective,https://www.oxfordlearnersdictionaries.com/media/english/us_pron_ogg/i/imm/immed/immediate__us_1.ogg
implement,B2,B2,verb,verb,https://www.oxfordlearnersdictionaries.com/media/english/us_pron_ogg/i/imp/imple/implement__us_1.ogg
implication,B2,B2,noun,noun,https://www.oxfordlearnersdictionaries.com/media/english/us_pron_ogg/i/imp/impli/implication__us_1.ogg
imply,B2,B2,verb,verb,https://www.oxfordlearnersdictionaries.com/media/english/us_pron_ogg/i/imp/imply/imply__us_1.ogg
important,A1,A1,adjective,adjective,https://www.oxfordlearnersdictionaries.com/media/english/us_pron_ogg/i/imp/impor/important__us_1.ogg
impose,B2,B2,verb,verb,https://www.oxfordlearnersdictionaries.com/media/english/us_pron_ogg/i/imp/impos/impose__us_1.ogg
impossible,A2,A2,adjective,adjective,https://www.oxfordlearnersdictionaries.com/media/english/us_pron_ogg/i/imp/impos/impossible__us_1.ogg
impressed,B2,B2,adjective,adjective,https://www.oxfordlearnersdictionaries.com/media/english/us_pron_ogg/i/imp/impre/impressed__us_1.ogg
impression,B1,B1,noun,noun,https://www.oxfordlearnersdictionaries.com/media/english/us_pron_ogg/i/imp/impre/impression__us_1.ogg
impressive,B1,B1,adjective,adjective,https://www.oxfordlearnersdictionaries.com/media/english/us_pron_ogg/i/imp/impre/impressive__us_1.ogg
improvement,B1,B1,noun,noun,https://www.oxfordlearnersdictionaries.com/media/english/us_pron_ogg/i/imp/impro/improvement__us_1.ogg
in,A1,A1,preposition,"adverb, preposition",https://www.oxfordlearnersdictionaries.com/media/english/us_pron_ogg/i/in_/in__u/in__us_1.ogg
incentive,B2,B2,noun,noun,https://www.oxfordlearnersdictionaries.com/media/english/us_pron_ogg/i/inc/incen/incentive__us_1.ogg
inch,B2,B2,verb,noun,https://www.oxfordlearnersdictionaries.com/media/english/us_pron_ogg/i/inc/inch_/inch__us_1.ogg
increase,A2,A2,verb,"noun, verb",https://www.oxfordlearnersdictionaries.com/media/english/us_pron_ogg/i/inc/incre/increase__us_2.ogg
incredibly,B1,B1,adverb,adverb,https://www.oxfordlearnersdictionaries.com/media/english/us_pron_ogg/i/inc/incre/incredibly__us_1.ogg
index,B2,B2,noun,noun,https://www.oxfordlearnersdictionaries.com/media/english/us_pron_ogg/i/ind/index/index__us_1.ogg
indirect,B1,B1,adjective,adjective,https://www.oxfordlearnersdictionaries.com/media/english/us_pron_ogg/i/ind/indir/indirect__us_1_rr.ogg
indoors,B1,B1,adverb,adverb,https://www.oxfordlearnersdictionaries.com/media/english/us_pron_ogg/i/ind/indoo/indoors__us_4.ogg
infer,B2,B2,verb,verb,https://www.oxfordlearnersdictionaries.com/media/english/us_pron_ogg/i/inf/infer/infer__us_1.ogg
inflation,B2,B2,noun,noun,https://www.oxfordlearnersdictionaries.com/media/english/us_pron_ogg/i/inf/infla/inflation__us_1.ogg
information,A1,A1,noun,noun,https://www.oxfordlearnersdictionaries.com/media/english/us_pron_ogg/i/inf/infor/information__us_1.ogg
ingredient,B1,B1,noun,noun,https://www.oxfordlearnersdictionaries.com/media/english/us_pron_ogg/i/ing/ingre/ingredient__us_1.ogg
inherit,B2,B2,verb,verb,https://www.oxfordlearnersdictionaries.com/media/english/us_pron_ogg/i/inh/inher/inherit__us_1.ogg
initiative,B2,B2,noun,noun,https://www.oxfordlearnersdictionaries.com/media/english/us_pron_ogg/i/ini/initi/initiative__us_1.ogg
innocent,B1,B1,adjective,adjective,https://www.oxfordlearnersdictionaries.com/media/english/us_pron_ogg/i/inn/innoc/innocent__us_1.ogg
innovation,B2,B2,noun,noun,https://www.oxfordlearnersdictionaries.com/media/english/us_pron_ogg/i/inn/innov/innovation__us_1.ogg
innovative,B2,B2,adjective,adjective,https://www.oxfordlearnersdictionaries.com/media/english/us_pron_ogg/i/inn/innov/innovative__us_1.ogg
input,B2,B2,noun,noun,https://www.oxfordlearnersdictionaries.com/media/english/us_pron_ogg/i/inp/input/input__us_1.ogg
insect,A2,A2,noun,noun,https://www.oxfordlearnersdictionaries.com/media/english/us_pron_ogg/i/ins/insec/insect__us_1.ogg
inspector,B2,B2,noun,noun,https://www.oxfordlearnersdictionaries.com/media/english/us_pron_ogg/i/ins/inspe/inspector__us_1.ogg
instantly,B2,B2,adverb,adverb,https://www.oxfordlearnersdictionaries.com/media/english/us_pron_ogg/i/ins/insta/instantly__us_1.ogg
instead,A2,A2,adverb,adverb,https://www.oxfordlearnersdictionaries.com/media/english/us_pron_ogg/i/ins/inste/instead__us_3.ogg
institution,B2,B2,noun,noun,https://www.oxfordlearnersdictionaries.com/media/english/us_pron_ogg/i/ins/insti/institution__us_2.ogg
instrument,A2,A2,noun,noun,https://www.oxfordlearnersdictionaries.com/media/english/us_pron_ogg/i/ins/instr/instrument__us_1.ogg
integrate,B2,B2,verb,verb,https://www.oxfordlearnersdictionaries.com/media/english/us_pron_ogg/i/int/integ/integrate__us_1.ogg
intellectual,B2,B2,noun,"adjective, noun",https://www.oxfordlearnersdictionaries.com/media/english/us_pron_ogg/i/int/intel/intellectual__us_1.ogg
intelligent,A2,A2,adjective,adjective,https://www.oxfordlearnersdictionaries.com/media/english/us_pron_ogg/i/int/intel/intelligent__us_1.ogg
intend,B1,B1,verb,verb,https://www.oxfordlearnersdictionaries.com/media/english/us_pron_ogg/i/int/inten/intend__us_3.ogg
intention,B1,B1,noun,noun,https://www.oxfordlearnersdictionaries.com/media/english/us_pron_ogg/i/int/inten/intention__us_2.ogg
interested,A1,A1,adjective,adjective,https://www.oxfordlearnersdictionaries.com/media/english/us_pron_ogg/i/int/inter/interested__us_1_rr.ogg
interesting,A1,A1,adjective,adjective,https://www.oxfordlearnersdictionaries.com/media/english/us_pron_ogg/i/int/inter/interesting__us_1_rr.ogg
international,A2,A2,adjective,adjective,https://www.oxfordlearnersdictionaries.com/media/english/us_pron_ogg/i/int/inter/international__us_3.ogg
interpret,B2,B2,verb,verb,https://www.oxfordlearnersdictionaries.com/media/english/us_pron_ogg/i/int/inter/interpret__us_1.ogg
interpretation,B2,B2,noun,noun,https://www.oxfordlearnersdictionaries.com/media/english/us_pron_ogg/i/int/inter/interpretation__us_1.ogg
into,A1,A1,preposition,preposition,https://www.oxfordlearnersdictionaries.com/media/english/us_pron_ogg/i/int/into_/into__us_1_rr.ogg
introduce,A1,A1,verb,verb,https://www.oxfordlearnersdictionaries.com/media/english/us_pron_ogg/i/int/intro/introduce__us_2.ogg
invent,A2,A2,verb,verb,https://www.oxfordlearnersdictionaries.com/media/english/us_pron_ogg/i/inv/inven/invent__us_1.ogg
invention,A2,A2,noun,noun,https://www.oxfordlearnersdictionaries.com/media/english/us_pron_ogg/i/inv/inven/invention__us_2.ogg
invest,B1,B1,verb,verb,https://www.oxfordlearnersdictionaries.com/media/english/us_pron_ogg/i/inv/inves/invest__us_1.ogg
investment,B2,B2,noun,noun,https://www.oxfordlearnersdictionaries.com/media/english/us_pron_ogg/i/inv/inves/investment__us_1.ogg
investor,B2,B2,noun,noun,https://www.oxfordlearnersdictionaries.com/media/english/us_pron_ogg/i/inv/inves/investor__us_1.ogg
invite,A2,A2,verb,verb,https://www.oxfordlearnersdictionaries.com/media/english/us_pron_ogg/i/inv/invit/invite__us_1.ogg
involved,B1,B1,adjective,adjective,https://www.oxfordlearnersdictionaries.com/media/english/us_pron_ogg/i/inv/invol/involved__us_1.ogg
iron,B1,B1,verb,"noun, verb",https://www.oxfordlearnersdictionaries.com/media/english/us_pron_ogg/i/iro/iron_/iron__us_2.ogg
island,A1,A1,noun,noun,https://www.oxfordlearnersdictionaries.com/media/english/us_pron_ogg/i/isl/islan/island__us_1.ogg
its,A1,A1,pronoun,determiner,https://www.oxfordlearnersdictionaries.com/media/english/us_pron_ogg/i/its/its__/its__us_1.ogg
itself,A2,A2,pronoun,pronoun,https://www.oxfordlearnersdictionaries.com/media/english/us_pron_ogg/i/its/itsel/itself__us_1.ogg
jacket,A1,A1,noun,noun,https://www.oxfordlearnersdictionaries.com/media/english/us_pron_ogg/j/jac/jacke/jacket__us_1.ogg
january,A1,A1,noun,noun,https://www.oxfordlearnersdictionaries.com/media/english/us_pron_ogg/j/jan/janua/january__us_2.ogg
jeans,A1,A1,noun,noun,https://www.oxfordlearnersdictionaries.com/media/english/us_pron_ogg/j/jea/jeans/jeans__us_1.ogg
job,A1,A1,noun,noun,https://www.oxfordlearnersdictionaries.com/media/english/us_pron_ogg/j/job/job__/job__us_2.ogg
join,A1,A1,verb,verb,https://www.oxfordlearnersdictionaries.com/media/english/us_pron_ogg/j/joi/join_/join__us_1.ogg
joint,B2,B2,noun,"adjective, noun",https://www.oxfordlearnersdictionaries.com/media/english/us_pron_ogg/j/joi/joint/joint__us_1.ogg
journal,B1,B1,noun,noun,https://www.oxfordlearnersdictionaries.com/media/english/us_pron_ogg/j/jou/journ/journal__us_1.ogg
journalism,B2,B2,noun,noun,https://www.oxfordlearnersdictionaries.com/media/english/us_pron_ogg/j/jou/journ/journalism__us_1.ogg
juice,A1,A1,noun,noun,https://www.oxfordlearnersdictionaries.com/media/english/us_pron_ogg/j/jui/juice/juice__us_1.ogg
july,A1,A1,noun,noun,https://www.oxfordlearnersdictionaries.com/media/english/us_pron_ogg/j/jul/july_/july__us_1.ogg
june,A1,A1,noun,noun,https://www.oxfordlearnersdictionaries.com/media/english/us_pron_ogg/j/jun/june_/june__us_1.ogg
jury,B2,B2,noun,noun,https://www.oxfordlearnersdictionaries.com/media/english/us_pron_ogg/j/jur/jury_/jury__us_1.ogg
justify,B2,B2,verb,verb,https://www.oxfordlearnersdictionaries.com/media/english/us_pron_ogg/j/jus/justi/justify__us_2.ogg
keep,A1,A1,verb,verb,https://www.oxfordlearnersdictionaries.com/media/english/us_pron_ogg/k/kee/keep_/keep__us_1.ogg
key,A1,A1,noun,"adjective, noun, verb",https://www.oxfordlearnersdictionaries.com/media/english/us_pron_ogg/k/key/key__/key__us_1.ogg
keyboard,B1,B1,noun,noun,https://www.oxfordlearnersdictionaries.com/media/english/us_pron_ogg/k/key/keybo/keyboard__us_2.ogg
killing,B1,B1,noun,noun,https://www.oxfordlearnersdictionaries.com/media/english/us_pron_ogg/k/kil/killi/killing__us_3.ogg
kiss,B1,B1,verb,"noun, verb",https://www.oxfordlearnersdictionaries.com/media/english/us_pron_ogg/k/kis/kiss_/kiss__us_1.ogg
kitchen,A1,A1,noun,noun,https://www.oxfordlearnersdictionaries.com/media/english/us_pron_ogg/k/kit/kitch/kitchen__us_2.ogg
knock,B1,B1,verb,"noun, verb",https://www.oxfordlearnersdictionaries.com/media/english/us_pron_ogg/k/kno/knock/knock__us_1.ogg
know,A1,A1,verb,verb,https://www.oxfordlearnersdictionaries.com/media/english/us_pron_ogg/k/kno/know_/know__us_1.ogg
knowledge,A2,A2,noun,noun,https://www.oxfordlearnersdictionaries.com/media/english/us_pron_ogg/k/kno/knowl/knowledge__us_2.ogg
laboratory,B1,B1,noun,noun,https://www.oxfordlearnersdictionaries.com/media/english/us_pron_ogg/l/lab/labor/laboratory__us_2.ogg
lake,A2,A2,noun,noun,https://www.oxfordlearnersdictionaries.com/media/english/us_pron_ogg/l/lak/lake_/lake__us_1.ogg
lamp,A2,A2,noun,noun,https://www.oxfordlearnersdictionaries.com/media/english/us_pron_ogg/l/lam/lamp_/lamp__us_1.ogg
landing,B2,B2,noun,noun,https://www.oxfordlearnersdictionaries.com/media/english/us_pron_ogg/l/lan/landi/landing__us_1.ogg
language,A1,A1,noun,noun,https://www.oxfordlearnersdictionaries.com/media/english/us_pron_ogg/l/lan/langu/language__us_1.ogg
large,A1,A1,adjective,adjective,https://www.oxfordlearnersdictionaries.com/media/english/us_pron_ogg/l/lar/large/large__us_1.ogg
late,A1,A1,adverb,"adjective, adverb",https://www.oxfordlearnersdictionaries.com/media/english/us_pron_ogg/l/lat/late_/late__us_1.ogg
laugh,A1,A1,verb,"noun, verb",https://www.oxfordlearnersdictionaries.com/media/english/us_pron_ogg/l/lau/laugh/laugh__us_1.ogg
law,A2,A2,noun,noun,https://www.oxfordlearnersdictionaries.com/media/english/us_pron_ogg/l/law/law__/law__us_1.ogg
lawyer,A2,A2,noun,noun,https://www.oxfordlearnersdictionaries.com/media/english/us_pron_ogg/l/law/lawye/lawyer__us_1_rr.ogg
lay,B1,B1,verb,verb,https://www.oxfordlearnersdictionaries.com/media/english/us_pron_ogg/l/lay/lay__/lay__us_1.ogg
layer,B1,B1,noun,noun,https://www.oxfordlearnersdictionaries.com/media/english/us_pron_ogg/l/lay/layer/layer__us_4.ogg
lead,B1,B1,verb,"noun, verb",https://www.oxfordlearnersdictionaries.com/media/english/us_pron_ogg/l/lea/lead_/lead__us_1.ogg
leading,B1,B1,adjective,adjective,https://www.oxfordlearnersdictionaries.com/media/english/us_pron_ogg/l/lea/leadi/leading__us_5.ogg
leaflet,B2,B2,noun,noun,https://www.oxfordlearnersdictionaries.com/media/english/us_pron_ogg/l/lea/leafl/leaflet__us_1.ogg
lean,B2,B2,verb,verb,https://www.oxfordlearnersdictionaries.com/media/english/us_pron_ogg/l/lea/lean_/lean__us_1.ogg
learn,A1,A1,verb,verb,https://www.oxfordlearnersdictionaries.com/media/english/us_pron_ogg/l/lea/learn/learn__us_1.ogg
leg,A1,A1,noun,noun,https://www.oxfordlearnersdictionaries.com/media/english/us_pron_ogg/l/leg/leg__/leg__us_1.ogg
legal,B1,B1,adjective,adjective,https://www.oxfordlearnersdictionaries.com/media/english/us_pron_ogg/l/leg/legal/legal__us_1.ogg
legend,B2,B2,noun,noun,https://www.oxfordlearnersdictionaries.com/media/english/us_pron_ogg/l/leg/legen/legend__us_1.ogg
lemon,A2,A2,noun,noun,https://www.oxfordlearnersdictionaries.com/media/english/us_pron_ogg/l/lem/lemon/lemon__us_2.ogg
lend,A2,A2,verb,verb,https://www.oxfordlearnersdictionaries.com/media/english/us_pron_ogg/l/len/lend_/lend__us_1.ogg
length,B1,B1,noun,noun,https://www.oxfordlearnersdictionaries.com/media/english/us_pron_ogg/l/len/lengt/length__us_3.ogg
less,A2,A2,pronoun,"adverb, determiner, pronoun",https://www.oxfordlearnersdictionaries.com/media/english/us_pron_ogg/l/les/less_/less__us_1.ogg
lesson,A1,A1,noun,noun,https://www.oxfordlearnersdictionaries.com/media/english/us_pron_ogg/l/les/lesso/lesson__us_4.ogg
let,A1,A1,verb,verb,https://www.oxfordlearnersdictionaries.com/media/english/us_pron_ogg/l/let/let__/let__us_1.ogg
letter,A1,A1,noun,noun,https://www.oxfordlearnersdictionaries.com/media/english/us_pron_ogg/l/let/lette/letter__us_3.ogg
library,A1,A1,noun,noun,https://www.oxfordlearnersdictionaries.com/media/english/us_pron_ogg/l/lib/libra/library__us_1.ogg
life,A1,A1,noun,noun,https://www.oxfordlearnersdictionaries.com/media/english/us_pron_ogg/l/lif/life_/life__us_1.ogg
lifestyle,A2,A2,noun,noun,https://www.oxfordlearnersdictionaries.com/media/english/us_pron_ogg/l/lif/lifes/lifestyle__us_2.ogg
lifetime,B2,B2,noun,noun,https://www.oxfordlearnersdictionaries.com/media/english/us_pron_ogg/l/lif/lifet/lifetime__us_1.ogg
lighting,B2,B2,noun,noun,https://www.oxfordlearnersdictionaries.com/media/english/us_pron_ogg/l/lig/light/lighting__us_1.ogg
likely,A2,A2,adjective,adjective,https://www.oxfordlearnersdictionaries.com/media/english/us_pron_ogg/l/lik/likel/likely__us_2.ogg
likewise,B2,B2,adverb,adverb,https://www.oxfordlearnersdictionaries.com/media/english/us_pron_ogg/l/lik/likew/likewise__us_1.ogg
limit,B1,B1,verb,"noun, verb",https://www.oxfordlearnersdictionaries.com/media/english/us_pron_ogg/l/lim/limit/limit__us_1.ogg
lion,A1,A1,noun,noun,https://www.oxfordlearnersdictionaries.com/media/english/us_pron_ogg/l/lio/lion_/lion__us_2.ogg
liquid,B1,B1,noun,"adjective, noun",https://www.oxfordlearnersdictionaries.com/media/english/us_pron_ogg/l/liq/liqui/liquid__us_3.ogg
listen,A1,A1,verb,verb,https://www.oxfordlearnersdictionaries.com/media/english/us_pron_ogg/l/lis/liste/listen__us_1.ogg
literally,B2,B2,adverb,adverb,https://www.oxfordlearnersdictionaries.com/media/english/us_pron_ogg/l/lit/liter/literally__us_1.ogg
literature,B1,B1,noun,noun,https://www.oxfordlearnersdictionaries.com/media/english/us_pron_ogg/l/lit/liter/literature__us_7.ogg
litter,B2,B2,noun,noun,https://www.oxfordlearnersdictionaries.com/media/english/us_pron_ogg/l/lit/litte/litter__us_1.ogg
load,B2,B2,verb,"noun, verb",https://www.oxfordlearnersdictionaries.com/media/english/us_pron_ogg/l/loa/load_/load__us_1.ogg
loan,B2,B2,noun,noun,https://www.oxfordlearnersdictionaries.com/media/english/us_pron_ogg/l/loa/loan_/loan__us_1.ogg
locate,B1,B1,verb,verb,https://www.oxfordlearnersdictionaries.com/media/english/us_pron_ogg/l/loc/locat/locate__us_1.ogg
location,B1,B1,noun,noun,https://www.oxfordlearnersdictionaries.com/media/english/us_pron_ogg/l/loc/locat/location__us_2.ogg
long-term,B2,B2,adjective,"adjective, adverb",https://www.oxfordlearnersdictionaries.com/media/english/us_pron_ogg/l/lon/long_/long_term_1_us_2.ogg
loss,B1,B1,noun,noun,https://www.oxfordlearnersdictionaries.com/media/english/us_pron_ogg/l/los/loss_/loss__us_3.ogg
lost,A2,A2,adjective,adjective,https://www.oxfordlearnersdictionaries.com/media/english/us_pron_ogg/l/los/lost_/lost__us_6.ogg
lot,A1,A1,pronoun,"adverb, determiner, pronoun",https://www.oxfordlearnersdictionaries.com/media/english/us_pron_ogg/l/lot/lot__/lot__us_1.ogg
loudly,A2,A2,adverb,adverb,https://www.oxfordlearnersdictionaries.com/media/english/us_pron_ogg/l/lou/loudl/loudly__us_1.ogg
love,A1,A1,verb,"noun, verb",https://www.oxfordlearnersdictionaries.com/media/english/us_pron_ogg/l/lov/love_/love__us_1.ogg
low,A2,A2,adverb,"adjective, adverb, noun",https://www.oxfordlearnersdictionaries.com/media/english/us_pron_ogg/l/low/low__/low__us_1.ogg
lower,B2,B2,verb,verb,https://www.oxfordlearnersdictionaries.com/media/english/us_pron_ogg/l/low/lower/lower__us_1.ogg
lunch,A1,A1,noun,noun,https://www.oxfordlearnersdictionaries.com/media/english/us_pron_ogg/l/lun/lunch/lunch__us_1.ogg
luxury,B1,B1,noun,"adjective, noun",https://www.oxfordlearnersdictionaries.com/media/english/us_pron_ogg/l/lux/luxur/luxury__us_1_rr.ogg
machine,A1,A1,noun,noun,https://www.oxfordlearnersdictionaries.com/media/english/us_pron_ogg/m/mac/machi/machine__us_1.ogg
magazine,A1,A1,noun,noun,https://www.oxfordlearnersdictionaries.com/media/english/us_pron_ogg/m/mag/magaz/magazine__us_1_rr.ogg
male,A2,A2,noun,"adjective, noun",https://www.oxfordlearnersdictionaries.com/media/english/us_pron_ogg/m/mal/male_/male__us_1.ogg
man,A1,A1,noun,noun,https://www.oxfordlearnersdictionaries.com/media/english/us_pron_ogg/m/man/man__/man__us_1.ogg
manage,A2,A2,verb,verb,https://www.oxfordlearnersdictionaries.com/media/english/us_pron_ogg/m/man/manag/manage__us_2.ogg
management,B1,B1,noun,noun,https://www.oxfordlearnersdictionaries.com/media/english/us_pron_ogg/m/man/manag/management__us_1.ogg
manager,A2,A2,noun,noun,https://www.oxfordlearnersdictionaries.com/media/english/us_pron_ogg/m/man/manag/manager__us_2.ogg
manner,A2,A2,noun,noun,https://www.oxfordlearnersdictionaries.com/media/english/us_pron_ogg/m/man/manne/manner__us_2.ogg
manufacture,B2,B2,verb,verb,https://www.oxfordlearnersdictionaries.com/media/english/us_pron_ogg/m/man/manuf/manufacture__us_1.ogg
manufacturing,B2,B2,noun,noun,https://www.oxfordlearnersdictionaries.com/media/english/us_pron_ogg/m/man/manuf/manufacturing__us_1.ogg
many,A1,A1,pronoun,"determiner, pronoun",https://www.oxfordlearnersdictionaries.com/media/english/us_pron_ogg/m/man/many_/many__us_2.ogg
map,A1,A1,noun,"noun, verb",https://www.oxfordlearnersdictionaries.com/media/english/us_pron_ogg/m/map/map__/map__us_1.ogg
marathon,B2,B2,noun,noun,https://www.oxfordlearnersdictionaries.com/media/english/us_pron_ogg/m/mar/marat/marathon__us_1.ogg
margin,B2,B2,noun,noun,https://www.oxfordlearnersdictionaries.com/media/english/us_pron_ogg/m/mar/margi/margin__us_1.ogg
mark,A2,A2,verb,"noun, verb",https://www.oxfordlearnersdictionaries.com/media/english/us_pron_ogg/m/mar/mark_/mark__us_1.ogg
marriage,B1,B1,noun,noun,https://www.oxfordlearnersdictionaries.com/media/english/us_pron_ogg/m/mar/marri/marriage__us_1.ogg
marry,A2,A2,verb,verb,https://www.oxfordlearnersdictionaries.com/media/english/us_pron_ogg/m/mar/marry/marry__us_2.ogg
mass,B2,B2,noun,"adjective, noun",https://www.oxfordlearnersdictionaries.com/media/english/us_pron_ogg/m/mas/mass_/mass__us_2.ogg
master,B2,B2,noun,"noun, verb",https://www.oxfordlearnersdictionaries.com/media/english/us_pron_ogg/m/mas/maste/master__us_2.ogg
mate,B2,B2,noun,"noun, verb",https://www.oxfordlearnersdictionaries.com/media/english/us_pron_ogg/m/mat/mate_/mate__us_1.ogg
matter,A2,A2,verb,"noun, verb",https://www.oxfordlearnersdictionaries.com/media/english/us_pron_ogg/m/mat/matte/matter__us_2.ogg
may,A1,A1,noun,"noun, modal verb",https://www.oxfordlearnersdictionaries.com/media/english/us_pron_ogg/m/may/may__/may__us_2.ogg
maybe,A1,A1,adverb,adverb,https://www.oxfordlearnersdictionaries.com/media/english/us_pron_ogg/m/may/maybe/maybe__us_2.ogg
me,A1,A1,pronoun,pronoun,https://www.oxfordlearnersdictionaries.com/media/english/us_pron_ogg/m/me_/me__u/me__us_2.ogg
meal,A1,A1,noun,noun,https://www.oxfordlearnersdictionaries.com/media/english/us_pron_ogg/m/mea/meal_/meal__us_1.ogg
mean,A1,A1,verb,verb,https://www.oxfordlearnersdictionaries.com/media/english/us_pron_ogg/m/mea/mean_/mean__us_1.ogg
means,B2,B2,noun,noun,https://www.oxfordlearnersdictionaries.com/media/english/us_pron_ogg/m/mea/means/means__us_1.ogg
meanwhile,B1,B1,adverb,adverb,https://www.oxfordlearnersdictionaries.com/media/english/us_pron_ogg/m/mea/meanw/meanwhile__us_1.ogg
measure,B1,B1,verb,"noun, verb",https://www.oxfordlearnersdictionaries.com/media/english/us_pron_ogg/m/mea/measu/measure__us_1.ogg
meat,A1,A1,noun,noun,https://www.oxfordlearnersdictionaries.com/media/english/us_pron_ogg/m/mea/meat_/meat__us_1.ogg
medical,A2,A2,adjective,adjective,https://www.oxfordlearnersdictionaries.com/media/english/us_pron_ogg/m/med/medic/medical__us_2.ogg
medication,B2,B2,noun,noun,https://www.oxfordlearnersdictionaries.com/media/english/us_pron_ogg/m/med/medic/medication__us_1.ogg
medium,B1,B1,noun,"adjective, noun",https://www.oxfordlearnersdictionaries.com/media/english/us_pron_ogg/m/med/mediu/medium__us_1.ogg
meet,A1,A1,verb,verb,https://www.oxfordlearnersdictionaries.com/media/english/us_pron_ogg/m/mee/meet_/meet__us_1.ogg
meeting,A1,A1,noun,noun,https://www.oxfordlearnersdictionaries.com/media/english/us_pron_ogg/m/mee/meeti/meeting__us_1.ogg
mental,B1,B1,adjective,adjective,https://www.oxfordlearnersdictionaries.com/media/english/us_pron_ogg/m/men/menta/mental__us_1.ogg
mention,B1,B1,verb,"noun, verb",https://www.oxfordlearnersdictionaries.com/media/english/us_pron_ogg/m/men/menti/mention__us_1.ogg
message,A1,A1,noun,noun,https://www.oxfordlearnersdictionaries.com/media/english/us_pron_ogg/m/mes/messa/message__us_1.ogg
metal,A2,A2,noun,noun,https://www.oxfordlearnersdictionaries.com/media/english/us_pron_ogg/m/met/metal/metal__us_1.ogg
metaphor,B2,B2,noun,noun,https://www.oxfordlearnersdictionaries.com/media/english/us_pron_ogg/m/met/metap/metaphor__us_1.ogg
method,A2,A2,noun,noun,https://www.oxfordlearnersdictionaries.com/media/english/us_pron_ogg/m/met/metho/method__us_1.ogg
middle,A2,A2,noun,"adjective, noun",https://www.oxfordlearnersdictionaries.com/media/english/us_pron_ogg/m/mid/middl/middle__us_2.ogg
might,A2,A2,modal auxiliary,modal verb,https://www.oxfordlearnersdictionaries.com/media/english/us_pron_ogg/m/mig/might/might__us_2.ogg
mild,B1,B1,adjective,adjective,https://www.oxfordlearnersdictionaries.com/media/english/us_pron_ogg/m/mil/mild_/mild__us_1.ogg
milk,A1,A1,noun,noun,https://www.oxfordlearnersdictionaries.com/media/english/us_pron_ogg/m/mil/milk_/milk__us_1.ogg
mind,A2,A2,verb,"noun, verb",https://www.oxfordlearnersdictionaries.com/media/english/us_pron_ogg/m/min/mind_/mind__us_1.ogg
minister,B2,B2,noun,noun,https://www.oxfordlearnersdictionaries.com/media/english/us_pron_ogg/m/min/minis/minister__us_1.ogg
mirror,A2,A2,noun,noun,https://www.oxfordlearnersdictionaries.com/media/english/us_pron_ogg/m/mir/mirro/mirror__us_2.ogg
miss,A1,A1,verb,verb,https://www.oxfordlearnersdictionaries.com/media/english/us_pron_ogg/m/mis/miss_/miss__us_1.ogg
missing,A2,A2,adjective,adjective,https://www.oxfordlearnersdictionaries.com/media/english/us_pron_ogg/m/mis/missi/missing__us_3.ogg
modest,B2,B2,adjective,adjective,https://www.oxfordlearnersdictionaries.com/media/english/us_pron_ogg/m/mod/modes/modest__us_1.ogg
moment,A1,A1,noun,noun,https://www.oxfordlearnersdictionaries.com/media/english/us_pron_ogg/m/mom/momen/moment__us_1.ogg
monday,A1,A1,noun,noun,https://www.oxfordlearnersdictionaries.com/media/english/us_pron_ogg/m/mon/monda/monday__us_1_rr.ogg
money,A1,A1,noun,noun,https://www.oxfordlearnersdictionaries.com/media/english/us_pron_ogg/m/mon/money/money__us_1.ogg
month,A1,A1,noun,noun,https://www.oxfordlearnersdictionaries.com/media/english/us_pron_ogg/m/mon/month/month__us_1.ogg
more,A1,A1,pronoun,"adverb, determiner, pronoun",https://www.oxfordlearnersdictionaries.com/media/english/us_pron_ogg/m/mor/more_/more__us_1.ogg
morning,A1,A1,noun,noun,https://www.oxfordlearnersdictionaries.com/media/english/us_pron_ogg/m/mor/morni/morning__us_1.ogg
mortgage,B2,B2,noun,noun,https://www.oxfordlearnersdictionaries.com/media/english/us_pron_ogg/m/mor/mortg/mortgage__us_1.ogg
mostly,A2,A2,adverb,adverb,https://www.oxfordlearnersdictionaries.com/media/english/us_pron_ogg/m/mos/mostl/mostly__us_1.ogg
mother,A1,A1,noun,noun,https://www.oxfordlearnersdictionaries.com/media/english/us_pron_ogg/m/mot/mothe/mother__us_1.ogg
motion,B2,B2,noun,noun,https://www.oxfordlearnersdictionaries.com/media/english/us_pron_ogg/m/mot/motio/motion__us_1.ogg
mount,B2,B2,verb,verb,https://www.oxfordlearnersdictionaries.com/media/english/us_pron_ogg/m/mou/mount/mount__us_1.ogg
mountain,A1,A1,noun,noun,https://www.oxfordlearnersdictionaries.com/media/english/us_pron_ogg/m/mou/mount/mountain__us_5.ogg
mouse,A1,A1,noun,noun,https://www.oxfordlearnersdictionaries.com/media/english/us_pron_ogg/m/mou/mouse/mouse__us_1.ogg
mouth,A1,A1,noun,noun,https://www.oxfordlearnersdictionaries.com/media/english/us_pron_ogg/m/mou/mouth/mouth__us_1.ogg
movie,A1,A1,noun,noun,https://www.oxfordlearnersdictionaries.com/media/english/us_pron_ogg/m/mov/movie/movie__us_1.ogg
moving,B2,B2,adjective,adjective,https://www.oxfordlearnersdictionaries.com/media/english/us_pron_ogg/m/mov/movin/moving__us_1.ogg
much,A1,A1,pronoun,"adverb, determiner, pronoun",https://www.oxfordlearnersdictionaries.com/media/english/us_pron_ogg/m/muc/much_/much__us_1.ogg
mud,B1,B1,noun,noun,https://www.oxfordlearnersdictionaries.com/media/english/us_pron_ogg/m/mud/mud__/mud__us_2.ogg
multiple,B2,B2,adjective,adjective,https://www.oxfordlearnersdictionaries.com/media/english/us_pron_ogg/m/mul/multi/multiple__us_2.ogg
multiply,B2,B2,verb,verb,https://www.oxfordlearnersdictionaries.com/media/english/us_pron_ogg/m/mul/multi/multiply__us_3.ogg
mum,A1,A1,noun,noun,https://www.oxfordlearnersdictionaries.com/media/english/us_pron_ogg/m/mum/mum__/mum__us_1.ogg
murder,B1,B1,verb,"noun, verb",https://www.oxfordlearnersdictionaries.com/media/english/us_pron_ogg/m/mur/murde/murder__us_2.ogg
muscle,B1,B1,noun,noun,https://www.oxfordlearnersdictionaries.com/media/english/us_pron_ogg/m/mus/muscl/muscle__us_2.ogg
music,A1,A1,noun,noun,https://www.oxfordlearnersdictionaries.com/media/english/us_pron_ogg/m/mus/music/music__us_2.ogg
must,A1,A1,modal auxiliary,modal verb,https://www.oxfordlearnersdictionaries.com/media/english/us_pron_ogg/m/mus/must_/must__us_1_rr.ogg
my,A1,A1,determiner,determiner,https://www.oxfordlearnersdictionaries.com/media/english/us_pron_ogg/m/my_/my__u/my__us_1.ogg
myself,A2,A2,pronoun,pronoun,https://www.oxfordlearnersdictionaries.com/media/english/us_pron_ogg/m/mys/mysel/myself__us_3.ogg
nail,B1,B1,noun,noun,https://www.oxfordlearnersdictionaries.com/media/english/us_pron_ogg/n/nai/nail_/nail__us_1.ogg
narrative,B1,B1,adjective,"adjective, noun",https://www.oxfordlearnersdictionaries.com/media/english/us_pron_ogg/n/nar/narra/narrative__us_1.ogg
national,A2,A2,adjective,"adjective, noun",https://www.oxfordlearnersdictionaries.com/media/english/us_pron_ogg/n/nat/natio/national__us_3.ogg
naturally,B1,B1,adverb,adverb,https://www.oxfordlearnersdictionaries.com/media/english/us_pron_ogg/n/nat/natur/naturally__us_1_rr.ogg
nature,A2,A2,noun,noun,https://www.oxfordlearnersdictionaries.com/media/english/us_pron_ogg/n/nat/natur/nature__us_1.ogg
navigation,B2,B2,noun,noun,https://www.oxfordlearnersdictionaries.com/media/english/us_pron_ogg/n/nav/navig/navigation__us_1.ogg
near,A1,A1,preposition,"adjective, adverb, preposition",https://www.oxfordlearnersdictionaries.com/media/english/us_pron_ogg/n/nea/near_/near__us_1.ogg
nearly,A2,A2,adverb,adverb,https://www.oxfordlearnersdictionaries.com/media/english/us_pron_ogg/n/nea/nearl/nearly__us_2.ogg
neat,B2,B2,adjective,adjective,https://www.oxfordlearnersdictionaries.com/media/english/us_pron_ogg/n/nea/neat_/neat__us_1.ogg
necessary,A2,A2,adjective,adjective,https://www.oxfordlearnersdictionaries.com/media/english/us_pron_ogg/n/nec/neces/necessary__us_1.ogg
necessity,B2,B2,noun,noun,https://www.oxfordlearnersdictionaries.com/media/english/us_pron_ogg/n/nec/neces/necessity__us_1.ogg
need,A2,A2,verb,"noun, verb, modal verb",https://www.oxfordlearnersdictionaries.com/media/english/us_pron_ogg/n/nee/need_/need__us_1.ogg
needle,B1,B1,noun,noun,https://www.oxfordlearnersdictionaries.com/media/english/us_pron_ogg/n/nee/needl/needle__us_2.ogg
nerve,B2,B2,noun,noun,https://www.oxfordlearnersdictionaries.com/media/english/us_pron_ogg/n/ner/nerve/nerve__us_1.ogg
nervous,A2,A2,adjective,adjective,https://www.oxfordlearnersdictionaries.com/media/english/us_pron_ogg/n/ner/nervo/nervous__us_1.ogg
never,A1,A1,adverb,adverb,https://www.oxfordlearnersdictionaries.com/media/english/us_pron_ogg/n/nev/never/never__us_1.ogg
new,A1,A1,adjective,adjective,https://www.oxfordlearnersdictionaries.com/media/english/us_pron_ogg/n/new/new__/new__us_1.ogg
news,A1,A1,noun,noun,https://www.oxfordlearnersdictionaries.com/media/english/us_pron_ogg/n/new/news_/news__us_1.ogg
newspaper,A1,A1,noun,noun,https://www.oxfordlearnersdictionaries.com/media/english/us_pron_ogg/n/new/newsp/newspaper__us_1.ogg
nice,A1,A1,adjective,adjective,https://www.oxfordlearnersdictionaries.com/media/english/us_pron_ogg/n/nic/nice_/nice__us_1.ogg
night,A1,A1,noun,noun,https://www.oxfordlearnersdictionaries.com/media/english/us_pron_ogg/n/nig/night/night__us_1.ogg
nightmare,B2,B2,noun,noun,https://www.oxfordlearnersdictionaries.com/media/english/us_pron_ogg/n/nig/night/nightmare__us_1.ogg
nine,A1,A1,number,number,https://www.oxfordlearnersdictionaries.com/media/english/us_pron_ogg/n/nin/nine_/nine__us_1.ogg
nineteen,A1,A1,number,number,https://www.oxfordlearnersdictionaries.com/media/english/us_pron_ogg/n/nin/ninet/nineteen__us_1.ogg
ninety,A1,A1,number,number,https://www.oxfordlearnersdictionaries.com/media/english/us_pron_ogg/n/nin/ninet/ninety__us_1.ogg
no,A1,A1,determiner,"determiner, exclamation",https://www.oxfordlearnersdictionaries.com/media/english/us_pron_ogg/n/no_/no__u/no__us_1.ogg
noisy,A2,A2,adjective,adjective,https://www.oxfordlearnersdictionaries.com/media/english/us_pron_ogg/n/noi/noisy/noisy__us_1.ogg
nor,B1,B1,conjunction,"adverb, conjunction",https://www.oxfordlearnersdictionaries.com/media/english/us_pron_ogg/n/nor/nor__/nor__us_1.ogg
normal,A2,A2,adjective,"adjective, noun",https://www.oxfordlearnersdictionaries.com/media/english/us_pron_ogg/n/nor/norma/normal__us_1.ogg
northern,B1,B1,adjective,adjective,https://www.oxfordlearnersdictionaries.com/media/english/us_pron_ogg/n/nor/north/northern__us_1.ogg
nose,A1,A1,noun,noun,https://www.oxfordlearnersdictionaries.com/media/english/us_pron_ogg/n/nos/nose_/nose__us_1.ogg
not,A1,A1,adverb,adverb,https://www.oxfordlearnersdictionaries.com/media/english/us_pron_ogg/n/not/not__/not__us_1.ogg
note,A1,A1,verb,"noun, verb",https://www.oxfordlearnersdictionaries.com/media/english/us_pron_ogg/n/not/note_/note__us_1.ogg
nothing,A1,A1,pronoun,pronoun,https://www.oxfordlearnersdictionaries.com/media/english/us_pron_ogg/n/not/nothi/nothing__us_1.ogg
november,A1,A1,noun,noun,https://www.oxfordlearnersdictionaries.com/media/english/us_pron_ogg/n/nov/novem/november__us_1.ogg
nuclear,B1,B1,adjective,adjective,https://www.oxfordlearnersdictionaries.com/media/english/us_pron_ogg/n/nuc/nucle/nuclear__us_1.ogg
number,A1,A1,noun,"noun, verb",https://www.oxfordlearnersdictionaries.com/media/english/us_pron_ogg/n/num/numbe/number__us_2.ogg
o'clock,A1,A1,adverb,adverb,https://www.oxfordlearnersdictionaries.com/media/english/us_pron_ogg/o/o_c/o_clo/o_clock_1_us_1.ogg
obey,B2,B2,verb,verb,https://www.oxfordlearnersdictionaries.com/media/english/us_pron_ogg/o/obe/obey_/obey__us_2_rr.ogg
obligation,B2,B2,noun,noun,https://www.oxfordlearnersdictionaries.com/media/english/us_pron_ogg/o/obl/oblig/obligation__us_1.ogg
observer,B2,B2,noun,noun,https://www.oxfordlearnersdictionaries.com/media/english/us_pron_ogg/o/obs/obser/observer__us_1.ogg
obvious,B1,B1,adjective,adjective,https://www.oxfordlearnersdictionaries.com/media/english/us_pron_ogg/o/obv/obvio/obvious__us_1.ogg
obviously,B1,B1,adverb,adverb,https://www.oxfordlearnersdictionaries.com/media/english/us_pron_ogg/o/obv/obvio/obviously__us_1.ogg
occasion,B1,B1,verb,noun,https://www.oxfordlearnersdictionaries.com/media/english/us_pron_ogg/o/occ/occas/occasion__us_2.ogg
occur,B1,B1,verb,verb,https://www.oxfordlearnersdictionaries.com/media/english/us_pron_ogg/o/occ/occur/occur__us_2.ogg
october,A1,A1,noun,noun,https://www.oxfordlearnersdictionaries.com/media/english/us_pron_ogg/o/oct/octob/october__us_1.ogg
of,A1,A1,preposition,preposition,https://www.oxfordlearnersdictionaries.com/media/english/us_pron_ogg/o/of_/of__u/of__us_1_rr.ogg
offend,B2,B2,verb,verb,https://www.oxfordlearnersdictionaries.com/media/english/us_pron_ogg/o/off/offen/offend__us_2.ogg
offender,B2,B2,noun,noun,https://www.oxfordlearnersdictionaries.com/media/english/us_pron_ogg/o/off/offen/offender__us_1.ogg
offer,A2,A2,verb,"noun, verb",https://www.oxfordlearnersdictionaries.com/media/english/us_pron_ogg/o/off/offer/offer__us_1_rr.ogg
office,A1,A1,noun,noun,https://www.oxfordlearnersdictionaries.com/media/english/us_pron_ogg/o/off/offic/office__us_2_rr.ogg
often,A1,A1,adverb,adverb,https://www.oxfordlearnersdictionaries.com/media/english/us_pron_ogg/o/oft/often/often__us_1_rr.ogg
oil,A2,A2,noun,noun,https://www.oxfordlearnersdictionaries.com/media/english/us_pron_ogg/o/oil/oil__/oil__us_1.ogg
old,A1,A1,adjective,adjective,https://www.oxfordlearnersdictionaries.com/media/english/us_pron_ogg/o/old/old__/old__us_1.ogg
old-fashioned,B1,B1,adjective,adjective,https://www.oxfordlearnersdictionaries.com/media/english/us_pron_ogg/o/old/old_f/old_fashioned__us_1.ogg
on,A1,A1,preposition,"adverb, preposition",https://www.oxfordlearnersdictionaries.com/media/english/us_pron_ogg/o/on_/on__u/on__us_1_rr.ogg
only,A1,A1,adverb,"adjective, adverb",https://www.oxfordlearnersdictionaries.com/media/english/us_pron_ogg/o/onl/only_/only__us_2.ogg
open,A1,A1,verb,"adjective, verb",https://www.oxfordlearnersdictionaries.com/media/english/us_pron_ogg/o/ope/open_/open__us_1.ogg
openly,B2,B2,adverb,adverb,https://www.oxfordlearnersdictionaries.com/media/english/us_pron_ogg/o/ope/openl/openly__us_1.ogg
operation,B1,B1,noun,noun,https://www.oxfordlearnersdictionaries.com/media/english/us_pron_ogg/o/ope/opera/operation__us_2.ogg
operator,B2,B2,noun,noun,https://www.oxfordlearnersdictionaries.com/media/english/us_pron_ogg/o/ope/opera/operator__us_1.ogg
opponent,B2,B2,noun,noun,https://www.oxfordlearnersdictionaries.com/media/english/us_pron_ogg/o/opp/oppon/opponent__us_1.ogg
opportunity,A2,A2,noun,noun,https://www.oxfordlearnersdictionaries.com/media/english/us_pron_ogg/o/opp/oppor/opportunity__us_3.ogg
optimistic,B2,B2,adjective,adjective,https://www.oxfordlearnersdictionaries.com/media/english/us_pron_ogg/o/opt/optim/optimistic__us_1.ogg
or,A1,A1,conjunction,conjunction,https://www.oxfordlearnersdictionaries.com/media/english/us_pron_ogg/o/or_/or__u/or__us_2_rr.ogg
orange,A1,A1,noun,"adjective, noun",https://www.oxfordlearnersdictionaries.com/media/english/us_pron_ogg/o/ora/orang/orange__us_1_rr.ogg
our,A1,A1,determiner,determiner,https://www.oxfordlearnersdictionaries.com/media/english/us_pron_ogg/o/our/our__/our__us_1_rr.ogg
ourselves,A2,A2,pronoun,pronoun,https://www.oxfordlearnersdictionaries.com/media/english/us_pron_ogg/o/our/ourse/ourselves__us_1_rr.ogg
out,A1,A1,adverb,"adverb, preposition",https://www.oxfordlearnersdictionaries.com/media/english/us_pron_ogg/o/out/out__/out__us_1.ogg
outcome,B2,B2,noun,noun,https://www.oxfordlearnersdictionaries.com/media/english/us_pron_ogg/o/out/outco/outcome__us_1.ogg
outdoor,B1,B1,adjective,adjective,https://www.oxfordlearnersdictionaries.com/media/english/us_pron_ogg/o/out/outdo/outdoor__us_2.ogg
outdoors,B1,B1,adverb,adverb,https://www.oxfordlearnersdictionaries.com/media/english/us_pron_ogg/o/out/outdo/outdoors__us_1.ogg
outfit,B2,B2,noun,noun,https://www.oxfordlearnersdictionaries.com/media/english/us_pron_ogg/o/out/outfi/outfit__us_1.ogg
output,B2,B2,noun,noun,https://www.oxfordlearnersdictionaries.com/media/english/us_pron_ogg/o/out/outpu/output__us_1.ogg
outside,A2,A2,preposition,"adjective, adverb, noun, preposition",https://www.oxfordlearnersdictionaries.com/media/english/us_pron_ogg/o/out/outsi/outside__us_2.ogg
oven,A2,A2,noun,noun,https://www.oxfordlearnersdictionaries.com/media/english/us_pron_ogg/o/ove/oven_/oven__us_1.ogg
over,A1,A1,preposition,"adverb, preposition",https://www.oxfordlearnersdictionaries.com/media/english/us_pron_ogg/o/ove/over_/over__us_1.ogg
overall,B2,B2,adverb,"adjective, adverb",https://www.oxfordlearnersdictionaries.com/media/english/us_pron_ogg/o/ove/overa/overall__us_2.ogg
package,B1,B1,noun,"noun, verb",https://www.oxfordlearnersdictionaries.com/media/english/us_pron_ogg/p/pac/packa/package__us_1.ogg
packet,B2,B2,noun,noun,https://www.oxfordlearnersdictionaries.com/media/english/us_pron_ogg/p/pac/packe/packet__us_1.ogg
page,A1,A1,noun,noun,https://www.oxfordlearnersdictionaries.com/media/english/us_pron_ogg/p/pag/page_/page__us_1.ogg
painful,B1,B1,adjective,adjective,https://www.oxfordlearnersdictionaries.com/media/english/us_pron_ogg/p/pai/painf/painful__us_1.ogg
paint,A1,A1,verb,"noun, verb",https://www.oxfordlearnersdictionaries.com/media/english/us_pron_ogg/p/pai/paint/paint__us_1.ogg
painter,A2,A2,noun,noun,https://www.oxfordlearnersdictionaries.com/media/english/us_pron_ogg/p/pai/paint/painter__us_1.ogg
painting,A1,A1,noun,noun,https://www.oxfordlearnersdictionaries.com/media/english/us_pron_ogg/p/pai/paint/painting__us_3.ogg
pair,A1,A1,noun,noun,https://www.oxfordlearnersdictionaries.com/media/english/us_pron_ogg/p/pai/pair_/pair__us_1.ogg
pale,B1,B1,adjective,adjective,https://www.oxfordlearnersdictionaries.com/media/english/us_pron_ogg/p/pal/pale_/pale__us_1.ogg
panel,B2,B2,noun,noun,https://www.oxfordlearnersdictionaries.com/media/english/us_pron_ogg/p/pan/panel/panel__us_1.ogg
panic,B2,B2,verb,noun,https://www.oxfordlearnersdictionaries.com/media/english/us_pron_ogg/p/pan/panic/panic__us_1.ogg
paper,A1,A1,noun,noun,https://www.oxfordlearnersdictionaries.com/media/english/us_pron_ogg/p/pap/paper/paper__us_3.ogg
parade,B2,B2,noun,noun,https://www.oxfordlearnersdictionaries.com/media/english/us_pron_ogg/p/par/parad/parade__us_1.ogg
paragraph,A1,A1,noun,noun,https://www.oxfordlearnersdictionaries.com/media/english/us_pron_ogg/p/par/parag/paragraph__us_1.ogg
parent,A1,A1,noun,noun,https://www.oxfordlearnersdictionaries.com/media/english/us_pron_ogg/p/par/paren/parent__us_1.ogg
parliament,B2,B2,noun,noun,https://www.oxfordlearnersdictionaries.com/media/english/us_pron_ogg/p/par/parli/parliament__us_1.ogg
participate,B1,B1,verb,verb,https://www.oxfordlearnersdictionaries.com/media/english/us_pron_ogg/p/par/parti/participate__us_1.ogg
participation,B2,B2,noun,noun,https://www.oxfordlearnersdictionaries.com/media/english/us_pron_ogg/p/par/parti/participation__us_1.ogg
particularly,B1,B1,adverb,adverb,https://www.oxfordlearnersdictionaries.com/media/english/us_pron_ogg/p/par/parti/particularly__us_1.ogg
partner,A1,A1,noun,noun,https://www.oxfordlearnersdictionaries.com/media/english/us_pron_ogg/p/par/partn/partner__us_1.ogg
partnership,B2,B2,noun,noun,https://www.oxfordlearnersdictionaries.com/media/english/us_pron_ogg/p/par/partn/partnership__us_1.ogg
party,A1,A1,noun,noun,https://www.oxfordlearnersdictionaries.com/media/english/us_pron_ogg/p/par/party/party__us_1.ogg
passenger,A2,A2,noun,noun,https://www.oxfordlearnersdictionaries.com/media/english/us_pron_ogg/p/pas/passe/passenger__us_1.ogg
passion,B1,B1,noun,noun,https://www.oxfordlearnersdictionaries.com/media/english/us_pron_ogg/p/pas/passi/passion__us_1.ogg
passionate,B2,B2,adjective,adjective,https://www.oxfordlearnersdictionaries.com/media/english/us_pron_ogg/p/pas/passi/passionate__us_1.ogg
past,A1,A1,preposition,"adjective, adverb, noun, preposition",https://www.oxfordlearnersdictionaries.com/media/english/us_pron_ogg/p/pas/past_/past__us_1.ogg
peer,B2,B2,noun,noun,https://www.oxfordlearnersdictionaries.com/media/english/us_pron_ogg/p/pee/peer_/peer__us_1.ogg
pen,A1,A1,noun,noun,https://www.oxfordlearnersdictionaries.com/media/english/us_pron_ogg/p/pen/pen__/pen__us_1.ogg
penalty,B2,B2,noun,noun,https://www.oxfordlearnersdictionaries.com/media/english/us_pron_ogg/p/pen/penal/penalty__us_1.ogg
pencil,A1,A1,noun,noun,https://www.oxfordlearnersdictionaries.com/media/english/us_pron_ogg/p/pen/penci/pencil__us_1.ogg
pension,B2,B2,noun,noun,https://www.oxfordlearnersdictionaries.com/media/english/us_pron_ogg/p/pen/pensi/pension__us_4.ogg
people,A1,A1,noun,noun,https://www.oxfordlearnersdictionaries.com/media/english/us_pron_ogg/p/peo/peopl/people__us_4.ogg
perceive,B2,B2,verb,verb,https://www.oxfordlearnersdictionaries.com/media/english/us_pron_ogg/p/per/perce/perceive__us_1.ogg
perception,B2,B2,noun,noun,https://www.oxfordlearnersdictionaries.com/media/english/us_pron_ogg/p/per/perce/perception__us_1.ogg
perform,A2,A2,verb,verb,https://www.oxfordlearnersdictionaries.com/media/english/us_pron_ogg/p/per/perfo/perform__us_2.ogg
perhaps,A2,A2,adverb,adverb,https://www.oxfordlearnersdictionaries.com/media/english/us_pron_ogg/p/per/perha/perhaps__us_3.ogg
period,A1,A1,noun,noun,https://www.oxfordlearnersdictionaries.com/media/english/us_pron_ogg/p/per/perio/period__us_2.ogg
permission,A2,A2,noun,noun,https://www.oxfordlearnersdictionaries.com/media/english/us_pron_ogg/p/per/permi/permission__us_2.ogg
person,A1,A1,noun,noun,https://www.oxfordlearnersdictionaries.com/media/english/us_pron_ogg/p/per/perso/person__us_2.ogg
personal,A1,A1,adjective,adjective,https://www.oxfordlearnersdictionaries.com/media/english/us_pron_ogg/p/per/perso/personal__us_4.ogg
personality,A2,A2,noun,noun,https://www.oxfordlearnersdictionaries.com/media/english/us_pron_ogg/p/per/perso/personality__us_4.ogg
personally,B1,B1,adverb,adverb,https://www.oxfordlearnersdictionaries.com/media/english/us_pron_ogg/p/per/perso/personally__us_2.ogg
perspective,B2,B2,noun,noun,https://www.oxfordlearnersdictionaries.com/media/english/us_pron_ogg/p/per/persp/perspective__us_2.ogg
persuade,B1,B1,verb,verb,https://www.oxfordlearnersdictionaries.com/media/english/us_pron_ogg/p/per/persu/persuade__us_2.ogg
petrol,A2,A2,noun,noun,https://www.oxfordlearnersdictionaries.com/media/english/us_pron_ogg/p/pet/petro/petrol__us_1.ogg
phase,B2,B2,noun,noun,https://www.oxfordlearnersdictionaries.com/media/english/us_pron_ogg/p/pha/phase/phase__us_1.ogg
phone,A1,A1,verb,"noun, verb",https://www.oxfordlearnersdictionaries.com/media/english/us_pron_ogg/p/pho/phone/phone__us_1.ogg
photo,A1,A1,noun,noun,https://www.oxfordlearnersdictionaries.com/media/english/us_pron_ogg/p/pho/photo/photo__us_1.ogg
physical,A2,A2,adjective,adjective,https://www.oxfordlearnersdictionaries.com/media/english/us_pron_ogg/p/phy/physi/physical__us_1.ogg
piano,A1,A1,noun,noun,https://www.oxfordlearnersdictionaries.com/media/english/us_pron_ogg/p/pia/piano/piano__us_1.ogg
piece,A1,A1,noun,noun,https://www.oxfordlearnersdictionaries.com/media/english/us_pron_ogg/p/pie/piece/piece__us_1.ogg
pig,A1,A1,noun,noun,https://www.oxfordlearnersdictionaries.com/media/english/us_pron_ogg/p/pig/pig__/pig__us_1.ogg
pilot,A2,A2,noun,noun,https://www.oxfordlearnersdictionaries.com/media/english/us_pron_ogg/p/pil/pilot/pilot__us_1.ogg
pin,B1,B1,verb,"noun, verb",https://www.oxfordlearnersdictionaries.com/media/english/us_pron_ogg/p/pin/pin__/pin__us_2.ogg
pipe,B1,B1,noun,noun,https://www.oxfordlearnersdictionaries.com/media/english/us_pron_ogg/p/pip/pipe_/pipe__us_1.ogg
pitch,B2,B2,verb,noun,https://www.oxfordlearnersdictionaries.com/media/english/us_pron_ogg/p/pit/pitch/pitch__us_1.ogg
plane,A1,A1,noun,noun,https://www.oxfordlearnersdictionaries.com/media/english/us_pron_ogg/p/pla/plane/plane__us_1.ogg
planet,A2,A2,noun,noun,https://www.oxfordlearnersdictionaries.com/media/english/us_pron_ogg/p/pla/plane/planet__us_1.ogg
plate,A2,A2,noun,noun,https://www.oxfordlearnersdictionaries.com/media/english/us_pron_ogg/p/pla/plate/plate__us_1.ogg
play,A1,A1,verb,"noun, verb",https://www.oxfordlearnersdictionaries.com/media/english/us_pron_ogg/p/pla/play_/play__us_1.ogg
player,A1,A1,noun,noun,https://www.oxfordlearnersdictionaries.com/media/english/us_pron_ogg/p/pla/playe/player__us_2.ogg
pleased,A2,A2,adjective,adjective,https://www.oxfordlearnersdictionaries.com/media/english/us_pron_ogg/p/ple/pleas/pleased__us_1.ogg
plenty,B1,B1,pronoun,pronoun,https://www.oxfordlearnersdictionaries.com/media/english/us_pron_ogg/p/ple/plent/plenty__us_1.ogg
poet,B1,B1,noun,noun,https://www.oxfordlearnersdictionaries.com/media/english/us_pron_ogg/p/poe/poet_/poet__us_2.ogg
poetry,B1,B1,noun,noun,https://www.oxfordlearnersdictionaries.com/media/english/us_pron_ogg/p/poe/poetr/poetry__us_1.ogg
poisonous,B1,B1,adjective,adjective,https://www.oxfordlearnersdictionaries.com/media/english/us_pron_ogg/p/poi/poiso/poisonous__us_1.ogg
policy,B1,B1,noun,noun,https://www.oxfordlearnersdictionaries.com/media/english/us_pron_ogg/p/pol/polic/policy__us_1.ogg
polite,A2,A2,adjective,adjective,https://www.oxfordlearnersdictionaries.com/media/english/us_pron_ogg/p/pol/polit/polite__us_1.ogg
politician,B1,B1,noun,noun,https://www.oxfordlearnersdictionaries.com/media/english/us_pron_ogg/p/pol/polit/politician__us_1.ogg
politics,B1,B1,noun,noun,https://www.oxfordlearnersdictionaries.com/media/english/us_pron_ogg/p/pol/polit/politics__us_1.ogg
pool,A1,A1,noun,noun,https://www.oxfordlearnersdictionaries.com/media/english/us_pron_ogg/p/poo/pool_/pool__us_1.ogg
poor,A1,A1,adjective,adjective,https://www.oxfordlearnersdictionaries.com/media/english/us_pron_ogg/p/poo/poor_/poor__us_1_rr.ogg
popularity,B2,B2,noun,noun,https://www.oxfordlearnersdictionaries.com/media/english/us_pron_ogg/p/pop/popul/popularity__us_1.ogg
population,A2,A2,noun,noun,https://www.oxfordlearnersdictionaries.com/media/english/us_pron_ogg/p/pop/popul/population__us_1.ogg
port,B1,B1,noun,noun,https://www.oxfordlearnersdictionaries.com/media/english/us_pron_ogg/p/por/port_/port__us_1.ogg
portion,B2,B2,noun,noun,https://www.oxfordlearnersdictionaries.com/media/english/us_pron_ogg/p/por/porti/portion__us_1.ogg
pose,B2,B2,noun,verb,https://www.oxfordlearnersdictionaries.com/media/english/us_pron_ogg/p/pos/pose_/pose__us_1.ogg
position,A2,A2,noun,"noun, verb",https://www.oxfordlearnersdictionaries.com/media/english/us_pron_ogg/p/pos/posit/position__us_2.ogg
pot,B1,B1,noun,noun,https://www.oxfordlearnersdictionaries.com/media/english/us_pron_ogg/p/pot/pot__/pot__us_1.ogg
potato,A1,A1,noun,noun,https://www.oxfordlearnersdictionaries.com/media/english/us_pron_ogg/p/pot/potat/potato__us_2_rr.ogg
potentially,B2,B2,adverb,adverb,https://www.oxfordlearnersdictionaries.com/media/english/us_pron_ogg/p/pot/poten/potentially__us_1.ogg
poverty,B1,B1,noun,noun,https://www.oxfordlearnersdictionaries.com/media/english/us_pron_ogg/p/pov/pover/poverty__us_3.ogg
power,A2,A2,noun,"noun, verb",https://www.oxfordlearnersdictionaries.com/media/english/us_pron_ogg/p/pow/power/power__us_2.ogg
practical,B1,B1,adjective,adjective,https://www.oxfordlearnersdictionaries.com/media/english/us_pron_ogg/p/pra/pract/practical__us_2.ogg
practice,A1,A1,noun,noun,https://www.oxfordlearnersdictionaries.com/media/english/us_pron_ogg/p/pra/pract/practice__us_2.ogg
praise,B2,B2,verb,"noun, verb",https://www.oxfordlearnersdictionaries.com/media/english/us_pron_ogg/p/pra/prais/praise__us_1.ogg
prayer,B1,B1,noun,noun,https://www.oxfordlearnersdictionaries.com/media/english/us_pron_ogg/p/pra/praye/prayer__us_1.ogg
precede,B2,B2,verb,verb,https://www.oxfordlearnersdictionaries.com/media/english/us_pron_ogg/p/pre/prece/precede__us_1.ogg
precisely,B2,B2,adverb,adverb,https://www.oxfordlearnersdictionaries.com/media/english/us_pron_ogg/p/pre/preci/precisely__us_1.ogg
predict,A2,A2,verb,verb,https://www.oxfordlearnersdictionaries.com/media/english/us_pron_ogg/p/pre/predi/predict__us_1.ogg
predictable,B2,B2,adjective,adjective,https://www.oxfordlearnersdictionaries.com/media/english/us_pron_ogg/p/pre/predi/predictable__us_1.ogg
prepared,B1,B1,adjective,adjective,https://www.oxfordlearnersdictionaries.com/media/english/us_pron_ogg/p/pre/prepa/prepared__us_5.ogg
presentation,B1,B1,noun,noun,https://www.oxfordlearnersdictionaries.com/media/english/us_pron_ogg/p/pre/prese/presentation__us_1.ogg
press,B1,B1,verb,"noun, verb",https://www.oxfordlearnersdictionaries.com/media/english/us_pron_ogg/p/pre/press/press__us_1.ogg
prevent,A2,A2,verb,verb,https://www.oxfordlearnersdictionaries.com/media/english/us_pron_ogg/p/pre/preve/prevent__us_1.ogg
previous,B1,B1,adjective,adjective,https://www.oxfordlearnersdictionaries.com/media/english/us_pron_ogg/p/pre/previ/previous__us_1.ogg
priest,B1,B1,noun,noun,https://www.oxfordlearnersdictionaries.com/media/english/us_pron_ogg/p/pri/pries/priest__us_1.ogg
prime,B2,B2,adjective,adjective,https://www.oxfordlearnersdictionaries.com/media/english/us_pron_ogg/p/pri/prime/prime__us_1.ogg
principal,B2,B2,noun,"adjective, noun",https://www.oxfordlearnersdictionaries.com/media/english/us_pron_ogg/p/pri/princ/principal__us_1.ogg
printer,A2,A2,noun,noun,https://www.oxfordlearnersdictionaries.com/media/english/us_pron_ogg/p/pri/print/printer__us_2.ogg
prior,B2,B2,adjective,adjective,https://www.oxfordlearnersdictionaries.com/media/english/us_pron_ogg/p/pri/prior/prior__us_1.ogg
priority,B2,B2,noun,noun,https://www.oxfordlearnersdictionaries.com/media/english/us_pron_ogg/p/pri/prior/priority__us_1_rr.ogg
prisoner,B1,B1,noun,noun,https://www.oxfordlearnersdictionaries.com/media/english/us_pron_ogg/p/pri/priso/prisoner__us_3.ogg
probable,B2,B2,adjective,adjective,https://www.oxfordlearnersdictionaries.com/media/english/us_pron_ogg/p/pro/proba/probable__us_1.ogg
problem,A1,A1,noun,noun,https://www.oxfordlearnersdictionaries.com/media/english/us_pron_ogg/p/pro/probl/problem__us_1.ogg
procedure,B2,B2,noun,noun,https://www.oxfordlearnersdictionaries.com/media/english/us_pron_ogg/p/pro/proce/procedure__us_3.ogg
producer,B1,B1,noun,noun,https://www.oxfordlearnersdictionaries.com/media/english/us_pron_ogg/p/pro/produ/producer__us_1.ogg
profession,B1,B1,noun,noun,https://www.oxfordlearnersdictionaries.com/media/english/us_pron_ogg/p/pro/profe/profession__us_3.ogg
programming,B2,B2,noun,noun,https://www.oxfordlearnersdictionaries.com/media/english/us_pron_ogg/p/pro/progr/programming__us_1.ogg
prohibit,B2,B2,verb,verb,https://www.oxfordlearnersdictionaries.com/media/english/us_pron_ogg/p/pro/prohi/prohibit__us_1_rr.ogg
promote,B1,B1,verb,verb,https://www.oxfordlearnersdictionaries.com/media/english/us_pron_ogg/p/pro/promo/promote__us_1.ogg
prompt,B2,B2,verb,verb,https://www.oxfordlearnersdictionaries.com/media/english/us_pron_ogg/p/pro/promp/prompt__us_1.ogg
pronounce,A2,A2,verb,verb,https://www.oxfordlearnersdictionaries.com/media/english/us_pron_ogg/p/pro/prono/pronounce__us_2.ogg
properly,B1,B1,adverb,adverb,https://www.oxfordlearnersdictionaries.com/media/english/us_pron_ogg/p/pro/prope/properly__us_1.ogg
property,B1,B1,noun,noun,https://www.oxfordlearnersdictionaries.com/media/english/us_pron_ogg/p/pro/prope/property__us_1.ogg
prospect,B2,B2,noun,noun,https://www.oxfordlearnersdictionaries.com/media/english/us_pron_ogg/p/pro/prosp/prospect__us_1.ogg
proud,B1,B1,adjective,adjective,https://www.oxfordlearnersdictionaries.com/media/english/us_pron_ogg/p/pro/proud/proud__us_1.ogg
prove,B1,B1,verb,verb,https://www.oxfordlearnersdictionaries.com/media/english/us_pron_ogg/p/pro/prove/prove__us_1.ogg
provide,A2,A2,verb,verb,https://www.oxfordlearnersdictionaries.com/media/english/us_pron_ogg/p/pro/provi/provide__us_1.ogg
psychology,B2,B2,noun,noun,https://www.oxfordlearnersdictionaries.com/media/english/us_pron_ogg/p/psy/psych/psychology__us_1.ogg
public,A2,A2,noun,"adjective, noun",https://www.oxfordlearnersdictionaries.com/media/english/us_pron_ogg/p/pub/publi/public__us_1.ogg
publication,B2,B2,noun,noun,https://www.oxfordlearnersdictionaries.com/media/english/us_pron_ogg/p/pub/publi/publication__us_2.ogg
publicity,B2,B2,noun,noun,https://www.oxfordlearnersdictionaries.com/media/english/us_pron_ogg/p/pub/publi/publicity__us_1.ogg
publish,A2,A2,verb,verb,https://www.oxfordlearnersdictionaries.com/media/english/us_pron_ogg/p/pub/publi/publish__us_1.ogg
punish,B1,B1,verb,verb,https://www.oxfordlearnersdictionaries.com/media/english/us_pron_ogg/p/pun/punis/punish__us_1.ogg
punishment,B1,B1,noun,noun,https://www.oxfordlearnersdictionaries.com/media/english/us_pron_ogg/p/pun/punis/punishment__us_1.ogg
purchase,B2,B2,verb,"noun, verb",https://www.oxfordlearnersdictionaries.com/media/english/us_pron_ogg/p/pur/purch/purchase__us_1.ogg
purple,A1,A1,noun,"adjective, noun",https://www.oxfordlearnersdictionaries.com/media/english/us_pron_ogg/p/pur/purpl/purple__us_2.ogg
purpose,A2,A2,noun,noun,https://www.oxfordlearnersdictionaries.com/media/english/us_pron_ogg/p/pur/purpo/purpose__us_2.ogg
pursuit,B2,B2,noun,noun,https://www.oxfordlearnersdictionaries.com/media/english/us_pron_ogg/p/pur/pursu/pursuit__us_1.ogg
put,A1,A1,verb,verb,https://www.oxfordlearnersdictionaries.com/media/english/us_pron_ogg/p/put/put__/put__us_1.ogg
qualified,B1,B1,adjective,adjective,https://www.oxfordlearnersdictionaries.com/media/english/us_pron_ogg/q/qua/quali/qualified__us_4.ogg
qualify,B1,B1,verb,verb,https://www.oxfordlearnersdictionaries.com/media/english/us_pron_ogg/q/qua/quali/qualify__us_1.ogg
quality,A2,A2,noun,noun,https://www.oxfordlearnersdictionaries.com/media/english/us_pron_ogg/q/qua/quali/quality__us_2.ogg
quarter,A1,A1,noun,noun,https://www.oxfordlearnersdictionaries.com/media/english/us_pron_ogg/q/qua/quart/quarter__us_3.ogg
queen,A2,A2,noun,noun,https://www.oxfordlearnersdictionaries.com/media/english/us_pron_ogg/q/que/queen/queen__us_1.ogg
quickly,A1,A1,adverb,adverb,https://www.oxfordlearnersdictionaries.com/media/english/us_pron_ogg/q/qui/quick/quickly__us_3.ogg
quietly,A2,A2,adverb,adverb,https://www.oxfordlearnersdictionaries.com/media/english/us_pron_ogg/q/qui/quiet/quietly__us_3.ogg
racism,B2,B2,noun,noun,https://www.oxfordlearnersdictionaries.com/media/english/us_pron_ogg/r/rac/racis/racism__us_1.ogg
racist,B2,B2,noun,"adjective, noun",https://www.oxfordlearnersdictionaries.com/media/english/us_pron_ogg/r/rac/racis/racist__us_1.ogg
radio,A1,A1,noun,noun,https://www.oxfordlearnersdictionaries.com/media/english/us_pron_ogg/r/rad/radio/radio__us_2.ogg
rain,A1,A1,verb,"noun, verb",https://www.oxfordlearnersdictionaries.com/media/english/us_pron_ogg/r/rai/rain_/rain__us_1.ogg
raise,A2,A2,verb,verb,https://www.oxfordlearnersdictionaries.com/media/english/us_pron_ogg/r/rai/raise/raise__us_1.ogg
rare,B1,B1,adjective,adjective,https://www.oxfordlearnersdictionaries.com/media/english/us_pron_ogg/r/rar/rare_/rare__us_1.ogg
rarely,B1,B1,adverb,adverb,https://www.oxfordlearnersdictionaries.com/media/english/us_pron_ogg/r/rar/rarel/rarely__us_2.ogg
rather,A2,A2,adverb,adverb,https://www.oxfordlearnersdictionaries.com/media/english/us_pron_ogg/r/rat/rathe/rather__us_1.ogg
read,A1,A1,verb,verb,https://www.oxfordlearnersdictionaries.com/media/english/us_pron_ogg/r/rea/read_/read__us_1.ogg
reader,A1,A1,noun,noun,https://www.oxfordlearnersdictionaries.com/media/english/us_pron_ogg/r/rea/reade/reader__us_1.ogg
reading,A1,A1,noun,noun,https://www.oxfordlearnersdictionaries.com/media/english/us_pron_ogg/r/rea/readi/reading__us_1.ogg
ready,A1,A1,adjective,adjective,https://www.oxfordlearnersdictionaries.com/media/english/us_pron_ogg/r/rea/ready/ready__us_1.ogg
real,A1,A1,adverb,adjective,https://www.oxfordlearnersdictionaries.com/media/english/us_pron_ogg/r/rea/real_/real__us_2_rr.ogg
reality,B1,B1,noun,noun,https://www.oxfordlearnersdictionaries.com/media/english/us_pron_ogg/r/rea/reali/reality__us_1.ogg
really,A1,A1,adverb,adverb,https://www.oxfordlearnersdictionaries.com/media/english/us_pron_ogg/r/rea/reall/really__us_3_rr.ogg
reason,A1,A1,noun,noun,https://www.oxfordlearnersdictionaries.com/media/english/us_pron_ogg/r/rea/reaso/reason__us_4.ogg
reasonably,B2,B2,adverb,adverb,https://www.oxfordlearnersdictionaries.com/media/english/us_pron_ogg/r/rea/reaso/reasonably__us_2_rr.ogg
receive,A2,A2,verb,verb,https://www.oxfordlearnersdictionaries.com/media/english/us_pron_ogg/r/rec/recei/receive__us_1.ogg
recent,A2,A2,adjective,adjective,https://www.oxfordlearnersdictionaries.com/media/english/us_pron_ogg/r/rec/recen/recent__us_1.ogg
recently,A2,A2,adverb,adverb,https://www.oxfordlearnersdictionaries.com/media/english/us_pron_ogg/r/rec/recen/recently__us_2.ogg
recession,B2,B2,noun,noun,https://www.oxfordlearnersdictionaries.com/media/english/us_pron_ogg/r/rec/reces/recession__us_1.ogg
reckon,B2,B2,verb,verb,https://www.oxfordlearnersdictionaries.com/media/english/us_pron_ogg/r/rec/recko/reckon__us_1.ogg
recognition,B2,B2,noun,noun,https://www.oxfordlearnersdictionaries.com/media/english/us_pron_ogg/r/rec/recog/recognition__us_1.ogg
record,A2,A2,verb,"noun, verb",https://www.oxfordlearnersdictionaries.com/media/english/us_pron_ogg/r/rec/recor/record__us_1.ogg
recruit,B2,B2,verb,"noun, verb",https://www.oxfordlearnersdictionaries.com/media/english/us_pron_ogg/r/rec/recru/recruit__us_1.ogg
recycle,A2,A2,verb,verb,https://www.oxfordlearnersdictionaries.com/media/english/us_pron_ogg/r/rec/recyc/recycle__us_1.ogg
refer,A2,A2,verb,verb,https://www.oxfordlearnersdictionaries.com/media/english/us_pron_ogg/r/ref/refer/refer__us_1.ogg
refugee,B2,B2,noun,noun,https://www.oxfordlearnersdictionaries.com/media/english/us_pron_ogg/r/ref/refug/refugee__us_1.ogg
regular,A2,A2,adjective,adjective,https://www.oxfordlearnersdictionaries.com/media/english/us_pron_ogg/r/reg/regul/regular__us_2.ogg
regulate,B2,B2,verb,verb,https://www.oxfordlearnersdictionaries.com/media/english/us_pron_ogg/r/reg/regul/regulate__us_1.ogg
reinforce,B2,B2,verb,verb,https://www.oxfordlearnersdictionaries.com/media/english/us_pron_ogg/r/rei/reinf/reinforce__us_1.ogg
reject,B1,B1,verb,verb,https://www.oxfordlearnersdictionaries.com/media/english/us_pron_ogg/r/rej/rejec/reject__us_1.ogg
relate,B1,B1,verb,verb,https://www.oxfordlearnersdictionaries.com/media/english/us_pron_ogg/r/rel/relat/relate__us_1.ogg
relation,B1,B1,noun,noun,https://www.oxfordlearnersdictionaries.com/media/english/us_pron_ogg/r/rel/relat/relation__us_3.ogg
relative,B1,B1,noun,"adjective, noun",https://www.oxfordlearnersdictionaries.com/media/english/us_pron_ogg/r/rel/relat/relative__us_4.ogg
relaxing,B1,B1,adjective,adjective,https://www.oxfordlearnersdictionaries.com/media/english/us_pron_ogg/r/rel/relax/relaxing__us_6.ogg
release,B1,B1,verb,"noun, verb",https://www.oxfordlearnersdictionaries.com/media/english/us_pron_ogg/r/rel/relea/release__us_1.ogg
relevant,B2,B2,adjective,adjective,https://www.oxfordlearnersdictionaries.com/media/english/us_pron_ogg/r/rel/relev/relevant__us_1.ogg
reliable,B1,B1,adjective,adjective,https://www.oxfordlearnersdictionaries.com/media/english/us_pron_ogg/r/rel/relia/reliable__us_3.ogg
relief,B2,B2,noun,noun,https://www.oxfordlearnersdictionaries.com/media/english/us_pron_ogg/r/rel/relie/relief__us_1.ogg
relieve,B2,B2,verb,verb,https://www.oxfordlearnersdictionaries.com/media/english/us_pron_ogg/r/rel/relie/relieve__us_1.ogg
relieved,B2,B2,adjective,adjective,https://www.oxfordlearnersdictionaries.com/media/english/us_pron_ogg/r/rel/relie/relieved__us_1.ogg
religion,B1,B1,noun,noun,https://www.oxfordlearnersdictionaries.com/media/english/us_pron_ogg/r/rel/relig/religion__us_4.ogg
religious,B1,B1,adjective,adjective,https://www.oxfordlearnersdictionaries.com/media/english/us_pron_ogg/r/rel/relig/religious__us_1.ogg
remarkably,B2,B2,adverb,adverb,https://www.oxfordlearnersdictionaries.com/media/english/us_pron_ogg/r/rem/remar/remarkably__us_1.ogg
remember,A1,A1,verb,verb,https://www.oxfordlearnersdictionaries.com/media/english/us_pron_ogg/r/rem/remem/remember__us_1.ogg
replace,A2,A2,verb,verb,https://www.oxfordlearnersdictionaries.com/media/english/us_pron_ogg/r/rep/repla/replace__us_1.ogg
require,B1,B1,verb,verb,https://www.oxfordlearnersdictionaries.com/media/english/us_pron_ogg/r/req/requi/require__us_3.ogg
reservation,B1,B1,noun,noun,https://www.oxfordlearnersdictionaries.com/media/english/us_pron_ogg/r/res/reser/reservation__us_2.ogg
resident,B2,B2,noun,"adjective, noun",https://www.oxfordlearnersdictionaries.com/media/english/us_pron_ogg/r/res/resid/resident__us_1_rr.ogg
resign,B2,B2,verb,verb,https://www.oxfordlearnersdictionaries.com/media/english/us_pron_ogg/r/res/resig/resign__us_1.ogg
resolution,B2,B2,noun,noun,https://www.oxfordlearnersdictionaries.com/media/english/us_pron_ogg/r/res/resol/resolution__us_1.ogg
resource,B1,B1,noun,noun,https://www.oxfordlearnersdictionaries.com/media/english/us_pron_ogg/r/res/resou/resource__us_1_rr.ogg
respect,B1,B1,verb,"noun, verb",https://www.oxfordlearnersdictionaries.com/media/english/us_pron_ogg/r/res/respe/respect__us_1.ogg
response,A2,A2,noun,noun,https://www.oxfordlearnersdictionaries.com/media/english/us_pron_ogg/r/res/respo/response__us_4.ogg
responsibility,B1,B1,noun,noun,https://www.oxfordlearnersdictionaries.com/media/english/us_pron_ogg/r/res/respo/responsibility__us_5.ogg
responsible,B1,B1,adjective,adjective,https://www.oxfordlearnersdictionaries.com/media/english/us_pron_ogg/r/res/respo/responsible__us_2.ogg
restaurant,A1,A1,noun,noun,https://www.oxfordlearnersdictionaries.com/media/english/us_pron_ogg/r/res/resta/restaurant__us_2_rr.ogg
restriction,B2,B2,noun,noun,https://www.oxfordlearnersdictionaries.com/media/english/us_pron_ogg/r/res/restr/restriction__us_1.ogg
retirement,B2,B2,noun,noun,https://www.oxfordlearnersdictionaries.com/media/english/us_pron_ogg/r/ret/retir/retirement__us_1.ogg
revenue,B2,B2,noun,noun,https://www.oxfordlearnersdictionaries.com/media/english/us_pron_ogg/r/rev/reven/revenue__us_1.ogg
revise,B1,B1,verb,verb,https://www.oxfordlearnersdictionaries.com/media/english/us_pron_ogg/r/rev/revis/revise__us_3.ogg
revolution,B2,B2,noun,noun,https://www.oxfordlearnersdictionaries.com/media/english/us_pron_ogg/r/rev/revol/revolution__us_2.ogg
reward,B2,B2,verb,"noun, verb",https://www.oxfordlearnersdictionaries.com/media/english/us_pron_ogg/r/rew/rewar/reward__us_1.ogg
rice,A1,A1,noun,noun,https://www.oxfordlearnersdictionaries.com/media/english/us_pron_ogg/r/ric/rice_/rice__us_1.ogg
rich,A1,A1,adjective,adjective,https://www.oxfordlearnersdictionaries.com/media/english/us_pron_ogg/r/ric/rich_/rich__us_1.ogg
rise,B1,B1,verb,"noun, verb",https://www.oxfordlearnersdictionaries.com/media/english/us_pron_ogg/r/ris/rise_/rise__us_1.ogg
risky,B2,B2,adjective,adjective,https://www.oxfordlearnersdictionaries.com/media/english/us_pron_ogg/r/ris/risky/risky__us_1.ogg
rival,B2,B2,noun,"adjective, noun",https://www.oxfordlearnersdictionaries.com/media/english/us_pron_ogg/r/riv/rival/rival__us_1.ogg
river,A1,A1,noun,noun,https://www.oxfordlearnersdictionaries.com/media/english/us_pron_ogg/r/riv/river/river__us_3.ogg
robot,B1,B1,noun,noun,https://www.oxfordlearnersdictionaries.com/media/english/us_pron_ogg/r/rob/robot/robot__us_1.ogg
rocket,B2,B2,noun,noun,https://www.oxfordlearnersdictionaries.com/media/english/us_pron_ogg/r/roc/rocke/rocket__us_1.ogg
roof,A2,A2,noun,noun,https://www.oxfordlearnersdictionaries.com/media/english/us_pron_ogg/r/roo/roof_/roof__us_1_rr.ogg
rough,B1,B1,adjective,adjective,https://www.oxfordlearnersdictionaries.com/media/english/us_pron_ogg/r/rou/rough/rough__us_1.ogg
rub,B2,B2,verb,verb,https://www.oxfordlearnersdictionaries.com/media/english/us_pron_ogg/r/rub/rub__/rub__us_1.ogg
runner,A2,A2,noun,noun,https://www.oxfordlearnersdictionaries.com/media/english/us_pron_ogg/r/run/runne/runner__us_2.ogg
running,A2,A2,noun,noun,https://www.oxfordlearnersdictionaries.com/media/english/us_pron_ogg/r/run/runni/running__us_3.ogg
rural,B2,B2,adjective,adjective,https://www.oxfordlearnersdictionaries.com/media/english/us_pron_ogg/r/rur/rural/rural__us_1.ogg
sad,A1,A1,adjective,adjective,https://www.oxfordlearnersdictionaries.com/media/english/us_pron_ogg/s/sad/sad__/sad__us_2.ogg
sadly,A2,A2,adverb,adverb,https://www.oxfordlearnersdictionaries.com/media/english/us_pron_ogg/s/sad/sadly/sadly__us_1.ogg
safe,A2,A2,adjective,adjective,https://www.oxfordlearnersdictionaries.com/media/english/us_pron_ogg/s/saf/safe_/safe__us_1.ogg
safety,B1,B1,noun,noun,https://www.oxfordlearnersdictionaries.com/media/english/us_pron_ogg/s/saf/safet/safety__us_2.ogg
sailing,A2,A2,noun,noun,https://www.oxfordlearnersdictionaries.com/media/english/us_pron_ogg/s/sai/saili/sailing__us_3.ogg
salad,A1,A1,noun,noun,https://www.oxfordlearnersdictionaries.com/media/english/us_pron_ogg/s/sal/salad/salad__us_2.ogg
same,A1,A1,pronoun,"adjective, adverb, pronoun",https://www.oxfordlearnersdictionaries.com/media/english/us_pron_ogg/s/sam/same_/same__us_1.ogg
sand,B1,B1,noun,noun,https://www.oxfordlearnersdictionaries.com/media/english/us_pron_ogg/s/san/sand_/sand__us_1.ogg
sandwich,A1,A1,noun,noun,https://www.oxfordlearnersdictionaries.com/media/english/us_pron_ogg/s/san/sandw/sandwich__us_1_rr.ogg
saturday,A1,A1,noun,noun,https://www.oxfordlearnersdictionaries.com/media/english/us_pron_ogg/s/sat/satur/saturday__us_1_rr.ogg
sauce,A2,A2,noun,noun,https://www.oxfordlearnersdictionaries.com/media/english/us_pron_ogg/s/sau/sauce/sauce__us_1.ogg
scandal,B2,B2,noun,noun,https://www.oxfordlearnersdictionaries.com/media/english/us_pron_ogg/s/sca/scand/scandal__us_1.ogg
scene,A2,A2,noun,noun,https://www.oxfordlearnersdictionaries.com/media/english/us_pron_ogg/s/sce/scene/scene__us_1.ogg
scheme,B2,B2,noun,noun,https://www.oxfordlearnersdictionaries.com/media/english/us_pron_ogg/s/sch/schem/scheme__us_1.ogg
school,A1,A1,noun,noun,https://www.oxfordlearnersdictionaries.com/media/english/us_pron_ogg/s/sch/schoo/school__us_1.ogg
science,A1,A1,noun,noun,https://www.oxfordlearnersdictionaries.com/media/english/us_pron_ogg/s/sci/scien/science__us_2.ogg
scientist,A1,A1,noun,noun,https://www.oxfordlearnersdictionaries.com/media/english/us_pron_ogg/s/sci/scien/scientist__us_1.ogg
scratch,B2,B2,verb,"noun, verb",https://www.oxfordlearnersdictionaries.com/media/english/us_pron_ogg/s/scr/scrat/scratch__us_1.ogg
sculpture,B1,B1,noun,noun,https://www.oxfordlearnersdictionaries.com/media/english/us_pron_ogg/s/scu/sculp/sculpture__us_2.ogg
sea,A1,A1,noun,noun,https://www.oxfordlearnersdictionaries.com/media/english/us_pron_ogg/s/sea/sea__/sea__us_1.ogg
second,A2,A2,pronoun,"adverb, determiner, noun, ordinal number",https://www.oxfordlearnersdictionaries.com/media/english/us_pron_ogg/s/sec/secon/second__us_3.ogg
secret,A2,A2,noun,"adjective, noun",https://www.oxfordlearnersdictionaries.com/media/english/us_pron_ogg/s/sec/secre/secret__us_1.ogg
secretary,A2,A2,noun,noun,https://www.oxfordlearnersdictionaries.com/media/english/us_pron_ogg/s/sec/secre/secretary__us_2.ogg
section,A1,A1,noun,noun,https://www.oxfordlearnersdictionaries.com/media/english/us_pron_ogg/s/sec/secti/section__us_2.ogg
sector,B2,B2,noun,noun,https://www.oxfordlearnersdictionaries.com/media/english/us_pron_ogg/s/sec/secto/sector__us_2.ogg
security,B1,B1,noun,noun,https://www.oxfordlearnersdictionaries.com/media/english/us_pron_ogg/s/sec/secur/security__us_2.ogg
see,A1,A1,verb,verb,https://www.oxfordlearnersdictionaries.com/media/english/us_pron_ogg/s/see/see__/see__us_1.ogg
seem,A2,A2,verb,linking verb,https://www.oxfordlearnersdictionaries.com/media/english/us_pron_ogg/s/see/seem_/seem__us_1.ogg
select,B2,B2,verb,verb,https://www.oxfordlearnersdictionaries.com/media/english/us_pron_ogg/s/sel/selec/select__us_1.ogg
sell,A1,A1,verb,verb,https://www.oxfordlearnersdictionaries.com/media/english/us_pron_ogg/s/sel/sell_/sell__us_1.ogg
seminar,B2,B2,noun,noun,https://www.oxfordlearnersdictionaries.com/media/english/us_pron_ogg/s/sem/semin/seminar__us_1.ogg
sensitive,B2,B2,adjective,adjective,https://www.oxfordlearnersdictionaries.com/media/english/us_pron_ogg/s/sen/sensi/sensitive__us_4.ogg
september,A1,A1,noun,noun,https://www.oxfordlearnersdictionaries.com/media/english/us_pron_ogg/s/sep/septe/september__us_2.ogg
serve,A2,A2,verb,verb,https://www.oxfordlearnersdictionaries.com/media/english/us_pron_ogg/s/ser/serve/serve__us_1.ogg
setting,B1,B1,noun,noun,https://www.oxfordlearnersdictionaries.com/media/english/us_pron_ogg/s/set/setti/setting__us_1.ogg
seven,A1,A1,number,number,https://www.oxfordlearnersdictionaries.com/media/english/us_pron_ogg/s/sev/seven/seven__us_1.ogg
seventeen,A1,A1,number,number,https://www.oxfordlearnersdictionaries.com/media/english/us_pron_ogg/s/sev/seven/seventeen__us_3.ogg
seventy,A1,A1,number,number,https://www.oxfordlearnersdictionaries.com/media/english/us_pron_ogg/s/sev/seven/seventy__us_3.ogg
several,A2,A2,pronoun,"determiner, pronoun",https://www.oxfordlearnersdictionaries.com/media/english/us_pron_ogg/s/sev/sever/several__us_2.ogg
sex,B1,B1,noun,noun,https://www.oxfordlearnersdictionaries.com/media/english/us_pron_ogg/s/sex/sex__/sex__us_1.ogg
sexy,B2,B2,adjective,adjective,https://www.oxfordlearnersdictionaries.com/media/english/us_pron_ogg/s/sex/sexy_/sexy__us_1.ogg
shake,B1,B1,verb,"noun, verb",https://www.oxfordlearnersdictionaries.com/media/english/us_pron_ogg/s/sha/shake/shake__us_1.ogg
shall,A2,A2,modal auxiliary,modal verb,https://www.oxfordlearnersdictionaries.com/media/english/us_pron_ogg/s/sha/shall/shall__us_1_rr.ogg
she,A1,A1,pronoun,pronoun,https://www.oxfordlearnersdictionaries.com/media/english/us_pron_ogg/s/she/she__/she__us_1.ogg
sheep,A1,A1,noun,noun,https://www.oxfordlearnersdictionaries.com/media/english/us_pron_ogg/s/she/sheep/sheep__us_1.ogg
shift,B1,B1,verb,"noun, verb",https://www.oxfordlearnersdictionaries.com/media/english/us_pron_ogg/s/shi/shift/shift__us_1.ogg
shiny,B1,B1,adjective,adjective,https://www.oxfordlearnersdictionaries.com/media/english/us_pron_ogg/s/shi/shiny/shiny__us_2.ogg
shirt,A1,A1,noun,noun,https://www.oxfordlearnersdictionaries.com/media/english/us_pron_ogg/s/shi/shirt/shirt__us_1.ogg
shock,B2,B2,verb,"noun, verb",https://www.oxfordlearnersdictionaries.com/media/english/us_pron_ogg/s/sho/shock/shock__us_1.ogg
shoe,A1,A1,noun,noun,https://www.oxfordlearnersdictionaries.com/media/english/us_pron_ogg/s/sho/shoe_/shoe__us_1.ogg
shooting,B2,B2,noun,noun,https://www.oxfordlearnersdictionaries.com/media/english/us_pron_ogg/s/sho/shoot/shooting__us_3.ogg
shopping,A1,A1,noun,noun,https://www.oxfordlearnersdictionaries.com/media/english/us_pron_ogg/s/sho/shopp/shopping__us_1.ogg
short,A1,A1,adverb,adjective,https://www.oxfordlearnersdictionaries.com/media/english/us_pron_ogg/s/sho/short/short__us_1.ogg
short-term,B2,B2,adjective,adjective,https://www.oxfordlearnersdictionaries.com/media/english/us_pron_ogg/s/sho/short/short_term_1_us_1.ogg
should,A1,A1,modal auxiliary,modal verb,https://www.oxfordlearnersdictionaries.com/media/english/us_pron_ogg/s/sho/shoul/should__us_4_rr.ogg
show,A1,A1,verb,"noun, verb",https://www.oxfordlearnersdictionaries.com/media/english/us_pron_ogg/s/sho/show_/show__us_1.ogg
shut,A2,A2,verb,"adjective, verb",https://www.oxfordlearnersdictionaries.com/media/english/us_pron_ogg/s/shu/shut_/shut__us_1.ogg
sick,A1,A1,adjective,adjective,https://www.oxfordlearnersdictionaries.com/media/english/us_pron_ogg/s/sic/sick_/sick__us_1.ogg
signal,B1,B1,noun,"noun, verb",https://www.oxfordlearnersdictionaries.com/media/english/us_pron_ogg/s/sig/signa/signal__us_4.ogg
significantly,B2,B2,adverb,adverb,https://www.oxfordlearnersdictionaries.com/media/english/us_pron_ogg/s/sig/signi/significantly__us_1.ogg
silent,B1,B1,adjective,adjective,https://www.oxfordlearnersdictionaries.com/media/english/us_pron_ogg/s/sil/silen/silent__us_1.ogg
silver,A2,A2,noun,"adjective, noun",https://www.oxfordlearnersdictionaries.com/media/english/us_pron_ogg/s/sil/silve/silver__us_1.ogg
similarity,B1,B1,noun,noun,https://www.oxfordlearnersdictionaries.com/media/english/us_pron_ogg/s/sim/simil/similarity__us_1.ogg
similarly,B1,B1,adverb,adverb,https://www.oxfordlearnersdictionaries.com/media/english/us_pron_ogg/s/sim/simil/similarly__us_1.ogg
simple,A2,A2,adjective,adjective,https://www.oxfordlearnersdictionaries.com/media/english/us_pron_ogg/s/sim/simpl/simple__us_1.ogg
sincere,B2,B2,adjective,adjective,https://www.oxfordlearnersdictionaries.com/media/english/us_pron_ogg/s/sin/since/sincere__us_1.ogg
sing,A1,A1,verb,verb,https://www.oxfordlearnersdictionaries.com/media/english/us_pron_ogg/s/sin/sing_/sing__us_1.ogg
singer,A1,A1,noun,noun,https://www.oxfordlearnersdictionaries.com/media/english/us_pron_ogg/s/sin/singe/singer__us_1.ogg
singing,A2,A2,noun,noun,https://www.oxfordlearnersdictionaries.com/media/english/us_pron_ogg/s/sin/singi/singing__us_1.ogg
sink,B1,B1,verb,verb,https://www.oxfordlearnersdictionaries.com/media/english/us_pron_ogg/s/sin/sink_/sink__us_1.ogg
sister,A1,A1,noun,noun,https://www.oxfordlearnersdictionaries.com/media/english/us_pron_ogg/s/sis/siste/sister__us_1.ogg
sit,A1,A1,verb,verb,https://www.oxfordlearnersdictionaries.com/media/english/us_pron_ogg/s/sit/sit__/sit__us_1.ogg
six,A1,A1,number,number,https://www.oxfordlearnersdictionaries.com/media/english/us_pron_ogg/s/six/six__/six__us_1.ogg
sixteen,A1,A1,number,number,https://www.oxfordlearnersdictionaries.com/media/english/us_pron_ogg/s/six/sixte/sixteen__us_1.ogg
sixty,A1,A1,number,number,https://www.oxfordlearnersdictionaries.com/media/english/us_pron_ogg/s/six/sixty/sixty__us_1.ogg
skiing,A2,A2,noun,noun,https://www.oxfordlearnersdictionaries.com/media/english/us_pron_ogg/s/ski/skiin/skiing__us_1.ogg
skill,A1,A1,noun,noun,https://www.oxfordlearnersdictionaries.com/media/english/us_pron_ogg/s/ski/skill/skill__us_1.ogg
skilled,B2,B2,adjective,adjective,https://www.oxfordlearnersdictionaries.com/media/english/us_pron_ogg/s/ski/skill/skilled__us_1.ogg
skirt,A1,A1,noun,noun,https://www.oxfordlearnersdictionaries.com/media/english/us_pron_ogg/s/ski/skirt/skirt__us_1.ogg
slide,B2,B2,verb,"noun, verb",https://www.oxfordlearnersdictionaries.com/media/english/us_pron_ogg/s/sli/slide/slide__us_1.ogg
slightly,B1,B1,adverb,adverb,https://www.oxfordlearnersdictionaries.com/media/english/us_pron_ogg/s/sli/sligh/slightly__us_1.ogg
slowly,A2,A2,adverb,adverb,https://www.oxfordlearnersdictionaries.com/media/english/us_pron_ogg/s/slo/slowl/slowly__us_1.ogg
small,A1,A1,adjective,adjective,https://www.oxfordlearnersdictionaries.com/media/english/us_pron_ogg/s/sma/small/small__us_4.ogg
smoke,A2,A2,verb,"noun, verb",https://www.oxfordlearnersdictionaries.com/media/english/us_pron_ogg/s/smo/smoke/smoke__us_1.ogg
snake,A1,A1,noun,noun,https://www.oxfordlearnersdictionaries.com/media/english/us_pron_ogg/s/sna/snake/snake__us_1.ogg
so,A1,A1,conjunction,"adverb, conjunction",https://www.oxfordlearnersdictionaries.com/media/english/us_pron_ogg/s/so_/so__u/so__us_1.ogg
so-called,B2,B2,adjective,adjective,https://www.oxfordlearnersdictionaries.com/media/english/us_pron_ogg/s/so_/so_ca/so_called_1_us_1.ogg
soap,A2,A2,noun,noun,https://www.oxfordlearnersdictionaries.com/media/english/us_pron_ogg/s/soa/soap_/soap__us_1.ogg
society,A2,A2,noun,noun,https://www.oxfordlearnersdictionaries.com/media/english/us_pron_ogg/s/soc/socie/society__us_3.ogg
sock,A2,A2,noun,noun,https://www.oxfordlearnersdictionaries.com/media/english/us_pron_ogg/s/soc/sock_/sock__us_1.ogg
soft,A2,A2,adjective,adjective,https://www.oxfordlearnersdictionaries.com/media/english/us_pron_ogg/s/sof/soft_/soft__us_5.ogg
soil,B1,B1,verb,noun,https://www.oxfordlearnersdictionaries.com/media/english/us_pron_ogg/s/soi/soil_/soil__us_1.ogg
solar,B2,B2,adjective,adjective,https://www.oxfordlearnersdictionaries.com/media/english/us_pron_ogg/s/sol/solar/solar__us_2.ogg
soldier,A2,A2,noun,noun,https://www.oxfordlearnersdictionaries.com/media/english/us_pron_ogg/s/sol/soldi/soldier__us_2.ogg
solid,B1,B1,adjective,"adjective, noun",https://www.oxfordlearnersdictionaries.com/media/english/us_pron_ogg/s/sol/solid/solid__us_1.ogg
solution,A2,A2,noun,noun,https://www.oxfordlearnersdictionaries.com/media/english/us_pron_ogg/s/sol/solut/solution__us_2.ogg
some,A1,A1,pronoun,"determiner, pronoun",https://www.oxfordlearnersdictionaries.com/media/english/us_pron_ogg/s/som/some_/some__us_9_rr.ogg
someone,A1,A1,pronoun,pronoun,https://www.oxfordlearnersdictionaries.com/media/english/us_pron_ogg/s/som/someo/someone__us_2.ogg
something,A1,A1,pronoun,pronoun,https://www.oxfordlearnersdictionaries.com/media/english/us_pron_ogg/s/som/somet/something__us_2.ogg
somewhat,B2,B2,adverb,adverb,https://www.oxfordlearnersdictionaries.com/media/english/us_pron_ogg/s/som/somew/somewhat__us_1.ogg
somewhere,A2,A2,adverb,"adverb, pronoun",https://www.oxfordlearnersdictionaries.com/media/english/us_pron_ogg/s/som/somew/somewhere__us_2.ogg
son,A1,A1,noun,noun,https://www.oxfordlearnersdictionaries.com/media/english/us_pron_ogg/s/son/son__/son__us_1.ogg
song,A1,A1,noun,noun,https://www.oxfordlearnersdictionaries.com/media/english/us_pron_ogg/s/son/song_/song_1_us_1.ogg
soon,A1,A1,adverb,adverb,https://www.oxfordlearnersdictionaries.com/media/english/us_pron_ogg/s/soo/soon_/soon__us_1.ogg
sophisticated,B2,B2,adjective,adjective,https://www.oxfordlearnersdictionaries.com/media/english/us_pron_ogg/s/sop/sophi/sophisticated__us_1.ogg
sorry,A1,A1,adjective,"adjective, exclamation",https://www.oxfordlearnersdictionaries.com/media/english/us_pron_ogg/s/sor/sorry/sorry__us_1_rr.ogg
soup,A1,A1,noun,noun,https://www.oxfordlearnersdictionaries.com/media/english/us_pron_ogg/s/sou/soup_/soup__us_1.ogg
source,A2,A2,noun,noun,https://www.oxfordlearnersdictionaries.com/media/english/us_pron_ogg/s/sou/sourc/source__us_1.ogg
southern,B1,B1,adjective,adjective,https://www.oxfordlearnersdictionaries.com/media/english/us_pron_ogg/s/sou/south/southern__us_2.ogg
spare,B2,B2,verb,"adjective, verb",https://www.oxfordlearnersdictionaries.com/media/english/us_pron_ogg/s/spa/spare/spare__us_1.ogg
speak,A1,A1,verb,verb,https://www.oxfordlearnersdictionaries.com/media/english/us_pron_ogg/s/spe/speak/speak__us_1.ogg
speaker,A2,A2,noun,noun,https://www.oxfordlearnersdictionaries.com/media/english/us_pron_ogg/s/spe/speak/speaker__us_1.ogg
special,A1,A1,adjective,adjective,https://www.oxfordlearnersdictionaries.com/media/english/us_pron_ogg/s/spe/speci/special__us_1.ogg
species,B2,B2,noun,noun,https://www.oxfordlearnersdictionaries.com/media/english/us_pron_ogg/s/spe/speci/species__us_1_rr.ogg
specific,A2,A2,adjective,adjective,https://www.oxfordlearnersdictionaries.com/media/english/us_pron_ogg/s/spe/speci/specific__us_1.ogg
specify,B2,B2,verb,verb,https://www.oxfordlearnersdictionaries.com/media/english/us_pron_ogg/s/spe/speci/specify__us_1.ogg
spend,A1,A1,verb,verb,https://www.oxfordlearnersdictionaries.com/media/english/us_pron_ogg/s/spe/spend/spend__us_1.ogg
spicy,B1,B1,adjective,adjective,https://www.oxfordlearnersdictionaries.com/media/english/us_pron_ogg/s/spi/spicy/spicy__us_1.ogg
spirit,B1,B1,noun,noun,https://www.oxfordlearnersdictionaries.com/media/english/us_pron_ogg/s/spi/spiri/spirit__us_1.ogg
spite,B2,B2,noun,noun,https://www.oxfordlearnersdictionaries.com/media/english/us_pron_ogg/s/spi/spite/spite__us_1.ogg
split,B2,B2,verb,"noun, verb",https://www.oxfordlearnersdictionaries.com/media/english/us_pron_ogg/s/spl/split/split__us_1.ogg
spokesman,B2,B2,noun,noun,https://www.oxfordlearnersdictionaries.com/media/english/us_pron_ogg/s/spo/spoke/spokesman__us_1.ogg
spokeswoman,B2,B2,noun,noun,https://www.oxfordlearnersdictionaries.com/media/english/us_pron_ogg/s/spo/spoke/spokesman__us_2.ogg
sponsor,B2,B2,verb,"noun, verb",https://www.oxfordlearnersdictionaries.com/media/english/us_pron_ogg/s/spo/spons/sponsor__us_1.ogg
spoon,A2,A2,noun,noun,https://www.oxfordlearnersdictionaries.com/media/english/us_pron_ogg/s/spo/spoon/spoon__us_1.ogg
sport,A1,A1,noun,noun,https://www.oxfordlearnersdictionaries.com/media/english/us_pron_ogg/s/spo/sport/sport__us_1.ogg
spread,B2,B2,verb,"noun, verb",https://www.oxfordlearnersdictionaries.com/media/english/us_pron_ogg/s/spr/sprea/spread__us_1.ogg
spring,A1,A1,noun,"noun, verb",https://www.oxfordlearnersdictionaries.com/media/english/us_pron_ogg/s/spr/sprin/spring__us_1.ogg
square,A2,A2,noun,"adjective, noun",https://www.oxfordlearnersdictionaries.com/media/english/us_pron_ogg/s/squ/squar/square__us_1.ogg
stair,A2,A2,noun,noun,https://www.oxfordlearnersdictionaries.com/media/english/us_pron_ogg/s/sta/stair/stair__us_1.ogg
standard,B1,B1,noun,"adjective, noun",https://www.oxfordlearnersdictionaries.com/media/english/us_pron_ogg/s/sta/stand/standard__us_2.ogg
starve,B2,B2,verb,verb,https://www.oxfordlearnersdictionaries.com/media/english/us_pron_ogg/s/sta/starv/starve__us_1.ogg
station,A1,A1,noun,noun,https://www.oxfordlearnersdictionaries.com/media/english/us_pron_ogg/s/sta/stati/station__us_2.ogg
steal,A2,A2,verb,verb,https://www.oxfordlearnersdictionaries.com/media/english/us_pron_ogg/s/ste/steal/steal__us_1.ogg
stick,B1,B1,verb,"noun, verb",https://www.oxfordlearnersdictionaries.com/media/english/us_pron_ogg/s/sti/stick/stick__us_1.ogg
stiff,B2,B2,adjective,adjective,https://www.oxfordlearnersdictionaries.com/media/english/us_pron_ogg/s/sti/stiff/stiff__us_1.ogg
stimulate,B2,B2,verb,verb,https://www.oxfordlearnersdictionaries.com/media/english/us_pron_ogg/s/sti/stimu/stimulate__us_1.ogg
stock,B2,B2,noun,noun,https://www.oxfordlearnersdictionaries.com/media/english/us_pron_ogg/s/sto/stock/stock__us_1.ogg
stomach,A2,A2,noun,noun,https://www.oxfordlearnersdictionaries.com/media/english/us_pron_ogg/s/sto/stoma/stomach__us_1.ogg
stop,A1,A1,verb,"noun, verb",https://www.oxfordlearnersdictionaries.com/media/english/us_pron_ogg/s/sto/stop_/stop__us_1.ogg
storm,A2,A2,noun,noun,https://www.oxfordlearnersdictionaries.com/media/english/us_pron_ogg/s/sto/storm/storm__us_1.ogg
story,A1,A1,noun,noun,https://www.oxfordlearnersdictionaries.com/media/english/us_pron_ogg/s/sto/story/story__us_1.ogg
strategy,A2,A2,noun,noun,https://www.oxfordlearnersdictionaries.com/media/english/us_pron_ogg/s/str/strat/strategy__us_1.ogg
street,A1,A1,noun,noun,https://www.oxfordlearnersdictionaries.com/media/english/us_pron_ogg/s/str/stree/street__us_1.ogg
strictly,B2,B2,adverb,adverb,https://www.oxfordlearnersdictionaries.com/media/english/us_pron_ogg/s/str/stric/strictly__us_1.ogg
stroke,B2,B2,verb,noun,https://www.oxfordlearnersdictionaries.com/media/english/us_pron_ogg/s/str/strok/stroke__us_1.ogg
strong,A1,A1,adjective,adjective,https://www.oxfordlearnersdictionaries.com/media/english/us_pron_ogg/s/str/stron/strong__us_1.ogg
structure,A2,A2,noun,"noun, verb",https://www.oxfordlearnersdictionaries.com/media/english/us_pron_ogg/s/str/struc/structure__us_2.ogg
struggle,B2,B2,verb,"noun, verb",https://www.oxfordlearnersdictionaries.com/media/english/us_pron_ogg/s/str/strug/struggle__us_2.ogg
student,A1,A1,noun,noun,https://www.oxfordlearnersdictionaries.com/media/english/us_pron_ogg/s/stu/stude/student__us_1.ogg
studio,B1,B1,noun,noun,https://www.oxfordlearnersdictionaries.com/media/english/us_pron_ogg/s/stu/studi/studio__us_2.ogg
study,A1,A1,verb,"noun, verb",https://www.oxfordlearnersdictionaries.com/media/english/us_pron_ogg/s/stu/study/study__us_2.ogg
submit,B2,B2,verb,verb,https://www.oxfordlearnersdictionaries.com/media/english/us_pron_ogg/s/sub/submi/submit__us_1.ogg
suburb,B2,B2,noun,noun,https://www.oxfordlearnersdictionaries.com/media/english/us_pron_ogg/s/sub/subur/suburb__us_1.ogg
succeed,A2,A2,verb,verb,https://www.oxfordlearnersdictionaries.com/media/english/us_pron_ogg/s/suc/succe/succeed__us_2.ogg
such,A2,A2,pronoun,"determiner, pronoun",https://www.oxfordlearnersdictionaries.com/media/english/us_pron_ogg/s/suc/such_/such__us_1.ogg
suffer,B1,B1,verb,verb,https://www.oxfordlearnersdictionaries.com/media/english/us_pron_ogg/s/suf/suffe/suffer__us_2.ogg
suffering,B2,B2,noun,noun,https://www.oxfordlearnersdictionaries.com/media/english/us_pron_ogg/s/suf/suffe/suffering__us_1_rr.ogg
sufficiently,B2,B2,adverb,adverb,https://www.oxfordlearnersdictionaries.com/media/english/us_pron_ogg/s/suf/suffi/sufficiently__us_1.ogg
sugar,A1,A1,noun,noun,https://www.oxfordlearnersdictionaries.com/media/english/us_pron_ogg/s/sug/sugar/sugar__us_2.ogg
suggest,A2,A2,verb,verb,https://www.oxfordlearnersdictionaries.com/media/english/us_pron_ogg/s/sug/sugge/suggest__us_1_rr.ogg
suit,A2,A2,verb,"noun, verb",https://www.oxfordlearnersdictionaries.com/media/english/us_pron_ogg/s/sui/suit_/suit__us_1.ogg
summer,A1,A1,noun,noun,https://www.oxfordlearnersdictionaries.com/media/english/us_pron_ogg/s/sum/summe/summer__us_2.ogg
sun,A1,A1,noun,noun,https://www.oxfordlearnersdictionaries.com/media/english/us_pron_ogg/s/sun/sun__/sun__us_1.ogg
sunday,A1,A1,noun,noun,https://www.oxfordlearnersdictionaries.com/media/english/us_pron_ogg/s/sun/sunda/sunday__us_1_rr.ogg
supermarket,A1,A1,noun,noun,https://www.oxfordlearnersdictionaries.com/media/english/us_pron_ogg/s/sup/super/supermarket__us_1.ogg
supporter,B1,B1,noun,noun,https://www.oxfordlearnersdictionaries.com/media/english/us_pron_ogg/s/sup/suppo/supporter__us_1.ogg
surely,B1,B1,adverb,adverb,https://www.oxfordlearnersdictionaries.com/media/english/us_pron_ogg/s/sur/surel/surely__us_1_rr.ogg
surface,B1,B1,noun,noun,https://www.oxfordlearnersdictionaries.com/media/english/us_pron_ogg/s/sur/surfa/surface__us_1.ogg
surprised,A2,A2,adjective,adjective,https://www.oxfordlearnersdictionaries.com/media/english/us_pron_ogg/s/sur/surpr/surprised__us_1_rr.ogg
surprising,A2,A2,adjective,adjective,https://www.oxfordlearnersdictionaries.com/media/english/us_pron_ogg/s/sur/surpr/surprising__us_1_rr.ogg
suspect,B2,B2,verb,"noun, verb",https://www.oxfordlearnersdictionaries.com/media/english/us_pron_ogg/s/sus/suspe/suspect__us_3.ogg
suspend,B2,B2,verb,verb,https://www.oxfordlearnersdictionaries.com/media/english/us_pron_ogg/s/sus/suspe/suspend__us_1.ogg
sweep,B2,B2,verb,verb,https://www.oxfordlearnersdictionaries.com/media/english/us_pron_ogg/s/swe/sweep/sweep__us_1.ogg
sweet,A2,A2,noun,"adjective, noun",https://www.oxfordlearnersdictionaries.com/media/english/us_pron_ogg/s/swe/sweet/sweet__us_1.ogg
swimming,A1,A1,noun,noun,https://www.oxfordlearnersdictionaries.com/media/english/us_pron_ogg/s/swi/swimm/swimming__us_2.ogg
symbol,A2,A2,noun,noun,https://www.oxfordlearnersdictionaries.com/media/english/us_pron_ogg/s/sym/symbo/symbol__us_1.ogg
sympathetic,B2,B2,adjective,adjective,https://www.oxfordlearnersdictionaries.com/media/english/us_pron_ogg/s/sym/sympa/sympathetic__us_1.ogg
symptom,B1,B1,noun,noun,https://www.oxfordlearnersdictionaries.com/media/english/us_pron_ogg/s/sym/sympt/symptom__us_2.ogg
system,A2,A2,noun,noun,https://www.oxfordlearnersdictionaries.com/media/english/us_pron_ogg/s/sys/syste/system__us_1.ogg
table,A1,A1,noun,noun,https://www.oxfordlearnersdictionaries.com/media/english/us_pron_ogg/t/tab/table/table__us_1.ogg
tag,B2,B2,noun,"noun, verb",https://www.oxfordlearnersdictionaries.com/media/english/us_pron_ogg/t/tag/tag__/tag__us_1.ogg
take,A1,A1,verb,verb,https://www.oxfordlearnersdictionaries.com/media/english/us_pron_ogg/t/tak/take_/take__us_1.ogg
talented,B1,B1,adjective,adjective,https://www.oxfordlearnersdictionaries.com/media/english/us_pron_ogg/t/tal/talen/talented__us_3.ogg
tall,A1,A1,adjective,adjective,https://www.oxfordlearnersdictionaries.com/media/english/us_pron_ogg/t/tal/tall_/tall__us_1.ogg
tap,B2,B2,verb,"noun, verb",https://www.oxfordlearnersdictionaries.com/media/english/us_pron_ogg/t/tap/tap__/tap__us_1.ogg
tape,B1,B1,verb,noun,https://www.oxfordlearnersdictionaries.com/media/english/us_pron_ogg/t/tap/tape_/tape__us_1.ogg
target,A2,A2,noun,"noun, verb",https://www.oxfordlearnersdictionaries.com/media/english/us_pron_ogg/t/tar/targe/target__us_1.ogg
task,A2,A2,noun,noun,https://www.oxfordlearnersdictionaries.com/media/english/us_pron_ogg/t/tas/task_/task__us_1.ogg
tax,B1,B1,noun,"noun, verb",https://www.oxfordlearnersdictionaries.com/media/english/us_pron_ogg/t/tax/tax__/tax__us_1.ogg
taxi,A1,A1,noun,noun,https://www.oxfordlearnersdictionaries.com/media/english/us_pron_ogg/t/tax/taxi_/taxi__us_2.ogg
tea,A1,A1,noun,noun,https://www.oxfordlearnersdictionaries.com/media/english/us_pron_ogg/t/tea/tea__/tea__us_1.ogg
teach,A1,A1,verb,verb,https://www.oxfordlearnersdictionaries.com/media/english/us_pron_ogg/t/tea/teach/teach__us_1.ogg
teacher,A1,A1,noun,noun,https://www.oxfordlearnersdictionaries.com/media/english/us_pron_ogg/t/tea/teach/teacher__us_1.ogg
team,A1,A1,noun,noun,https://www.oxfordlearnersdictionaries.com/media/english/us_pron_ogg/t/tea/team_/team__us_1.ogg
technique,B1,B1,noun,noun,https://www.oxfordlearnersdictionaries.com/media/english/us_pron_ogg/t/tec/techn/technique__us_2.ogg
teenage,A2,A2,adjective,adjective,https://www.oxfordlearnersdictionaries.com/media/english/us_pron_ogg/t/tee/teena/teenage__us_2.ogg
television,A1,A1,noun,noun,https://www.oxfordlearnersdictionaries.com/media/english/us_pron_ogg/t/tel/telev/television__us_1.ogg
tell,A1,A1,verb,verb,https://www.oxfordlearnersdictionaries.com/media/english/us_pron_ogg/t/tel/tell_/tell__us_1.ogg
temperature,A2,A2,noun,noun,https://www.oxfordlearnersdictionaries.com/media/english/us_pron_ogg/t/tem/tempe/temperature__us_1.ogg
temporarily,B2,B2,adverb,adverb,https://www.oxfordlearnersdictionaries.com/media/english/us_pron_ogg/t/tem/tempo/temporarily__us_1.ogg
ten,A1,A1,number,number,https://www.oxfordlearnersdictionaries.com/media/english/us_pron_ogg/t/ten/ten__/ten__us_1.ogg
tend,B1,B1,verb,verb,https://www.oxfordlearnersdictionaries.com/media/english/us_pron_ogg/t/ten/tend_/tend__us_1.ogg
tennis,A1,A1,noun,noun,https://www.oxfordlearnersdictionaries.com/media/english/us_pron_ogg/t/ten/tenni/tennis__us_3.ogg
tent,B1,B1,noun,noun,https://www.oxfordlearnersdictionaries.com/media/english/us_pron_ogg/t/ten/tent_/tent__us_1.ogg
terrible,A1,A1,adjective,adjective,https://www.oxfordlearnersdictionaries.com/media/english/us_pron_ogg/t/ter/terri/terrible__us_1.ogg
territory,B2,B2,noun,noun,https://www.oxfordlearnersdictionaries.com/media/english/us_pron_ogg/t/ter/terri/territory__us_1.ogg
than,A1,A1,preposition,"conjunction, preposition",https://www.oxfordlearnersdictionaries.com/media/english/us_pron_ogg/t/tha/than_/than__us_3_rr.ogg
thank,A1,A1,verb,verb,https://www.oxfordlearnersdictionaries.com/media/english/us_pron_ogg/t/tha/thank/thank__us_1.ogg
thanks,A1,A1,noun,"exclamation, noun",https://www.oxfordlearnersdictionaries.com/media/english/us_pron_ogg/t/tha/thank/thanks__us_1.ogg
the,A1,A1,determiner,definite article,https://www.oxfordlearnersdictionaries.com/media/english/us_pron_ogg/t/the/the__/the__us_1_rr.ogg
their,A1,A1,determiner,determiner,https://www.oxfordlearnersdictionaries.com/media/english/us_pron_ogg/t/the/their/their__us_2_rr.ogg
them,A1,A1,pronoun,pronoun,https://www.oxfordlearnersdictionaries.com/media/english/us_pron_ogg/t/the/them_/them__us_3_rr.ogg
themselves,A2,A2,pronoun,pronoun,https://www.oxfordlearnersdictionaries.com/media/english/us_pron_ogg/t/the/thems/themselves__us_1_rr.ogg
then,A1,A1,adverb,adverb,https://www.oxfordlearnersdictionaries.com/media/english/us_pron_ogg/t/the/then_/then__us_1.ogg
theory,B1,B1,noun,noun,https://www.oxfordlearnersdictionaries.com/media/english/us_pron_ogg/t/the/theor/theory__us_2_rr.ogg
therapist,B2,B2,noun,noun,https://www.oxfordlearnersdictionaries.com/media/english/us_pron_ogg/t/the/thera/therapist__us_1.ogg
therapy,B2,B2,noun,noun,https://www.oxfordlearnersdictionaries.com/media/english/us_pron_ogg/t/the/thera/therapy__us_2.ogg
there,A1,A1,adverb,adverb,https://www.oxfordlearnersdictionaries.com/media/english/us_pron_ogg/t/the/there/there__us_1.ogg
thesis,B2,B2,noun,noun,https://www.oxfordlearnersdictionaries.com/media/english/us_pron_ogg/t/the/thesi/thesis__us_1.ogg
they,A1,A1,pronoun,pronoun,https://www.oxfordlearnersdictionaries.com/media/english/us_pron_ogg/t/the/they_/they__us_1.ogg
thief,A2,A2,noun,noun,https://www.oxfordlearnersdictionaries.com/media/english/us_pron_ogg/t/thi/thief/thief__us_1.ogg
thing,A1,A1,noun,noun,https://www.oxfordlearnersdictionaries.com/media/english/us_pron_ogg/t/thi/thing/thing__us_1.ogg
think,A1,A1,verb,verb,https://www.oxfordlearnersdictionaries.com/media/english/us_pron_ogg/t/thi/think/think__us_1.ogg
third,A2,A2,adjective,"noun, ordinal number",https://www.oxfordlearnersdictionaries.com/media/english/us_pron_ogg/t/thi/third/third__us_1.ogg
thirteen,A1,A1,number,number,https://www.oxfordlearnersdictionaries.com/media/english/us_pron_ogg/t/thi/thirt/thirteen__us_1.ogg
thirty,A1,A1,number,number,https://www.oxfordlearnersdictionaries.com/media/english/us_pron_ogg/t/thi/thirt/thirty__us_1.ogg
thoroughly,B2,B2,adverb,adverb,https://www.oxfordlearnersdictionaries.com/media/english/us_pron_ogg/t/tho/thoro/thoroughly__us_1_rr.ogg
thought,A2,A2,noun,noun,https://www.oxfordlearnersdictionaries.com/media/english/us_pron_ogg/t/tho/thoug/thought__us_2.ogg
threaten,B2,B2,verb,verb,https://www.oxfordlearnersdictionaries.com/media/english/us_pron_ogg/t/thr/threa/threaten__us_2.ogg
three,A1,A1,number,number,https://www.oxfordlearnersdictionaries.com/media/english/us_pron_ogg/t/thr/three/three__us_1.ogg
through,A1,A1,preposition,"adverb, preposition",https://www.oxfordlearnersdictionaries.com/media/english/us_pron_ogg/t/thr/throu/through__us_1.ogg
throughout,B1,B1,preposition,"adverb, preposition",https://www.oxfordlearnersdictionaries.com/media/english/us_pron_ogg/t/thr/throu/throughout__us_1.ogg
throw,A2,A2,verb,verb,https://www.oxfordlearnersdictionaries.com/media/english/us_pron_ogg/t/thr/throw/throw__us_1.ogg
thursday,A1,A1,noun,noun,https://www.oxfordlearnersdictionaries.com/media/english/us_pron_ogg/t/thu/thurs/thursday__us_1_rr.ogg
ticket,A1,A1,noun,noun,https://www.oxfordlearnersdictionaries.com/media/english/us_pron_ogg/t/tic/ticke/ticket__us_1.ogg
tidy,A2,A2,verb,"adjective, verb",https://www.oxfordlearnersdictionaries.com/media/english/us_pron_ogg/t/tid/tidy_/tidy__us_2.ogg
timing,B2,B2,noun,noun,https://www.oxfordlearnersdictionaries.com/media/english/us_pron_ogg/t/tim/timin/timing__us_1.ogg
tin,B1,B1,noun,noun,https://www.oxfordlearnersdictionaries.com/media/english/us_pron_ogg/t/tin/tin__/tin__us_1.ogg
tiny,B1,B1,adjective,adjective,https://www.oxfordlearnersdictionaries.com/media/english/us_pron_ogg/t/tin/tiny_/tiny__us_1.ogg
tired,A1,A1,adjective,adjective,https://www.oxfordlearnersdictionaries.com/media/english/us_pron_ogg/t/tir/tired/tired__us_1.ogg
to,A1,A1,preposition,"infinitive marker, preposition",https://www.oxfordlearnersdictionaries.com/media/english/us_pron_ogg/t/to_/to__u/to__us_1_rr.ogg
today,A1,A1,noun,"adverb, noun",https://www.oxfordlearnersdictionaries.com/media/english/us_pron_ogg/t/tod/today/today__us_1.ogg
together,A1,A1,adverb,adverb,https://www.oxfordlearnersdictionaries.com/media/english/us_pron_ogg/t/tog/toget/together__us_1.ogg
toilet,A1,A1,noun,noun,https://www.oxfordlearnersdictionaries.com/media/english/us_pron_ogg/t/toi/toile/toilet__us_1.ogg
tomato,A1,A1,noun,noun,https://www.oxfordlearnersdictionaries.com/media/english/us_pron_ogg/t/tom/tomat/tomato__us_1.ogg
tomorrow,A1,A1,noun,"adverb, noun",https://www.oxfordlearnersdictionaries.com/media/english/us_pron_ogg/t/tom/tomor/tomorrow__us_1_rr.ogg
ton,B2,B2,noun,noun,https://www.oxfordlearnersdictionaries.com/media/english/us_pron_ogg/t/ton/ton__/ton__us_1.ogg
tongue,B1,B1,noun,noun,https://www.oxfordlearnersdictionaries.com/media/english/us_pron_ogg/t/ton/tongu/tongue__us_1.ogg
too,A1,A1,adverb,adverb,https://www.oxfordlearnersdictionaries.com/media/english/us_pron_ogg/t/too/too__/too__us_1.ogg
tooth,A1,A1,noun,noun,https://www.oxfordlearnersdictionaries.com/media/english/us_pron_ogg/t/too/tooth/tooth__us_1.ogg
topic,A1,A1,noun,noun,https://www.oxfordlearnersdictionaries.com/media/english/us_pron_ogg/t/top/topic/topic__us_1.ogg
total,B1,B1,noun,"adjective, noun, verb",https://www.oxfordlearnersdictionaries.com/media/english/us_pron_ogg/t/tot/total/total__us_1.ogg
totally,B1,B1,adverb,adverb,https://www.oxfordlearnersdictionaries.com/media/english/us_pron_ogg/t/tot/total/totally__us_1.ogg
touch,B1,B1,verb,"noun, verb",https://www.oxfordlearnersdictionaries.com/media/english/us_pron_ogg/t/tou/touch/touch__us_1.ogg
tough,B2,B2,adjective,adjective,https://www.oxfordlearnersdictionaries.com/media/english/us_pron_ogg/t/tou/tough/tough__us_1.ogg
town,A1,A1,noun,noun,https://www.oxfordlearnersdictionaries.com/media/english/us_pron_ogg/t/tow/town_/town__us_1.ogg
tradition,A2,A2,noun,noun,https://www.oxfordlearnersdictionaries.com/media/english/us_pron_ogg/t/tra/tradi/tradition__us_1.ogg
traditional,A2,A2,adjective,adjective,https://www.oxfordlearnersdictionaries.com/media/english/us_pron_ogg/t/tra/tradi/traditional__us_1.ogg
training,A2,A2,noun,noun,https://www.oxfordlearnersdictionaries.com/media/english/us_pron_ogg/t/tra/train/training__us_1.ogg
trait,B2,B2,noun,noun,https://www.oxfordlearnersdictionaries.com/media/english/us_pron_ogg/t/tra/trait/trait__us_1.ogg
transition,B2,B2,noun,noun,https://www.oxfordlearnersdictionaries.com/media/english/us_pron_ogg/t/tra/trans/transition__us_1.ogg
translate,B1,B1,verb,verb,https://www.oxfordlearnersdictionaries.com/media/english/us_pron_ogg/t/tra/trans/translate__us_2.ogg
transmit,B2,B2,verb,verb,https://www.oxfordlearnersdictionaries.com/media/english/us_pron_ogg/t/tra/trans/transmit__us_2_rr.ogg
travel,A1,A1,verb,"noun, verb",https://www.oxfordlearnersdictionaries.com/media/english/us_pron_ogg/t/tra/trave/travel__us_2.ogg
treatment,B1,B1,noun,noun,https://www.oxfordlearnersdictionaries.com/media/english/us_pron_ogg/t/tre/treat/treatment__us_1.ogg
tree,A1,A1,noun,noun,https://www.oxfordlearnersdictionaries.com/media/english/us_pron_ogg/t/tre/tree_/tree__us_1.ogg
trend,B1,B1,noun,noun,https://www.oxfordlearnersdictionaries.com/media/english/us_pron_ogg/t/tre/trend/trend__us_1.ogg
trial,B2,B2,noun,noun,https://www.oxfordlearnersdictionaries.com/media/english/us_pron_ogg/t/tri/trial/trial__us_2.ogg
tribe,B2,B2,noun,noun,https://www.oxfordlearnersdictionaries.com/media/english/us_pron_ogg/t/tri/tribe/tribe__us_1.ogg
troop,B2,B2,noun,noun,https://www.oxfordlearnersdictionaries.com/media/english/us_pron_ogg/t/tro/troop/troop__us_1.ogg
trousers,A1,A1,noun,noun,https://www.oxfordlearnersdictionaries.com/media/english/us_pron_ogg/t/tro/trous/trousers__us_2.ogg
true,A1,A1,adjective,adjective,https://www.oxfordlearnersdictionaries.com/media/english/us_pron_ogg/t/tru/true_/true__us_1.ogg
tuesday,A1,A1,noun,noun,https://www.oxfordlearnersdictionaries.com/media/english/us_pron_ogg/t/tue/tuesd/tuesday__us_1_rr.ogg
tunnel,B2,B2,noun,noun,https://www.oxfordlearnersdictionaries.com/media/english/us_pron_ogg/t/tun/tunne/tunnel__us_2.ogg
turn,A1,A1,verb,"noun, verb",https://www.oxfordlearnersdictionaries.com/media/english/us_pron_ogg/t/tur/turn_/turn__us_1.ogg
tv,A1,A1,noun,noun,https://www.oxfordlearnersdictionaries.com/media/english/us_pron_ogg/t/tv_/tv__u/tv__us_2.ogg
twelve,A1,A1,number,number,https://www.oxfordlearnersdictionaries.com/media/english/us_pron_ogg/t/twe/twelv/twelve__us_1.ogg
twenty,A1,A1,number,number,https://www.oxfordlearnersdictionaries.com/media/english/us_pron_ogg/t/twe/twent/twenty__us_1_rr.ogg
two,A1,A1,number,number,https://www.oxfordlearnersdictionaries.com/media/english/us_pron_ogg/t/two/two__/two__us_1.ogg
typically,B1,B1,adverb,adverb,https://www.oxfordlearnersdictionaries.com/media/english/us_pron_ogg/t/typ/typic/typically__us_2.ogg
ultimate,B2,B2,adjective,adjective,https://www.oxfordlearnersdictionaries.com/media/english/us_pron_ogg/u/ult/ultim/ultimate__us_1.ogg
ultimately,B2,B2,adverb,adverb,https://www.oxfordlearnersdictionaries.com/media/english/us_pron_ogg/u/ult/ultim/ultimately__us_1.ogg
umbrella,A1,A1,noun,noun,https://www.oxfordlearnersdictionaries.com/media/english/us_pron_ogg/u/umb/umbre/umbrella__us_1.ogg
unable,B1,B1,adjective,adjective,https://www.oxfordlearnersdictionaries.com/media/english/us_pron_ogg/u/una/unabl/unable__us_2.ogg
unacceptable,B2,B2,adjective,adjective,https://www.oxfordlearnersdictionaries.com/media/english/us_pron_ogg/u/una/unacc/unacceptable__us_1.ogg
uncle,A1,A1,noun,noun,https://www.oxfordlearnersdictionaries.com/media/english/us_pron_ogg/u/unc/uncle/uncle__us_1.ogg
unconscious,B2,B2,adjective,adjective,https://www.oxfordlearnersdictionaries.com/media/english/us_pron_ogg/u/unc/uncon/unconscious__us_1.ogg
under,A1,A1,preposition,"adverb, preposition",https://www.oxfordlearnersdictionaries.com/media/english/us_pron_ogg/u/und/under/under__us_1.ogg
undertake,B2,B2,verb,verb,https://www.oxfordlearnersdictionaries.com/media/english/us_pron_ogg/u/und/under/undertake__us_1.ogg
unemployed,B1,B1,adjective,adjective,https://www.oxfordlearnersdictionaries.com/media/english/us_pron_ogg/u/une/unemp/unemployed__us_2.ogg
unemployment,B1,B1,noun,noun,https://www.oxfordlearnersdictionaries.com/media/english/us_pron_ogg/u/une/unemp/unemployment__us_1.ogg
unfortunately,A2,A2,adverb,adverb,https://www.oxfordlearnersdictionaries.com/media/english/us_pron_ogg/u/unf/unfor/unfortunately__us_1.ogg
unhappy,A2,A2,adjective,adjective,https://www.oxfordlearnersdictionaries.com/media/english/us_pron_ogg/u/unh/unhap/unhappy__us_1.ogg
uniform,A2,A2,noun,noun,https://www.oxfordlearnersdictionaries.com/media/english/us_pron_ogg/u/uni/unifo/uniform__us_1.ogg
union,B1,B1,noun,noun,https://www.oxfordlearnersdictionaries.com/media/english/us_pron_ogg/u/uni/union/union__us_2.ogg
unit,A2,A2,noun,noun,https://www.oxfordlearnersdictionaries.com/media/english/us_pron_ogg/u/uni/unit_/unit__us_1.ogg
universal,B2,B2,adjective,adjective,https://www.oxfordlearnersdictionaries.com/media/english/us_pron_ogg/u/uni/unive/universal__us_1.ogg
unless,B1,B1,conjunction,conjunction,https://www.oxfordlearnersdictionaries.com/media/english/us_pron_ogg/u/unl/unles/unless__us_1.ogg
unlikely,B1,B1,adjective,adjective,https://www.oxfordlearnersdictionaries.com/media/english/us_pron_ogg/u/unl/unlik/unlikely__us_1.ogg
until,A1,A1,preposition,"conjunction, preposition",https://www.oxfordlearnersdictionaries.com/media/english/us_pron_ogg/u/unt/until/until__us_1_rr.ogg
unusual,A2,A2,adjective,adjective,https://www.oxfordlearnersdictionaries.com/media/english/us_pron_ogg/u/unu/unusu/unusual__us_1_rr.ogg
up,A1,A1,preposition,"adverb, preposition",https://www.oxfordlearnersdictionaries.com/media/english/us_pron_ogg/u/up_/up__u/up__us_1.ogg
update,B1,B1,verb,"noun, verb",https://www.oxfordlearnersdictionaries.com/media/english/us_pron_ogg/u/upd/updat/update__us_2.ogg
urban,B2,B2,adjective,adjective,https://www.oxfordlearnersdictionaries.com/media/english/us_pron_ogg/u/urb/urban/urban__us_2.ogg
urge,B2,B2,verb,verb,https://www.oxfordlearnersdictionaries.com/media/english/us_pron_ogg/u/urg/urge_/urge__us_1.ogg
us,A1,A1,pronoun,pronoun,https://www.oxfordlearnersdictionaries.com/media/english/us_pron_ogg/u/us_/us__u/us__us_2_rr.ogg
usual,A2,A2,adjective,adjective,https://www.oxfordlearnersdictionaries.com/media/english/us_pron_ogg/u/usu/usual/usual__us_1_rr.ogg
usually,A1,A1,adverb,adverb,https://www.oxfordlearnersdictionaries.com/media/english/us_pron_ogg/u/usu/usual/usually__us_1_rr.ogg
vacation,A1,A1,noun,noun,https://www.oxfordlearnersdictionaries.com/media/english/us_pron_ogg/v/vac/vacat/vacation__us_4.ogg
valid,B2,B2,adjective,adjective,https://www.oxfordlearnersdictionaries.com/media/english/us_pron_ogg/v/val/valid/valid__us_1.ogg
valley,A2,A2,noun,noun,https://www.oxfordlearnersdictionaries.com/media/english/us_pron_ogg/v/val/valle/valley__us_2.ogg
valuable,B1,B1,adjective,adjective,https://www.oxfordlearnersdictionaries.com/media/english/us_pron_ogg/v/val/valua/valuable__us_2_rr.ogg
variation,B2,B2,noun,noun,https://www.oxfordlearnersdictionaries.com/media/english/us_pron_ogg/v/var/varia/variation__us_1.ogg
various,B1,B1,adjective,adjective,https://www.oxfordlearnersdictionaries.com/media/english/us_pron_ogg/v/var/vario/various__us_3.ogg
vegetable,A1,A1,noun,noun,https://www.oxfordlearnersdictionaries.com/media/english/us_pron_ogg/v/veg/veget/vegetable__us_1.ogg
venue,B2,B2,noun,noun,https://www.oxfordlearnersdictionaries.com/media/english/us_pron_ogg/v/ven/venue/venue__us_1.ogg
victim,B1,B1,noun,noun,https://www.oxfordlearnersdictionaries.com/media/english/us_pron_ogg/v/vic/victi/victim__us_1.ogg
video,A1,A1,noun,noun,https://www.oxfordlearnersdictionaries.com/media/english/us_pron_ogg/v/vid/video/video__us_1.ogg
visit,A1,A1,verb,"noun, verb",https://www.oxfordlearnersdictionaries.com/media/english/us_pron_ogg/v/vis/visit/visit__us_1.ogg
vital,B2,B2,adjective,adjective,https://www.oxfordlearnersdictionaries.com/media/english/us_pron_ogg/v/vit/vital/vital__us_1.ogg
vitamin,B2,B2,noun,noun,https://www.oxfordlearnersdictionaries.com/media/english/us_pron_ogg/v/vit/vitam/vitamin__us_1.ogg
voice,A2,A2,noun,noun,https://www.oxfordlearnersdictionaries.com/media/english/us_pron_ogg/v/voi/voice/voice__us_1.ogg
volunteer,B1,B1,verb,"noun, verb",https://www.oxfordlearnersdictionaries.com/media/english/us_pron_ogg/v/vol/volun/volunteer__us_1.ogg
vote,B1,B1,verb,"noun, verb",https://www.oxfordlearnersdictionaries.com/media/english/us_pron_ogg/v/vot/vote_/vote__us_1.ogg
wage,B2,B2,noun,noun,https://www.oxfordlearnersdictionaries.com/media/english/us_pron_ogg/w/wag/wage_/wage__us_1.ogg
waiter,A1,A1,noun,noun,https://www.oxfordlearnersdictionaries.com/media/english/us_pron_ogg/w/wai/waite/waiter__us_1.ogg
walk,A1,A1,verb,"noun, verb",https://www.oxfordlearnersdictionaries.com/media/english/us_pron_ogg/w/wal/walk_/walk__us_1.ogg
wall,A1,A1,noun,noun,https://www.oxfordlearnersdictionaries.com/media/english/us_pron_ogg/w/wal/wall_/wall__us_1.ogg
want,A1,A1,verb,verb,https://www.oxfordlearnersdictionaries.com/media/english/us_pron_ogg/w/wan/want_/want__us_1_rr.ogg
warn,B1,B1,verb,verb,https://www.oxfordlearnersdictionaries.com/media/english/us_pron_ogg/w/war/warn_/warn__us_1.ogg
warning,B1,B1,noun,noun,https://www.oxfordlearnersdictionaries.com/media/english/us_pron_ogg/w/war/warni/warning__us_3.ogg
waste,B1,B1,verb,"adjective, noun, verb",https://www.oxfordlearnersdictionaries.com/media/english/us_pron_ogg/w/was/waste/waste__us_1.ogg
watch,A1,A1,verb,"noun, verb",https://www.oxfordlearnersdictionaries.com/media/english/us_pron_ogg/w/wat/watch/watch__us_6.ogg
we,A1,A1,pronoun,pronoun,https://www.oxfordlearnersdictionaries.com/media/english/us_pron_ogg/w/we_/we__u/we__us_1.ogg
weak,A2,A2,adjective,adjective,https://www.oxfordlearnersdictionaries.com/media/english/us_pron_ogg/w/wea/weak_/weak__us_1.ogg
wealthy,B2,B2,adjective,adjective,https://www.oxfordlearnersdictionaries.com/media/english/us_pron_ogg/w/wea/wealt/wealthy__us_2.ogg
weapon,B1,B1,noun,noun,https://www.oxfordlearnersdictionaries.com/media/english/us_pron_ogg/w/wea/weapo/weapon__us_2.ogg
wear,A1,A1,verb,verb,https://www.oxfordlearnersdictionaries.com/media/english/us_pron_ogg/w/wea/wear_/wear__us_1.ogg
weather,A1,A1,noun,noun,https://www.oxfordlearnersdictionaries.com/media/english/us_pron_ogg/w/wea/weath/weather__us_2.ogg
web,A2,A2,noun,noun,https://www.oxfordlearnersdictionaries.com/media/english/us_pron_ogg/w/web/web__/web__us_1.ogg
wedding,A2,A2,noun,noun,https://www.oxfordlearnersdictionaries.com/media/english/us_pron_ogg/w/wed/weddi/wedding__us_3.ogg
wednesday,A1,A1,noun,noun,https://www.oxfordlearnersdictionaries.com/media/english/us_pron_ogg/w/wed/wedne/wednesday__us_1_rr.ogg
week,A1,A1,noun,noun,https://www.oxfordlearnersdictionaries.com/media/english/us_pron_ogg/w/wee/week_/week__us_1.ogg
weekend,A1,A1,noun,noun,https://www.oxfordlearnersdictionaries.com/media/english/us_pron_ogg/w/wee/weeke/weekend__us_2.ogg
weight,A2,A2,noun,noun,https://www.oxfordlearnersdictionaries.com/media/english/us_pron_ogg/w/wei/weigh/weight__us_1.ogg
welcome,A1,A1,verb,"adjective, exclamation, noun, verb",https://www.oxfordlearnersdictionaries.com/media/english/us_pron_ogg/w/wel/welco/welcome__us_2.ogg
welfare,B2,B2,noun,noun,https://www.oxfordlearnersdictionaries.com/media/english/us_pron_ogg/w/wel/welfa/welfare__us_1.ogg
well,A1,A1,adverb,"adjective, adverb, exclamation, noun",https://www.oxfordlearnersdictionaries.com/media/english/us_pron_ogg/w/wel/well_/well__us_2.ogg
wet,A2,A2,adjective,adjective,https://www.oxfordlearnersdictionaries.com/media/english/us_pron_ogg/w/wet/wet__/wet__us_1.ogg
what,A1,A1,pronoun,"determiner, pronoun",https://www.oxfordlearnersdictionaries.com/media/english/us_pron_ogg/w/wha/what_/what__us_1_rr.ogg
wheat,B2,B2,noun,noun,https://www.oxfordlearnersdictionaries.com/media/english/us_pron_ogg/w/whe/wheat/wheat__us_1.ogg
when,A1,A1,conjunction,"adverb, conjunction, pronoun",https://www.oxfordlearnersdictionaries.com/media/english/us_pron_ogg/w/whe/when_/when__us_1_rr.ogg
whenever,B1,B1,conjunction,conjunction,https://www.oxfordlearnersdictionaries.com/media/english/us_pron_ogg/w/whe/whene/whenever__us_1_rr.ogg
where,A1,A1,conjunction,"adverb, conjunction",https://www.oxfordlearnersdictionaries.com/media/english/us_pron_ogg/w/whe/where/where__us_1.ogg
whereas,B2,B2,conjunction,conjunction,https://www.oxfordlearnersdictionaries.com/media/english/us_pron_ogg/w/whe/where/whereas__us_1_rr.ogg
whether,B1,B1,conjunction,conjunction,https://www.oxfordlearnersdictionaries.com/media/english/us_pron_ogg/w/whe/wheth/whether__us_1.ogg
which,A1,A1,pronoun,"determiner, pronoun",https://www.oxfordlearnersdictionaries.com/media/english/us_pron_ogg/w/whi/which/which__us_1.ogg
whisper,B2,B2,verb,"noun, verb",https://www.oxfordlearnersdictionaries.com/media/english/us_pron_ogg/w/whi/whisp/whisper__us_1.ogg
white,A1,A1,noun,"adjective, noun",https://www.oxfordlearnersdictionaries.com/media/english/us_pron_ogg/w/whi/white/white__us_1.ogg
who,A1,A1,pronoun,pronoun,https://www.oxfordlearnersdictionaries.com/media/english/us_pron_ogg/w/who/who__/who__us_2.ogg
why,A1,A1,adverb,adverb,https://www.oxfordlearnersdictionaries.com/media/english/us_pron_ogg/w/why/why__/why__us_1.ogg
wide,A2,A2,adverb,adjective,https://www.oxfordlearnersdictionaries.com/media/english/us_pron_ogg/w/wid/wide_/wide__us_1.ogg
wife,A1,A1,noun,noun,https://www.oxfordlearnersdictionaries.com/media/english/us_pron_ogg/w/wif/wife_/wife__us_1.ogg
wild,A2,A2,adjective,adjective,https://www.oxfordlearnersdictionaries.com/media/english/us_pron_ogg/w/wil/wild_/wild__us_1.ogg
willing,B2,B2,adjective,adjective,https://www.oxfordlearnersdictionaries.com/media/english/us_pron_ogg/w/wil/willi/willing__us_1.ogg
window,A1,A1,noun,noun,https://www.oxfordlearnersdictionaries.com/media/english/us_pron_ogg/w/win/windo/window__us_1.ogg
wing,B1,B1,noun,noun,https://www.oxfordlearnersdictionaries.com/media/english/us_pron_ogg/w/win/wing_/wing__us_1.ogg
winner,A2,A2,noun,noun,https://www.oxfordlearnersdictionaries.com/media/english/us_pron_ogg/w/win/winne/winner__us_2.ogg
winter,A1,A1,noun,noun,https://www.oxfordlearnersdictionaries.com/media/english/us_pron_ogg/w/win/winte/winter__us_1.ogg
wire,B2,B2,verb,noun,https://www.oxfordlearnersdictionaries.com/media/english/us_pron_ogg/w/wir/wire_/wire__us_1.ogg
wish,A2,A2,verb,"noun, verb",https://www.oxfordlearnersdictionaries.com/media/english/us_pron_ogg/w/wis/wish_/wish__us_1.ogg
with,A1,A1,preposition,preposition,https://www.oxfordlearnersdictionaries.com/media/english/us_pron_ogg/w/wit/with_/with__us_1_rr.ogg
withdraw,B2,B2,verb,verb,https://www.oxfordlearnersdictionaries.com/media/english/us_pron_ogg/w/wit/withd/withdraw__us_1_rr.ogg
woman,A1,A1,noun,noun,https://www.oxfordlearnersdictionaries.com/media/english/us_pron_ogg/w/wom/woman/woman__us_1.ogg
wonderful,A1,A1,adjective,adjective,https://www.oxfordlearnersdictionaries.com/media/english/us_pron_ogg/w/won/wonde/wonderful__us_2.ogg
wood,A2,A2,noun,noun,https://www.oxfordlearnersdictionaries.com/media/english/us_pron_ogg/w/woo/wood_/wood__us_1.ogg
wooden,A2,A2,adjective,adjective,https://www.oxfordlearnersdictionaries.com/media/english/us_pron_ogg/w/woo/woode/wooden__us_2.ogg
word,A1,A1,noun,noun,https://www.oxfordlearnersdictionaries.com/media/english/us_pron_ogg/w/wor/word_/word__us_1.ogg
work,A1,A1,verb,"noun, verb",https://www.oxfordlearnersdictionaries.com/media/english/us_pron_ogg/w/wor/work_/work__us_1.ogg
worker,A1,A1,noun,noun,https://www.oxfordlearnersdictionaries.com/media/english/us_pron_ogg/w/wor/worke/worker__us_2.ogg
world,A1,A1,noun,noun,https://www.oxfordlearnersdictionaries.com/media/english/us_pron_ogg/w/wor/world/world__us_1.ogg
worm,B2,B2,noun,noun,https://www.oxfordlearnersdictionaries.com/media/english/us_pron_ogg/w/wor/worm_/worm__us_1.ogg
worried,A2,A2,adjective,adjective,https://www.oxfordlearnersdictionaries.com/media/english/us_pron_ogg/w/wor/worri/worried__us_1.ogg
worth,B1,B1,adjective,"adjective, noun",https://www.oxfordlearnersdictionaries.com/media/english/us_pron_ogg/w/wor/worth/worth__us_1.ogg
would,A1,A1,modal auxiliary,modal verb,https://www.oxfordlearnersdictionaries.com/media/english/us_pron_ogg/w/wou/would/would__us_6_rr.ogg
wound,B2,B2,verb,"noun, verb",https://www.oxfordlearnersdictionaries.com/media/english/us_pron_ogg/w/wou/wound/wound__us_2.ogg
write,A1,A1,verb,verb,https://www.oxfordlearnersdictionaries.com/media/english/us_pron_ogg/w/wri/write/write__us_1.ogg
writer,A1,A1,noun,noun,https://www.oxfordlearnersdictionaries.com/media/english/us_pron_ogg/w/wri/write/writer__us_3.ogg
written,B1,B1,adjective,adjective,https://www.oxfordlearnersdictionaries.com/media/english/us_pron_ogg/w/wri/writt/written__us_3.ogg
year,A1,A1,noun,noun,https://www.oxfordlearnersdictionaries.com/media/english/us_pron_ogg/y/yea/year_/year__us_1.ogg
yellow,A1,A1,noun,"adjective, noun",https://www.oxfordlearnersdictionaries.com/media/english/us_pron_ogg/y/yel/yello/yellow__us_3.ogg
yes,A1,A1,adverb,exclamation,https://www.oxfordlearnersdictionaries.com/media/english/us_pron_ogg/y/yes/yes__/yes__us_2.ogg
yesterday,A1,A1,adverb,"adverb, noun",https://www.oxfordlearnersdictionaries.com/media/english/us_pron_ogg/y/yes/yeste/yesterday__us_1_rr.ogg
you,A1,A1,pronoun,pronoun,https://www.oxfordlearnersdictionaries.com/media/english/us_pron_ogg/y/you/you__/you__us_1_rr.ogg
young,A1,A1,adjective,"adjective, noun",https://www.oxfordlearnersdictionaries.com/media/english/us_pron_ogg/y/you/young/young__us_1.ogg
your,A1,A1,determiner,determiner,https://www.oxfordlearnersdictionaries.com/media/english/us_pron_ogg/y/you/your_/your__us_3_rr.ogg
yourself,A1,A1,pronoun,pronoun,https://www.oxfordlearnersdictionaries.com/media/english/us_pron_ogg/y/you/yours/yourself__us_1.ogg
