word,wf_rank,wf_pct,wf_zipf,sub_rank,sub_pct,sub_zipf,ox_cefr,ox_pos
the,1,100.0,7.73,2,79.07,7.55,A1,determiner
to,2,50.09,7.43,3,59.4,7.42,A1,"infinitive-to, preposition"
and,3,47.86,7.41,5,36.73,7.21,A1,conjunction
of,4,46.74,7.4,7,30.97,7.14,A1,preposition
a,5,42.64,7.36,,,,A1,determiner
in,6,34.64,7.27,9,25.49,7.05,A1,"adverb, preposition"
i,7,22.91,7.09,,,,A1,pronoun
is,8,21.79,7.07,8,25.71,7.06,A1,be-verb
for,9,18.99,7.01,15,17.97,6.9,A1,"conjunction, preposition"
that,10,18.99,7.01,6,35.44,7.2,A1,"adverb, conjunction, determiner, pronoun"
you,11,17.78,6.98,1,100.0,7.65,A1,pronoun
it,12,16.59,6.95,4,47.35,7.32,A1,"noun, pronoun"
on,13,15.14,6.91,17,16.75,6.87,A1,"adverb, preposition"
with,14,13.18,6.85,29,13.22,6.77,A1,preposition
this,15,12.31,6.82,13,19.94,6.95,A1,"determiner, pronoun"
was,16,12.31,6.82,21,15.29,6.83,A1,be-verb
be,17,11.49,6.79,24,14.63,6.81,A1,be-verb
as,18,10.97,6.77,60,6.23,6.44,A1,"conjunction, preposition"
are,19,10.24,6.74,25,14.6,6.81,A1,be-verb
have,20,9.55,6.71,18,16.55,6.87,A1,have-verb
at,21,9.33,6.7,46,8.45,6.57,A1,preposition
he,22,9.12,6.69,14,19.16,6.93,A1,pronoun
not,23,9.12,6.69,23,14.81,6.82,A1,adverb
by,24,8.51,6.66,97,3.79,6.23,A1,preposition
but,25,7.95,6.63,30,12.61,6.75,B1,"conjunction, preposition"
from,26,7.95,6.63,66,5.94,6.42,A1,preposition
my,27,6.93,6.57,16,17.16,6.88,A1,determiner
or,28,6.46,6.54,85,4.4,6.29,A1,conjunction
we,29,6.46,6.54,11,23.47,7.02,A1,pronoun
an,30,6.31,6.53,73,5.03,6.35,A1,determiner
your,31,6.31,6.53,19,16.02,6.85,A1,determiner
all,32,6.16,6.52,31,12.31,6.74,A1,"adverb, determiner, pronoun"
so,33,6.16,6.52,32,11.93,6.72,A1,"adverb, conjunction"
his,34,6.03,6.51,68,5.79,6.41,A1,"determiner, pronoun"
they,35,5.88,6.5,36,10.63,6.67,A1,pronoun
me,36,5.62,6.48,12,22.39,7.0,A1,pronoun
if,37,5.49,6.47,41,9.14,6.61,A1,conjunction
one,38,5.49,6.47,50,7.86,6.54,A2,"determiner, number, pronoun"
can,39,5.36,6.46,28,13.29,6.77,A2,"modal auxiliary, noun"
will,40,5.25,6.45,56,6.84,6.48,B2,"modal auxiliary, noun"
just,41,5.01,6.43,33,11.58,6.71,A1,adverb
like,42,4.79,6.41,37,10.36,6.66,A1,"conjunction, preposition, verb"
about,43,4.67,6.4,44,8.64,6.58,A1,"adverb, preposition"
up,44,4.56,6.39,45,8.54,6.58,A1,"adverb, preposition"
out,45,4.47,6.38,43,8.72,6.59,A1,adverb
what,46,4.47,6.38,10,23.97,7.03,A1,"determiner, pronoun"
has,47,4.36,6.37,100,3.6,6.2,A1,have-verb
when,48,4.36,6.37,70,5.32,6.37,A1,"adverb, conjunction"
more,49,4.26,6.36,102,3.51,6.19,A1,"adverb, determiner, pronoun"
do,50,4.17,6.35,20,15.35,6.83,A1,do-verb
no,51,4.17,6.35,22,15.2,6.83,A1,"adverb, determiner"
were,52,4.08,6.34,81,4.57,6.31,A1,be-verb
who,53,4.08,6.34,64,6.03,6.43,A1,pronoun
had,54,3.99,6.33,84,4.43,6.29,A1,have-verb
it's,55,3.99,6.33,,,,,
their,56,3.99,6.33,143,2.09,5.97,A1,determiner
there,57,3.8,6.31,34,10.94,6.69,A1,adverb
her,58,3.72,6.3,53,7.49,6.52,A1,"determiner, pronoun"
which,59,3.72,6.3,189,1.47,5.81,A1,"determiner, pronoun"
time,60,3.63,6.29,72,5.05,6.35,B2,"noun, verb"
get,61,3.56,6.28,38,10.02,6.65,A1,verb
been,62,3.46,6.27,86,4.39,6.29,A2,be-verb
would,63,3.46,6.27,78,4.66,6.32,A1,modal auxiliary
she,64,3.39,6.26,39,9.65,6.63,A1,pronoun
new,65,3.31,6.25,168,1.77,5.89,A1,adjective
people,66,3.31,6.25,109,3.08,6.14,A1,noun
how,67,3.24,6.24,54,7.44,6.52,A1,adverb
don't,68,2.94,6.2,,,,,
some,69,2.94,6.2,92,4.05,6.26,A1,"determiner, pronoun"
also,70,2.89,6.19,291,0.9,5.6,A1,adverb
them,71,2.89,6.19,79,4.61,6.31,A1,pronoun
now,72,2.81,6.18,48,7.99,6.55,B2,"adverb, conjunction"
other,73,2.7,6.16,149,2.01,5.95,A2,"determiner, pronoun"
i'm,74,2.63,6.15,,,,,
its,75,2.57,6.14,391,0.63,5.44,A1,"determiner, pronoun"
our,76,2.57,6.14,87,4.14,6.26,A1,determiner
than,77,2.51,6.13,157,1.95,5.94,A1,"conjunction, preposition"
good,78,2.46,6.12,63,6.05,6.43,B2,"adjective, noun"
only,79,2.46,6.12,108,3.08,6.14,A1,"adjective, adverb"
after,80,2.4,6.11,153,1.99,5.95,A1,"adverb, conjunction, preposition"
first,81,2.4,6.11,132,2.28,6.01,A1,"adjective, adverb"
him,82,2.4,6.11,47,8.44,6.57,A1,pronoun
into,83,2.4,6.11,133,2.28,6.0,A1,preposition
know,84,2.35,6.1,27,13.52,6.78,A1,verb
see,85,2.35,6.1,61,6.19,6.44,A1,verb
two,86,2.35,6.1,124,2.66,6.07,A1,number
make,87,2.23,6.08,105,3.35,6.17,A1,"noun, verb"
over,88,2.23,6.08,110,3.06,6.13,A1,"adverb, preposition"
think,89,2.23,6.08,59,6.39,6.45,A1,verb
any,90,2.18,6.07,123,2.67,6.07,A1,"determiner, pronoun"
then,91,2.18,6.07,83,4.43,6.29,A1,adverb
could,92,2.14,6.06,95,3.86,6.23,A1,modal auxiliary
back,93,2.05,6.04,75,4.88,6.34,B1,"adjective, adverb, noun, verb"
these,94,2.05,6.04,130,2.37,6.02,A1,"determiner, pronoun"
us,95,2.05,6.04,77,4.68,6.32,A1,pronoun
want,96,2.05,6.04,58,6.78,6.48,A1,"noun, verb"
because,97,1.99,6.03,111,3.06,6.13,A1,conjunction
go,98,1.99,6.03,40,9.51,6.63,A1,"noun, verb"
well,99,1.99,6.03,52,7.5,6.52,A1,"adjective, adverb"
said,100,1.9,6.01,117,2.84,6.1,,
way,101,1.9,6.01,103,3.47,6.19,A1,noun
1,102,1.86,6.0,,,,,
2,103,1.86,6.0,,,,,
most,104,1.86,6.0,269,0.98,5.64,A2,"adverb, determiner, pronoun"
much,105,1.86,6.0,126,2.57,6.06,A1,"adverb, determiner, pronoun"
very,106,1.86,6.0,106,3.28,6.16,A1,"adjective, adverb"
where,107,1.86,6.0,80,4.59,6.31,A1,"adverb, conjunction"
even,108,1.82,5.99,125,2.59,6.06,A2,"adjective, adverb"
should,109,1.82,5.99,115,2.86,6.1,A1,modal auxiliary
may,110,1.78,5.98,215,1.3,5.76,A1,"modal auxiliary, noun"
here,111,1.74,5.97,35,10.9,6.68,A1,adverb
need,112,1.74,5.97,98,3.61,6.21,A2,"modal auxiliary, noun, verb"
really,113,1.74,5.97,90,4.08,6.26,A1,adverb
did,114,1.7,5.96,62,6.05,6.43,A1,do-verb
right,115,1.7,5.96,42,8.95,6.6,A2,"adjective, adverb, noun"
work,116,1.7,5.96,142,2.12,5.97,A1,"noun, verb"
year,117,1.7,5.96,354,0.72,5.51,A1,noun
years,118,1.7,5.96,173,1.67,5.87,,
being,119,1.66,5.95,207,1.34,5.78,A2,noun
day,120,1.66,5.95,140,2.15,5.98,A1,noun
too,121,1.66,5.95,101,3.55,6.2,A1,adverb
going,122,1.62,5.94,71,5.28,6.37,,
before,123,1.58,5.93,148,2.01,5.95,A1,"adverb, conjunction, preposition"
off,124,1.58,5.93,120,2.78,6.09,B1,"adjective, adverb, preposition"
why,125,1.58,5.93,65,5.98,6.42,A1,adverb
made,126,1.55,5.92,186,1.51,5.83,,
still,127,1.55,5.92,135,2.22,5.99,A2,"adjective, adverb"
take,128,1.55,5.92,82,4.56,6.31,A1,"noun, verb"
3,129,1.51,5.91,,,,,
got,130,1.51,5.91,57,6.84,6.48,,
many,131,1.51,5.91,247,1.09,5.69,A1,"determiner, pronoun"
never,132,1.51,5.91,107,3.23,6.16,A1,adverb
those,133,1.48,5.9,163,1.84,5.91,A1,"determiner, pronoun"
life,134,1.45,5.89,137,2.17,5.98,A1,noun
say,135,1.45,5.89,93,4.01,6.25,A1,"noun, verb"
world,136,1.45,5.89,218,1.29,5.76,A1,noun
down,137,1.41,5.88,104,3.4,6.18,A2,"adjective, adverb, preposition"
great,138,1.41,5.88,162,1.9,5.93,A1,adjective
through,139,1.38,5.87,206,1.35,5.78,A1,"adverb, preposition"
you're,140,1.38,5.87,,,,,
last,141,1.35,5.86,164,1.83,5.91,B1,"adverb, determiner, pronoun, verb"
s,142,1.35,5.86,,,,,
that's,143,1.35,5.86,,,,,
while,144,1.35,5.86,301,0.89,5.6,B1,"conjunction, noun"
best,145,1.29,5.84,251,1.07,5.68,A1,"adjective, adverb"
such,146,1.29,5.84,288,0.91,5.6,A2,"determiner, pronoun"
love,147,1.23,5.82,114,2.88,6.11,A1,"noun, verb"
man,148,1.23,5.82,91,4.08,6.26,A1,noun
home,149,1.2,5.81,159,1.93,5.93,A1,"adverb, noun"
long,150,1.2,5.81,172,1.72,5.88,A2,"adjective, adverb"
look,151,1.2,5.81,76,4.68,6.32,A1,"noun, verb"
something,152,1.2,5.81,99,3.61,6.2,A1,pronoun
use,153,1.2,5.81,300,0.89,5.6,A1,"noun, verb"
can't,154,1.18,5.8,,,,,
same,155,1.18,5.8,230,1.21,5.73,A1,"adjective, adverb, pronoun"
used,156,1.18,5.8,282,0.92,5.61,A2,adjective
both,157,1.15,5.79,276,0.94,5.62,A1,"adverb, determiner, pronoun"
every,158,1.15,5.79,204,1.35,5.78,A1,determiner
4,159,1.12,5.78,,,,,
am,160,1.12,5.78,121,2.73,6.08,A1,be-verb
come,161,1.12,5.78,51,7.66,6.53,A1,verb
part,162,1.12,5.78,370,0.67,5.47,B2,"noun, verb"
state,163,1.12,5.78,699,0.28,5.1,B2,"adjective, noun, verb"
three,164,1.12,5.78,221,1.27,5.75,A1,number
around,165,1.1,5.77,177,1.64,5.86,A1,"adverb, preposition"
between,166,1.1,5.77,458,0.53,5.37,A1,preposition
always,167,1.07,5.76,170,1.75,5.89,A1,adverb
better,168,1.07,5.76,165,1.81,5.9,A2,"adjective, adverb"
find,169,1.07,5.76,136,2.18,5.99,A1,verb
5,170,1.05,5.75,,,,,
help,171,1.05,5.75,131,2.31,6.01,A1,"noun, verb"
high,172,1.05,5.75,488,0.49,5.33,A2,"adjective, adverb"
little,173,1.05,5.75,112,3.02,6.13,B1,"adjective, adverb, determiner, pronoun"
old,174,1.05,5.75,187,1.5,5.82,A1,adjective
since,175,1.05,5.75,302,0.88,5.59,A2,"adverb, conjunction, preposition"
another,176,1.02,5.74,224,1.27,5.75,A2,"determiner, pronoun"
does,177,1.02,5.74,175,1.66,5.87,A1,do-verb
own,178,1.02,5.74,229,1.22,5.74,B1,"adjective, pronoun, verb"
things,179,1.02,5.74,169,1.75,5.89,,
under,180,1.0,5.73,375,0.66,5.47,A1,preposition
during,181,0.98,5.72,738,0.26,5.06,A2,preposition
game,182,0.98,5.72,446,0.55,5.39,A1,noun
i've,183,0.98,5.72,,,,,
thing,184,0.98,5.72,129,2.42,6.03,A1,noun
give,185,0.96,5.71,119,2.82,6.1,A1,verb
house,186,0.96,5.71,203,1.35,5.78,A1,noun
place,187,0.96,5.71,180,1.55,5.84,B1,"noun, verb"
school,188,0.96,5.71,318,0.83,5.57,A1,noun
again,189,0.93,5.7,145,2.05,5.96,A1,adverb
next,190,0.93,5.7,236,1.17,5.71,B2,"adverb, determiner, pronoun"
each,191,0.91,5.69,351,0.74,5.51,A1,"determiner, pronoun"
mr,192,0.91,5.69,448,0.54,5.38,,
without,193,0.91,5.69,263,1.01,5.65,A2,preposition
against,194,0.89,5.68,425,0.57,5.41,A2,preposition
didn't,195,0.89,5.68,,,,,
end,196,0.89,5.68,321,0.82,5.56,A2,"noun, verb"
found,197,0.89,5.68,235,1.17,5.72,B2,verb
must,198,0.89,5.68,147,2.02,5.95,A1,modal auxiliary
show,199,0.89,5.68,231,1.21,5.73,A1,"noun, verb"
big,200,0.87,5.67,190,1.45,5.81,A1,adjective
feel,201,0.87,5.67,182,1.54,5.84,A1,"noun, verb"
sure,202,0.87,5.67,128,2.46,6.04,A2,"adjective, adverb"
team,203,0.87,5.67,505,0.47,5.32,A1,noun
ever,204,0.85,5.66,181,1.54,5.84,A2,adverb
family,205,0.85,5.66,261,1.02,5.66,A1,noun
keep,206,0.85,5.66,171,1.73,5.89,A1,verb
might,207,0.85,5.66,220,1.28,5.75,A2,modal auxiliary
please,208,0.85,5.66,113,2.93,6.11,B1,"adverb, verb"
put,209,0.85,5.66,161,1.92,5.93,A1,verb
money,210,0.81,5.64,176,1.64,5.86,A1,noun
free,211,0.8,5.63,494,0.48,5.33,B2,"adjective, adverb, verb"
second,212,0.8,5.63,366,0.67,5.48,A2,"adjective, adverb, noun, pronoun"
someone,213,0.8,5.63,197,1.39,5.79,A1,pronoun
away,214,0.78,5.62,156,1.96,5.94,A1,adverb
left,215,0.78,5.62,210,1.32,5.77,A2,"adjective, adverb, noun"
number,216,0.78,5.62,432,0.57,5.4,A1,noun
city,217,0.76,5.61,478,0.5,5.34,A1,noun
days,218,0.76,5.61,304,0.88,5.59,,
lot,219,0.76,5.61,191,1.43,5.8,A1,"adverb, noun, pronoun"
name,220,0.76,5.61,179,1.58,5.85,B1,"noun, verb"
night,221,0.76,5.61,160,1.93,5.93,A1,noun
play,222,0.76,5.61,324,0.81,5.56,A1,"noun, verb"
until,223,0.76,5.61,338,0.78,5.54,A1,"conjunction, preposition"
company,224,0.74,5.6,575,0.38,5.22,A2,noun
doing,225,0.74,5.6,127,2.54,6.05,A1,do-verb
few,226,0.74,5.6,329,0.8,5.55,B1,"determiner, pronoun"
he's,227,0.74,5.6,,,,,
let,228,0.74,5.6,67,5.92,6.42,A1,verb
real,229,0.74,5.6,262,1.02,5.66,A1,"adjective, adverb"
6,230,0.72,5.59,,,,,
called,231,0.72,5.59,281,0.92,5.61,,
different,232,0.72,5.59,404,0.61,5.43,A1,adjective
having,233,0.72,5.59,358,0.72,5.5,,
set,234,0.72,5.59,429,0.57,5.4,A1,"noun, verb"
thought,235,0.72,5.59,158,1.94,5.94,A2,noun
done,236,0.71,5.58,192,1.42,5.8,A2,do-verb
however,237,0.71,5.58,1258,0.14,4.79,A2,adverb
getting,238,0.69,5.57,237,1.15,5.71,,
god,239,0.69,5.57,141,2.13,5.97,B2,noun
government,240,0.69,5.57,875,0.21,4.98,A2,noun
group,241,0.69,5.57,834,0.22,5.0,B1,"noun, verb"
looking,242,0.69,5.57,240,1.13,5.7,,
public,243,0.69,5.57,902,0.21,4.96,A2,"adjective, noun"
top,244,0.69,5.57,587,0.37,5.21,A1,"adjective, noun"
women,245,0.69,5.57,463,0.52,5.37,,
business,246,0.68,5.56,343,0.75,5.52,A1,noun
care,247,0.68,5.56,238,1.15,5.71,B1,"noun, verb"
start,248,0.68,5.56,299,0.89,5.6,A1,"noun, verb"
system,249,0.68,5.56,747,0.26,5.06,A2,noun
times,250,0.68,5.56,399,0.61,5.43,B2,preposition
week,251,0.68,5.56,440,0.55,5.39,A1,noun
7,252,0.66,5.55,,,,,
already,253,0.66,5.55,267,1.0,5.65,A1,adverb
anything,254,0.66,5.55,134,2.22,5.99,A1,pronoun
case,255,0.66,5.55,344,0.75,5.52,A1,noun
nothing,256,0.66,5.55,138,2.16,5.98,A1,pronoun
person,257,0.66,5.55,369,0.67,5.47,A1,noun
today,258,0.66,5.55,222,1.27,5.75,A1,"adverb, noun"
change,259,0.65,5.54,383,0.65,5.46,A1,"noun, verb"
enough,260,0.65,5.54,212,1.31,5.76,A2,"adverb, determiner, pronoun"
everything,261,0.65,5.54,166,1.81,5.9,A1,pronoun
full,262,0.65,5.54,515,0.45,5.3,A1,adjective
live,263,0.65,5.54,271,0.98,5.64,A1,"adjective, verb"
making,264,0.65,5.54,412,0.59,5.42,,
point,265,0.65,5.54,406,0.61,5.43,A2,"noun, verb"
read,266,0.65,5.54,452,0.54,5.38,A1,verb
there's,267,0.65,5.54,,,,,
told,268,0.65,5.54,167,1.8,5.9,,
yet,269,0.65,5.54,296,0.9,5.6,B1,"adverb, conjunction"
bad,270,0.63,5.53,219,1.29,5.76,A1,adjective
doesn't,271,0.63,5.53,,,,,
four,272,0.63,5.53,419,0.58,5.41,A1,number
hard,273,0.63,5.53,314,0.84,5.57,A1,"adjective, adverb"
mean,274,0.63,5.53,116,2.85,6.1,A1,"adjective, noun, verb"
once,275,0.63,5.53,278,0.94,5.62,B2,"adverb, conjunction"
support,276,0.63,5.53,1061,0.17,4.87,B1,"noun, verb"
tell,277,0.63,5.53,89,4.09,6.26,A1,verb
including,278,0.62,5.52,1918,0.08,4.56,B1,preposition
music,279,0.62,5.52,356,0.72,5.5,A1,noun
power,280,0.62,5.52,497,0.47,5.32,A2,noun
seen,281,0.62,5.52,270,0.98,5.64,,
states,282,0.62,5.52,1438,0.12,4.72,,
stop,283,0.62,5.52,151,1.99,5.95,A1,"noun, verb"
water,284,0.62,5.52,368,0.67,5.47,B2,"noun, verb"
based,285,0.6,5.51,1738,0.09,4.62,,
believe,286,0.6,5.51,195,1.4,5.79,A1,verb
call,287,0.6,5.51,152,1.99,5.95,A2,"noun, verb"
head,288,0.6,5.51,280,0.93,5.61,A2,"noun, verb"
men,289,0.6,5.51,297,0.89,5.6,,
national,290,0.6,5.51,1453,0.12,4.72,A2,adjective
small,291,0.6,5.51,564,0.39,5.24,A1,adjective
took,292,0.6,5.51,294,0.9,5.6,,
white,293,0.6,5.51,561,0.39,5.24,A1,"adjective, noun"
came,294,0.59,5.5,214,1.3,5.76,,
far,295,0.59,5.5,389,0.63,5.45,A2,"adjective, adverb"
job,296,0.59,5.5,259,1.04,5.66,A1,noun
side,297,0.59,5.5,450,0.54,5.38,A1,noun
though,298,0.59,5.5,453,0.54,5.38,A2,"adverb, conjunction"
try,299,0.59,5.5,242,1.13,5.7,A2,"noun, verb"
went,300,0.59,5.5,244,1.12,5.7,,
yes,301,0.59,5.5,69,5.68,6.4,A1,adverb
actually,302,0.58,5.49,273,0.97,5.63,A2,adverb
american,303,0.58,5.49,852,0.22,4.99,,
later,304,0.58,5.49,353,0.73,5.51,A1,"adjective, adverb"
less,305,0.58,5.49,646,0.31,5.14,A2,"adverb, determiner, pronoun"
line,306,0.58,5.49,509,0.46,5.31,B2,"noun, verb"
order,307,0.58,5.49,529,0.44,5.29,A2,"noun, verb"
party,308,0.58,5.49,423,0.58,5.41,A1,noun
run,309,0.58,5.49,312,0.85,5.58,A1,"noun, verb"
says,310,0.58,5.49,346,0.75,5.52,,
service,311,0.58,5.49,910,0.21,4.96,B1,"noun, verb"
8,312,0.56,5.48,,,,,
country,313,0.56,5.48,527,0.44,5.29,A2,noun
open,314,0.56,5.48,333,0.8,5.55,A1,"adjective, verb"
season,315,0.56,5.48,1666,0.1,4.64,B1,noun
shit,316,0.56,5.48,275,0.95,5.62,,
thank,317,0.56,5.48,122,2.69,6.08,A1,verb
children,318,0.55,5.47,449,0.54,5.38,,
everyone,319,0.55,5.47,311,0.85,5.58,A1,pronoun
general,320,0.55,5.47,719,0.27,5.07,B1,"adjective, noun"
they're,321,0.55,5.47,,,,,
trying,322,0.55,5.47,255,1.05,5.67,,
united,323,0.55,5.47,1519,0.11,4.69,B2,adjective
using,324,0.55,5.47,808,0.23,5.01,,
area,325,0.54,5.46,854,0.22,4.99,A2,noun
black,326,0.54,5.46,537,0.43,5.28,A1,"adjective, noun"
d,327,0.54,5.46,,,,,
following,328,0.54,5.46,1282,0.14,4.78,B2,"adjective, preposition"
law,329,0.54,5.46,709,0.27,5.08,A2,noun
makes,330,0.54,5.46,408,0.6,5.42,,
together,331,0.54,5.46,257,1.05,5.67,A1,adverb
war,332,0.54,5.46,477,0.5,5.34,A1,noun
whole,333,0.54,5.46,298,0.89,5.6,B1,"adjective, noun"
car,334,0.53,5.45,239,1.15,5.71,A1,noun
face,335,0.53,5.45,337,0.78,5.54,A2,"noun, verb"
five,336,0.53,5.45,387,0.64,5.45,A1,number
kind,337,0.53,5.45,201,1.36,5.78,A1,"adjective, noun"
maybe,338,0.53,5.45,146,2.02,5.95,A1,adverb
per,339,0.53,5.45,2013,0.08,4.54,B1,preposition
president,340,0.53,5.45,694,0.28,5.1,B1,noun
story,341,0.53,5.45,431,0.57,5.4,A1,noun
working,342,0.53,5.45,367,0.67,5.47,B1,adjective
course,343,0.51,5.44,208,1.33,5.77,A1,noun
games,344,0.51,5.44,1492,0.11,4.7,,
health,345,0.51,5.44,1422,0.12,4.73,A1,noun
hope,346,0.51,5.44,336,0.79,5.54,B1,"noun, verb"
important,347,0.51,5.44,428,0.57,5.4,A1,adjective
least,348,0.51,5.44,434,0.57,5.4,B2,"adverb, determiner, pronoun"
means,349,0.51,5.44,405,0.61,5.43,B2,noun
news,350,0.51,5.44,511,0.46,5.31,A1,noun
within,351,0.51,5.44,942,0.2,4.94,A2,preposition
able,352,0.5,5.43,468,0.51,5.36,B1,adjective
book,353,0.5,5.43,559,0.4,5.24,B1,"noun, verb"
early,354,0.5,5.43,678,0.29,5.12,A1,"adjective, adverb"
friends,355,0.5,5.43,330,0.8,5.55,,
i'll,356,0.5,5.43,,,,,
information,357,0.5,5.43,760,0.25,5.04,A1,noun
local,358,0.5,5.43,1336,0.13,4.76,A2,adjective
oh,359,0.5,5.43,49,7.98,6.55,,
post,360,0.5,5.43,1772,0.09,4.6,A2,"noun, verb"
t,361,0.5,5.43,,,,,
thanks,362,0.5,5.43,199,1.37,5.79,A1,noun
video,363,0.5,5.43,1256,0.14,4.79,A1,noun
young,364,0.5,5.43,365,0.68,5.48,A1,adjective
ago,365,0.49,5.42,332,0.8,5.55,A1,adverb
others,366,0.49,5.42,620,0.34,5.17,,
social,367,0.49,5.42,1639,0.1,4.65,A1,adjective
talk,368,0.49,5.42,155,1.97,5.94,A1,"noun, verb"
9,369,0.48,5.41,,,,,
court,370,0.48,5.41,735,0.26,5.06,A2,noun
fact,371,0.48,5.41,531,0.43,5.28,A2,noun
given,372,0.48,5.41,658,0.3,5.13,A2,adjective
guys,373,0.48,5.41,183,1.54,5.83,,
half,374,0.48,5.41,491,0.48,5.33,A2,"adverb, determiner, noun, pronoun"
hand,375,0.48,5.41,357,0.72,5.5,A2,"noun, verb"
isn't,376,0.48,5.41,,,,,
level,377,0.48,5.41,1275,0.14,4.78,B2,"adjective, noun, verb"
mind,378,0.48,5.41,248,1.09,5.68,A2,"noun, verb"
often,379,0.48,5.41,952,0.19,4.94,A1,adverb
single,380,0.48,5.41,835,0.22,5.0,B1,"adjective, noun"
become,381,0.47,5.4,519,0.45,5.3,A1,verb
body,382,0.47,5.4,413,0.59,5.42,A1,noun
coming,383,0.47,5.4,202,1.35,5.78,,
control,384,0.47,5.4,594,0.36,5.2,B1,"noun, verb"
death,385,0.47,5.4,376,0.66,5.46,A2,noun
food,386,0.47,5.4,522,0.44,5.29,A1,noun
guy,387,0.47,5.4,185,1.51,5.83,A1,noun
hours,388,0.47,5.4,461,0.53,5.37,,
office,389,0.47,5.4,483,0.49,5.34,A1,noun
pay,390,0.47,5.4,378,0.66,5.46,A1,"noun, verb"
problem,391,0.47,5.4,328,0.81,5.55,A1,noun
south,392,0.47,5.4,1030,0.17,4.89,A2,"adjective, adverb, noun"
true,393,0.47,5.4,347,0.75,5.52,A1,adjective
we're,394,0.47,5.4,,,,,
almost,395,0.46,5.39,465,0.52,5.36,A1,adverb
fuck,396,0.46,5.39,289,0.9,5.6,,
history,397,0.46,5.39,784,0.24,5.03,A1,noun
known,398,0.46,5.39,628,0.33,5.17,B2,adjective
large,399,0.46,5.39,1335,0.13,4.76,A1,adjective
lost,400,0.46,5.39,339,0.77,5.54,A2,adjective
m,401,0.46,5.39,,,,,
research,402,0.46,5.39,1558,0.11,4.68,B2,"noun, verb"
room,403,0.46,5.39,265,1.01,5.65,B1,"noun, verb"
several,404,0.46,5.39,1401,0.12,4.74,A2,"determiner, pronoun"
started,405,0.46,5.39,455,0.54,5.38,,
taking,406,0.46,5.39,397,0.62,5.44,,
university,407,0.46,5.39,1896,0.08,4.57,A2,noun
win,408,0.46,5.39,592,0.36,5.2,A1,"noun, verb"
wrong,409,0.46,5.39,217,1.29,5.76,A2,"adjective, adverb"
along,410,0.45,5.38,520,0.45,5.3,A2,"adverb, preposition"
anyone,411,0.45,5.38,334,0.79,5.55,A1,pronoun
else,412,0.45,5.38,232,1.18,5.72,A1,adverb
girl,413,0.45,5.38,196,1.4,5.79,A1,noun
john,414,0.45,5.38,569,0.38,5.23,,
matter,415,0.45,5.38,307,0.86,5.58,A2,"noun, verb"
pretty,416,0.45,5.38,292,0.9,5.6,A2,"adjective, adverb"
remember,417,0.45,5.38,227,1.24,5.74,A1,verb
air,418,0.44,5.37,604,0.35,5.19,A2,noun
bit,419,0.44,5.37,293,0.9,5.6,A2,noun
friend,420,0.44,5.37,250,1.07,5.68,A1,noun
hit,421,0.44,5.37,396,0.62,5.44,A2,"noun, verb"
needs,422,0.44,5.37,525,0.44,5.29,,
nice,423,0.44,5.37,194,1.41,5.8,A1,adjective
playing,424,0.44,5.37,471,0.51,5.35,,
probably,425,0.44,5.37,359,0.7,5.5,A2,adverb
saying,426,0.44,5.37,322,0.82,5.56,,
understand,427,0.44,5.37,225,1.27,5.75,A2,verb
yeah,428,0.44,5.37,55,6.95,6.49,A2,adverb
york,429,0.44,5.37,818,0.23,5.01,,
class,430,0.43,5.36,726,0.27,5.07,A1,noun
close,431,0.43,5.36,421,0.58,5.41,A1,"adjective, verb"
comes,432,0.43,5.36,427,0.57,5.4,,
i'd,433,0.43,5.36,,,,,
idea,434,0.43,5.36,283,0.91,5.61,A1,noun
international,435,0.43,5.36,2514,0.06,4.42,A2,adjective
looks,436,0.43,5.36,325,0.81,5.56,,
past,437,0.43,5.36,581,0.37,5.22,A1,"adjective, adverb, preposition"
possible,438,0.43,5.36,583,0.37,5.21,A2,adjective
wanted,439,0.43,5.36,200,1.36,5.78,,
b,440,0.42,5.35,,,,,
cause,441,0.42,5.35,542,0.42,5.27,A2,"noun, verb"
due,442,0.42,5.35,1391,0.12,4.74,A1,adjective
happy,443,0.42,5.35,286,0.91,5.61,A1,adjective
human,444,0.42,5.35,596,0.36,5.2,B1,"adjective, noun"
members,445,0.42,5.35,1785,0.09,4.6,,
months,446,0.42,5.35,516,0.45,5.3,,
move,447,0.42,5.35,268,0.99,5.64,A2,"noun, verb"
question,448,0.42,5.35,484,0.49,5.34,B2,"noun, verb"
r,449,0.42,5.35,,,,,
series,450,0.42,5.35,2377,0.06,4.45,B1,noun
wait,451,0.42,5.35,150,2.0,5.95,A1,"noun, verb"
woman,452,0.42,5.35,243,1.13,5.7,A1,noun
ask,453,0.41,5.34,228,1.23,5.74,A1,verb
community,454,0.41,5.34,1750,0.09,4.61,B2,noun
data,455,0.41,5.34,2011,0.08,4.54,B2,noun
late,456,0.41,5.34,372,0.67,5.47,A1,"adjective, adverb"
leave,457,0.41,5.34,174,1.66,5.87,A1,"noun, verb"
north,458,0.41,5.34,1048,0.17,4.88,A2,"adjective, adverb, noun"
saw,459,0.41,5.34,260,1.04,5.66,B2,"noun, verb"
special,460,0.41,5.34,567,0.38,5.23,A1,adjective
watch,461,0.41,5.34,355,0.72,5.51,A1,"noun, verb"
won't,462,0.41,5.34,,,,,
c,463,0.4,5.33,,,,,
either,464,0.4,5.33,495,0.48,5.33,B1,"adverb, conjunction, determiner, pronoun"
fucking,465,0.4,5.33,327,0.81,5.56,,
future,466,0.4,5.33,664,0.3,5.13,A1,"adjective, noun"
light,467,0.4,5.33,524,0.44,5.29,B1,"adjective, noun, verb"
low,468,0.4,5.33,1203,0.15,4.81,A2,"adjective, adverb"
million,469,0.4,5.33,631,0.33,5.16,A2,number
morning,470,0.4,5.33,254,1.05,5.67,A1,noun
police,471,0.4,5.33,340,0.77,5.53,A2,noun
short,472,0.4,5.33,843,0.22,4.99,A1,"adjective, adverb"
stay,473,0.4,5.33,209,1.32,5.77,A1,"noun, verb"
taken,474,0.4,5.33,556,0.4,5.25,,
age,475,0.39,5.32,739,0.26,5.06,A1,noun
buy,476,0.39,5.32,500,0.47,5.32,A1,verb
deal,477,0.39,5.32,403,0.61,5.43,B1,"noun, verb"
rather,478,0.39,5.32,634,0.33,5.16,A2,adverb
reason,479,0.39,5.32,474,0.5,5.35,A1,noun
red,480,0.39,5.32,580,0.37,5.22,A2,"adjective, noun"
report,481,0.39,5.32,711,0.27,5.08,B1,"noun, verb"
soon,482,0.39,5.32,350,0.74,5.52,A1,adverb
third,483,0.39,5.32,956,0.19,4.93,A2,adjective
turn,484,0.39,5.32,342,0.76,5.53,A1,"noun, verb"
whether,485,0.39,5.32,897,0.21,4.97,B1,conjunction
among,486,0.38,5.31,1468,0.12,4.71,A2,preposition
check,487,0.38,5.31,400,0.61,5.43,A2,"noun, verb"
development,488,0.38,5.31,3757,0.03,4.18,B1,noun
form,489,0.38,5.31,1236,0.14,4.8,B1,"noun, verb"
further,490,0.38,5.31,1149,0.15,4.83,B1,"adjective, adverb"
heart,491,0.38,5.31,349,0.74,5.52,A1,noun
minutes,492,0.38,5.31,402,0.61,5.43,,
myself,493,0.38,5.31,317,0.84,5.57,A2,pronoun
services,494,0.38,5.31,2614,0.06,4.39,,
u.s,495,0.38,5.31,,,,,
yourself,496,0.38,5.31,258,1.05,5.67,A1,pronoun
act,497,0.37,5.3,706,0.27,5.09,B1,"noun, verb"
although,498,0.37,5.3,1376,0.13,4.74,A2,conjunction
asked,499,0.37,5.3,409,0.6,5.42,,
child,500,0.37,5.3,459,0.53,5.37,A1,noun
fire,501,0.37,5.3,445,0.55,5.39,B2,"noun, verb"
fun,502,0.37,5.3,424,0.58,5.41,A1,"adjective, noun"
living,503,0.37,5.3,541,0.42,5.27,B2,"adjective, noun"
major,504,0.37,5.3,888,0.21,4.97,B2,"adjective, noun"
media,505,0.37,5.3,2175,0.07,4.5,B2,noun
phone,506,0.37,5.3,323,0.82,5.56,A1,"noun, verb"
players,507,0.37,5.3,3084,0.04,4.29,,
art,508,0.36,5.29,977,0.19,4.92,A1,noun
behind,509,0.36,5.29,464,0.52,5.36,A1,"adverb, preposition"
building,510,0.36,5.29,736,0.26,5.06,A1,noun
easy,511,0.36,5.29,398,0.62,5.44,A1,adjective
gonna,512,0.36,5.29,88,4.13,6.26,,
market,513,0.36,5.29,1474,0.11,4.71,B1,"noun, verb"
near,514,0.36,5.29,786,0.24,5.03,A1,"adjective, adverb, preposition"
non,515,0.36,5.29,6730,0.02,3.84,,
plan,516,0.36,5.29,546,0.41,5.26,B1,"noun, verb"
political,517,0.36,5.29,1972,0.08,4.55,A2,adjective
quite,518,0.36,5.29,418,0.58,5.41,A2,adverb
six,519,0.36,5.29,534,0.43,5.28,A1,number
talking,520,0.36,5.29,234,1.17,5.72,,
west,521,0.36,5.29,1193,0.15,4.81,A2,"adjective, adverb, noun"
works,522,0.36,5.29,705,0.28,5.09,,
according,523,0.36,5.28,1199,0.15,4.81,,
available,524,0.36,5.28,2167,0.07,4.5,B1,adjective
e,525,0.36,5.28,,,,,
education,526,0.36,5.28,2571,0.06,4.4,A2,noun
final,527,0.36,5.28,1109,0.16,4.85,A2,"adjective, noun"
former,528,0.36,5.28,2248,0.07,4.48,B1,adjective
front,529,0.36,5.28,504,0.47,5.32,A2,"adjective, noun"
kids,530,0.36,5.28,371,0.67,5.47,,
list,531,0.36,5.28,903,0.21,4.96,B2,"noun, verb"
ready,532,0.36,5.28,279,0.93,5.62,A1,adjective
sometimes,533,0.36,5.28,518,0.45,5.3,B1,adverb
son,534,0.36,5.28,241,1.13,5.7,A1,noun
street,535,0.36,5.28,615,0.34,5.18,A1,noun
wasn't,536,0.36,5.28,,,,,
bring,537,0.35,5.27,309,0.86,5.58,A1,verb
college,538,0.35,5.27,980,0.19,4.92,A1,noun
current,539,0.35,5.27,2581,0.06,4.4,B1,adjective
example,540,0.35,5.27,1515,0.11,4.69,A1,noun
experience,541,0.35,5.27,1073,0.17,4.87,B1,"noun, verb"
heard,542,0.35,5.27,277,0.94,5.62,,
london,543,0.35,5.27,1175,0.15,4.82,,
meet,544,0.35,5.27,308,0.86,5.58,A1,verb
program,545,0.35,5.27,1606,0.1,4.66,,
type,546,0.35,5.27,1139,0.15,4.84,B1,"noun, verb"
baby,547,0.34,5.26,264,1.01,5.65,A1,noun
chance,548,0.34,5.26,416,0.58,5.41,A2,noun
father,549,0.34,5.26,184,1.52,5.83,A1,noun
march,550,0.34,5.26,2129,0.07,4.51,B1,"noun, verb"
process,551,0.34,5.26,1675,0.1,4.63,B2,"noun, verb"
she's,552,0.34,5.26,,,,,
song,553,0.34,5.26,663,0.3,5.13,A1,noun
study,554,0.34,5.26,1264,0.14,4.79,A1,"noun, verb"
word,555,0.34,5.26,426,0.57,5.41,A1,noun
across,556,0.33,5.25,800,0.23,5.02,A2,"adverb, preposition"
action,557,0.33,5.25,1151,0.15,4.83,A1,noun
clear,558,0.33,5.25,528,0.44,5.29,B1,"adjective, verb"
gave,559,0.33,5.25,384,0.65,5.46,,
gets,560,0.33,5.25,472,0.51,5.35,,
himself,561,0.33,5.25,570,0.38,5.23,A2,pronoun
month,562,0.33,5.25,766,0.25,5.04,A1,noun
outside,563,0.33,5.25,523,0.44,5.29,A2,"adjective, adverb, noun, preposition"
self,564,0.33,5.25,2915,0.05,4.32,A1,noun
students,565,0.33,5.25,1637,0.1,4.65,,
words,566,0.33,5.25,613,0.34,5.18,,
board,567,0.32,5.24,1056,0.17,4.88,B1,"noun, verb"
cost,568,0.32,5.24,1273,0.14,4.78,A2,"noun, verb"
cut,569,0.32,5.24,454,0.54,5.38,A1,"noun, verb"
dr,570,0.32,5.24,1568,0.11,4.67,,
field,571,0.32,5.24,1026,0.18,4.89,A1,noun
held,572,0.32,5.24,1424,0.12,4.73,,
instead,573,0.32,5.24,761,0.25,5.04,A2,adverb
main,574,0.32,5.24,1372,0.13,4.75,B1,adjective
moment,575,0.32,5.24,438,0.56,5.39,A1,noun
mother,576,0.32,5.24,216,1.3,5.76,A1,noun
road,577,0.32,5.24,668,0.3,5.12,A2,noun
seems,578,0.32,5.24,496,0.47,5.32,,
thinking,579,0.32,5.24,364,0.68,5.48,,
town,580,0.32,5.24,480,0.49,5.34,A1,noun
wants,581,0.32,5.24,345,0.75,5.52,,
de,582,0.32,5.23,1126,0.16,4.84,,
department,583,0.32,5.23,1185,0.15,4.82,B1,noun
energy,584,0.32,5.23,1221,0.14,4.8,B2,noun
fight,585,0.32,5.23,439,0.56,5.39,B1,"noun, verb"
fine,586,0.32,5.23,198,1.39,5.79,B2,"adjective, adverb, noun, verb"
force,587,0.32,5.23,842,0.22,4.99,B2,"noun, verb"
hear,588,0.32,5.23,226,1.25,5.75,A1,verb
issue,589,0.32,5.23,1673,0.1,4.64,B2,"noun, verb"
played,590,0.32,5.23,1163,0.15,4.83,,
points,591,0.32,5.23,1861,0.09,4.58,,
price,592,0.32,5.23,1155,0.15,4.83,B2,"noun, verb"
re,593,0.32,5.23,1931,0.08,4.56,,
rest,594,0.32,5.23,443,0.55,5.39,B1,"noun, verb"
results,595,0.32,5.23,1939,0.08,4.56,,
running,596,0.32,5.23,552,0.41,5.26,A2,noun
shows,597,0.32,5.23,1403,0.12,4.73,,
space,598,0.32,5.23,831,0.23,5.0,A2,noun
summer,599,0.32,5.23,1110,0.16,4.85,A1,noun
term,600,0.32,5.23,2914,0.05,4.32,B1,noun
wife,601,0.32,5.23,303,0.88,5.59,A1,noun
0,602,0.31,5.22,,,,,
america,603,0.31,5.22,901,0.21,4.96,,
beautiful,604,0.31,5.22,360,0.7,5.49,A1,adjective
date,605,0.31,5.22,655,0.31,5.13,B1,"noun, verb"
goes,606,0.31,5.22,460,0.53,5.37,,
killed,607,0.31,5.22,335,0.79,5.55,,
land,608,0.31,5.22,685,0.29,5.11,A2,"noun, verb"
miss,609,0.31,5.22,272,0.98,5.64,A1,"noun, verb"
project,610,0.31,5.22,1513,0.11,4.69,B2,"noun, verb"
sex,611,0.31,5.22,624,0.33,5.17,B1,noun
shot,612,0.31,5.22,473,0.5,5.35,A2,noun
site,613,0.31,5.22,1993,0.08,4.55,A1,noun
strong,614,0.31,5.22,700,0.28,5.09,A1,adjective
you'll,615,0.31,5.22,,,,,
account,616,0.3,5.21,1439,0.12,4.72,B1,"noun, verb"
co,617,0.3,5.21,7928,0.01,3.73,,
especially,618,0.3,5.21,974,0.19,4.92,A2,adverb
eyes,619,0.3,5.21,393,0.62,5.44,,
include,620,0.3,5.21,4567,0.03,4.08,A2,verb
june,621,0.3,5.21,2837,0.05,4.34,A1,noun
parents,622,0.3,5.21,568,0.38,5.23,,
period,623,0.3,5.21,1971,0.08,4.55,A1,noun
position,624,0.3,5.21,970,0.19,4.92,A2,noun
record,625,0.3,5.21,894,0.21,4.97,A2,"noun, verb"
similar,626,0.3,5.21,2500,0.06,4.42,A2,adjective
total,627,0.3,5.21,1627,0.1,4.65,B1,"adjective, noun"
w,628,0.3,5.21,,,,,
above,629,0.29,5.2,1248,0.14,4.79,A1,"adjective, adverb, preposition"
club,630,0.29,5.2,828,0.23,5.0,A1,noun
common,631,0.29,5.2,1361,0.13,4.75,A2,adjective
died,632,0.29,5.2,492,0.48,5.33,,
film,633,0.29,5.2,765,0.25,5.04,B1,"noun, verb"
happened,634,0.29,5.2,213,1.31,5.76,,
knew,635,0.29,5.2,284,0.91,5.61,,
lead,636,0.29,5.2,820,0.23,5.01,B1,"adjective, noun, verb"
likely,637,0.29,5.2,1867,0.09,4.58,A2,adjective
military,638,0.29,5.2,1358,0.13,4.75,A2,adjective
perfect,639,0.29,5.2,565,0.39,5.24,A2,adjective
personal,640,0.29,5.2,893,0.21,4.97,A1,adjective
security,641,0.29,5.2,763,0.25,5.04,B1,noun
share,642,0.29,5.2,940,0.2,4.94,A1,"noun, verb"
st,643,0.29,5.2,3373,0.04,4.24,,
tv,644,0.29,5.2,756,0.25,5.05,A1,noun
what's,645,0.29,5.2,,,,,
won,646,0.29,5.2,154,1.99,5.95,,
x,647,0.29,5.2,,,,,
april,648,0.29,5.19,2324,0.06,4.46,A1,noun
center,649,0.29,5.19,1507,0.11,4.7,,
county,650,0.29,5.19,2426,0.06,4.43,B1,noun
couple,651,0.29,5.19,490,0.48,5.33,A2,noun
dead,652,0.29,5.19,246,1.1,5.69,A2,adjective
english,653,0.29,5.19,957,0.19,4.93,,
happen,654,0.29,5.19,385,0.65,5.46,A1,verb
hold,655,0.29,5.19,285,0.91,5.61,A2,"noun, verb"
industry,656,0.29,5.19,3014,0.05,4.31,B1,noun
inside,657,0.29,5.19,407,0.6,5.43,A1,"adjective, adverb, noun, preposition"
issues,658,0.29,5.19,2261,0.07,4.47,,
online,659,0.29,5.19,2689,0.05,4.37,A2,"adjective, adverb"
player,660,0.29,5.19,1973,0.08,4.55,A1,noun
private,661,0.29,5.19,967,0.19,4.93,A2,adjective
problems,662,0.29,5.19,885,0.21,4.97,,
return,663,0.29,5.19,651,0.31,5.14,A2,"noun, verb"
rights,664,0.29,5.19,1917,0.08,4.57,,
sense,665,0.29,5.19,623,0.34,5.17,B2,"noun, verb"
star,666,0.29,5.19,882,0.21,4.97,B1,"noun, verb"
test,667,0.29,5.19,832,0.23,5.0,B2,"noun, verb"
view,668,0.29,5.19,1560,0.11,4.68,B1,"noun, verb"
weeks,669,0.29,5.19,653,0.31,5.14,,
break,670,0.28,5.18,476,0.5,5.34,A1,"noun, verb"
british,671,0.28,5.18,1634,0.1,4.65,,
companies,672,0.28,5.18,3449,0.04,4.23,,
event,673,0.28,5.18,1941,0.08,4.56,A1,noun
higher,674,0.28,5.18,1954,0.08,4.56,,
hour,675,0.28,5.18,562,0.39,5.24,A1,noun
l,676,0.28,5.18,,,,,
member,677,0.28,5.18,1721,0.09,4.62,A2,noun
middle,678,0.28,5.18,804,0.23,5.01,A2,"adjective, noun"
needed,679,0.28,5.18,707,0.27,5.09,,
present,680,0.28,5.18,846,0.22,4.99,B2,"adjective, noun, verb"
result,681,0.28,5.18,2211,0.07,4.49,B1,"noun, verb"
sorry,682,0.28,5.18,118,2.84,6.1,A1,adjective
takes,683,0.28,5.18,662,0.3,5.13,,
training,684,0.28,5.18,1514,0.11,4.69,A2,noun
wish,685,0.28,5.18,437,0.56,5.39,A2,"noun, verb"
wouldn't,686,0.28,5.18,,,,,
answer,687,0.28,5.17,506,0.47,5.32,A1,"noun, verb"
boy,688,0.28,5.17,256,1.05,5.67,A1,noun
design,689,0.28,5.17,2530,0.06,4.41,B1,"noun, verb"
finally,690,0.28,5.17,607,0.35,5.19,A2,adverb
girls,691,0.28,5.17,442,0.55,5.39,,
gold,692,0.28,5.17,867,0.22,4.98,A2,"adjective, noun"
gone,693,0.28,5.17,319,0.83,5.57,,
guess,694,0.28,5.17,305,0.87,5.59,A1,"noun, verb"
interest,695,0.28,5.17,1279,0.14,4.78,B1,"noun, verb"
july,696,0.28,5.17,3639,0.04,4.2,A1,noun
king,697,0.28,5.17,545,0.41,5.26,A1,noun
learn,698,0.28,5.17,675,0.3,5.12,A1,verb
policy,699,0.28,5.17,2678,0.05,4.38,B1,noun
society,700,0.28,5.17,1579,0.1,4.67,A2,noun
added,701,0.27,5.16,4082,0.03,4.14,,
al,702,0.27,5.16,1753,0.09,4.61,,
alone,703,0.27,5.16,316,0.84,5.57,A1,"adjective, adverb"
average,704,0.27,5.16,3215,0.04,4.27,A2,"adjective, noun"
bank,705,0.27,5.16,898,0.21,4.97,A2,"noun, verb"
brought,706,0.27,5.16,485,0.49,5.34,,
certain,707,0.27,5.16,879,0.21,4.97,A2,adjective
church,708,0.27,5.16,936,0.2,4.95,A1,noun
east,709,0.27,5.16,1407,0.12,4.73,A2,"adjective, adverb, noun"
hands,710,0.27,5.16,401,0.61,5.43,,
hot,711,0.27,5.16,535,0.43,5.28,A1,adjective
let's,712,0.27,5.16,,,,,
longer,713,0.27,5.16,641,0.32,5.15,,
medical,714,0.27,5.16,1321,0.13,4.77,A2,adjective
movie,715,0.27,5.16,750,0.25,5.05,A1,noun
original,716,0.27,5.16,1550,0.11,4.68,B2,"adjective, noun"
park,717,0.27,5.16,914,0.2,4.96,A2,"noun, verb"
performance,718,0.27,5.16,2222,0.07,4.48,A2,noun
press,719,0.27,5.16,1132,0.16,4.84,B1,"noun, verb"
received,720,0.27,5.16,1691,0.1,4.63,,
role,721,0.27,5.16,2045,0.08,4.53,A1,noun
sent,722,0.27,5.16,560,0.4,5.24,,
themselves,723,0.27,5.16,1128,0.16,4.84,A2,pronoun
tried,724,0.27,5.16,503,0.47,5.32,,
worked,725,0.27,5.16,643,0.32,5.15,,
worth,726,0.27,5.16,690,0.29,5.1,B1,adjective
areas,727,0.26,5.15,3793,0.03,4.18,,
became,728,0.26,5.15,984,0.19,4.92,,
bill,729,0.26,5.15,817,0.23,5.01,B1,"noun, verb"
books,730,0.26,5.15,1148,0.15,4.83,,
cool,731,0.26,5.15,493,0.48,5.33,B2,"adjective, verb"
director,732,0.26,5.15,1167,0.15,4.82,A2,noun
exactly,733,0.26,5.15,374,0.66,5.47,A2,adverb
giving,734,0.26,5.15,693,0.29,5.1,,
ground,735,0.26,5.15,851,0.22,4.99,A1,noun
meeting,736,0.26,5.15,618,0.34,5.18,A1,noun
n,737,0.26,5.15,,,,,
provide,738,0.26,5.15,2543,0.06,4.41,A2,verb
questions,739,0.26,5.15,688,0.29,5.11,,
relationship,740,0.26,5.15,964,0.19,4.93,B1,noun
september,741,0.26,5.15,3925,0.03,4.16,A1,noun
sound,742,0.26,5.15,586,0.37,5.21,A2,"adjective, noun, verb"
source,743,0.26,5.15,2115,0.07,4.51,A2,noun
usually,744,0.26,5.15,1090,0.16,4.86,A1,adverb
value,745,0.26,5.15,2170,0.07,4.5,B2,"noun, verb"
evidence,746,0.26,5.14,749,0.25,5.05,A2,noun
follow,747,0.26,5.14,622,0.34,5.17,A2,verb
lives,748,0.26,5.14,566,0.38,5.23,,
official,749,0.26,5.14,2040,0.08,4.53,B2,"adjective, noun"
ok,750,0.26,5.14,205,1.35,5.78,,
production,751,0.26,5.14,2738,0.05,4.36,A2,noun
rate,752,0.26,5.14,2224,0.07,4.48,B2,"noun, verb"
reading,753,0.26,5.14,1266,0.14,4.79,A1,noun
round,754,0.26,5.14,778,0.24,5.03,B2,"adjective, adverb, noun, preposition, verb"
save,755,0.26,5.14,517,0.45,5.3,A1,verb
stand,756,0.26,5.14,451,0.54,5.38,A2,"noun, verb"
stuff,757,0.26,5.14,373,0.66,5.47,B2,"noun, verb"
tax,758,0.26,5.14,2970,0.05,4.31,B1,noun
whatever,759,0.26,5.14,392,0.63,5.44,B1,"determiner, pronoun"
amount,760,0.25,5.13,1784,0.09,4.6,B1,noun
blue,761,0.25,5.13,785,0.24,5.03,A1,"adjective, noun"
countries,762,0.25,5.13,3442,0.04,4.23,,
david,763,0.25,5.13,791,0.24,5.02,,
drive,764,0.25,5.13,597,0.36,5.2,A2,"noun, verb"
eat,765,0.25,5.13,363,0.69,5.48,A1,verb
fall,766,0.25,5.13,657,0.3,5.13,A2,"noun, verb"
fast,767,0.25,5.13,609,0.34,5.18,A1,"adjective, adverb"
federal,768,0.25,5.13,2608,0.06,4.39,B2,adjective
feeling,769,0.25,5.13,540,0.42,5.27,A1,noun
felt,770,0.25,5.13,635,0.33,5.16,,
green,771,0.25,5.13,1001,0.18,4.91,A2,"adjective, noun"
league,772,0.25,5.13,2906,0.05,4.33,B1,noun
management,773,0.25,5.13,3856,0.03,4.17,B1,noun
match,774,0.25,5.13,1120,0.16,4.84,B1,"noun, verb"
model,775,0.25,5.13,1730,0.09,4.62,B1,"adjective, noun, verb"
p,776,0.25,5.13,,,,,
picture,777,0.25,5.13,684,0.29,5.11,B2,"noun, verb"
size,778,0.25,5.13,1482,0.11,4.7,A1,noun
step,779,0.25,5.13,676,0.29,5.12,A1,"noun, verb"
trust,780,0.25,5.13,481,0.49,5.34,A2,"noun, verb"
you've,781,0.25,5.13,,,,,
central,782,0.25,5.12,2171,0.07,4.5,B1,adjective
changes,783,0.25,5.12,1806,0.09,4.59,,
england,784,0.25,5.12,1655,0.1,4.64,,
forward,785,0.25,5.12,912,0.21,4.96,A2,adverb
groups,786,0.25,5.12,3609,0.04,4.2,,
hey,787,0.25,5.12,94,3.99,6.25,A2,interjection
key,788,0.25,5.12,864,0.22,4.98,A1,"adjective, noun"
mom,789,0.25,5.12,252,1.06,5.67,A1,noun
o,790,0.25,5.12,,,,,
page,791,0.25,5.12,1828,0.09,4.59,A1,noun
paid,792,0.25,5.12,806,0.23,5.01,B1,adjective
range,793,0.25,5.12,2405,0.06,4.44,B2,"noun, verb"
review,794,0.25,5.12,3785,0.03,4.18,B2,"noun, verb"
science,795,0.25,5.12,1518,0.11,4.69,A1,noun
trade,796,0.25,5.12,1803,0.09,4.6,B2,"noun, verb"
uk,797,0.25,5.12,7346,0.01,3.78,,
upon,798,0.25,5.12,1076,0.17,4.87,A2,preposition
various,799,0.25,5.12,4081,0.03,4.14,B1,adjective
attention,800,0.24,5.11,827,0.23,5.0,A2,noun
brother,801,0.24,5.11,290,0.9,5.6,A1,noun
cannot,802,0.24,5.11,590,0.36,5.2,,
character,803,0.24,5.11,1524,0.11,4.69,A1,noun
chief,804,0.24,5.11,716,0.27,5.07,B2,"adjective, noun"
cup,805,0.24,5.11,1411,0.12,4.73,A1,noun
football,806,0.24,5.11,1812,0.09,4.59,A1,noun
hate,807,0.24,5.11,521,0.45,5.3,A2,"noun, verb"
haven't,808,0.24,5.11,,,,,
james,809,0.24,5.11,1027,0.18,4.89,,
led,810,0.24,5.11,1995,0.08,4.55,,
looked,811,0.24,5.11,645,0.31,5.14,,
lower,812,0.24,5.11,1934,0.08,4.56,B2,verb
natural,813,0.24,5.11,1461,0.12,4.71,A2,adjective
october,814,0.24,5.11,4158,0.03,4.13,A1,noun
property,815,0.24,5.11,1686,0.1,4.63,B1,noun
quality,816,0.24,5.11,2777,0.05,4.35,A2,"adjective, noun"
send,817,0.24,5.11,510,0.46,5.31,A2,verb
style,818,0.24,5.11,1749,0.09,4.61,A2,noun
u,819,0.24,5.11,,,,,
vote,820,0.24,5.11,1451,0.12,4.72,B1,"noun, verb"
amazing,821,0.23,5.1,703,0.28,5.09,B1,adjective
august,822,0.23,5.1,3518,0.04,4.22,A1,noun
blood,823,0.23,5.1,467,0.51,5.36,A2,noun
china,824,0.23,5.1,1983,0.08,4.55,,
complete,825,0.23,5.1,1255,0.14,4.79,B1,"adjective, verb"
dog,826,0.23,5.1,526,0.44,5.29,A1,noun
economic,827,0.23,5.1,5403,0.02,3.97,B1,adjective
hell,828,0.23,5.1,253,1.06,5.67,B2,noun
involved,829,0.23,5.1,982,0.19,4.92,B1,adjective
itself,830,0.23,5.1,1277,0.14,4.78,A2,pronoun
language,831,0.23,5.1,1394,0.12,4.74,A1,noun
lord,832,0.23,5.1,532,0.43,5.28,,
november,833,0.23,5.1,4364,0.03,4.1,A1,noun
oil,834,0.23,5.1,1542,0.11,4.68,A2,noun
related,835,0.23,5.1,3150,0.04,4.28,B2,adjective
serious,836,0.23,5.1,573,0.38,5.22,B1,adjective
stage,837,0.23,5.1,1197,0.15,4.81,A1,noun
terms,838,0.23,5.1,2100,0.07,4.51,,
title,839,0.23,5.1,2786,0.05,4.35,A2,noun
add,840,0.23,5.09,1717,0.09,4.62,A1,verb
article,841,0.23,5.09,2772,0.05,4.35,A1,noun
attack,842,0.23,5.09,776,0.25,5.04,A2,"noun, verb"
born,843,0.23,5.09,758,0.25,5.04,,
couldn't,844,0.23,5.09,,,,,
damn,845,0.23,5.09,386,0.64,5.45,B2,"adjective, adverb, interjection"
decided,846,0.23,5.09,722,0.27,5.07,,
decision,847,0.23,5.09,1029,0.18,4.89,B1,noun
enjoy,848,0.23,5.09,847,0.22,4.99,A1,verb
entire,849,0.23,5.09,796,0.24,5.02,B1,adjective
french,850,0.23,5.09,981,0.19,4.92,,
january,851,0.23,5.09,4827,0.02,4.04,A1,noun
kill,852,0.23,5.09,233,1.18,5.72,A1,verb
met,853,0.23,5.09,482,0.49,5.34,,
perhaps,854,0.23,5.09,571,0.38,5.23,A2,adverb
poor,855,0.23,5.09,579,0.37,5.22,A1,adjective
release,856,0.23,5.09,1592,0.1,4.66,B1,"noun, verb"
situation,857,0.23,5.09,813,0.23,5.01,A2,noun
technology,858,0.23,5.09,2314,0.06,4.46,A1,noun
turned,859,0.23,5.09,672,0.3,5.12,,
website,860,0.23,5.09,5276,0.02,3.99,A2,noun
written,861,0.23,5.09,1254,0.14,4.79,B1,adjective
choice,862,0.22,5.08,714,0.27,5.08,A2,noun
code,863,0.22,5.08,1388,0.12,4.74,A1,noun
considered,864,0.22,5.08,2334,0.06,4.46,,
continue,865,0.22,5.08,1017,0.18,4.9,A2,verb
council,866,0.22,5.08,2107,0.07,4.51,B1,noun
cover,867,0.22,5.08,878,0.21,4.97,A2,"noun, verb"
currently,868,0.22,5.08,3903,0.03,4.16,B1,adverb
door,869,0.22,5.08,287,0.91,5.6,A1,noun
election,870,0.22,5.08,3226,0.04,4.27,B1,noun
european,871,0.22,5.08,4226,0.03,4.12,,
events,872,0.22,5.08,2631,0.05,4.39,,
f,873,0.22,5.08,,,,,
financial,874,0.22,5.08,3013,0.05,4.31,B1,adjective
foreign,875,0.22,5.08,1877,0.08,4.57,A1,adjective
hair,876,0.22,5.08,598,0.35,5.2,A1,noun
increase,877,0.22,5.08,3548,0.04,4.21,A2,"noun, verb"
legal,878,0.22,5.08,1853,0.09,4.58,B1,adjective
lose,879,0.22,5.08,544,0.41,5.26,A2,verb
michael,880,0.22,5.08,773,0.25,5.04,,
pick,881,0.22,5.08,539,0.43,5.28,A1,"noun, verb"
race,882,0.22,5.08,1146,0.15,4.83,B1,"noun, verb"
seem,883,0.22,5.08,611,0.34,5.18,A2,verb
seven,884,0.22,5.08,770,0.25,5.04,A1,number
sign,885,0.22,5.08,636,0.32,5.15,B1,"noun, verb"
simple,886,0.22,5.08,829,0.23,5.0,A2,adjective
simply,887,0.22,5.08,1312,0.13,4.77,A2,adverb
staff,888,0.22,5.08,1707,0.1,4.63,A2,noun
super,889,0.22,5.08,1456,0.12,4.71,A1,adjective
union,890,0.22,5.08,2172,0.07,4.5,B1,noun
walk,891,0.22,5.08,479,0.49,5.34,A1,"noun, verb"
washington,892,0.22,5.08,2185,0.07,4.49,,
bed,893,0.22,5.07,513,0.46,5.31,A1,noun
began,894,0.22,5.07,1588,0.1,4.67,,
built,895,0.22,5.07,1284,0.14,4.78,,
career,896,0.22,5.07,1454,0.12,4.72,B1,noun
changed,897,0.22,5.07,667,0.3,5.12,,
crazy,898,0.22,5.07,379,0.66,5.46,A2,adjective
daily,899,0.22,5.07,2765,0.05,4.35,A2,"adjective, adverb"
daughter,900,0.22,5.07,433,0.57,5.4,A1,noun
december,901,0.22,5.07,4617,0.03,4.07,A1,noun
die,902,0.22,5.07,348,0.74,5.52,A2,verb
difficult,903,0.22,5.07,891,0.21,4.97,A1,adjective
figure,904,0.22,5.07,698,0.28,5.1,A2,"noun, verb"
hospital,905,0.22,5.07,614,0.34,5.18,A1,noun
knows,906,0.22,5.07,390,0.63,5.45,,
loss,907,0.22,5.07,1863,0.09,4.58,B1,noun
modern,908,0.22,5.07,2153,0.07,4.5,A2,adjective
ones,909,0.22,5.07,704,0.28,5.09,,
paper,910,0.22,5.07,863,0.22,4.98,A1,noun
parts,911,0.22,5.07,1894,0.08,4.57,,
popular,912,0.22,5.07,2297,0.07,4.46,A2,adjective
published,913,0.22,5.07,4966,0.02,4.02,,
safe,914,0.22,5.07,557,0.4,5.25,A2,adjective
starting,915,0.22,5.07,953,0.19,4.94,,
systems,916,0.22,5.07,3138,0.04,4.28,,
version,917,0.22,5.07,2891,0.05,4.33,B2,noun
voice,918,0.22,5.07,632,0.33,5.16,A2,noun
whose,919,0.22,5.07,1040,0.17,4.89,A1,"determiner, pronoun"
writing,920,0.22,5.07,1231,0.14,4.8,A2,noun
army,921,0.21,5.06,819,0.23,5.01,B1,noun
australia,922,0.21,5.06,4242,0.03,4.12,,
earth,923,0.21,5.06,582,0.37,5.22,A2,noun
forget,924,0.21,5.06,380,0.66,5.46,A1,verb
goal,925,0.21,5.06,2368,0.06,4.45,A1,noun
h,926,0.21,5.06,,,,,
huge,927,0.21,5.06,1010,0.18,4.9,B1,adjective
internet,928,0.21,5.06,2311,0.07,4.46,,
listen,929,0.21,5.06,223,1.27,5.75,A1,verb
okay,930,0.21,5.06,74,4.96,6.34,,
practice,931,0.21,5.06,1448,0.12,4.72,A1,noun
rules,932,0.21,5.06,1062,0.17,4.87,,
sea,933,0.21,5.06,883,0.21,4.97,A1,noun
sir,934,0.21,5.06,139,2.15,5.98,A1,noun
success,935,0.21,5.06,1781,0.09,4.6,A2,noun
towards,936,0.21,5.06,1476,0.11,4.71,,
v,937,0.21,5.06,,,,,
waiting,938,0.21,5.06,435,0.56,5.4,,
ways,939,0.21,5.06,1216,0.14,4.81,,
access,940,0.21,5.05,1733,0.09,4.62,B2,"noun, verb"
aren't,941,0.21,5.05,,,,,
base,942,0.21,5.05,1615,0.1,4.66,B1,"noun, verb"
below,943,0.21,5.05,2126,0.07,4.51,A1,"adverb, preposition"
created,944,0.21,5.05,1632,0.1,4.65,,
deep,945,0.21,5.05,881,0.21,4.97,A2,"adjective, adverb"
followed,946,0.21,5.05,1654,0.1,4.64,,
la,947,0.21,5.05,1002,0.18,4.91,,
lol,948,0.21,5.05,,,,,
mark,949,0.21,5.05,870,0.21,4.98,A2,"noun, verb"
missing,950,0.21,5.05,713,0.27,5.08,A2,adjective
offer,951,0.21,5.05,890,0.21,4.97,A2,"noun, verb"
pass,952,0.21,5.05,724,0.27,5.07,A2,"noun, verb"
professional,953,0.21,5.05,1891,0.08,4.57,B2,"adjective, noun"
released,954,0.21,5.05,2331,0.06,4.46,,
risk,955,0.21,5.05,1147,0.15,4.83,B2,"noun, verb"
schools,956,0.21,5.05,3583,0.04,4.21,,
sleep,957,0.21,5.05,415,0.58,5.41,A1,"noun, verb"
table,958,0.21,5.05,798,0.24,5.02,A1,noun
ten,959,0.21,5.05,605,0.35,5.19,A1,number
truth,960,0.21,5.05,466,0.52,5.36,A2,noun
ball,961,0.2,5.04,861,0.22,4.98,A1,noun
box,962,0.2,5.04,833,0.23,5.0,A1,noun
build,963,0.2,5.04,1240,0.14,4.8,A1,verb
card,964,0.2,5.04,943,0.2,4.94,A1,noun
cases,965,0.2,5.04,1901,0.08,4.57,,
dark,966,0.2,5.04,745,0.26,5.06,A1,adjective
district,967,0.2,5.04,2664,0.05,4.38,B1,noun
europe,968,0.2,5.04,1899,0.08,4.57,,
george,969,0.2,5.04,782,0.24,5.03,,
india,970,0.2,5.04,2135,0.07,4.5,,
mine,971,0.2,5.04,411,0.59,5.42,A1,"noun, pronoun"
minister,972,0.2,5.04,1455,0.12,4.72,B2,noun
note,973,0.2,5.04,1389,0.12,4.74,A1,"noun, verb"
percent,974,0.2,5.04,2567,0.06,4.4,,
piece,975,0.2,5.04,681,0.29,5.11,A1,noun
products,976,0.2,5.04,5105,0.02,4.0,,
recent,977,0.2,5.04,3043,0.04,4.3,A2,adjective
seeing,978,0.2,5.04,656,0.31,5.13,,
straight,979,0.2,5.04,661,0.3,5.13,A1,"adjective, adverb"
visit,980,0.2,5.04,958,0.19,4.93,A1,"noun, verb"
wall,981,0.2,5.04,968,0.19,4.93,A1,noun
wanna,982,0.2,5.04,313,0.84,5.57,,
we've,983,0.2,5.04,,,,,
wrote,984,0.2,5.04,1023,0.18,4.89,,
allowed,985,0.2,5.03,1152,0.15,4.83,,
boys,986,0.2,5.03,508,0.46,5.31,,
culture,987,0.2,5.03,2657,0.05,4.38,A1,noun
etc,988,0.2,5.03,7693,0.01,3.75,,
fans,989,0.2,5.03,3021,0.05,4.31,,
february,990,0.2,5.03,5428,0.02,3.97,A1,noun
gives,991,0.2,5.03,1072,0.17,4.87,,
growth,992,0.2,5.03,5391,0.02,3.97,B1,noun
included,993,0.2,5.03,5317,0.02,3.98,,
married,994,0.2,5.03,444,0.55,5.39,A2,adjective
officer,995,0.2,5.03,727,0.26,5.07,A1,noun
pain,996,0.2,5.03,720,0.27,5.07,B1,noun
paul,997,0.2,5.03,921,0.2,4.96,,
places,998,0.2,5.03,1230,0.14,4.8,,
respect,999,0.2,5.03,930,0.2,4.95,B1,"noun, verb"
response,1000,0.2,5.03,3099,0.04,4.29,A2,noun
river,1001,0.2,5.03,1102,0.16,4.85,A1,noun
rock,1002,0.2,5.03,801,0.23,5.02,B2,"noun, verb"
shall,1003,0.2,5.03,430,0.57,5.4,A2,modal auxiliary
speak,1004,0.2,5.03,462,0.52,5.37,A1,verb
specific,1005,0.2,5.03,2909,0.05,4.33,A2,adjective
standard,1006,0.2,5.03,3074,0.04,4.29,B1,"adjective, noun"
tonight,1007,0.2,5.03,310,0.86,5.58,A2,"adverb, noun"
write,1008,0.2,5.03,630,0.33,5.17,A1,verb
y,1009,0.2,5.03,,,,,
album,1010,0.2,5.02,3657,0.04,4.2,A1,noun
century,1011,0.2,5.02,1880,0.08,4.57,A2,noun
charge,1012,0.2,5.02,855,0.22,4.99,B1,"noun, verb"
cold,1013,0.2,5.02,610,0.34,5.18,A1,"adjective, noun"
create,1014,0.2,5.02,1624,0.1,4.66,A2,verb
effect,1015,0.2,5.02,2140,0.07,4.5,A2,noun
eight,1016,0.2,5.02,876,0.21,4.98,A1,number
except,1017,0.2,5.02,793,0.24,5.02,A2,"conjunction, preposition"
eye,1018,0.2,5.02,695,0.28,5.1,A1,noun
funny,1019,0.2,5.02,536,0.43,5.28,A1,adjective
ii,1020,0.2,5.02,3502,0.04,4.22,,
limited,1021,0.2,5.02,4199,0.03,4.12,B1,adjective
moving,1022,0.2,5.02,697,0.28,5.1,B2,adjective
network,1023,0.2,5.02,2889,0.05,4.33,B1,noun
peace,1024,0.2,5.02,840,0.22,5.0,A1,noun
provided,1025,0.2,5.02,4068,0.03,4.14,B1,conjunction
recently,1026,0.2,5.02,1715,0.09,4.62,A2,adverb
required,1027,0.2,5.02,3740,0.03,4.18,,
sales,1028,0.2,5.02,3474,0.04,4.23,,
spent,1029,0.2,5.02,955,0.19,4.94,,
store,1030,0.2,5.02,1012,0.18,4.9,B2,"noun, verb"
student,1031,0.2,5.02,1479,0.11,4.71,A1,noun
tomorrow,1032,0.2,5.02,306,0.86,5.58,A1,"adverb, noun"
track,1033,0.2,5.02,1244,0.14,4.8,B2,"noun, verb"
via,1034,0.2,5.02,5516,0.02,3.96,B1,preposition
watching,1035,0.2,5.02,746,0.26,5.06,,
weight,1036,0.2,5.02,1690,0.1,4.63,A2,noun
addition,1037,0.19,5.01,4926,0.02,4.03,A2,noun
ahead,1038,0.19,5.01,543,0.42,5.27,A2,adverb
allow,1039,0.19,5.01,1182,0.15,4.82,A2,verb
anti,1040,0.19,5.01,,,,B1,adjective
association,1041,0.19,5.01,4825,0.02,4.04,A2,noun
beat,1042,0.19,5.01,648,0.31,5.14,B1,"noun, verb"
brown,1043,0.19,5.01,1573,0.11,4.67,A2,"adjective, noun"
capital,1044,0.19,5.01,2715,0.05,4.37,A2,noun
chinese,1045,0.19,5.01,1528,0.11,4.69,,
committee,1046,0.19,5.01,2704,0.05,4.37,A2,noun
conference,1047,0.19,5.01,2542,0.06,4.41,B2,noun
difference,1048,0.19,5.01,1041,0.17,4.88,A1,noun
double,1049,0.19,5.01,1270,0.14,4.79,B2,"adjective, noun, verb"
expect,1050,0.19,5.01,779,0.24,5.03,A2,verb
gas,1051,0.19,5.01,1219,0.14,4.81,A2,noun
island,1052,0.19,5.01,1034,0.17,4.89,A1,noun
moved,1053,0.19,5.01,965,0.19,4.93,,
normal,1054,0.19,5.01,844,0.22,4.99,A2,adjective
plans,1055,0.19,5.01,1281,0.14,4.78,,
population,1056,0.19,5.01,3589,0.04,4.21,A2,noun
potential,1057,0.19,5.01,2702,0.05,4.37,B1,"adjective, noun"
pressure,1058,0.19,5.01,1259,0.14,4.79,A2,noun
radio,1059,0.19,5.01,859,0.22,4.98,A1,noun
russian,1060,0.19,5.01,1762,0.09,4.61,,
station,1061,0.19,5.01,788,0.24,5.02,A1,noun
text,1062,0.19,5.01,2218,0.07,4.48,A2,"noun, verb"
treatment,1063,0.19,5.01,2199,0.07,4.49,B1,noun
western,1064,0.19,5.01,3214,0.04,4.27,B2,adjective
ass,1065,0.19,5.0,588,0.36,5.21,,
beginning,1066,0.19,5.0,1036,0.17,4.89,A2,noun
california,1067,0.19,5.0,2360,0.06,4.45,,
campaign,1068,0.19,5.0,2428,0.06,4.43,B2,noun
certainly,1069,0.19,5.0,764,0.25,5.04,A2,adverb
completely,1070,0.19,5.0,752,0.25,5.05,B1,adverb
content,1071,0.19,5.0,4672,0.03,4.06,B1,"adjective, noun"
credit,1072,0.19,5.0,1554,0.11,4.68,A2,noun
cross,1073,0.19,5.0,1215,0.14,4.81,A2,"noun, verb"
described,1074,0.19,5.0,4634,0.03,4.06,,
despite,1075,0.19,5.0,2538,0.06,4.41,B1,preposition
female,1076,0.19,5.0,1591,0.1,4.66,B2,"adjective, noun"
focus,1077,0.19,5.0,1650,0.1,4.64,A1,"noun, verb"
g,1078,0.19,5.0,,,,,
hi,1079,0.19,5.0,245,1.11,5.69,A1,interjection
husband,1080,0.19,5.0,441,0.55,5.39,A1,noun
ice,1081,0.19,5.0,932,0.2,4.95,A1,noun
individual,1082,0.19,5.0,3362,0.04,4.25,B2,"adjective, noun"
interesting,1083,0.19,5.0,830,0.23,5.0,A1,adjective
j,1084,0.19,5.0,,,,,
join,1085,0.19,5.0,838,0.22,5.0,A1,verb
kept,1086,0.19,5.0,728,0.26,5.07,,
leading,1087,0.19,5.0,2466,0.06,4.43,B1,adjective
loved,1088,0.19,5.0,666,0.3,5.12,,
message,1089,0.19,5.0,795,0.24,5.02,A1,noun
miles,1090,0.19,5.0,858,0.22,4.98,,
nearly,1091,0.19,5.0,1489,0.11,4.7,A2,adverb
particular,1092,0.19,5.0,1986,0.08,4.55,B2,adjective
previous,1093,0.19,5.0,3469,0.04,4.23,B1,adjective
quickly,1094,0.19,5.0,866,0.22,4.98,A1,adverb
region,1095,0.19,5.0,4162,0.03,4.13,B1,noun
reported,1096,0.19,5.0,2919,0.05,4.32,,
section,1097,0.19,5.0,2378,0.06,4.45,A1,noun
sort,1098,0.19,5.0,549,0.41,5.26,B2,"noun, verb"
speed,1099,0.19,5.0,1420,0.12,4.73,B1,"noun, verb"
travel,1100,0.19,5.0,1520,0.11,4.69,A1,"noun, verb"
consider,1101,0.18,4.99,1342,0.13,4.76,A2,verb
contact,1102,0.18,4.99,1007,0.18,4.9,A2,"noun, verb"
drop,1103,0.18,4.99,673,0.3,5.12,A1,"noun, verb"
fair,1104,0.18,4.99,823,0.23,5.0,B1,"adjective, noun"
feet,1105,0.18,4.99,686,0.29,5.11,,
jesus,1106,0.18,4.99,640,0.32,5.15,,
kid,1107,0.18,4.99,382,0.65,5.46,B1,"noun, verb"
link,1108,0.18,4.99,3118,0.04,4.29,B1,"noun, verb"
positive,1109,0.18,4.99,2017,0.08,4.54,B1,adjective
sale,1110,0.18,4.99,2383,0.06,4.44,A1,noun
throughout,1111,0.18,4.99,2988,0.05,4.31,B1,preposition
tour,1112,0.18,4.99,1913,0.08,4.57,B1,"noun, verb"
welcome,1113,0.18,4.99,487,0.49,5.34,A1,"adjective, interjection, noun, verb"
absolutely,1114,0.18,4.98,677,0.29,5.12,B1,adverb
additional,1115,0.18,4.98,6553,0.02,3.86,A2,adjective
beyond,1116,0.18,4.98,1426,0.12,4.73,A2,preposition
conditions,1117,0.18,4.98,2910,0.05,4.32,,
earlier,1118,0.18,4.98,1188,0.15,4.82,,
extra,1119,0.18,4.98,1304,0.13,4.77,B1,"adjective, adverb, noun"
forces,1120,0.18,4.98,2022,0.08,4.54,,
immediately,1121,0.18,4.98,1069,0.17,4.87,B1,adverb
jobs,1122,0.18,4.98,1962,0.08,4.55,,
leaving,1123,0.18,4.98,550,0.41,5.26,,
minute,1124,0.18,4.98,377,0.66,5.46,A1,noun
nature,1125,0.18,4.98,1296,0.13,4.77,A2,noun
numbers,1126,0.18,4.98,1541,0.11,4.68,,
quick,1127,0.18,4.98,696,0.28,5.1,A2,adjective
sell,1128,0.18,4.98,744,0.26,5.06,A1,verb
significant,1129,0.18,4.98,4702,0.03,4.06,A2,adjective
studies,1130,0.18,4.98,3593,0.04,4.21,,
unless,1131,0.18,4.98,768,0.25,5.04,B1,conjunction
winning,1132,0.18,4.98,2295,0.07,4.46,,
agree,1133,0.17,4.97,884,0.21,4.97,A1,verb
canada,1134,0.17,4.97,3861,0.03,4.17,,
clean,1135,0.17,4.97,680,0.29,5.11,A1,"adjective, verb"
computer,1136,0.17,4.97,1077,0.17,4.87,A1,noun
construction,1137,0.17,4.97,3091,0.04,4.29,B1,noun
episode,1138,0.17,4.97,2552,0.06,4.41,A2,noun
favorite,1139,0.17,4.97,1226,0.14,4.8,,
income,1140,0.17,4.97,5171,0.02,4.0,B1,noun
justice,1141,0.17,4.97,1368,0.13,4.75,B1,noun
levels,1142,0.17,4.97,3893,0.03,4.16,,
manager,1143,0.17,4.97,1449,0.12,4.72,A2,noun
movement,1144,0.17,4.97,2531,0.06,4.41,B1,noun
photo,1145,0.17,4.97,1487,0.11,4.7,A1,noun
posted,1146,0.17,4.97,4564,0.03,4.08,,
safety,1147,0.17,4.97,1788,0.09,4.6,B1,noun
san,1148,0.17,4.97,1744,0.09,4.61,,
scene,1149,0.17,4.97,925,0.2,4.95,A2,noun
sold,1150,0.17,4.97,1237,0.14,4.8,,
sounds,1151,0.17,4.97,572,0.38,5.23,,
spend,1152,0.17,4.97,812,0.23,5.01,A1,verb
statement,1153,0.17,4.97,1980,0.08,4.55,A2,noun
sun,1154,0.17,4.97,824,0.23,5.0,A1,noun
teams,1155,0.17,4.97,3122,0.04,4.29,,
ability,1156,0.17,4.96,2654,0.05,4.38,A2,noun
announced,1157,0.17,4.96,5520,0.02,3.96,,
asking,1158,0.17,4.96,591,0.36,5.2,,
calling,1159,0.17,4.96,642,0.32,5.15,,
coach,1160,0.17,4.96,1497,0.11,4.7,B2,"noun, verb"
collection,1161,0.17,4.96,2857,0.05,4.33,A1,noun
continued,1162,0.17,4.96,4425,0.03,4.09,,
costs,1163,0.17,4.96,2933,0.05,4.32,,
definitely,1164,0.17,4.96,762,0.25,5.04,B1,adverb
designed,1165,0.17,4.96,2926,0.05,4.32,,
expected,1166,0.17,4.96,1716,0.09,4.62,B2,adjective
friday,1167,0.17,4.96,1694,0.1,4.63,A1,noun
gun,1168,0.17,4.96,507,0.46,5.31,A2,noun
happens,1169,0.17,4.96,603,0.35,5.19,,
heavy,1170,0.17,4.96,1307,0.13,4.77,A1,adjective
includes,1171,0.17,4.96,7058,0.01,3.81,,
knowledge,1172,0.17,4.96,1994,0.08,4.55,A2,noun
particularly,1173,0.17,4.96,2825,0.05,4.34,B1,adverb
search,1174,0.17,4.96,1084,0.16,4.86,B1,"noun, verb"
subject,1175,0.17,4.96,1852,0.09,4.58,A1,noun
train,1176,0.17,4.96,769,0.25,5.04,A2,"noun, verb"
wide,1177,0.17,4.96,2392,0.06,4.44,A2,"adjective, adverb"
wow,1178,0.17,4.96,489,0.48,5.33,,
author,1179,0.17,4.95,5218,0.02,3.99,A2,noun
centre,1180,0.17,4.95,3069,0.04,4.29,,
claim,1181,0.17,4.95,2267,0.07,4.47,A2,"noun, verb"
dad,1182,0.17,4.95,211,1.31,5.77,A1,noun
developed,1183,0.17,4.95,3295,0.04,4.26,A2,adjective
fear,1184,0.17,4.95,839,0.22,5.0,B2,"noun, verb"
fit,1185,0.17,4.95,1160,0.15,4.83,B1,"adjective, noun, verb"
generally,1186,0.17,4.95,5199,0.02,3.99,B1,adverb
german,1187,0.17,4.95,1363,0.13,4.75,,
global,1188,0.17,4.95,3760,0.03,4.18,B1,adjective
goals,1189,0.17,4.95,6820,0.02,3.83,,
gotta,1190,0.17,4.95,331,0.8,5.55,,
hotel,1191,0.17,4.95,774,0.25,5.04,A1,noun
interested,1192,0.17,4.95,880,0.21,4.97,A1,adjective
judge,1193,0.17,4.95,960,0.19,4.93,A1,"noun, verb"
lady,1194,0.17,4.95,469,0.51,5.36,A1,noun
leader,1195,0.17,4.95,1404,0.12,4.73,A1,noun
letter,1196,0.17,4.95,825,0.23,5.0,A1,noun
lines,1197,0.17,4.95,1708,0.1,4.63,,
material,1198,0.17,4.95,2330,0.06,4.46,A2,noun
named,1199,0.17,4.95,1142,0.15,4.83,,
nobody,1200,0.17,4.95,447,0.55,5.38,A2,pronoun
opportunity,1201,0.17,4.95,1360,0.13,4.75,A2,noun
plus,1202,0.17,4.95,1464,0.12,4.71,A2,"conjunction, noun, preposition"
pre,1203,0.17,4.95,,,,,
product,1204,0.17,4.95,3123,0.04,4.29,A2,noun
regular,1205,0.17,4.95,2038,0.08,4.53,A2,adjective
secretary,1206,0.17,4.95,1864,0.09,4.58,A2,noun
sister,1207,0.17,4.95,456,0.54,5.38,A1,noun
stories,1208,0.17,4.95,1421,0.12,4.73,,
unit,1209,0.17,4.95,1709,0.1,4.63,A2,noun
workers,1210,0.17,4.95,2497,0.06,4.42,,
annual,1211,0.16,4.94,5817,0.02,3.93,B1,adjective
anymore,1212,0.16,4.94,470,0.51,5.36,A2,adverb
bar,1213,0.16,4.94,868,0.22,4.98,B1,"noun, verb"
battle,1214,0.16,4.94,1178,0.15,4.82,B1,noun
brain,1215,0.16,4.94,905,0.21,4.96,A1,noun
contract,1216,0.16,4.94,1796,0.09,4.6,B2,noun
degree,1217,0.16,4.94,3024,0.05,4.31,A2,noun
families,1218,0.16,4.94,2020,0.08,4.54,,
features,1219,0.16,4.94,6249,0.02,3.89,,
finished,1220,0.16,4.94,822,0.23,5.01,,
floor,1221,0.16,4.94,809,0.23,5.01,A1,noun
france,1222,0.16,4.94,1630,0.1,4.65,,
growing,1223,0.16,4.94,1854,0.09,4.58,B2,adjective
hurt,1224,0.16,4.94,436,0.56,5.4,A1,"adjective, verb"
image,1225,0.16,4.94,2060,0.08,4.52,A2,noun
insurance,1226,0.16,4.94,1967,0.08,4.55,B1,noun
majority,1227,0.16,4.94,5498,0.02,3.96,B1,noun
meant,1228,0.16,4.94,743,0.26,5.06,,
opening,1229,0.16,4.94,1660,0.1,4.64,B1,noun
opinion,1230,0.16,4.94,1602,0.1,4.66,A2,noun
physical,1231,0.16,4.94,2113,0.07,4.51,A2,adjective
pro,1232,0.16,4.94,3795,0.03,4.18,A2,noun
reach,1233,0.16,4.94,1065,0.17,4.87,A2,"noun, verb"
rule,1234,0.16,4.94,1427,0.12,4.73,B2,"noun, verb"
seriously,1235,0.16,4.94,789,0.24,5.02,A2,adverb
sports,1236,0.16,4.94,2555,0.06,4.4,B1,adjective
stupid,1237,0.16,4.94,512,0.46,5.31,B1,adjective
successful,1238,0.16,4.94,2349,0.06,4.45,A1,adjective
active,1239,0.16,4.93,3696,0.03,4.19,B1,adjective
administration,1240,0.16,4.93,5512,0.02,3.96,B1,noun
approach,1241,0.16,4.93,2563,0.06,4.4,B2,"noun, verb"
australian,1242,0.16,4.93,7823,0.01,3.74,,
biggest,1243,0.16,4.93,1459,0.12,4.71,,
cancer,1244,0.16,4.93,1908,0.08,4.57,B1,noun
civil,1245,0.16,4.93,2836,0.05,4.34,B1,adjective
dance,1246,0.16,4.93,617,0.34,5.18,A1,"noun, verb"
defense,1247,0.16,4.93,1938,0.08,4.56,,
direction,1248,0.16,4.93,2019,0.08,4.54,A2,noun
independent,1249,0.16,4.93,4212,0.03,4.12,B1,adjective
master,1250,0.16,4.93,627,0.33,5.17,B2,noun
none,1251,0.16,4.93,702,0.28,5.09,B1,pronoun
reasons,1252,0.16,4.93,1871,0.08,4.58,,
russia,1253,0.16,4.93,3062,0.04,4.3,,
ship,1254,0.16,4.93,740,0.26,5.06,B1,"noun, verb"
stock,1255,0.16,4.93,2564,0.06,4.4,B2,noun
trump,1256,0.16,4.93,7348,0.01,3.78,,
weekend,1257,0.16,4.93,1343,0.13,4.76,A1,noun
wonder,1258,0.16,4.93,687,0.29,5.11,A2,"noun, verb"
worst,1259,0.16,4.93,1101,0.16,4.85,B1,"adjective, adverb, noun"
africa,1260,0.15,4.92,2291,0.07,4.47,,
awesome,1261,0.15,4.92,1165,0.15,4.82,B1,adjective
band,1262,0.15,4.92,1288,0.14,4.78,A1,noun
beach,1263,0.15,4.92,1353,0.13,4.75,A1,noun
cash,1264,0.15,4.92,1037,0.17,4.89,A2,noun
clearly,1265,0.15,4.92,1383,0.12,4.74,A2,adverb
commercial,1266,0.15,4.92,3563,0.04,4.21,B2,"adjective, noun"
compared,1267,0.15,4.92,3658,0.04,4.2,,
effort,1268,0.15,4.92,2410,0.06,4.44,A2,noun
ended,1269,0.15,4.92,1599,0.1,4.66,,
fan,1270,0.15,4.92,1710,0.1,4.63,A1,noun
fighting,1271,0.15,4.92,916,0.2,4.96,B2,noun
imagine,1272,0.15,4.92,759,0.25,5.04,A1,verb
impact,1273,0.15,4.92,3406,0.04,4.24,A2,noun
lack,1274,0.15,4.92,2598,0.06,4.4,B2,"noun, verb"
latest,1275,0.15,4.92,2712,0.05,4.37,A2,adjective
learning,1276,0.15,4.92,2476,0.06,4.42,B2,noun
multiple,1277,0.15,4.92,3916,0.03,4.16,B2,adjective
older,1278,0.15,4.92,1508,0.11,4.7,,
operation,1279,0.15,4.92,1470,0.12,4.71,B1,noun
organization,1280,0.15,4.92,3317,0.04,4.25,,
passed,1281,0.15,4.92,1108,0.16,4.85,,
pictures,1282,0.15,4.92,1159,0.15,4.83,,
protect,1283,0.15,4.92,807,0.23,5.01,B1,verb
secret,1284,0.15,4.92,652,0.31,5.14,A2,"adjective, noun"
senior,1285,0.15,4.92,2454,0.06,4.43,A2,"adjective, noun"
spring,1286,0.15,4.92,1827,0.09,4.59,A1,noun
sunday,1287,0.15,4.92,1626,0.1,4.65,A1,noun
telling,1288,0.15,4.92,501,0.47,5.32,,
wear,1289,0.15,4.92,771,0.25,5.04,A1,verb
activities,1290,0.15,4.91,4833,0.02,4.04,,
address,1291,0.15,4.91,1118,0.16,4.84,B1,"noun, verb"
analysis,1292,0.15,4.91,4132,0.03,4.13,B1,noun
anyway,1293,0.15,4.91,420,0.58,5.41,A2,adverb
bought,1294,0.15,4.91,821,0.23,5.01,,
calls,1295,0.15,4.91,954,0.19,4.94,,
choose,1296,0.15,4.91,1127,0.16,4.84,A1,verb
christmas,1297,0.15,4.91,775,0.25,5.04,,
color,1298,0.15,4.91,1484,0.11,4.7,,
commission,1299,0.15,4.91,3840,0.03,4.17,B2,noun
competition,1300,0.15,4.91,1919,0.08,4.56,A2,noun
details,1301,0.15,4.91,1807,0.09,4.59,,
direct,1302,0.15,4.91,2371,0.06,4.45,B1,"adjective, verb"
dream,1303,0.15,4.91,629,0.33,5.17,A2,"noun, verb"
easily,1304,0.15,4.91,1736,0.09,4.62,A2,adverb
finish,1305,0.15,4.91,737,0.26,5.06,A1,"noun, verb"
grand,1306,0.15,4.91,1122,0.16,4.84,B2,adjective
here's,1307,0.15,4.91,,,,,
increased,1308,0.15,4.91,6005,0.02,3.91,,
indian,1309,0.15,4.91,2098,0.07,4.51,,
k,1310,0.15,4.91,,,,,
literally,1311,0.15,4.91,2219,0.07,4.48,B2,adverb
luck,1312,0.15,4.91,601,0.35,5.19,A1,noun
marriage,1313,0.15,4.91,837,0.22,5.0,B1,noun
names,1314,0.15,4.91,1207,0.15,4.81,,
necessary,1315,0.15,4.91,1375,0.13,4.75,A2,adjective
patients,1316,0.15,4.91,2063,0.07,4.52,,
resources,1317,0.15,4.91,3911,0.03,4.16,,
rich,1318,0.15,4.91,918,0.2,4.96,A1,adjective
skin,1319,0.15,4.91,1350,0.13,4.75,B1,noun
speaking,1320,0.15,4.91,689,0.29,5.11,,
supposed,1321,0.15,4.91,457,0.53,5.37,,
sweet,1322,0.15,4.91,633,0.33,5.16,A2,"adjective, noun"
thus,1323,0.15,4.91,3293,0.04,4.26,B1,adverb
touch,1324,0.15,4.91,585,0.37,5.21,B1,"noun, verb"
yesterday,1325,0.15,4.91,682,0.29,5.11,A1,adverb
caught,1326,0.15,4.9,741,0.26,5.06,,
closed,1327,0.15,4.9,1206,0.15,4.81,A1,adjective
congress,1328,0.15,4.9,4870,0.02,4.04,,
damage,1329,0.15,4.9,1776,0.09,4.6,B1,"noun, verb"
directly,1330,0.15,4.9,2280,0.07,4.47,B1,adverb
disease,1331,0.15,4.9,2104,0.07,4.51,B1,noun
doctor,1332,0.15,4.9,361,0.69,5.49,,
doubt,1333,0.15,4.9,1016,0.18,4.9,B2,"noun, verb"
drink,1334,0.15,4.9,388,0.63,5.45,A1,"noun, verb"
driving,1335,0.15,4.9,1021,0.18,4.89,,
established,1336,0.15,4.9,4942,0.02,4.03,,
facebook,1337,0.15,4.9,5579,0.02,3.95,,
feels,1338,0.15,4.9,935,0.2,4.95,,
fish,1339,0.15,4.9,869,0.21,4.98,B1,"noun, verb"
gay,1340,0.15,4.9,1184,0.15,4.82,B1,adjective
germany,1341,0.15,4.9,2289,0.07,4.47,,
glad,1342,0.15,4.9,593,0.36,5.2,A1,adjective
greater,1343,0.15,4.9,2780,0.05,4.35,,
grow,1344,0.15,4.9,1100,0.16,4.85,A1,verb
largest,1345,0.15,4.9,4113,0.03,4.13,,
machine,1346,0.15,4.9,975,0.19,4.92,A1,noun
notice,1347,0.15,4.9,1164,0.15,4.82,B1,"noun, verb"
overall,1348,0.15,4.9,7992,0.01,3.72,B2,"adjective, adverb"
planning,1349,0.15,4.9,1498,0.11,4.7,B2,noun
professor,1350,0.15,4.9,1006,0.18,4.9,B1,noun
programs,1351,0.15,4.9,7359,0.01,3.78,,
records,1352,0.15,4.9,1538,0.11,4.68,,
reports,1353,0.15,4.9,2407,0.06,4.44,,
shown,1354,0.15,4.9,2980,0.05,4.31,,
sit,1355,0.15,4.9,362,0.69,5.49,A1,verb
trip,1356,0.15,4.9,899,0.21,4.97,B2,"noun, verb"
associated,1357,0.14,4.89,7286,0.01,3.79,,
basic,1358,0.14,4.89,3207,0.04,4.27,A2,adjective
captain,1359,0.14,4.89,533,0.43,5.28,A2,noun
carry,1360,0.14,4.89,997,0.18,4.91,A1,verb
cars,1361,0.14,4.89,1397,0.12,4.74,,
crime,1362,0.14,4.89,849,0.22,4.99,A2,noun
effective,1363,0.14,4.89,4036,0.03,4.14,B1,adjective
effects,1364,0.14,4.89,3281,0.04,4.26,,
explain,1365,0.14,4.89,679,0.29,5.11,A2,verb
fully,1366,0.14,4.89,2506,0.06,4.42,A2,adverb
highly,1367,0.14,4.89,2607,0.06,4.39,B1,adverb
holding,1368,0.14,4.89,1088,0.16,4.86,,
japan,1369,0.14,4.89,2355,0.06,4.45,,
laws,1370,0.14,4.89,2827,0.05,4.34,,
male,1371,0.14,4.89,1614,0.1,4.66,A2,"adjective, noun"
mrs,1372,0.14,4.89,1049,0.17,4.88,,
parties,1373,0.14,4.89,2627,0.06,4.39,,
plant,1374,0.14,4.89,1927,0.08,4.56,B1,"noun, verb"
reality,1375,0.14,4.89,1813,0.09,4.59,B1,noun
smith,1376,0.14,4.89,1920,0.08,4.56,A1,noun
spot,1377,0.14,4.89,1170,0.15,4.82,B2,"noun, verb"
texas,1378,0.14,4.89,2973,0.05,4.31,,
we'll,1379,0.14,4.89,,,,,
winter,1380,0.14,4.89,1903,0.08,4.57,A1,noun
worse,1381,0.14,4.89,730,0.26,5.07,B2,"adjective, adverb, noun"
advice,1382,0.14,4.88,1423,0.12,4.73,A2,noun
agreement,1383,0.14,4.88,2651,0.05,4.38,B1,noun
ain't,1384,0.14,4.88,,,,,
award,1385,0.14,4.88,3688,0.03,4.19,B1,"noun, verb"
block,1386,0.14,4.88,1792,0.09,4.6,B1,"noun, verb"
broken,1387,0.14,4.88,949,0.2,4.94,A1,adjective
caused,1388,0.14,4.88,1859,0.09,4.58,,
challenge,1389,0.14,4.88,1473,0.11,4.71,B2,"noun, verb"
characters,1390,0.14,4.88,3744,0.03,4.18,,
christian,1391,0.14,4.88,2194,0.07,4.49,B1,adjective
comment,1392,0.14,4.88,3323,0.04,4.25,B2,"noun, verb"
equipment,1393,0.14,4.88,2431,0.06,4.43,B1,noun
eventually,1394,0.14,4.88,2000,0.08,4.54,B1,adverb
helped,1395,0.14,4.88,1224,0.14,4.8,,
holy,1396,0.14,4.88,1011,0.18,4.9,B1,adjective
killing,1397,0.14,4.88,926,0.2,4.95,B1,noun
lived,1398,0.14,4.88,985,0.19,4.92,,
lots,1399,0.14,4.88,1091,0.16,4.86,,
nation,1400,0.14,4.88,2114,0.07,4.51,A2,noun
otherwise,1401,0.14,4.88,1158,0.15,4.83,B1,adverb
peter,1402,0.14,4.88,917,0.2,4.96,,
prices,1403,0.14,4.88,5320,0.02,3.98,,
primary,1404,0.14,4.88,4780,0.03,4.05,B2,adjective
purpose,1405,0.14,4.88,1657,0.1,4.64,A2,noun
rates,1406,0.14,4.88,7974,0.01,3.72,,
responsible,1407,0.14,4.88,1357,0.13,4.75,B1,adjective
shop,1408,0.14,4.88,1020,0.18,4.9,B1,"noun, verb"
showing,1409,0.14,4.88,1793,0.09,4.6,,
sick,1410,0.14,4.88,574,0.38,5.22,A1,adjective
teacher,1411,0.14,4.88,993,0.18,4.91,A1,noun
theory,1412,0.14,4.88,1814,0.09,4.59,B1,noun
uses,1413,0.14,4.88,3135,0.04,4.28,,
william,1414,0.14,4.88,1818,0.09,4.59,,
agency,1415,0.14,4.87,2589,0.06,4.4,A2,noun
avoid,1416,0.14,4.87,1952,0.08,4.56,A2,verb
camera,1417,0.14,4.87,941,0.2,4.94,A1,noun
catch,1418,0.14,4.87,621,0.34,5.17,A1,"noun, verb"
cell,1419,0.14,4.87,938,0.2,4.94,B1,noun
coast,1420,0.14,4.87,2328,0.06,4.46,B1,"noun, verb"
comments,1421,0.14,4.87,6573,0.02,3.86,,
drug,1422,0.14,4.87,1371,0.13,4.75,A2,noun
economy,1423,0.14,4.87,4517,0.03,4.08,B1,noun
environment,1424,0.14,4.87,3213,0.04,4.27,B2,noun
executive,1425,0.14,4.87,4218,0.03,4.12,B2,"adjective, noun"
foot,1426,0.14,4.87,1134,0.15,4.84,B1,noun
hall,1427,0.14,4.87,1369,0.13,4.75,A1,noun
mass,1428,0.14,4.87,2434,0.06,4.43,B2,"adjective, noun"
meaning,1429,0.14,4.87,1583,0.1,4.67,A2,noun
mission,1430,0.14,4.87,1141,0.15,4.83,B1,noun
nine,1431,0.14,4.87,1183,0.15,4.82,A1,number
officers,1432,0.14,4.87,2009,0.08,4.54,,
operations,1433,0.14,4.87,4246,0.03,4.12,,
politics,1434,0.14,4.87,2537,0.06,4.41,B1,noun
pop,1435,0.14,4.87,1298,0.13,4.77,B2,"noun, verb"
produced,1436,0.14,4.87,4469,0.03,4.09,,
ran,1437,0.14,4.87,810,0.23,5.01,,
saturday,1438,0.14,4.87,1706,0.1,4.63,A1,noun
status,1439,0.14,4.87,3081,0.04,4.29,B1,noun
therefore,1440,0.14,4.87,2313,0.07,4.46,A2,adverb
trial,1441,0.14,4.87,1432,0.12,4.72,B2,noun
truly,1442,0.14,4.87,1529,0.11,4.69,A2,adverb
weather,1443,0.14,4.87,1742,0.09,4.62,A1,noun
activity,1444,0.13,4.86,3324,0.04,4.25,A1,noun
app,1445,0.13,4.86,8333,0.01,3.7,,
application,1446,0.13,4.86,4688,0.03,4.06,B1,noun
claims,1447,0.13,4.86,3435,0.04,4.23,,
coffee,1448,0.13,4.86,650,0.31,5.14,A1,noun
complex,1449,0.13,4.86,3234,0.04,4.27,B1,adjective
condition,1450,0.13,4.86,1566,0.11,4.67,A2,noun
division,1451,0.13,4.86,3057,0.04,4.3,B2,noun
evening,1452,0.13,4.86,626,0.33,5.17,A1,noun
flight,1453,0.13,4.86,1295,0.13,4.77,A2,noun
freedom,1454,0.13,4.86,1467,0.12,4.71,A2,noun
google,1455,0.13,4.86,7951,0.01,3.73,,
heat,1456,0.13,4.86,1607,0.1,4.66,B1,"noun, verb"
highest,1457,0.13,4.86,3552,0.04,4.21,,
interview,1458,0.13,4.86,1696,0.1,4.63,B1,"noun, verb"
library,1459,0.13,4.86,2573,0.06,4.4,A1,noun
located,1460,0.13,4.86,4597,0.03,4.07,,
location,1461,0.13,4.86,2023,0.08,4.54,B1,noun
murder,1462,0.13,4.86,602,0.35,5.19,B1,"noun, verb"
obama,1463,0.13,4.86,7479,0.01,3.77,,
offered,1464,0.13,4.86,2037,0.08,4.53,,
putting,1465,0.13,4.86,1054,0.17,4.88,,
queen,1466,0.13,4.86,992,0.18,4.91,A2,noun
seconds,1467,0.13,4.86,1070,0.17,4.87,,
showed,1468,0.13,4.86,1315,0.13,4.77,,
sitting,1469,0.13,4.86,836,0.22,5.0,,
standing,1470,0.13,4.86,927,0.2,4.95,,
stars,1471,0.13,4.86,1395,0.12,4.74,,
walking,1472,0.13,4.86,976,0.19,4.92,A2,noun
accept,1473,0.13,4.85,989,0.19,4.91,A2,verb
actual,1474,0.13,4.85,2599,0.06,4.4,B2,adjective
appear,1475,0.13,4.85,2071,0.07,4.52,A2,verb
attempt,1476,0.13,4.85,2671,0.05,4.38,B1,"noun, verb"
broke,1477,0.13,4.85,787,0.24,5.02,,
channel,1478,0.13,4.85,2759,0.05,4.36,B1,noun
distance,1479,0.13,4.85,1670,0.1,4.64,B1,noun
eating,1480,0.13,4.85,1047,0.17,4.88,,
exchange,1481,0.13,4.85,2336,0.06,4.46,B1,"noun, verb"
fat,1482,0.13,4.85,1107,0.16,4.85,B2,"adjective, noun"
fell,1483,0.13,4.85,877,0.21,4.98,,
finding,1484,0.13,4.85,1580,0.1,4.67,B1,noun
glass,1485,0.13,4.85,1035,0.17,4.89,A1,noun
learned,1486,0.13,4.85,1154,0.15,4.83,,
losing,1487,0.13,4.85,1293,0.13,4.77,,
mobile,1488,0.13,4.85,2864,0.05,4.33,A1,"adjective, noun"
northern,1489,0.13,4.85,4235,0.03,4.12,B1,adjective
opened,1490,0.13,4.85,1643,0.1,4.65,,
placed,1491,0.13,4.85,3231,0.04,4.27,,
powerful,1492,0.13,4.85,1446,0.12,4.72,A2,adjective
prior,1493,0.13,4.85,5045,0.02,4.01,B2,adjective
protection,1494,0.13,4.85,2198,0.07,4.49,B1,noun
reached,1495,0.13,4.85,1953,0.08,4.56,,
receive,1496,0.13,4.85,2376,0.06,4.45,A2,verb
religious,1497,0.13,4.85,3126,0.04,4.29,B1,adjective
ride,1498,0.13,4.85,751,0.25,5.05,A1,"noun, verb"
robert,1499,0.13,4.85,1458,0.12,4.71,,
royal,1500,0.13,4.85,1945,0.08,4.56,A2,adjective
screen,1501,0.13,4.85,2496,0.06,4.42,B2,"noun, verb"
serve,1502,0.13,4.85,1504,0.11,4.7,A2,verb
signed,1503,0.13,4.85,1723,0.09,4.62,,
slow,1504,0.13,4.85,1032,0.17,4.89,B1,"adjective, adverb, verb"
species,1505,0.13,4.85,2750,0.05,4.36,B2,noun
speech,1506,0.13,4.85,1757,0.09,4.61,A1,noun
traffic,1507,0.13,4.85,2095,0.07,4.51,A2,noun
tree,1508,0.13,4.85,1050,0.17,4.88,A1,noun
types,1509,0.13,4.85,4398,0.03,4.09,,
vs,1510,0.13,4.85,,,,,
wearing,1511,0.13,4.85,872,0.21,4.98,,
who's,1512,0.13,4.85,,,,,
whom,1513,0.13,4.85,1324,0.13,4.76,A2,pronoun
wonderful,1514,0.13,4.85,670,0.3,5.12,A1,adjective
agreed,1515,0.13,4.84,1385,0.12,4.74,,
airport,1516,0.13,4.84,1961,0.08,4.56,A1,noun
animals,1517,0.13,4.84,1294,0.13,4.77,,
appears,1518,0.13,4.84,2257,0.07,4.47,,
begin,1519,0.13,4.84,1169,0.15,4.82,A1,verb
benefits,1520,0.13,4.84,5361,0.02,3.98,,
bottom,1521,0.13,4.84,1362,0.13,4.75,A1,noun
cities,1522,0.13,4.84,3823,0.03,4.17,,
demand,1523,0.13,4.84,2812,0.05,4.34,B1,"noun, verb"
engine,1524,0.13,4.84,1253,0.14,4.79,B1,noun
everybody,1525,0.13,4.84,381,0.65,5.46,A1,pronoun
famous,1526,0.13,4.84,1328,0.13,4.76,A1,adjective
ideas,1527,0.13,4.84,1505,0.11,4.7,,
investment,1528,0.13,4.84,4305,0.03,4.11,B2,noun
keeping,1529,0.13,4.84,1220,0.14,4.8,,
lie,1530,0.13,4.84,625,0.33,5.17,A2,"noun, verb"
notes,1531,0.13,4.84,2320,0.06,4.46,,
partner,1532,0.13,4.84,1064,0.17,4.87,A1,noun
plays,1533,0.13,4.84,1460,0.12,4.71,,
raised,1534,0.13,4.84,2057,0.08,4.52,,
runs,1535,0.13,4.84,1883,0.08,4.57,,
sad,1536,0.13,4.84,937,0.2,4.95,A1,adjective
solution,1537,0.13,4.84,2394,0.06,4.44,A2,noun
songs,1538,0.13,4.84,2184,0.07,4.49,,
sources,1539,0.13,4.84,5348,0.02,3.98,,
southern,1540,0.13,4.84,3628,0.04,4.2,B1,adjective
square,1541,0.13,4.84,1897,0.08,4.57,A2,"adjective, noun"
stopped,1542,0.13,4.84,895,0.21,4.97,,
structure,1543,0.13,4.84,3940,0.03,4.16,A2,noun
thomas,1544,0.13,4.84,1705,0.1,4.63,,
traditional,1545,0.13,4.84,4210,0.03,4.12,A2,adjective
twice,1546,0.13,4.84,1214,0.14,4.81,A2,adverb
wind,1547,0.13,4.84,1066,0.17,4.87,B2,"noun, verb"
worry,1548,0.13,4.84,352,0.73,5.51,A2,"noun, verb"
1st,1549,0.13,4.83,,,,,
americans,1550,0.13,4.83,2319,0.06,4.46,,
appeared,1551,0.13,4.83,3388,0.04,4.24,,
becomes,1552,0.13,4.83,2049,0.08,4.53,,
brand,1553,0.13,4.83,3023,0.05,4.31,A2,noun
bus,1554,0.13,4.83,1081,0.17,4.87,A1,noun
cent,1555,0.13,4.83,5919,0.02,3.92,A2,noun
chicago,1556,0.13,4.83,2365,0.06,4.45,,
count,1557,0.13,4.83,853,0.22,4.99,A2,"noun, verb"
covered,1558,0.13,4.83,1758,0.09,4.61,,
critical,1559,0.13,4.83,3831,0.03,4.17,B1,adjective
digital,1560,0.13,4.83,6223,0.02,3.89,B1,adjective
forced,1561,0.13,4.83,1687,0.1,4.63,,
fourth,1562,0.13,4.83,2357,0.06,4.45,,
fresh,1563,0.13,4.83,1260,0.14,4.79,A2,adjective
lake,1564,0.13,4.83,1763,0.09,4.61,A2,noun
mental,1565,0.13,4.83,2602,0.06,4.39,B1,adjective
mentioned,1566,0.13,4.83,1925,0.08,4.56,,
missed,1567,0.13,4.83,924,0.2,4.95,,
mostly,1568,0.13,4.83,2278,0.07,4.47,A2,adverb
mouth,1569,0.13,4.83,753,0.25,5.05,A1,noun
owner,1570,0.13,4.83,1858,0.09,4.58,A1,noun
photos,1571,0.13,4.83,1978,0.08,4.55,,
previously,1572,0.13,4.83,2554,0.06,4.41,B2,adverb
realize,1573,0.13,4.83,972,0.19,4.92,,
remain,1574,0.13,4.83,1549,0.11,4.68,A2,verb
scale,1575,0.13,4.83,3569,0.04,4.21,A2,noun
score,1576,0.13,4.83,2372,0.06,4.45,B1,"noun, verb"
separate,1577,0.13,4.83,2358,0.06,4.45,B2,"adjective, verb"
smart,1578,0.13,4.83,892,0.21,4.97,A1,adjective
starts,1579,0.13,4.83,1234,0.14,4.8,,
surface,1580,0.13,4.83,2281,0.07,4.47,B1,noun
throw,1581,0.13,4.83,683,0.29,5.11,A2,"noun, verb"
tom,1582,0.13,4.83,871,0.21,4.98,,
totally,1583,0.13,4.83,754,0.25,5.05,B1,adverb
twitter,1584,0.13,4.83,8500,0.01,3.68,,
views,1585,0.13,4.83,6596,0.02,3.85,,
wedding,1586,0.13,4.83,717,0.27,5.07,A2,noun
you'd,1587,0.13,4.83,,,,,
acting,1588,0.12,4.82,1278,0.14,4.78,,
actions,1589,0.12,4.82,3243,0.04,4.27,,
african,1590,0.12,4.82,4736,0.03,4.05,,
arms,1591,0.12,4.82,1116,0.16,4.85,,
benefit,1592,0.12,4.82,3284,0.04,4.26,B2,"noun, verb"
budget,1593,0.12,4.82,4033,0.03,4.14,A2,"adjective, noun"
click,1594,0.12,4.82,4273,0.03,4.11,A2,"noun, verb"
estate,1595,0.12,4.82,2523,0.06,4.41,B2,noun
failed,1596,0.12,4.82,1734,0.09,4.62,,
faith,1597,0.12,4.82,1354,0.13,4.75,B2,noun
fashion,1598,0.12,4.82,2550,0.06,4.41,A2,noun
feature,1599,0.12,4.82,6288,0.02,3.88,B2,"noun, verb"
fund,1600,0.12,4.82,4147,0.03,4.13,B1,"noun, verb"
generation,1601,0.12,4.82,3011,0.05,4.31,A2,noun
hearing,1602,0.12,4.82,1437,0.12,4.72,B1,noun
hill,1603,0.12,4.82,1837,0.09,4.59,A1,noun
jack,1604,0.12,4.82,599,0.35,5.2,,
larger,1605,0.12,4.82,4363,0.03,4.1,,
louis,1606,0.12,4.82,2217,0.07,4.48,,
metal,1607,0.12,4.82,2202,0.07,4.49,A2,noun
mid,1608,0.12,4.82,,,,,
paris,1609,0.12,4.82,1145,0.15,4.83,,
profile,1610,0.12,4.82,3504,0.04,4.22,B2,noun
pull,1611,0.12,4.82,647,0.31,5.14,A2,verb
push,1612,0.12,4.82,1043,0.17,4.88,A1,"noun, verb"
returned,1613,0.12,4.82,1789,0.09,4.6,,
rose,1614,0.12,4.82,1381,0.12,4.74,A1,noun
seat,1615,0.12,4.82,969,0.19,4.93,A1,noun
seemed,1616,0.12,4.82,1251,0.14,4.79,,
sexual,1617,0.12,4.82,2066,0.07,4.52,B2,adjective
shouldn't,1618,0.12,4.82,,,,,
target,1619,0.12,4.82,1534,0.11,4.69,A2,noun
understanding,1620,0.12,4.82,2501,0.06,4.42,B2,"adjective, noun"
village,1621,0.12,4.82,1024,0.18,4.89,A2,noun
agent,1622,0.12,4.81,919,0.2,4.96,A2,noun
animal,1623,0.12,4.81,1314,0.13,4.77,A1,noun
apply,1624,0.12,4.81,3465,0.04,4.23,A2,verb
authority,1625,0.12,4.81,2580,0.06,4.4,B1,noun
basis,1626,0.12,4.81,4050,0.03,4.14,B1,noun
becoming,1627,0.12,4.81,2221,0.07,4.48,,
chris,1628,0.12,4.81,1471,0.12,4.71,,
draw,1629,0.12,4.81,1656,0.1,4.64,A1,"noun, verb"
dude,1630,0.12,4.81,692,0.29,5.1,B1,noun
employees,1631,0.12,4.81,3880,0.03,4.16,,
enter,1632,0.12,4.81,1724,0.09,4.62,A2,verb
ex,1633,0.12,4.81,3510,0.04,4.22,,
follows,1634,0.12,4.81,5407,0.02,3.97,,
foundation,1635,0.12,4.81,4003,0.03,4.15,B1,noun
gain,1636,0.12,4.81,3113,0.04,4.29,B1,"noun, verb"
http,1637,0.12,4.81,,,,,
individuals,1638,0.12,4.81,6352,0.02,3.88,,
japanese,1639,0.12,4.81,1821,0.09,4.59,,
leaders,1640,0.12,4.81,3898,0.03,4.16,,
memory,1641,0.12,4.81,1276,0.14,4.78,A1,noun
prime,1642,0.12,4.81,2156,0.07,4.5,B2,adjective
projects,1643,0.12,4.81,6077,0.02,3.9,,
ring,1644,0.12,4.81,814,0.23,5.01,A1,"noun, verb"
rise,1645,0.12,4.81,2006,0.08,4.54,B1,"noun, verb"
selling,1646,0.12,4.81,1622,0.1,4.66,,
served,1647,0.12,4.81,2370,0.06,4.45,,
silver,1648,0.12,4.81,1935,0.08,4.56,A2,"adjective, noun"
soul,1649,0.12,4.81,915,0.2,4.96,B1,noun
spread,1650,0.12,4.81,1819,0.09,4.59,B2,"noun, verb"
supply,1651,0.12,4.81,2802,0.05,4.35,B2,"noun, verb"
waste,1652,0.12,4.81,1223,0.14,4.8,B1,"adjective, noun, verb"
weird,1653,0.12,4.81,708,0.27,5.08,B1,adjective
adult,1654,0.12,4.8,2817,0.05,4.34,A2,"adjective, noun"
apparently,1655,0.12,4.8,1290,0.13,4.78,A2,adverb
artist,1656,0.12,4.8,1836,0.09,4.59,B1,noun
chairman,1657,0.12,4.8,3361,0.04,4.25,A2,noun
edition,1658,0.12,4.8,7324,0.01,3.78,B1,noun
engineering,1659,0.12,4.8,5065,0.02,4.01,B1,noun
grade,1660,0.12,4.8,2390,0.06,4.44,B2,"noun, verb"
happening,1661,0.12,4.8,715,0.27,5.07,,
healthy,1662,0.12,4.8,2117,0.07,4.51,A1,adjective
institute,1663,0.12,4.8,4955,0.02,4.02,B1,noun
method,1664,0.12,4.8,4227,0.03,4.12,A2,noun
mike,1665,0.12,4.8,848,0.22,4.99,,
monday,1666,0.12,4.8,2109,0.07,4.51,A1,noun
nations,1667,0.12,4.8,5076,0.02,4.01,,
obviously,1668,0.12,4.8,987,0.19,4.92,B1,adverb
option,1669,0.12,4.8,2854,0.05,4.34,B1,noun
prison,1670,0.12,4.8,887,0.21,4.97,B1,noun
provides,1671,0.12,4.8,8353,0.01,3.69,,
remains,1672,0.12,4.8,2259,0.07,4.47,B2,noun
senate,1673,0.12,4.8,6135,0.02,3.9,,
smaller,1674,0.12,4.8,3248,0.04,4.26,,
somebody,1675,0.12,4.8,410,0.6,5.42,A2,pronoun
stone,1676,0.12,4.8,1339,0.13,4.76,A1,noun
strength,1677,0.12,4.8,1481,0.11,4.71,A2,noun
users,1678,0.12,4.8,,,,,
wild,1679,0.12,4.8,1310,0.13,4.77,A2,adjective
window,1680,0.12,4.8,961,0.19,4.93,A1,noun
winner,1681,0.12,4.8,2106,0.07,4.51,A2,noun
arrived,1682,0.11,4.79,1156,0.15,4.83,,
bag,1683,0.11,4.79,783,0.24,5.03,A1,noun
bet,1684,0.11,4.79,639,0.32,5.15,B1,verb
camp,1685,0.11,4.79,1319,0.13,4.77,A2,"noun, verb"
cast,1686,0.11,4.79,2283,0.07,4.47,B2,"noun, verb"
christ,1687,0.11,4.79,1078,0.17,4.87,,
continues,1688,0.11,4.79,1044,0.17,4.88,,
correct,1689,0.11,4.79,1392,0.12,4.74,B2,"adjective, verb"
dangerous,1690,0.11,4.79,816,0.23,5.01,A2,adjective
ed,1691,0.11,4.79,1780,0.09,4.6,,
extremely,1692,0.11,4.79,2205,0.07,4.49,A2,adverb
firm,1693,0.11,4.79,2155,0.07,4.5,B1,"adjective, noun"
greatest,1694,0.11,4.79,1491,0.11,4.7,,
handle,1695,0.11,4.79,803,0.23,5.01,B1,"noun, verb"
improve,1696,0.11,4.79,4838,0.02,4.04,A2,verb
indeed,1697,0.11,4.79,1218,0.14,4.81,A2,adverb
leaves,1698,0.11,4.79,1405,0.12,4.73,,
movies,1699,0.11,4.79,1603,0.1,4.66,,
negative,1700,0.11,4.79,2495,0.06,4.42,A2,adjective
prevent,1701,0.11,4.79,3333,0.04,4.25,A2,verb
removed,1702,0.11,4.79,3047,0.04,4.3,,
richard,1703,0.11,4.79,1292,0.13,4.77,,
spirit,1704,0.11,4.79,1271,0.14,4.79,B1,noun
television,1705,0.11,4.79,2055,0.08,4.52,A1,noun
till,1706,0.11,4.79,619,0.34,5.18,A2,"conjunction, preposition"
trouble,1707,0.11,4.79,475,0.5,5.34,B1,"noun, verb"
usa,1708,0.11,4.79,7068,0.01,3.81,,
videos,1709,0.11,4.79,5952,0.02,3.91,,
advantage,1710,0.11,4.78,2133,0.07,4.5,A2,noun
apart,1711,0.11,4.78,1187,0.15,4.82,A2,adverb
aware,1712,0.11,4.78,1612,0.1,4.66,B1,adjective
cat,1713,0.11,4.78,1019,0.18,4.9,A1,noun
customers,1714,0.11,4.78,2524,0.06,4.41,,
decide,1715,0.11,4.78,1129,0.16,4.84,A2,verb
dinner,1716,0.11,4.78,547,0.41,5.26,A1,noun
dollars,1717,0.11,4.78,1181,0.15,4.82,,
eastern,1718,0.11,4.78,4607,0.03,4.07,B1,adjective
fifth,1719,0.11,4.78,2913,0.05,4.32,B1,noun
function,1720,0.11,4.78,4000,0.03,4.15,A2,"noun, verb"
gift,1721,0.11,4.78,1052,0.17,4.88,A1,noun
helping,1722,0.11,4.78,1204,0.15,4.81,,
herself,1723,0.11,4.78,1174,0.15,4.82,A2,pronoun
impossible,1724,0.11,4.78,986,0.19,4.92,A2,adjective
influence,1725,0.11,4.78,3030,0.05,4.3,B2,"noun, verb"
items,1726,0.11,4.78,4813,0.02,4.04,,
joe,1727,0.11,4.78,797,0.24,5.02,,
los,1728,0.11,4.78,2789,0.05,4.35,,
marketing,1729,0.11,4.78,6937,0.01,3.82,B2,noun
mary,1730,0.11,4.78,923,0.2,4.95,,
materials,1731,0.11,4.78,5637,0.02,3.95,,
nor,1732,0.11,4.78,1417,0.12,4.73,B1,conjunction
produce,1733,0.11,4.78,3345,0.04,4.25,A2,verb
progress,1734,0.11,4.78,2424,0.06,4.43,B2,"noun, verb"
proud,1735,0.11,4.78,908,0.21,4.96,B1,adjective
require,1736,0.11,4.78,4111,0.03,4.13,B1,verb
shooting,1737,0.11,4.78,1317,0.13,4.77,B2,noun
shut,1738,0.11,4.78,394,0.62,5.44,A2,"adjective, verb"
standards,1739,0.11,4.78,5641,0.02,3.95,,
tells,1740,0.11,4.78,1415,0.12,4.73,,
thinks,1741,0.11,4.78,794,0.24,5.02,,
van,1742,0.11,4.78,1306,0.13,4.77,B1,noun
wood,1743,0.11,4.78,2143,0.07,4.5,A2,noun
background,1744,0.11,4.77,2644,0.05,4.38,A2,noun
birth,1745,0.11,4.77,1631,0.1,4.65,A1,noun
bridge,1746,0.11,4.77,1493,0.11,4.7,A1,noun
carried,1747,0.11,4.77,2347,0.06,4.45,,
charles,1748,0.11,4.77,1527,0.11,4.69,,
classes,1749,0.11,4.77,3429,0.04,4.23,,
completed,1750,0.11,4.77,4292,0.03,4.11,,
concept,1751,0.11,4.77,3983,0.03,4.15,B1,noun
copy,1752,0.11,4.77,1463,0.12,4.71,A2,"noun, verb"
dear,1753,0.11,4.77,417,0.58,5.41,B2,"adjective, noun"
dogs,1754,0.11,4.77,1309,0.13,4.77,,
drugs,1755,0.11,4.77,1138,0.15,4.84,,
efforts,1756,0.11,4.77,4671,0.03,4.06,,
garden,1757,0.11,4.77,1726,0.09,4.62,A1,noun
host,1758,0.11,4.77,3409,0.04,4.24,A2,noun
housing,1759,0.11,4.77,6386,0.02,3.87,,
inc,1760,0.11,4.77,,,,,
israel,1761,0.11,4.77,4829,0.02,4.04,,
journal,1762,0.11,4.77,5499,0.02,3.96,B1,noun
labor,1763,0.11,4.77,4004,0.03,4.15,,
leadership,1764,0.11,4.77,5706,0.02,3.94,B1,noun
length,1765,0.11,4.77,5267,0.02,3.99,B1,noun
lucky,1766,0.11,4.77,637,0.32,5.15,A1,adjective
neither,1767,0.11,4.77,988,0.19,4.92,B2,"adverb, conjunction, determiner, pronoun"
onto,1768,0.11,4.77,1552,0.11,4.68,,
patient,1769,0.11,4.77,1104,0.16,4.85,A2,"adjective, noun"
possibly,1770,0.11,4.77,1429,0.12,4.73,A2,adverb
prove,1771,0.11,4.77,966,0.19,4.93,B1,verb
rare,1772,0.11,4.77,2388,0.06,4.44,B1,adjective
setting,1773,0.11,4.77,2611,0.06,4.39,B1,noun
skills,1774,0.11,4.77,2600,0.06,4.39,,
software,1775,0.11,4.77,6043,0.02,3.9,A2,noun
thousands,1776,0.11,4.77,1674,0.1,4.64,,
tough,1777,0.11,4.77,934,0.2,4.95,B2,adjective
units,1778,0.11,4.77,3168,0.04,4.28,,
ad,1779,0.11,4.76,3420,0.04,4.23,B1,noun
alive,1780,0.11,4.76,538,0.43,5.28,A2,adjective
apple,1781,0.11,4.76,2590,0.06,4.4,A1,noun
balance,1782,0.11,4.76,2876,0.05,4.33,B2,"noun, verb"
birthday,1783,0.11,4.76,755,0.25,5.05,A1,noun
bitch,1784,0.11,4.76,600,0.35,5.19,,
boss,1785,0.11,4.76,553,0.41,5.26,A2,noun
cards,1786,0.11,4.76,1594,0.1,4.66,,
changing,1787,0.11,4.76,2033,0.08,4.53,,
connection,1788,0.11,4.76,1869,0.08,4.58,,
dress,1789,0.11,4.76,922,0.2,4.95,A2,"noun, verb"
easier,1790,0.11,4.76,1559,0.11,4.68,,
fellow,1791,0.11,4.76,1400,0.12,4.74,B1,"adjective, noun"
florida,1792,0.11,4.76,3731,0.03,4.18,,
horse,1793,0.11,4.76,850,0.22,4.99,A1,noun
knowing,1794,0.11,4.76,1382,0.12,4.74,,
liked,1795,0.11,4.76,1003,0.18,4.91,,
magic,1796,0.11,4.76,1060,0.17,4.87,A2,"adjective, noun"
managed,1797,0.11,4.76,2105,0.07,4.51,,
map,1798,0.11,4.76,1998,0.08,4.54,A1,noun
net,1799,0.11,4.76,3820,0.03,4.17,B1,"adjective, noun"
owned,1800,0.11,4.76,4096,0.03,4.14,,
request,1801,0.11,4.76,2008,0.08,4.54,B1,"noun, verb"
stick,1802,0.11,4.76,889,0.21,4.97,B1,"noun, verb"
they've,1803,0.11,4.76,,,,,
turns,1804,0.11,4.76,1117,0.16,4.84,,
vehicle,1805,0.11,4.76,2228,0.07,4.48,B1,noun
volume,1806,0.11,4.76,5674,0.02,3.94,B1,noun
wake,1807,0.11,4.76,729,0.26,5.07,B1,"noun, verb"
aid,1808,0.1,4.75,3717,0.03,4.19,B1,"noun, verb"
beauty,1809,0.1,4.75,1330,0.13,4.76,A2,noun
believed,1810,0.1,4.75,1623,0.1,4.66,,
billion,1811,0.1,4.75,2736,0.05,4.36,B2,noun
busy,1812,0.1,4.75,731,0.26,5.07,A1,adjective
buying,1813,0.1,4.75,1907,0.08,4.57,,
cells,1814,0.1,4.75,3095,0.04,4.29,,
concerned,1815,0.1,4.75,1553,0.11,4.68,B1,adjective
conversation,1816,0.1,4.75,1414,0.12,4.73,A1,noun
corner,1817,0.1,4.75,1387,0.12,4.74,A1,noun
criminal,1818,0.1,4.75,1526,0.11,4.69,B1,"adjective, noun"
cultural,1819,0.1,4.75,5967,0.02,3.91,B1,adjective
develop,1820,0.1,4.75,4411,0.03,4.09,A2,verb
driver,1821,0.1,4.75,1331,0.13,4.76,A1,noun
ends,1822,0.1,4.75,1667,0.1,4.64,,
existing,1823,0.1,4.75,,,,B2,adjective
farm,1824,0.1,4.75,1885,0.08,4.57,A1,noun
file,1825,0.1,4.75,1441,0.12,4.72,B2,"noun, verb"
fix,1826,0.1,4.75,906,0.21,4.96,B1,"noun, verb"
fly,1827,0.1,4.75,944,0.2,4.94,A1,"noun, verb"
frank,1828,0.1,4.75,792,0.24,5.02,A2,adjective
guide,1829,0.1,4.75,2773,0.05,4.35,B1,"noun, verb"
images,1830,0.1,4.75,3758,0.03,4.18,,
investigation,1831,0.1,4.75,1506,0.11,4.7,B1,noun
mexico,1832,0.1,4.75,2460,0.06,4.43,,
operating,1833,0.1,4.75,4582,0.03,4.07,,
paying,1834,0.1,4.75,1523,0.11,4.69,,
presented,1835,0.1,4.75,5574,0.02,3.95,,
raise,1836,0.1,4.75,1297,0.13,4.77,A2,verb
responsibility,1837,0.1,4.75,1671,0.1,4.64,B1,noun
roll,1838,0.1,4.75,1269,0.14,4.79,B2,"noun, verb"
slightly,1839,0.1,4.75,3344,0.04,4.25,B1,adverb
suggest,1840,0.1,4.75,1668,0.1,4.64,A2,verb
surprise,1841,0.1,4.75,862,0.22,4.98,B1,"noun, verb"
technical,1842,0.1,4.75,4979,0.02,4.02,B2,adjective
thoughts,1843,0.1,4.75,1808,0.09,4.59,,
treat,1844,0.1,4.75,1268,0.14,4.79,B2,"noun, verb"
unique,1845,0.1,4.75,2734,0.05,4.36,B1,adjective
variety,1846,0.1,4.75,6344,0.02,3.88,B1,noun
violence,1847,0.1,4.75,2150,0.07,4.5,B1,noun
weapons,1848,0.1,4.75,1447,0.12,4.72,,
yours,1849,0.1,4.75,486,0.49,5.34,A1,pronoun
youth,1850,0.1,4.75,2411,0.06,4.44,A2,noun
2nd,1851,0.1,4.74,,,,,
appreciate,1852,0.1,4.74,1018,0.18,4.9,A2,verb
bigger,1853,0.1,4.74,1201,0.15,4.81,,
breaking,1854,0.1,4.74,1500,0.11,4.7,,
discovered,1855,0.1,4.74,1737,0.09,4.62,,
dont,1856,0.1,4.74,3862,0.03,4.17,,
dry,1857,0.1,4.74,1586,0.1,4.67,A2,"adjective, verb"
edge,1858,0.1,4.74,2242,0.07,4.48,B1,noun
evil,1859,0.1,4.74,1005,0.18,4.91,B2,"adjective, noun"
excited,1860,0.1,4.74,1291,0.13,4.78,A1,adjective
forever,1861,0.1,4.74,790,0.24,5.02,A2,adverb
funds,1862,0.1,4.74,5058,0.02,4.01,,
helps,1863,0.1,4.74,2437,0.06,4.43,,
henry,1864,0.1,4.74,1082,0.16,4.86,,
injury,1865,0.1,4.74,3953,0.03,4.16,B1,noun
iron,1866,0.1,4.74,2178,0.07,4.49,B1,"noun, verb"
lovely,1867,0.1,4.74,802,0.23,5.02,A1,adjective
mad,1868,0.1,4.74,671,0.3,5.12,A2,adjective
magazine,1869,0.1,4.74,2443,0.06,4.43,A1,noun
martin,1870,0.1,4.74,1465,0.12,4.71,,
models,1871,0.1,4.74,4783,0.03,4.05,,
offers,1872,0.1,4.74,5344,0.02,3.98,,
ordered,1873,0.1,4.74,1718,0.09,4.62,,
parliament,1874,0.1,4.74,6093,0.02,3.9,B2,noun
prepared,1875,0.1,4.74,1517,0.11,4.69,B1,adjective
reference,1876,0.1,4.74,5305,0.02,3.98,B2,noun
religion,1877,0.1,4.74,3027,0.05,4.3,B1,noun
sites,1878,0.1,4.74,6359,0.02,3.88,,
somewhere,1879,0.1,4.74,638,0.32,5.15,A2,adverb
stated,1880,0.1,4.74,8619,0.01,3.67,,
strategy,1881,0.1,4.74,3654,0.04,4.2,A2,noun
teachers,1882,0.1,4.74,3650,0.04,4.2,,
web,1883,0.1,4.74,4150,0.03,4.13,A2,noun
wine,1884,0.1,4.74,1028,0.18,4.89,A2,noun
accounts,1885,0.1,4.73,3498,0.04,4.22,,
angeles,1886,0.1,4.73,3239,0.04,4.27,,
arm,1887,0.1,4.73,1210,0.14,4.81,B1,"noun, verb"
audience,1888,0.1,4.73,1576,0.11,4.67,A2,noun
bay,1889,0.1,4.73,2633,0.05,4.39,A2,noun
blog,1890,0.1,4.73,8335,0.01,3.7,B1,noun
closer,1891,0.1,4.73,1285,0.14,4.78,,
core,1892,0.1,4.73,3720,0.03,4.19,B2,noun
democratic,1893,0.1,4.73,7163,0.01,3.8,B1,adjective
description,1894,0.1,4.73,3996,0.03,4.15,A2,noun
dropped,1895,0.1,4.73,1478,0.11,4.71,,
excellent,1896,0.1,4.73,1351,0.13,4.75,A1,adjective
exist,1897,0.1,4.73,1653,0.1,4.64,A2,verb
figures,1898,0.1,4.73,3337,0.04,4.25,,
forms,1899,0.1,4.73,3768,0.03,4.18,,
guard,1900,0.1,4.73,1168,0.15,4.82,B2,"noun, verb"
honest,1901,0.1,4.73,951,0.2,4.94,B1,adjective
issued,1902,0.1,4.73,6363,0.02,3.88,,
joined,1903,0.1,4.73,2570,0.06,4.4,,
jones,1904,0.1,4.73,2468,0.06,4.43,,
lee,1905,0.1,4.73,1313,0.13,4.77,,
lies,1906,0.1,4.73,1416,0.12,4.73,,
likes,1907,0.1,4.73,1014,0.18,4.9,,
medicine,1908,0.1,4.73,1732,0.09,4.62,A1,noun
mention,1909,0.1,4.73,1239,0.14,4.8,B1,"noun, verb"
mountain,1910,0.1,4.73,1567,0.11,4.67,A1,noun
nuclear,1911,0.1,4.73,2878,0.05,4.33,B1,adjective
orders,1912,0.1,4.73,1153,0.15,4.83,,
port,1913,0.1,4.73,3163,0.04,4.28,B1,noun
presence,1914,0.1,4.73,2309,0.07,4.46,B1,noun
reaction,1915,0.1,4.73,2888,0.05,4.33,B2,noun
reduce,1916,0.1,4.73,6294,0.02,3.88,B1,verb
shoot,1917,0.1,4.73,584,0.37,5.21,A2,verb
sides,1918,0.1,4.73,2799,0.05,4.35,,
solid,1919,0.1,4.73,2661,0.05,4.38,B1,adjective
spanish,1920,0.1,4.73,1725,0.09,4.62,,
sport,1921,0.1,4.73,3206,0.04,4.27,A1,noun
steps,1922,0.1,4.73,2337,0.06,4.46,,
stress,1923,0.1,4.73,2953,0.05,4.32,B2,"noun, verb"
taste,1924,0.1,4.73,1228,0.14,4.8,B1,"noun, verb"
tea,1925,0.1,4.73,909,0.21,4.96,A1,noun
victory,1926,0.1,4.73,2119,0.07,4.51,B1,noun
afternoon,1927,0.1,4.72,904,0.21,4.96,A1,noun
assistant,1928,0.1,4.72,1870,0.08,4.58,B1,"adjective, noun"
britain,1929,0.1,4.72,3438,0.04,4.23,,
citizens,1930,0.1,4.72,3201,0.04,4.27,,
classic,1931,0.1,4.72,2976,0.05,4.31,B2,"adjective, noun"
clothes,1932,0.1,4.72,772,0.25,5.04,A1,noun
decisions,1933,0.1,4.72,2862,0.05,4.33,,
electric,1934,0.1,4.72,3208,0.04,4.27,A2,adjective
emergency,1935,0.1,4.72,1433,0.12,4.72,A2,noun
entered,1936,0.1,4.72,2882,0.05,4.33,,
entirely,1937,0.1,4.72,2623,0.06,4.39,B1,adverb
facts,1938,0.1,4.72,2565,0.06,4.4,,
failure,1939,0.1,4.72,2582,0.06,4.4,B1,noun
festival,1940,0.1,4.72,3264,0.04,4.26,A1,noun
flat,1941,0.1,4.72,1735,0.09,4.62,A1,"adjective, adverb, noun"
fuel,1942,0.1,4.72,3031,0.05,4.3,B1,noun
harry,1943,0.1,4.72,1099,0.16,4.85,,
hello,1944,0.1,4.72,193,1.41,5.8,A1,noun
houses,1945,0.1,4.72,2352,0.06,4.45,,
ill,1946,0.1,4.72,1855,0.09,4.58,A2,adjective
initial,1947,0.1,4.72,5953,0.02,3.91,B1,"adjective, noun"
introduced,1948,0.1,4.72,4077,0.03,4.14,,
johnson,1949,0.1,4.72,2620,0.06,4.39,,
kick,1950,0.1,4.72,1213,0.14,4.81,A1,"noun, verb"
links,1951,0.1,4.72,8220,0.01,3.71,,
mail,1952,0.1,4.72,2138,0.07,4.5,B1,"noun, verb"
massive,1953,0.1,4.72,2748,0.05,4.36,B1,adjective
matters,1954,0.1,4.72,1616,0.1,4.66,,
pair,1955,0.1,4.72,1882,0.08,4.57,A1,noun
picked,1956,0.1,4.72,1144,0.15,4.83,,
pieces,1957,0.1,4.72,1585,0.1,4.67,,
plane,1958,0.1,4.72,1042,0.17,4.88,A1,noun
plenty,1959,0.1,4.72,1346,0.13,4.76,B1,"noun, pronoun"
prince,1960,0.1,4.72,1235,0.14,4.8,A1,noun
proper,1961,0.1,4.72,1987,0.08,4.55,A2,adjective
providing,1962,0.1,4.72,7797,0.01,3.74,,
quarter,1963,0.1,4.72,2768,0.05,4.35,A1,noun
regional,1964,0.1,4.72,9164,0.01,3.63,B1,adjective
scott,1965,0.1,4.72,1745,0.09,4.61,,
session,1966,0.1,4.72,3536,0.04,4.22,B1,noun
shape,1967,0.1,4.72,1943,0.08,4.56,B1,"noun, verb"
sky,1968,0.1,4.72,1262,0.14,4.79,A1,noun
teaching,1969,0.1,4.72,2710,0.05,4.37,B1,noun
toward,1970,0.1,4.72,2990,0.05,4.31,,
transfer,1971,0.1,4.72,2775,0.05,4.35,B1,"noun, verb"
upper,1972,0.1,4.72,3807,0.03,4.17,B1,adjective
useful,1973,0.1,4.72,2670,0.05,4.38,A2,adjective
valley,1974,0.1,4.72,2549,0.06,4.41,A2,noun
watched,1975,0.1,4.72,2064,0.07,4.52,,
willing,1976,0.1,4.72,1347,0.13,4.76,B2,adjective
windows,1977,0.1,4.72,2701,0.05,4.37,,
zone,1978,0.1,4.72,2453,0.06,4.43,A2,noun
accident,1979,0.1,4.71,874,0.21,4.98,A2,noun
advanced,1980,0.1,4.71,4146,0.03,4.13,A2,adjective
alternative,1981,0.1,4.71,4762,0.03,4.05,B1,"adjective, noun"
anywhere,1982,0.1,4.71,815,0.23,5.01,A2,adverb
articles,1983,0.1,4.71,6906,0.01,3.82,,
awards,1984,0.1,4.71,7010,0.01,3.81,,
bear,1985,0.1,4.71,1055,0.17,4.88,A2,"noun, verb"
boat,1986,0.1,4.71,865,0.22,4.98,A1,noun
bringing,1987,0.1,4.71,1477,0.11,4.71,,
capacity,1988,0.1,4.71,5523,0.02,3.96,B1,noun
cheap,1989,0.1,4.71,1946,0.08,4.56,A2,adjective
climate,1990,0.1,4.71,5506,0.02,3.96,B1,noun
communities,1991,0.1,4.71,,,,,
discussion,1992,0.1,4.71,4165,0.03,4.13,A2,noun
drinking,1993,0.1,4.71,1131,0.16,4.84,,
duty,1994,0.1,4.71,1189,0.15,4.81,B1,noun
fantastic,1995,0.1,4.71,1502,0.11,4.7,A2,adjective
feelings,1996,0.1,4.71,1176,0.15,4.82,,
flying,1997,0.1,4.71,1379,0.13,4.74,,
governor,1998,0.1,4.71,2215,0.07,4.48,B1,noun
hasn't,1999,0.1,4.71,,,,,
hundred,2000,0.1,4.71,1039,0.17,4.89,A2,number
industrial,2001,0.1,4.71,5913,0.02,3.92,B1,adjective
joint,2002,0.1,4.71,2828,0.05,4.34,B2,"adjective, noun"
mix,2003,0.1,4.71,2964,0.05,4.32,A2,"noun, verb"
museum,2004,0.1,4.71,2813,0.05,4.34,A2,noun
options,2005,0.1,4.71,3434,0.04,4.23,,
path,2006,0.1,4.71,1746,0.09,4.61,A2,noun
plants,2007,0.1,4.71,3359,0.04,4.25,,
policies,2008,0.1,4.71,,,,,
promise,2009,0.1,4.71,555,0.4,5.25,B1,"noun, verb"
proposed,2010,0.1,4.71,5654,0.02,3.94,B2,adjective
purchase,2011,0.1,4.71,6403,0.02,3.87,B2,"noun, verb"
rain,2012,0.1,4.71,1333,0.13,4.76,A1,"noun, verb"
remove,2013,0.1,4.71,2220,0.07,4.48,B1,verb
signs,2014,0.1,4.71,2343,0.06,4.45,,
spending,2015,0.1,4.71,2475,0.06,4.43,,
steel,2016,0.1,4.71,3008,0.05,4.31,B1,noun
steve,2017,0.1,4.71,1250,0.14,4.79,,
supporting,2018,0.1,4.71,6246,0.02,3.89,,
terrible,2019,0.1,4.71,781,0.24,5.03,A1,adjective
they'll,2020,0.1,4.71,,,,,
tired,2021,0.1,4.71,725,0.27,5.07,A1,adjective
treated,2022,0.1,4.71,2329,0.06,4.46,,
turning,2023,0.1,4.71,1572,0.11,4.67,B1,noun
vice,2024,0.1,4.71,3108,0.04,4.29,B1,adjective
warm,2025,0.1,4.71,1303,0.13,4.77,B1,"adjective, verb"
°,2026,0.1,4.71,,,,,
afraid,2027,0.09,4.7,414,0.59,5.42,A1,adjective
arts,2028,0.09,4.7,3749,0.03,4.18,,
beer,2029,0.09,4.7,1058,0.17,4.88,A2,noun
border,2030,0.09,4.7,2591,0.06,4.4,B1,noun
canadian,2031,0.09,4.7,7041,0.01,3.81,,
command,2032,0.09,4.7,1619,0.1,4.66,B1,noun
crew,2033,0.09,4.7,1472,0.12,4.71,B2,noun
crowd,2034,0.09,4.7,1267,0.14,4.79,A2,noun
dating,2035,0.09,4.7,1862,0.09,4.58,B1,noun
dick,2036,0.09,4.7,1380,0.13,4.74,,
elements,2037,0.09,4.7,4543,0.03,4.08,,
enemy,2038,0.09,4.7,1177,0.15,4.82,B1,noun
ensure,2039,0.09,4.7,5205,0.02,3.99,B1,verb
environmental,2040,0.09,4.7,7901,0.01,3.73,B1,adjective
filled,2041,0.09,4.7,1958,0.08,4.56,,
fixed,2042,0.09,4.7,2007,0.08,4.54,B2,adjective
forest,2043,0.09,4.7,1843,0.09,4.59,A2,noun
intelligence,2044,0.09,4.7,2293,0.07,4.47,A2,noun
intended,2045,0.09,4.7,4204,0.03,4.12,,
labour,2046,0.09,4.7,5915,0.02,3.92,,
limit,2047,0.09,4.7,3371,0.04,4.24,B1,"noun, verb"
moon,2048,0.09,4.7,1115,0.16,4.85,A1,noun
ocean,2049,0.09,4.7,1910,0.08,4.57,B1,noun
powers,2050,0.09,4.7,2002,0.08,4.54,,
profit,2051,0.09,4.7,3810,0.03,4.17,B2,noun
proof,2052,0.09,4.7,1620,0.1,4.66,B1,noun
republican,2053,0.09,4.7,7715,0.01,3.75,,
soldiers,2054,0.09,4.7,1510,0.11,4.69,,
suit,2055,0.09,4.7,1191,0.15,4.81,A2,"noun, verb"
wins,2056,0.09,4.7,2733,0.05,4.36,,
women's,2057,0.09,4.7,,,,,
appearance,2058,0.09,4.69,3930,0.03,4.16,A2,noun
asian,2059,0.09,4.69,5760,0.02,3.93,,
attorney,2060,0.09,4.69,2018,0.08,4.54,,
banks,2061,0.09,4.69,3230,0.04,4.27,,
behavior,2062,0.09,4.69,2726,0.05,4.36,,
ben,2063,0.09,4.69,945,0.2,4.94,,
bodies,2064,0.09,4.69,1641,0.1,4.65,,
brothers,2065,0.09,4.69,1233,0.14,4.8,,
buildings,2066,0.09,4.69,3869,0.03,4.17,,
chair,2067,0.09,4.69,1561,0.11,4.68,A1,noun
creating,2068,0.09,4.69,3832,0.03,4.17,,
debt,2069,0.09,4.69,2557,0.06,4.4,B1,noun
domestic,2070,0.09,4.69,5365,0.02,3.98,B2,adjective
expensive,2071,0.09,4.69,1841,0.09,4.59,A1,adjective
grew,2072,0.09,4.69,1890,0.08,4.57,,
historical,2073,0.09,4.69,6447,0.02,3.87,B1,adjective
homes,2074,0.09,4.69,3263,0.04,4.26,,
honestly,2075,0.09,4.69,1530,0.11,4.69,B1,adverb
honor,2076,0.09,4.69,856,0.22,4.99,,
im,2077,0.09,4.69,5106,0.02,4.0,,
jump,2078,0.09,4.69,1094,0.16,4.85,A1,"noun, verb"
launch,2079,0.09,4.69,2962,0.05,4.32,B1,verb
listed,2080,0.09,4.69,6973,0.01,3.81,,
minimum,2081,0.09,4.69,5312,0.02,3.98,B1,"adjective, noun"
native,2082,0.09,4.69,3912,0.03,4.16,A2,adjective
noted,2083,0.09,4.69,7476,0.01,3.77,,
originally,2084,0.09,4.69,5161,0.02,4.0,B2,adverb
planned,2085,0.09,4.69,1921,0.08,4.56,,
pm,2086,0.09,4.69,4420,0.03,4.09,,
ray,2087,0.09,4.69,1286,0.14,4.78,A2,noun
sets,2088,0.09,4.69,3418,0.04,4.24,,
suddenly,2089,0.09,4.69,1089,0.16,4.86,B1,adverb
supreme,2090,0.09,4.69,4525,0.03,4.08,,
survey,2091,0.09,4.69,7793,0.01,3.74,A1,noun
tech,2092,0.09,4.69,4879,0.02,4.04,,
trees,2093,0.09,4.69,1874,0.08,4.58,,
update,2094,0.09,4.69,5969,0.02,3.91,B1,"noun, verb"
user,2095,0.09,4.69,,,,B2,noun
writer,2096,0.09,4.69,2512,0.06,4.42,A1,noun
yellow,2097,0.09,4.69,2089,0.07,4.51,A1,"adjective, noun"
younger,2098,0.09,4.69,1982,0.08,4.55,,
ancient,2099,0.09,4.68,1703,0.1,4.63,A2,adjective
attacks,2100,0.09,4.68,3540,0.04,4.22,,
charges,2101,0.09,4.68,2080,0.07,4.52,,
combined,2102,0.09,4.68,6952,0.01,3.82,,
communication,2103,0.09,4.68,3938,0.03,4.16,A2,noun
connected,2104,0.09,4.68,2449,0.06,4.43,,
contains,2105,0.09,4.68,5477,0.02,3.96,,
download,2106,0.09,4.68,9118,0.01,3.63,A2,"noun, verb"
email,2107,0.09,4.68,5438,0.02,3.97,A2,verb
ending,2108,0.09,4.68,3061,0.04,4.3,A2,noun
exercise,2109,0.09,4.68,3034,0.05,4.3,A1,"noun, verb"
express,2110,0.09,4.68,2840,0.05,4.34,B1,"noun, verb"
flow,2111,0.09,4.68,3330,0.04,4.25,B1,"noun, verb"
formed,2112,0.09,4.68,4698,0.03,4.06,,
girlfriend,2113,0.09,4.68,946,0.2,4.94,A1,noun
hero,2114,0.09,4.68,1195,0.15,4.81,A2,noun
illegal,2115,0.09,4.68,2229,0.07,4.48,A2,adjective
increasing,2116,0.09,4.68,7226,0.01,3.79,,
joke,2117,0.09,4.68,1008,0.18,4.9,B1,"noun, verb"
loan,2118,0.09,4.68,2753,0.05,4.36,B2,noun
methods,2119,0.09,4.68,5304,0.02,3.98,,
officials,2120,0.09,4.68,5604,0.02,3.95,,
people's,2121,0.09,4.68,,,,,
performed,2122,0.09,4.68,5095,0.02,4.01,,
planet,2123,0.09,4.68,1079,0.17,4.87,A2,noun
relationships,2124,0.09,4.68,3855,0.03,4.17,,
restaurant,2125,0.09,4.68,1406,0.12,4.73,A1,noun
scotland,2126,0.09,4.68,3833,0.03,4.17,,
selected,2127,0.09,4.68,6693,0.02,3.84,,
shared,2128,0.09,4.68,3579,0.04,4.21,,
shopping,2129,0.09,4.68,2127,0.07,4.51,A1,noun
soft,2130,0.09,4.68,1747,0.09,4.61,A2,adjective
stuck,2131,0.09,4.68,1059,0.17,4.87,B1,adjective
sugar,2132,0.09,4.68,1773,0.09,4.6,A1,noun
suggested,2133,0.09,4.68,4086,0.03,4.14,,
supported,2134,0.09,4.68,7026,0.01,3.81,,
surprised,2135,0.09,4.68,1171,0.15,4.82,A2,adjective
taught,2136,0.09,4.68,1457,0.12,4.71,,
transport,2137,0.09,4.68,3588,0.04,4.21,B2,"noun, verb"
weren't,2138,0.09,4.68,,,,,
accepted,2139,0.09,4.67,2643,0.05,4.39,,
adding,2140,0.09,4.67,6966,0.01,3.82,,
affairs,2141,0.09,4.67,3204,0.04,4.27,,
allows,2142,0.09,4.67,5296,0.02,3.98,,
appeal,2143,0.09,4.67,3829,0.03,4.17,B2,"noun, verb"
applied,2144,0.09,4.67,5451,0.02,3.97,,
appropriate,2145,0.09,4.67,3872,0.03,4.17,A2,adjective
artists,2146,0.09,4.67,3547,0.04,4.22,,
boston,2147,0.09,4.67,3338,0.04,4.25,,
ca,2148,0.09,4.67,9621,0.01,3.6,,
confirmed,2149,0.09,4.67,3092,0.04,4.29,,
device,2150,0.09,4.67,2527,0.06,4.41,B1,noun
drama,2151,0.09,4.67,2815,0.05,4.34,A1,noun
entry,2152,0.09,4.67,3952,0.03,4.16,B1,noun
era,2153,0.09,4.67,4679,0.03,4.06,B1,noun
factor,2154,0.09,4.67,5726,0.02,3.94,B2,noun
feed,2155,0.09,4.67,1535,0.11,4.69,B1,"noun, verb"
golden,2156,0.09,4.67,2062,0.08,4.52,A2,adjective
grant,2157,0.09,4.67,2026,0.08,4.53,B1,"noun, verb"
grown,2158,0.09,4.67,1963,0.08,4.55,,
heads,2159,0.09,4.67,1575,0.11,4.67,,
hoping,2160,0.09,4.67,1323,0.13,4.77,,
keeps,2161,0.09,4.67,1318,0.13,4.77,,
lawyer,2162,0.09,4.67,1015,0.18,4.9,A2,noun
legs,2163,0.09,4.67,1194,0.15,4.81,,
lying,2164,0.09,4.67,767,0.25,5.04,,
measures,2165,0.09,4.67,5968,0.02,3.91,,
mistake,2166,0.09,4.67,733,0.26,5.06,A2,noun
ms,2167,0.09,4.67,4765,0.03,4.05,,
muslim,2168,0.09,4.67,5371,0.02,3.98,,
organizations,2169,0.09,4.67,,,,,
platform,2170,0.09,4.67,5247,0.02,3.99,B1,noun
pool,2171,0.09,4.67,1685,0.1,4.63,A1,noun
pulled,2172,0.09,4.67,1418,0.12,4.73,,
regarding,2173,0.09,4.67,4222,0.03,4.12,B1,preposition
relations,2174,0.09,4.67,4815,0.02,4.04,,
requires,2175,0.09,4.67,4315,0.03,4.11,,
route,2176,0.09,4.67,2438,0.06,4.43,B2,noun
saved,2177,0.09,4.67,928,0.2,4.95,,
schedule,2178,0.09,4.67,2395,0.06,4.44,B2,"noun, verb"
scientific,2179,0.09,4.67,3512,0.04,4.22,A2,adjective
shoes,2180,0.09,4.67,1092,0.16,4.86,,
smoke,2181,0.09,4.67,1161,0.15,4.83,A2,"noun, verb"
squad,2182,0.09,4.67,2485,0.06,4.42,B2,noun
teach,2183,0.09,4.67,998,0.18,4.91,A1,verb
testing,2184,0.09,4.67,3327,0.04,4.25,,
tests,2185,0.09,4.67,2442,0.06,4.43,,
values,2186,0.09,4.67,5131,0.02,4.0,,
walked,2187,0.09,4.67,1366,0.13,4.75,,
williams,2188,0.09,4.67,3571,0.04,4.21,,
ya,2189,0.09,4.67,723,0.27,5.07,,
abuse,2190,0.09,4.66,3778,0.03,4.18,B2,noun
angry,2191,0.09,4.66,913,0.2,4.96,A1,adjective
businesses,2192,0.09,4.66,7877,0.01,3.73,,
candidate,2193,0.09,4.66,4396,0.03,4.09,B2,noun
comfortable,2194,0.09,4.66,1582,0.1,4.67,A2,adjective
concern,2195,0.09,4.66,2165,0.07,4.5,B2,"noun, verb"
developing,2196,0.09,4.66,6286,0.02,3.88,B2,adjective
discuss,2197,0.09,4.66,1557,0.11,4.68,A1,verb
elections,2198,0.09,4.66,7426,0.01,3.77,,
emotional,2199,0.09,4.66,2610,0.06,4.39,B1,adjective
et,2200,0.09,4.66,4523,0.03,4.08,,
everywhere,2201,0.09,4.66,1114,0.16,4.85,A1,adverb
facilities,2202,0.09,4.66,7814,0.01,3.74,B2,noun
falling,2203,0.09,4.66,1665,0.1,4.64,,
fox,2204,0.09,4.66,2967,0.05,4.32,B2,noun
guns,2205,0.09,4.66,1320,0.13,4.77,,
hole,2206,0.09,4.66,1242,0.14,4.8,A1,noun
holiday,2207,0.09,4.66,2249,0.07,4.48,A1,noun
interests,2208,0.09,4.66,3491,0.04,4.22,,
internal,2209,0.09,4.66,3710,0.03,4.19,B1,adjective
ireland,2210,0.09,4.66,6405,0.02,3.87,,
italian,2211,0.09,4.66,2101,0.07,4.51,,
italy,2212,0.09,4.66,2875,0.05,4.33,,
jersey,2213,0.09,4.66,4022,0.03,4.15,,
laugh,2214,0.09,4.66,947,0.2,4.94,A1,"noun, verb"
leg,2215,0.09,4.66,1247,0.14,4.8,A1,noun
letters,2216,0.09,4.66,1658,0.1,4.64,,
liberal,2217,0.09,4.66,8655,0.01,3.67,B2,adjective
listening,2218,0.09,4.66,1112,0.16,4.85,,
ll,2219,0.09,4.66,2362,0.06,4.45,,
loves,2220,0.09,4.66,996,0.18,4.91,,
lunch,2221,0.09,4.66,857,0.22,4.98,A1,noun
max,2222,0.09,4.66,1068,0.17,4.87,A2,noun
milk,2223,0.09,4.66,1445,0.12,4.72,A1,noun
pack,2224,0.09,4.66,1509,0.11,4.69,A2,"noun, verb"
payment,2225,0.09,4.66,3939,0.03,4.16,B2,noun
perform,2226,0.09,4.66,2693,0.05,4.37,A2,verb
recorded,2227,0.09,4.66,3806,0.03,4.17,,
relatively,2228,0.09,4.66,8147,0.01,3.71,B1,adverb
sector,2229,0.09,4.66,5170,0.02,4.0,B2,noun
sharing,2230,0.09,4.66,3763,0.03,4.18,,
snow,2231,0.09,4.66,1761,0.09,4.61,A2,"noun, verb"
storm,2232,0.09,4.66,1833,0.09,4.59,A2,noun
streets,2233,0.09,4.66,1775,0.09,4.6,,
strike,2234,0.09,4.66,1563,0.11,4.68,B1,"noun, verb"
studio,2235,0.09,4.66,2174,0.07,4.5,B1,noun
sub,2236,0.09,4.66,5826,0.02,3.93,,
weak,2237,0.09,4.66,1678,0.1,4.63,A2,adjective
youtube,2238,0.09,4.66,9947,0.01,3.58,,
3rd,2239,0.08,4.65,,,,,
actor,2240,0.08,4.65,2462,0.06,4.43,A1,noun
advance,2241,0.08,4.65,2707,0.05,4.37,B1,"noun, verb"
apartment,2242,0.08,4.65,999,0.18,4.91,A2,noun
asia,2243,0.08,4.65,5778,0.02,3.93,,
chain,2244,0.08,4.65,2503,0.06,4.42,A2,noun
chapter,2245,0.08,4.65,4025,0.03,4.15,A2,noun
committed,2246,0.08,4.65,2065,0.07,4.52,,
confidence,2247,0.08,4.65,2595,0.06,4.4,B1,noun
cook,2248,0.08,4.65,1365,0.13,4.75,A1,"noun, verb"
cute,2249,0.08,4.65,1004,0.18,4.91,A1,adjective
equal,2250,0.08,4.65,3146,0.04,4.28,B2,"adjective, noun, verb"
fake,2251,0.08,4.65,1537,0.11,4.68,B1,adjective
finance,2252,0.08,4.65,6590,0.02,3.85,B1,"noun, verb"
focused,2253,0.08,4.65,4183,0.03,4.12,,
hits,2254,0.08,4.65,2721,0.05,4.37,,
identity,2255,0.08,4.65,2698,0.05,4.37,B1,noun
journey,2256,0.08,4.65,1804,0.09,4.59,A2,noun
kitchen,2257,0.08,4.65,1105,0.16,4.85,A1,noun
korea,2258,0.08,4.65,3986,0.03,4.15,,
leads,2259,0.08,4.65,2519,0.06,4.41,,
maintain,2260,0.08,4.65,3796,0.03,4.17,B1,verb
measure,2261,0.08,4.65,3998,0.03,4.15,B1,"noun, verb"
mm,2262,0.08,4.65,929,0.2,4.95,,
numerous,2263,0.08,4.65,8169,0.01,3.71,B1,adjective
owners,2264,0.08,4.65,5266,0.02,3.99,,
posts,2265,0.08,4.65,9484,0.01,3.61,,
properties,2266,0.08,4.65,7369,0.01,3.78,,
quiet,2267,0.08,4.65,644,0.31,5.15,B2,"adjective, noun"
revealed,2268,0.08,4.65,4568,0.03,4.08,,
specifically,2269,0.08,4.65,4388,0.03,4.1,B2,adverb
split,2270,0.08,4.65,1714,0.09,4.62,B2,"adjective, noun, verb"
task,2271,0.08,4.65,2660,0.05,4.38,A2,noun
taxes,2272,0.08,4.65,4557,0.03,4.08,,
taylor,2273,0.08,4.65,2414,0.06,4.44,,
twenty,2274,0.08,4.65,2375,0.06,4.45,A1,number
urban,2275,0.08,4.65,7228,0.01,3.79,B2,adjective
acts,2276,0.08,4.64,3575,0.04,4.21,,
affected,2277,0.08,4.64,4855,0.02,4.04,,
aircraft,2278,0.08,4.64,4697,0.03,4.06,B2,noun
applications,2279,0.08,4.64,,,,,
approved,2280,0.08,4.64,5815,0.02,3.93,,
approximately,2281,0.08,4.64,5658,0.02,3.94,B1,adverb
argument,2282,0.08,4.64,3101,0.04,4.29,A2,noun
arrested,2283,0.08,4.64,1495,0.11,4.7,,
claimed,2284,0.08,4.64,4821,0.02,4.04,,
conflict,2285,0.08,4.64,4366,0.03,4.1,B1,noun
considering,2286,0.08,4.64,2869,0.05,4.33,B2,"conjunction, preposition"
corporate,2287,0.08,4.64,4766,0.03,4.05,B2,adjective
debate,2288,0.08,4.64,4678,0.03,4.06,A2,noun
determined,2289,0.08,4.64,3249,0.04,4.26,B2,adjective
distribution,2290,0.08,4.64,8238,0.01,3.7,B1,noun
documents,2291,0.08,4.64,3223,0.04,4.27,,
escape,2292,0.08,4.64,1113,0.16,4.85,B1,"noun, verb"
extended,2293,0.08,4.64,7804,0.01,3.74,,
factors,2294,0.08,4.64,,,,,
faster,2295,0.08,4.64,1396,0.12,4.74,,
fault,2296,0.08,4.64,660,0.3,5.13,A2,noun
fill,2297,0.08,4.64,1565,0.11,4.68,A1,verb
films,2298,0.08,4.64,2601,0.06,4.39,,
flowers,2299,0.08,4.64,1327,0.13,4.76,,
friendly,2300,0.08,4.64,2467,0.06,4.43,B2,adjective
ladies,2301,0.08,4.64,674,0.3,5.12,,
lay,2302,0.08,4.64,1345,0.13,4.76,B1,verb
lights,2303,0.08,4.64,1378,0.13,4.74,,
millions,2304,0.08,4.64,2036,0.08,4.53,,
mixed,2305,0.08,4.64,2728,0.05,4.36,,
phase,2306,0.08,4.64,4151,0.03,4.13,B2,noun
properly,2307,0.08,4.64,2276,0.07,4.47,B1,adverb
pure,2308,0.08,4.64,2134,0.07,4.5,B1,adjective
reduced,2309,0.08,4.64,6340,0.02,3.88,,
requirements,2310,0.08,4.64,,,,,
residents,2311,0.08,4.64,6256,0.02,3.89,,
revenue,2312,0.08,4.64,,,,B2,noun
sam,2313,0.08,4.64,701,0.28,5.09,,
sat,2314,0.08,4.64,2093,0.07,4.51,,
secure,2315,0.08,4.64,2606,0.06,4.39,B1,adjective
smile,2316,0.08,4.64,1166,0.15,4.82,B1,"noun, verb"
strange,2317,0.08,4.64,718,0.27,5.07,A1,adjective
talent,2318,0.08,4.64,2159,0.07,4.5,A2,noun
temperature,2319,0.08,4.64,3139,0.04,4.28,A2,noun
thousand,2320,0.08,4.64,1071,0.17,4.87,A2,number
tony,2321,0.08,4.64,1227,0.14,4.8,,
troops,2322,0.08,4.64,2528,0.06,4.41,,
truck,2323,0.08,4.64,1053,0.17,4.88,A1,noun
votes,2324,0.08,4.64,3769,0.03,4.18,,
ah,2325,0.08,4.63,315,0.84,5.57,,
authorities,2326,0.08,4.63,3471,0.04,4.23,,
basically,2327,0.08,4.63,1752,0.09,4.61,A2,adverb
besides,2328,0.08,4.63,991,0.18,4.91,B1,"adverb, preposition"
bird,2329,0.08,4.63,1325,0.13,4.76,A1,noun
blame,2330,0.08,4.63,1136,0.15,4.84,A2,"noun, verb"
bob,2331,0.08,4.63,1111,0.16,4.85,,
bowl,2332,0.08,4.63,2800,0.05,4.35,B1,"noun, verb"
causes,2333,0.08,4.63,4116,0.03,4.13,,
chicken,2334,0.08,4.63,1200,0.15,4.81,A1,noun
collected,2335,0.08,4.63,5353,0.02,3.98,,
context,2336,0.08,4.63,7907,0.01,3.73,A2,noun
coverage,2337,0.08,4.63,7989,0.01,3.72,,
determine,2338,0.08,4.63,4573,0.03,4.07,B1,verb
display,2339,0.08,4.63,4709,0.03,4.06,B1,"noun, verb"
dying,2340,0.08,4.63,1038,0.17,4.89,,
elected,2341,0.08,4.63,5452,0.02,3.97,,
examples,2342,0.08,4.63,9610,0.01,3.6,,
experienced,2343,0.08,4.63,3619,0.04,4.2,B1,adjective
falls,2344,0.08,4.63,2296,0.07,4.46,,
false,2345,0.08,4.63,2282,0.07,4.47,A1,adjective
fired,2346,0.08,4.63,1225,0.14,4.8,,
forgot,2347,0.08,4.63,841,0.22,5.0,,
funding,2348,0.08,4.63,7535,0.01,3.76,,
identified,2349,0.08,4.63,4403,0.03,4.09,,
iii,2350,0.08,4.63,7507,0.01,3.76,,
incredible,2351,0.08,4.63,1521,0.11,4.69,B1,adjective
inspired,2352,0.08,4.63,4310,0.03,4.11,,
launched,2353,0.08,4.63,6742,0.02,3.84,,
ma,2354,0.08,4.63,558,0.4,5.25,,
meat,2355,0.08,4.63,1475,0.11,4.71,A1,noun
ministry,2356,0.08,4.63,5034,0.02,4.01,,
mode,2357,0.08,4.63,5860,0.02,3.92,,
neck,2358,0.08,4.63,1301,0.13,4.77,A1,noun
noticed,2359,0.08,4.63,1501,0.11,4.7,,
novel,2360,0.08,4.63,3705,0.03,4.19,A2,noun
obvious,2361,0.08,4.63,1888,0.08,4.57,B1,adjective
passing,2362,0.08,4.63,2209,0.07,4.49,,
positions,2363,0.08,4.63,4881,0.02,4.04,,
remaining,2364,0.08,4.63,4610,0.03,4.07,B2,adjective
scored,2365,0.08,4.63,6904,0.01,3.82,,
shirt,2366,0.08,4.63,1581,0.1,4.67,A1,noun
shots,2367,0.08,4.63,2076,0.07,4.52,,
slowly,2368,0.08,4.63,1719,0.09,4.62,A2,adverb
stadium,2369,0.08,4.63,6310,0.02,3.88,A2,noun
stores,2370,0.08,4.63,5145,0.02,4.0,,
surgery,2371,0.08,4.63,1699,0.1,4.63,B1,noun
trading,2372,0.08,4.63,5941,0.02,3.91,,
tuesday,2373,0.08,4.63,2842,0.05,4.34,A1,noun
vision,2374,0.08,4.63,2429,0.06,4.43,B1,noun
whenever,2375,0.08,4.63,1672,0.1,4.64,B1,"adverb, conjunction"
worried,2376,0.08,4.63,710,0.27,5.08,A2,adjective
zero,2377,0.08,4.63,2235,0.07,4.48,,
alex,2378,0.08,4.62,1180,0.15,4.82,,
allowing,2379,0.08,4.62,6416,0.02,3.87,,
begins,2380,0.08,4.62,2637,0.05,4.39,,
champion,2381,0.08,4.62,2984,0.05,4.31,B1,noun
charged,2382,0.08,4.62,3085,0.04,4.29,,
cream,2383,0.08,4.62,1621,0.1,4.66,A1,"adjective, noun"
crisis,2384,0.08,4.62,2912,0.05,4.32,B1,noun
daniel,2385,0.08,4.62,1659,0.1,4.64,,
delivered,2386,0.08,4.62,3087,0.04,4.29,,
editor,2387,0.08,4.62,4157,0.03,4.13,A2,noun
estimated,2388,0.08,4.62,9665,0.01,3.6,B2,adjective
eu,2389,0.08,4.62,,,,,
giant,2390,0.08,4.62,1966,0.08,4.55,B1,adjective
iran,2391,0.08,4.62,7943,0.01,3.73,,
jail,2392,0.08,4.62,1013,0.18,4.9,,
jim,2393,0.08,4.62,1190,0.15,4.81,,
kingdom,2394,0.08,4.62,2482,0.06,4.42,A2,noun
literature,2395,0.08,4.62,5843,0.02,3.92,B1,noun
mayor,2396,0.08,4.62,1701,0.1,4.63,B1,noun
minor,2397,0.08,4.62,3509,0.04,4.22,B1,adjective
moments,2398,0.08,4.62,2432,0.06,4.43,,
opposite,2399,0.08,4.62,2626,0.06,4.39,A2,"adjective, adverb, noun, preposition"
orange,2400,0.08,4.62,2908,0.05,4.33,A1,"adjective, noun"
ourselves,2401,0.08,4.62,1179,0.15,4.82,A2,pronoun
pages,2402,0.08,4.62,3853,0.03,4.17,,
remained,2403,0.08,4.62,5243,0.02,3.99,,
selection,2404,0.08,4.62,7156,0.01,3.8,B1,noun
serving,2405,0.08,4.62,3634,0.04,4.2,,
signal,2406,0.08,4.62,1754,0.09,4.61,B1,noun
stream,2407,0.08,4.62,5046,0.02,4.01,B1,"noun, verb"
struggle,2408,0.08,4.62,2754,0.05,4.36,B2,"noun, verb"
suicide,2409,0.08,4.62,1543,0.11,4.68,B1,noun
talked,2410,0.08,4.62,799,0.24,5.02,,
theme,2411,0.08,4.62,2274,0.07,4.47,B2,noun
thursday,2412,0.08,4.62,2832,0.05,4.34,A1,noun
tiny,2413,0.08,4.62,1683,0.1,4.63,B1,adjective
typically,2414,0.08,4.62,,,,B1,adverb
un,2415,0.08,4.62,4771,0.03,4.05,,
unfortunately,2416,0.08,4.62,1596,0.1,4.66,A2,adverb
usual,2417,0.08,4.62,1608,0.1,4.66,A2,adjective
vehicles,2418,0.08,4.62,5786,0.02,3.93,,
virginia,2419,0.08,4.62,3393,0.04,4.24,,
voted,2420,0.08,4.62,4445,0.03,4.09,,
voting,2421,0.08,4.62,6308,0.02,3.88,,
walls,2422,0.08,4.62,2024,0.08,4.54,,
wave,2423,0.08,4.62,2487,0.06,4.42,B1,"noun, verb"
alcohol,2424,0.08,4.61,2539,0.06,4.41,B1,noun
assembly,2425,0.08,4.61,6508,0.02,3.86,B2,noun
breakfast,2426,0.08,4.61,1252,0.14,4.79,A1,noun
bright,2427,0.08,4.61,1764,0.09,4.61,A1,adjective
brings,2428,0.08,4.61,1727,0.09,4.62,,
capable,2429,0.08,4.61,2208,0.07,4.49,B1,adjective
carrying,2430,0.08,4.61,2039,0.08,4.53,,
chosen,2431,0.08,4.61,2469,0.06,4.43,,
combination,2432,0.08,4.61,4407,0.03,4.09,B1,noun
conservative,2433,0.08,4.61,7973,0.01,3.72,B1,adjective
customer,2434,0.08,4.61,2865,0.05,4.33,A2,noun
cutting,2435,0.08,4.61,2673,0.05,4.38,,
desire,2436,0.08,4.61,2180,0.07,4.49,B2,"noun, verb"
destroyed,2437,0.08,4.61,1598,0.1,4.66,,
draft,2438,0.08,4.61,5725,0.02,3.94,,
drunk,2439,0.08,4.61,939,0.2,4.94,B1,adjective
essential,2440,0.08,4.61,5504,0.02,3.96,B1,adjective
fail,2441,0.08,4.61,2263,0.07,4.47,A2,verb
familiar,2442,0.08,4.61,1955,0.08,4.56,A2,adjective
finds,2443,0.08,4.61,1979,0.08,4.55,,
granted,2444,0.08,4.61,3637,0.04,4.2,,
guilty,2445,0.08,4.61,1186,0.15,4.82,B1,adjective
humans,2446,0.08,4.61,1984,0.08,4.55,,
hundreds,2447,0.08,4.61,2252,0.07,4.48,,
id,2448,0.08,4.61,2520,0.06,4.41,A2,noun
improved,2449,0.08,4.61,6992,0.01,3.81,B2,adjective
jewish,2450,0.08,4.61,3050,0.04,4.3,,
largely,2451,0.08,4.61,,,,B1,adverb
laughing,2452,0.08,4.61,612,0.34,5.18,,
markets,2453,0.08,4.61,9435,0.01,3.61,,
medium,2454,0.08,4.61,5754,0.02,3.93,B1,"adjective, noun"
ohio,2455,0.08,4.61,6983,0.01,3.81,,
opportunities,2456,0.08,4.61,6433,0.02,3.87,,
papers,2457,0.08,4.61,1367,0.13,4.75,,
perfectly,2458,0.08,4.61,1546,0.11,4.68,A2,adverb
recommend,2459,0.08,4.61,3979,0.03,4.15,B1,verb
referred,2460,0.08,4.61,8218,0.01,3.71,,
relevant,2461,0.08,4.61,6173,0.02,3.89,B2,adjective
seek,2462,0.08,4.61,2545,0.06,4.41,A2,verb
sending,2463,0.08,4.61,1767,0.09,4.61,,
solo,2464,0.08,4.61,4572,0.03,4.07,B2,"adjective, adverb, noun"
spoke,2465,0.08,4.61,1440,0.12,4.72,,
stands,2466,0.08,4.61,2628,0.06,4.39,,
talks,2467,0.08,4.61,2403,0.06,4.44,,
ticket,2468,0.08,4.61,1609,0.1,4.66,A1,noun
unable,2469,0.08,4.61,3544,0.04,4.22,B1,adjective
upset,2470,0.08,4.61,1000,0.18,4.91,B2,"adjective, verb"
wing,2471,0.08,4.61,2955,0.05,4.32,B1,noun
world's,2472,0.08,4.61,,,,,
answers,2473,0.07,4.6,2032,0.08,4.53,,
birds,2474,0.07,4.6,1638,0.1,4.65,,
bomb,2475,0.07,4.6,1300,0.13,4.77,B1,"noun, verb"
creative,2476,0.07,4.6,4078,0.03,4.14,A2,adjective
cycle,2477,0.07,4.6,4891,0.02,4.03,B1,"noun, verb"
dealing,2478,0.07,4.6,2078,0.07,4.52,,
directed,2479,0.07,4.6,4499,0.03,4.08,,
don,2480,0.07,4.6,26,14.45,6.81,,
educational,2481,0.07,4.6,,,,A2,adjective
entertainment,2482,0.07,4.6,4189,0.03,4.12,A2,noun
extreme,2483,0.07,4.6,3499,0.04,4.22,B1,adjective
facility,2484,0.07,4.6,3871,0.03,4.17,B1,noun
fields,2485,0.07,4.6,3175,0.04,4.28,,
goods,2486,0.07,4.6,3299,0.04,4.25,B1,noun
hang,2487,0.07,4.6,616,0.34,5.18,B1,"noun, verb"
holds,2488,0.07,4.6,3456,0.04,4.23,,
info,2489,0.07,4.6,6678,0.02,3.84,,
mainly,2490,0.07,4.6,6079,0.02,3.9,A2,adverb
maximum,2491,0.07,4.6,5211,0.02,3.99,B1,"adjective, noun"
newspaper,2492,0.07,4.6,2463,0.06,4.43,A1,noun
offering,2493,0.07,4.6,2916,0.05,4.32,,
painting,2494,0.07,4.6,1873,0.08,4.58,A1,noun
republic,2495,0.07,4.6,4502,0.03,4.08,B1,noun
reserve,2496,0.07,4.6,5737,0.02,3.93,B1,"noun, verb"
returns,2497,0.07,4.6,4071,0.03,4.14,,
row,2498,0.07,4.6,2373,0.06,4.45,B2,"noun, verb"
salt,2499,0.07,4.6,2603,0.06,4.39,A2,noun
scared,2500,0.07,4.6,577,0.37,5.22,B1,adjective
scottish,2501,0.07,4.6,7629,0.01,3.75,,
shares,2502,0.07,4.6,5188,0.02,4.0,,
statistics,2503,0.07,4.6,,,,B2,noun
switch,2504,0.07,4.6,2042,0.08,4.53,B1,"noun, verb"
territory,2505,0.07,4.6,3286,0.04,4.26,B2,noun
threat,2506,0.07,4.6,2111,0.07,4.51,B1,noun
tickets,2507,0.07,4.6,1842,0.09,4.59,,
wales,2508,0.07,4.6,8870,0.01,3.65,,
adults,2509,0.07,4.59,4349,0.03,4.1,,
affect,2510,0.07,4.59,4063,0.03,4.14,B1,verb
appointed,2511,0.07,4.59,6594,0.02,3.85,,
armed,2512,0.07,4.59,2387,0.06,4.44,A2,adjective
aside,2513,0.07,4.59,2136,0.07,4.5,B1,adverb
assistance,2514,0.07,4.59,4571,0.03,4.07,B1,noun
bell,2515,0.07,4.59,1192,0.15,4.81,A1,noun
blow,2516,0.07,4.59,920,0.2,4.96,A1,"noun, verb"
bond,2517,0.07,4.59,3015,0.05,4.31,B1,noun
boyfriend,2518,0.07,4.59,990,0.18,4.91,A1,noun
careful,2519,0.07,4.59,649,0.31,5.14,A1,adjective
circumstances,2520,0.07,4.59,2421,0.06,4.43,,
communications,2521,0.07,4.59,5861,0.02,3.92,,
concerns,2522,0.07,4.59,4371,0.03,4.1,,
controlled,2523,0.07,4.59,4861,0.02,4.04,,
corporation,2524,0.07,4.59,6013,0.02,3.91,B2,noun
cry,2525,0.07,4.59,983,0.19,4.92,A2,"noun, verb"
danger,2526,0.07,4.59,1272,0.14,4.78,A2,noun
deals,2527,0.07,4.59,4912,0.02,4.03,,
delivery,2528,0.07,4.59,2706,0.05,4.37,B1,noun
deserve,2529,0.07,4.59,1337,0.13,4.76,B1,verb
devices,2530,0.07,4.59,7189,0.01,3.8,,
dollar,2531,0.07,4.59,2807,0.05,4.35,A1,noun
dreams,2532,0.07,4.59,1086,0.16,4.86,,
empty,2533,0.07,4.59,1274,0.14,4.78,A2,adjective
enjoyed,2534,0.07,4.59,3116,0.04,4.29,,
explained,2535,0.07,4.59,3929,0.03,4.16,,
faces,2536,0.07,4.59,2048,0.08,4.53,,
folks,2537,0.07,4.59,1398,0.12,4.74,,
fucked,2538,0.07,4.59,1679,0.1,4.63,,
gender,2539,0.07,4.59,9083,0.01,3.64,A2,noun
instance,2540,0.07,4.59,3607,0.04,4.2,B1,noun
kim,2541,0.07,4.59,1571,0.11,4.67,,
kinda,2542,0.07,4.59,1698,0.1,4.63,,
matches,2543,0.07,4.59,3635,0.04,4.2,,
mile,2544,0.07,4.59,3056,0.04,4.3,B1,noun
motion,2545,0.07,4.59,3067,0.04,4.29,B2,noun
moves,2546,0.07,4.59,2166,0.07,4.5,,
nick,2547,0.07,4.59,1157,0.15,4.83,,
pacific,2548,0.07,4.59,4906,0.02,4.03,A2,adjective
prize,2549,0.07,4.59,2553,0.06,4.41,B1,noun
realized,2550,0.07,4.59,1633,0.1,4.65,,
reasonable,2551,0.07,4.59,3261,0.04,4.26,B1,adjective
receiving,2552,0.07,4.59,5220,0.02,3.99,,
register,2553,0.07,4.59,4386,0.03,4.1,B1,"noun, verb"
resolution,2554,0.07,4.59,9345,0.01,3.62,B2,noun
rural,2555,0.07,4.59,,,,B2,adjective
ryan,2556,0.07,4.59,1649,0.1,4.65,,
saving,2557,0.07,4.59,2027,0.08,4.53,,
sees,2558,0.07,4.59,1751,0.09,4.61,,
singing,2559,0.07,4.59,1046,0.17,4.88,A2,noun
spain,2560,0.07,4.59,3190,0.04,4.27,,
tools,2561,0.07,4.59,3697,0.03,4.19,,
typical,2562,0.07,4.59,3642,0.04,4.2,B1,adjective
universe,2563,0.07,4.59,1600,0.1,4.66,B1,noun
warning,2564,0.07,4.59,1929,0.08,4.56,B1,noun
wars,2565,0.07,4.59,3978,0.03,4.15,,
wednesday,2566,0.07,4.59,3375,0.04,4.24,A1,noun
admit,2567,0.07,4.58,1205,0.15,4.81,A2,verb
attitude,2568,0.07,4.58,2493,0.06,4.42,A2,noun
branch,2569,0.07,4.58,3845,0.03,4.17,B1,"noun, verb"
brazil,2570,0.07,4.58,4984,0.02,4.02,,
conducted,2571,0.07,4.58,8493,0.01,3.68,,
decades,2572,0.07,4.58,5416,0.02,3.97,,
dedicated,2573,0.07,4.58,4760,0.03,4.05,,
definition,2574,0.07,4.58,7095,0.01,3.8,B1,noun
drawing,2575,0.07,4.58,3032,0.05,4.3,A2,noun
favor,2576,0.07,4.58,1162,0.15,4.83,,
flag,2577,0.07,4.58,2873,0.05,4.33,A1,noun
frame,2578,0.07,4.58,3325,0.04,4.25,B2,"noun, verb"
guest,2579,0.07,4.58,1584,0.1,4.67,A1,noun
ha,2580,0.07,4.58,576,0.38,5.22,,
heaven,2581,0.07,4.58,1143,0.15,4.83,B1,noun
independence,2582,0.07,4.58,5753,0.02,3.93,A2,noun
institutions,2583,0.07,4.58,,,,,
it'll,2584,0.07,4.58,,,,,
jackson,2585,0.07,4.58,2380,0.06,4.44,,
kiss,2586,0.07,4.58,734,0.26,5.06,B1,"noun, verb"
load,2587,0.07,4.58,2243,0.07,4.48,B2,"noun, verb"
plot,2588,0.07,4.58,4041,0.03,4.14,B2,noun
possibility,2589,0.07,4.58,2834,0.05,4.34,B1,noun
random,2590,0.07,4.58,3692,0.03,4.19,,
recovery,2591,0.07,4.58,4877,0.02,4.04,B1,noun
rent,2592,0.07,4.58,1868,0.08,4.58,A2,"noun, verb"
replace,2593,0.07,4.58,3236,0.04,4.27,A2,verb
represent,2594,0.07,4.58,3481,0.04,4.23,A2,verb
reviews,2595,0.07,4.58,,,,,
scenes,2596,0.07,4.58,4285,0.03,4.11,,
seeking,2597,0.07,4.58,5200,0.02,3.99,,
senator,2598,0.07,4.58,2613,0.06,4.39,B2,noun
sentence,2599,0.07,4.58,2464,0.06,4.43,B2,"noun, verb"
teeth,2600,0.07,4.58,1525,0.11,4.69,,
tips,2601,0.07,4.58,5224,0.02,3.99,,
trained,2602,0.07,4.58,2831,0.05,4.34,,
understood,2603,0.07,4.58,1442,0.12,4.72,,
academic,2604,0.07,4.57,8445,0.01,3.69,B1,adjective
academy,2605,0.07,4.57,3574,0.04,4.21,B1,noun
accurate,2606,0.07,4.57,5179,0.02,4.0,B1,adjective
achieve,2607,0.07,4.57,4115,0.03,4.13,A2,verb
adam,2608,0.07,4.57,1232,0.14,4.8,,
afford,2609,0.07,4.57,1625,0.1,4.65,B1,verb
andrew,2610,0.07,4.57,2638,0.05,4.39,,
assume,2611,0.07,4.57,2004,0.08,4.54,B1,verb
bbc,2612,0.07,4.57,8194,0.01,3.71,,
bottle,2613,0.07,4.57,1305,0.13,4.77,B2,"noun, verb"
bunch,2614,0.07,4.57,1198,0.15,4.81,B1,noun
category,2615,0.07,4.57,8466,0.01,3.68,B1,noun
chat,2616,0.07,4.57,2630,0.05,4.39,A2,"noun, verb"
cheese,2617,0.07,4.57,1825,0.09,4.59,A1,noun
chemical,2618,0.07,4.57,4144,0.03,4.13,B1,"adjective, noun"
clinton,2619,0.07,4.57,7808,0.01,3.74,,
competitive,2620,0.07,4.57,7637,0.01,3.75,B1,adjective
detail,2621,0.07,4.57,2640,0.05,4.39,A2,noun
diet,2622,0.07,4.57,3680,0.04,4.19,A2,noun
em,2623,0.07,4.57,530,0.43,5.29,,
favourite,2624,0.07,4.57,3300,0.04,4.25,,
fruit,2625,0.07,4.57,2400,0.06,4.44,A1,noun
harder,2626,0.07,4.57,1790,0.09,4.6,,
he'd,2627,0.07,4.57,,,,,
index,2628,0.07,4.57,,,,B2,noun
item,2629,0.07,4.57,4056,0.03,4.14,A1,noun
lane,2630,0.07,4.57,2898,0.05,4.33,A2,noun
mess,2631,0.07,4.57,933,0.2,4.95,B2,"noun, verb"
navy,2632,0.07,4.57,2771,0.05,4.35,B2,noun
normally,2633,0.07,4.57,2568,0.06,4.4,B1,adverb
occurred,2634,0.07,4.57,3849,0.03,4.17,,
opposition,2635,0.07,4.57,7063,0.01,3.81,B1,noun
parent,2636,0.07,4.57,3655,0.04,4.2,A1,noun
permanent,2637,0.07,4.57,4276,0.03,4.11,B1,adjective
personally,2638,0.07,4.57,1835,0.09,4.59,B1,adverb
pleasure,2639,0.07,4.57,978,0.19,4.92,A1,noun
prefer,2640,0.07,4.57,1611,0.1,4.66,A2,verb
programme,2641,0.07,4.57,5445,0.02,3.97,,
representative,2642,0.07,4.57,5981,0.02,3.91,B1,noun
scheme,2643,0.07,4.57,5094,0.02,4.01,B2,noun
shift,2644,0.07,4.57,2363,0.06,4.45,B1,"noun, verb"
stood,2645,0.07,4.57,2121,0.07,4.51,,
storage,2646,0.07,4.57,4753,0.03,4.05,B1,noun
tank,2647,0.07,4.57,2578,0.06,4.4,B1,noun
tend,2648,0.07,4.57,3752,0.03,4.18,B1,verb
tight,2649,0.07,4.57,1413,0.12,4.73,B2,"adjective, adverb"
transportation,2650,0.07,4.57,7661,0.01,3.75,B1,noun
ultimately,2651,0.07,4.57,5495,0.02,3.96,B2,adverb
unlike,2652,0.07,4.57,3290,0.04,4.26,B2,"adjective, preposition"
weekly,2653,0.07,4.57,7857,0.01,3.73,A2,"adjective, adverb"
yard,2654,0.07,4.57,2596,0.06,4.4,A1,noun
anybody,2655,0.07,4.56,563,0.39,5.24,A1,pronoun
assets,2656,0.07,4.56,6515,0.02,3.86,,
basketball,2657,0.07,4.56,3927,0.03,4.16,A1,noun
button,2658,0.07,4.56,2406,0.06,4.44,A1,noun
candidates,2659,0.07,4.56,7603,0.01,3.76,,
combat,2660,0.07,4.56,4013,0.03,4.15,,
constitution,2661,0.07,4.56,6743,0.02,3.84,B1,noun
consumer,2662,0.07,4.56,,,,B1,noun
counter,2663,0.07,4.56,4102,0.03,4.13,B1,"noun, verb"
creation,2664,0.07,4.56,4839,0.02,4.04,B2,noun
crown,2665,0.07,4.56,2697,0.05,4.37,A2,noun
crying,2666,0.07,4.56,873,0.21,4.98,,
dc,2667,0.07,4.56,6822,0.02,3.83,,
defined,2668,0.07,4.56,,,,,
depending,2669,0.07,4.56,6452,0.02,3.87,,
depression,2670,0.07,4.56,5323,0.02,3.98,B1,noun
describe,2671,0.07,4.56,2994,0.05,4.31,A1,verb
drivers,2672,0.07,4.56,6100,0.02,3.9,,
el,2673,0.07,4.56,2937,0.05,4.32,,
employment,2674,0.07,4.56,7391,0.01,3.78,B1,noun
exclusive,2675,0.07,4.56,5413,0.02,3.97,B1,adjective
excuse,2676,0.07,4.56,341,0.76,5.53,B1,"noun, verb"
expert,2677,0.07,4.56,2369,0.06,4.45,A2,"adjective, noun"
frequently,2678,0.07,4.56,9384,0.01,3.62,B1,adverb
golf,2679,0.07,4.56,2965,0.05,4.32,A2,noun
grace,2680,0.07,4.56,1341,0.13,4.76,A2,noun
hopefully,2681,0.07,4.56,2804,0.05,4.35,B1,adverb
identify,2682,0.07,4.56,3128,0.04,4.29,B2,verb
importance,2683,0.07,4.56,4899,0.02,4.03,A2,noun
kevin,2684,0.07,4.56,1646,0.1,4.65,,
laid,2685,0.07,4.56,2214,0.07,4.48,,
latter,2686,0.07,4.56,,,,A2,"adjective, adverb, pronoun"
manufacturing,2687,0.07,4.56,,,,B2,noun
mining,2688,0.07,4.56,7460,0.01,3.77,,
object,2689,0.07,4.56,2533,0.06,4.41,B2,"noun, verb"
partners,2690,0.07,4.56,2902,0.05,4.33,,
pattern,2691,0.07,4.56,3194,0.04,4.27,B1,noun
performing,2692,0.07,4.56,5242,0.02,3.99,,
personnel,2693,0.07,4.56,4585,0.03,4.07,B2,noun
perspective,2694,0.07,4.56,4886,0.02,4.04,B2,noun
pregnant,2695,0.07,4.56,1222,0.14,4.8,B1,adjective
premier,2696,0.07,4.56,,,,,
promote,2697,0.07,4.56,8358,0.01,3.69,B1,verb
q,2698,0.07,4.56,,,,,
revolution,2699,0.07,4.56,2688,0.05,4.37,B2,noun
rooms,2700,0.07,4.56,2327,0.06,4.46,,
severe,2701,0.07,4.56,4413,0.03,4.09,B1,adjective
sleeping,2702,0.07,4.56,1031,0.17,4.89,,
suppose,2703,0.07,4.56,748,0.26,5.05,B1,verb
tool,2704,0.07,4.56,4228,0.03,4.12,A1,noun
tournament,2705,0.07,4.56,5272,0.02,3.99,B1,noun
turkey,2706,0.07,4.56,3103,0.04,4.29,A1,noun
ve,2707,0.07,4.56,3287,0.04,4.26,,
victim,2708,0.07,4.56,1075,0.17,4.87,B1,noun
victims,2709,0.07,4.56,1924,0.08,4.56,,
4th,2710,0.07,4.55,,,,,
agents,2711,0.07,4.55,2740,0.05,4.36,,
amazon,2712,0.07,4.55,8746,0.01,3.66,,
arrest,2713,0.07,4.55,1087,0.16,4.86,B1,"noun, verb"
attend,2714,0.07,4.55,2998,0.05,4.31,B1,verb
ban,2715,0.07,4.55,8214,0.01,3.71,B2,"noun, verb"
brilliant,2716,0.07,4.55,1640,0.1,4.65,A2,adjective
carbon,2717,0.07,4.55,5749,0.02,3.93,B2,noun
catholic,2718,0.07,4.55,4057,0.03,4.14,,
chose,2719,0.07,4.55,2116,0.07,4.51,,
circle,2720,0.07,4.55,2562,0.06,4.4,B1,"noun, verb"
concert,2721,0.07,4.55,2892,0.05,4.33,A1,noun
crash,2722,0.07,4.55,1932,0.08,4.56,B1,"noun, verb"
declared,2723,0.07,4.55,5553,0.02,3.96,,
deliver,2724,0.07,4.55,2031,0.08,4.53,B1,verb
depth,2725,0.07,4.55,5804,0.02,3.93,B1,noun
deputy,2726,0.07,4.55,3143,0.04,4.28,B2,noun
dirty,2727,0.07,4.55,1083,0.16,4.86,A1,adjective
doctors,2728,0.07,4.55,1875,0.08,4.58,,
earned,2729,0.07,4.55,3386,0.04,4.24,,
electronic,2730,0.07,4.55,4501,0.03,4.08,B1,adjective
error,2731,0.07,4.55,4624,0.03,4.07,A2,noun
existence,2732,0.07,4.55,3352,0.04,4.25,B1,noun
experiences,2733,0.07,4.55,5894,0.02,3.92,,
expression,2734,0.07,4.55,3902,0.03,4.16,A2,noun
factory,2735,0.07,4.55,2168,0.07,4.5,A1,noun
headed,2736,0.07,4.55,2087,0.07,4.52,,
interior,2737,0.07,4.55,6535,0.02,3.86,B2,noun
joy,2738,0.07,4.55,1669,0.1,4.64,A2,noun
jr,2739,0.07,4.55,6228,0.02,3.89,,
legislation,2740,0.07,4.55,,,,B2,noun
maintenance,2741,0.07,4.55,6329,0.02,3.88,B1,noun
manner,2742,0.07,4.55,3956,0.03,4.15,A2,noun
mate,2743,0.07,4.55,1130,0.16,4.84,B2,noun
matt,2744,0.07,4.55,1886,0.08,4.57,,
nearby,2745,0.07,4.55,3279,0.04,4.26,B1,"adjective, adverb"
noise,2746,0.07,4.55,1635,0.1,4.65,A1,noun
origin,2747,0.07,4.55,6366,0.02,3.88,B1,noun
pakistan,2748,0.07,4.55,7154,0.01,3.8,,
panel,2749,0.07,4.55,5848,0.02,3.92,B2,noun
personality,2750,0.07,4.55,3391,0.04,4.24,A2,noun
plate,2751,0.07,4.55,2070,0.07,4.52,A2,noun
practices,2752,0.07,4.55,,,,,
prepare,2753,0.07,4.55,1601,0.1,4.66,A2,verb
relief,2754,0.07,4.55,3408,0.04,4.24,B2,noun
replaced,2755,0.07,4.55,4769,0.03,4.05,,
resistance,2756,0.07,4.55,3732,0.03,4.18,B2,noun
retail,2757,0.07,4.55,,,,B1,noun
rice,2758,0.07,4.55,2335,0.06,4.46,A1,noun
roads,2759,0.07,4.55,3951,0.03,4.16,,
roof,2760,0.07,4.55,1765,0.09,4.61,A2,noun
shame,2761,0.07,4.55,1322,0.13,4.77,B1,noun
ships,2762,0.07,4.55,2625,0.06,4.39,,
somewhat,2763,0.07,4.55,4941,0.02,4.03,B2,adverb
staying,2764,0.07,4.55,1085,0.16,4.86,,
stronger,2765,0.07,4.55,2223,0.07,4.48,,
surely,2766,0.07,4.55,1613,0.1,4.66,B1,adverb
tip,2767,0.07,4.55,2262,0.07,4.47,B2,"noun, verb"
updated,2768,0.07,4.55,,,,,
writers,2769,0.07,4.55,6347,0.02,3.88,,
absolute,2770,0.06,4.54,3532,0.04,4.22,B1,adjective
advertising,2771,0.06,4.54,5867,0.02,3.92,A2,noun
agencies,2772,0.06,4.54,9392,0.01,3.61,,
baseball,2773,0.06,4.54,2839,0.05,4.34,A1,noun
bathroom,2774,0.06,4.54,1283,0.14,4.78,A1,noun
bible,2775,0.06,4.54,3005,0.05,4.31,,
cable,2776,0.06,4.54,3917,0.03,4.16,B2,noun
calm,2777,0.06,4.54,669,0.3,5.12,B1,adjective
championship,2778,0.06,4.54,5593,0.02,3.95,A2,noun
checked,2779,0.06,4.54,1499,0.11,4.7,,
client,2780,0.06,4.54,1299,0.13,4.77,B2,noun
constant,2781,0.06,4.54,4122,0.03,4.13,B2,adjective
da,2782,0.06,4.54,1906,0.08,4.57,,
dates,2783,0.06,4.54,3543,0.04,4.22,,
degrees,2784,0.06,4.54,2886,0.05,4.33,,
democrats,2785,0.06,4.54,,,,,
doors,2786,0.06,4.54,1778,0.09,4.6,,
driven,2787,0.06,4.54,3698,0.03,4.19,,
dumb,2788,0.06,4.54,1628,0.1,4.65,B2,adjective
empire,2789,0.06,4.54,2513,0.06,4.42,B1,noun
exciting,2790,0.06,4.54,1838,0.09,4.59,A1,adjective
expansion,2791,0.06,4.54,,,,B2,noun
he'll,2792,0.06,4.54,,,,,
heavily,2793,0.06,4.54,2691,0.05,4.37,A2,adverb
hide,2794,0.06,4.54,896,0.21,4.97,A1,verb
incident,2795,0.06,4.54,2458,0.06,4.43,B1,noun
irish,2796,0.06,4.54,4156,0.03,4.13,,
linked,2797,0.06,4.54,5959,0.02,3.91,,
manage,2798,0.06,4.54,1787,0.09,4.6,A2,verb
messages,2799,0.06,4.54,2940,0.05,4.32,,
michigan,2800,0.06,4.54,8911,0.01,3.65,,
multi,2801,0.06,4.54,,,,,
nfl,2802,0.06,4.54,,,,,
politicians,2803,0.06,4.54,5490,0.02,3.96,,
print,2804,0.06,4.54,2983,0.05,4.31,A2,"noun, verb"
quit,2805,0.06,4.54,1025,0.18,4.89,A2,"adjective, verb"
refused,2806,0.06,4.54,2846,0.05,4.34,,
reporting,2807,0.06,4.54,4625,0.03,4.07,,
sight,2808,0.06,4.54,1490,0.11,4.7,A1,noun
significantly,2809,0.06,4.54,,,,B2,adverb
sing,2810,0.06,4.54,780,0.24,5.03,A1,verb
soviet,2811,0.06,4.54,4080,0.03,4.14,B2,noun
weapon,2812,0.06,4.54,1261,0.14,4.79,B1,noun
wet,2813,0.06,4.54,1782,0.09,4.6,A2,adjective
widely,2814,0.06,4.54,,,,A2,adverb
worldwide,2815,0.06,4.54,8109,0.01,3.71,A2,"adjective, adverb"
ages,2816,0.06,4.53,2903,0.05,4.33,,
anniversary,2817,0.06,4.53,3224,0.04,4.27,A2,noun
attractive,2818,0.06,4.53,3035,0.05,4.3,A2,adjective
bike,2819,0.06,4.53,1887,0.08,4.57,A1,noun
broad,2820,0.06,4.53,4531,0.03,4.08,B1,adjective
burn,2821,0.06,4.53,1265,0.14,4.79,B1,"noun, verb"
cake,2822,0.06,4.53,1466,0.12,4.71,A1,noun
causing,2823,0.06,4.53,3824,0.03,4.17,,
closely,2824,0.06,4.53,4352,0.03,4.1,B1,adverb
constantly,2825,0.06,4.53,3773,0.03,4.18,B1,adverb
contest,2826,0.06,4.53,3063,0.04,4.3,A1,noun
deaths,2827,0.06,4.53,4541,0.03,4.08,,
depends,2828,0.06,4.53,2014,0.08,4.54,,
drawn,2829,0.06,4.53,3875,0.03,4.17,,
e.g,2830,0.06,4.53,,,,,
fees,2831,0.06,4.53,7014,0.01,3.81,,
francisco,2832,0.06,4.53,3310,0.04,4.25,,
haha,2833,0.06,4.53,,,,,
hardly,2834,0.06,4.53,1428,0.12,4.73,A2,adverb
hat,2835,0.06,4.53,1384,0.12,4.74,A1,noun
height,2836,0.06,4.53,4139,0.03,4.13,B1,noun
hidden,2837,0.06,4.53,1832,0.09,4.59,B1,adjective
hong,2838,0.06,4.53,2849,0.05,4.34,,
invited,2839,0.06,4.53,1556,0.11,4.68,,
letting,2840,0.06,4.53,1587,0.1,4.67,,
loud,2841,0.06,4.53,1486,0.11,4.7,B1,"adjective, adverb"
manchester,2842,0.06,4.53,8733,0.01,3.66,,
marine,2843,0.06,4.53,4107,0.03,4.13,B1,adjective
motor,2844,0.06,4.53,3879,0.03,4.17,B1,noun
officially,2845,0.06,4.53,3245,0.04,4.26,B1,adverb
pc,2846,0.06,4.53,,,,A2,noun
peak,2847,0.06,4.53,6460,0.02,3.87,B2,noun
portion,2848,0.06,4.53,8037,0.01,3.72,B2,noun
pounds,2849,0.06,4.53,2010,0.08,4.54,,
princess,2850,0.06,4.53,1377,0.13,4.74,A1,noun
protein,2851,0.06,4.53,7650,0.01,3.75,,
puts,2852,0.06,4.53,2518,0.06,4.41,,
raw,2853,0.06,4.53,3851,0.03,4.17,A2,adjective
reform,2854,0.06,4.53,7368,0.01,3.78,B2,noun
regions,2855,0.06,4.53,,,,,
represented,2856,0.06,4.53,7927,0.01,3.73,,
respond,2857,0.06,4.53,3529,0.04,4.22,B1,verb
retirement,2858,0.06,4.53,5246,0.02,3.99,B2,noun
sample,2859,0.06,4.53,3339,0.04,4.25,A2,noun
seats,2860,0.06,4.53,3191,0.04,4.27,,
secondary,2861,0.06,4.53,8641,0.01,3.67,B2,adjective
solar,2862,0.06,4.53,4138,0.03,4.13,B2,adjective
somehow,2863,0.06,4.53,1436,0.12,4.72,B1,adverb
stayed,2864,0.06,4.53,1664,0.1,4.64,,
suffering,2865,0.06,4.53,2212,0.07,4.49,B2,noun
sydney,2866,0.06,4.53,4049,0.03,4.14,,
today's,2867,0.06,4.53,,,,,
tries,2868,0.06,4.53,3354,0.04,4.25,,
ultimate,2869,0.06,4.53,3936,0.03,4.16,B2,adjective
unknown,2870,0.06,4.53,2814,0.05,4.34,A2,adjective
wilson,2871,0.06,4.53,2859,0.05,4.33,,
wondering,2872,0.06,4.53,1344,0.13,4.76,,
attached,2873,0.06,4.52,3734,0.03,4.18,B2,adjective
attacked,2874,0.06,4.52,1990,0.08,4.55,,
automatically,2875,0.06,4.52,7945,0.01,3.73,A2,adverb
balls,2876,0.06,4.52,1597,0.1,4.66,,
battery,2877,0.06,4.52,3961,0.03,4.15,A2,noun
bills,2878,0.06,4.52,2985,0.05,4.31,,
blind,2879,0.06,4.52,1409,0.12,4.73,B1,adjective
breath,2880,0.06,4.52,1469,0.12,4.71,B1,noun
brief,2881,0.06,4.52,3736,0.03,4.18,B1,adjective
carolina,2882,0.06,4.52,7607,0.01,3.76,,
chest,2883,0.06,4.52,1798,0.09,4.6,A2,noun
conduct,2884,0.06,4.52,4294,0.03,4.11,B2,"noun, verb"
debut,2885,0.06,4.52,,,,,
decade,2886,0.06,4.52,6584,0.02,3.85,B2,noun
destroy,2887,0.06,4.52,1196,0.15,4.81,A2,verb
differences,2888,0.06,4.52,5939,0.02,3.91,,
edward,2889,0.06,4.52,2972,0.05,4.31,,
engaged,2890,0.06,4.52,2470,0.06,4.43,B1,adjective
experts,2891,0.06,4.52,5546,0.02,3.96,,
expressed,2892,0.06,4.52,8483,0.01,3.68,,
external,2893,0.06,4.52,9723,0.01,3.59,B2,adjective
fantasy,2894,0.06,4.52,3450,0.04,4.23,B1,noun
ft,2895,0.06,4.52,,,,,
grab,2896,0.06,4.52,1057,0.17,4.88,B1,verb
hollywood,2897,0.06,4.52,2650,0.05,4.38,,
i.e,2898,0.06,4.52,,,,,
immediate,2899,0.06,4.52,4401,0.03,4.09,B1,adjective
introduction,2900,0.06,4.52,8366,0.01,3.69,B1,noun
joseph,2901,0.06,4.52,2845,0.05,4.34,,
license,2902,0.06,4.52,2162,0.07,4.5,,
paint,2903,0.06,4.52,1768,0.09,4.61,A1,"noun, verb"
pilot,2904,0.06,4.52,2379,0.06,4.45,A2,noun
pink,2905,0.06,4.52,2641,0.05,4.39,A2,"adjective, noun"
presidential,2906,0.06,4.52,7934,0.01,3.73,B2,adjective
principal,2907,0.06,4.52,3102,0.04,4.29,B2,"adjective, noun"
recognize,2908,0.06,4.52,1574,0.11,4.67,,
recognized,2909,0.06,4.52,4220,0.03,4.12,,
registered,2910,0.06,4.52,4282,0.03,4.11,,
regularly,2911,0.06,4.52,7642,0.01,3.75,A2,adverb
representatives,2912,0.06,4.52,,,,,
rising,2913,0.06,4.52,4131,0.03,4.13,,
seasons,2914,0.06,4.52,7615,0.01,3.76,,
shipping,2915,0.06,4.52,6852,0.02,3.83,B2,noun
singer,2916,0.06,4.52,2894,0.05,4.33,A1,noun
smoking,2917,0.06,4.52,2321,0.06,4.46,A1,noun
steam,2918,0.06,4.52,4350,0.03,4.1,B1,noun
suffered,2919,0.06,4.52,2918,0.05,4.32,,
survive,2920,0.06,4.52,1532,0.11,4.69,A2,verb
tall,2921,0.06,4.52,2052,0.08,4.53,A1,adjective
thats,2922,0.06,4.52,7392,0.01,3.78,,
theatre,2923,0.06,4.52,3511,0.04,4.22,,
therapy,2924,0.06,4.52,2986,0.05,4.31,B2,noun
witness,2925,0.06,4.52,1208,0.15,4.81,B1,"noun, verb"
adopted,2926,0.06,4.51,4785,0.03,4.05,B2,adjective
aim,2927,0.06,4.51,3202,0.04,4.27,B2,"noun, verb"
campus,2928,0.06,4.51,4927,0.02,4.03,A2,noun
cap,2929,0.06,4.51,3003,0.05,4.31,A1,noun
chances,2930,0.06,4.51,2420,0.06,4.43,,
childhood,2931,0.06,4.51,2682,0.05,4.38,A2,noun
clinical,2932,0.06,4.51,9745,0.01,3.59,,
clubs,2933,0.06,4.51,4704,0.03,4.06,,
comedy,2934,0.06,4.51,3865,0.03,4.17,B1,noun
commander,2935,0.06,4.51,1370,0.13,4.75,B2,noun
comparison,2936,0.06,4.51,8471,0.01,3.68,B1,noun
covers,2937,0.06,4.51,5441,0.02,3.97,,
dan,2938,0.06,4.51,1651,0.1,4.64,,
defeat,2939,0.06,4.51,2896,0.05,4.33,B1,"noun, verb"
defence,2940,0.06,4.51,4707,0.03,4.06,,
democracy,2941,0.06,4.51,4964,0.02,4.02,B1,noun
detailed,2942,0.06,4.51,7570,0.01,3.76,B2,adjective
entitled,2943,0.06,4.51,5157,0.02,4.0,,
exact,2944,0.06,4.51,2366,0.06,4.45,B1,adjective
exposed,2945,0.06,4.51,3860,0.03,4.17,,
fed,2946,0.06,4.51,2617,0.06,4.39,,
fee,2947,0.06,4.51,4378,0.03,4.1,A2,noun
injured,2948,0.06,4.51,3184,0.04,4.28,B2,adjective
jan,2949,0.06,4.51,5357,0.02,3.98,,
jordan,2950,0.06,4.51,2956,0.05,4.32,,
kinds,2951,0.06,4.51,2490,0.06,4.42,,
lets,2952,0.06,4.51,2742,0.05,4.36,,
loans,2953,0.06,4.51,8732,0.01,3.66,,
lock,2954,0.06,4.51,1246,0.14,4.8,B1,"noun, verb"
musical,2955,0.06,4.51,3931,0.03,4.16,B2,"adjective, noun"
nose,2956,0.06,4.51,1280,0.14,4.78,A1,noun
objects,2957,0.06,4.51,4496,0.03,4.08,,
opposed,2958,0.06,4.51,6087,0.02,3.9,,
organized,2959,0.06,4.51,4415,0.03,4.09,,
plastic,2960,0.06,4.51,2911,0.05,4.32,B1,"adjective, noun"
protected,2961,0.06,4.51,3596,0.04,4.21,,
purposes,2962,0.06,4.51,7297,0.01,3.79,,
quote,2963,0.06,4.51,4722,0.03,4.05,B2,"noun, verb"
recording,2964,0.06,4.51,3177,0.04,4.28,B1,noun
semi,2965,0.06,4.51,,,,,
statements,2966,0.06,4.51,5883,0.02,3.92,,
suspect,2967,0.06,4.51,1302,0.13,4.77,B2,"noun, verb"
swear,2968,0.06,4.51,811,0.23,5.01,B1,verb
techniques,2969,0.06,4.51,6893,0.01,3.82,,
tie,2970,0.06,4.51,1642,0.1,4.65,B1,"noun, verb"
tim,2971,0.06,4.51,1892,0.08,4.57,,
trend,2972,0.06,4.51,,,,B1,noun
valuable,2973,0.06,4.51,3064,0.04,4.3,B1,adjective
wealth,2974,0.06,4.51,3798,0.03,4.17,A2,noun
wise,2975,0.06,4.51,2317,0.06,4.46,A2,adjective
yards,2976,0.06,4.51,4141,0.03,4.13,,
aged,2977,0.06,4.5,7461,0.01,3.77,A2,adjective
approval,2978,0.06,4.5,5349,0.02,3.98,B1,noun
aspects,2979,0.06,4.5,9939,0.01,3.58,,
attempts,2980,0.06,4.5,7717,0.01,3.75,,
bread,2981,0.06,4.5,1850,0.09,4.58,A1,noun
burning,2982,0.06,4.5,1957,0.08,4.56,B1,adjective
champions,2983,0.06,4.5,9308,0.01,3.62,,
contain,2984,0.06,4.5,5630,0.02,3.95,B1,verb
convention,2985,0.06,4.5,5535,0.02,3.96,B2,noun
dancing,2986,0.06,4.5,1462,0.12,4.71,A1,noun
document,2987,0.06,4.5,4530,0.03,4.08,B1,noun
eggs,2988,0.06,4.5,1845,0.09,4.58,,
employee,2989,0.06,4.5,4135,0.03,4.13,B2,noun
en,2990,0.06,4.5,4414,0.03,4.09,,
engineer,2991,0.06,4.5,3582,0.04,4.21,A1,noun
equivalent,2992,0.06,4.5,8697,0.01,3.67,,
facing,2993,0.06,4.5,3483,0.04,4.23,,
fairly,2994,0.06,4.5,4377,0.03,4.1,A2,adverb
fingers,2995,0.06,4.5,1743,0.09,4.62,,
ford,2996,0.06,4.5,4302,0.03,4.11,,
founded,2997,0.06,4.5,8188,0.01,3.71,,
functions,2998,0.06,4.5,8623,0.01,3.67,,
gang,2999,0.06,4.5,1692,0.1,4.63,B2,noun
graduate,3000,0.06,4.5,4930,0.02,4.03,A2,"noun, verb"
greek,3001,0.06,4.5,3381,0.04,4.24,,
hanging,3002,0.06,4.5,1419,0.12,4.73,B1,adjective
inner,3003,0.06,4.5,4061,0.03,4.14,A2,adjective
islands,3004,0.06,4.5,4627,0.03,4.07,,
le,3005,0.06,4.5,3267,0.04,4.26,,
lift,3006,0.06,4.5,1617,0.1,4.66,B1,"noun, verb"
marked,3007,0.06,4.5,4578,0.03,4.07,B1,adjective
memories,3008,0.06,4.5,1905,0.08,4.57,,
miller,3009,0.06,4.5,3167,0.04,4.28,,
monthly,3010,0.06,4.5,8670,0.01,3.67,B1,"adjective, adverb"
mountains,3011,0.06,4.5,2246,0.07,4.48,,
neighborhood,3012,0.06,4.5,2128,0.07,4.51,,
operate,3013,0.06,4.5,4167,0.03,4.12,A2,verb
outstanding,3014,0.06,4.5,6517,0.02,3.86,B1,adjective
permission,3015,0.06,4.5,1839,0.09,4.59,A2,noun
porn,3016,0.06,4.5,3815,0.03,4.17,,
racing,3017,0.06,4.5,3955,0.03,4.15,,
recommended,3018,0.06,4.5,6791,0.02,3.83,,
regulations,3019,0.06,4.5,6749,0.02,3.84,,
reply,3020,0.06,4.5,5382,0.02,3.98,B1,"noun, verb"
republicans,3021,0.06,4.5,,,,,
rid,3022,0.06,4.5,1095,0.16,4.85,B1,verb
roman,3023,0.06,4.5,2779,0.05,4.35,,
scientists,3024,0.06,4.5,3017,0.05,4.31,,
shoulder,3025,0.06,4.5,2486,0.06,4.42,A1,noun
shower,3026,0.06,4.5,1677,0.1,4.63,B2,"noun, verb"
solutions,3027,0.06,4.5,,,,,
sons,3028,0.06,4.5,2522,0.06,4.41,,
stations,3029,0.06,4.5,4472,0.03,4.09,,
stephen,3030,0.06,4.5,3029,0.05,4.3,,
tower,3031,0.06,4.5,2393,0.06,4.44,A1,noun
tradition,3032,0.06,4.5,3265,0.04,4.26,A2,noun
visited,3033,0.06,4.5,3964,0.03,4.15,,
visual,3034,0.06,4.5,4705,0.03,4.06,B1,adjective
wheel,3035,0.06,4.5,2397,0.06,4.44,A1,noun
zealand,3036,0.06,4.5,,,,,
achieved,3037,0.06,4.49,6166,0.02,3.89,,
admitted,3038,0.06,4.49,4289,0.03,4.11,,
appointment,3039,0.06,4.49,2108,0.07,4.51,A2,noun
authors,3040,0.06,4.49,,,,,
barely,3041,0.06,4.49,1844,0.09,4.58,B1,adverb
bc,3042,0.06,4.49,,,,,
bush,3043,0.06,4.49,3542,0.04,4.22,A2,noun
cabinet,3044,0.06,4.49,4708,0.03,4.06,B2,noun
celebrate,3045,0.06,4.49,1997,0.08,4.55,A1,verb
challenges,3046,0.06,4.49,6373,0.02,3.88,,
chocolate,3047,0.06,4.49,2072,0.07,4.52,A1,noun
coal,3048,0.06,4.49,4864,0.02,4.04,B1,noun
colour,3049,0.06,4.49,3395,0.04,4.24,,
contemporary,3050,0.06,4.49,,,,B2,adjective
criticism,3051,0.06,4.49,9747,0.01,3.59,B2,noun
davis,3052,0.06,4.49,3181,0.04,4.28,,
dna,3053,0.06,4.49,1911,0.08,4.57,B2,noun
effectively,3054,0.06,4.49,9812,0.01,3.59,B2,adverb
eric,3055,0.06,4.49,1682,0.1,4.63,,
extensive,3056,0.06,4.49,9187,0.01,3.63,B2,adjective
faced,3057,0.06,4.49,4887,0.02,4.04,,
filed,3058,0.06,4.49,4909,0.02,4.03,,
formation,3059,0.06,4.49,7376,0.01,3.78,B2,noun
fought,3060,0.06,4.49,2029,0.08,4.53,,
gained,3061,0.06,4.49,6185,0.02,3.89,,
gallery,3062,0.06,4.49,4831,0.02,4.04,A2,noun
highway,3063,0.06,4.49,3677,0.04,4.19,A2,noun
historic,3064,0.06,4.49,8356,0.01,3.69,B1,adjective
hunt,3065,0.06,4.49,2097,0.07,4.51,B1,"noun, verb"
improvement,3066,0.06,4.49,8486,0.01,3.68,B1,noun
inch,3067,0.06,4.49,4479,0.03,4.09,B2,"noun, verb"
initially,3068,0.06,4.49,9354,0.01,3.62,B1,adverb
junior,3069,0.06,4.49,2284,0.07,4.47,A2,adjective
jury,3070,0.06,4.49,2015,0.08,4.54,B2,noun
kong,3071,0.06,4.49,2939,0.05,4.32,,
korean,3072,0.06,4.49,4178,0.03,4.12,,
marks,3073,0.06,4.49,2374,0.06,4.45,,
monster,3074,0.06,4.49,1485,0.11,4.7,B1,noun
obtained,3075,0.06,4.49,9572,0.01,3.6,,
olympic,3076,0.06,4.49,7843,0.01,3.73,A2,adjective
philosophy,3077,0.06,4.49,5117,0.02,4.0,B1,noun
pride,3078,0.06,4.49,2187,0.07,4.49,A2,noun
promised,3079,0.06,4.49,1080,0.17,4.87,,
repeat,3080,0.06,4.49,1977,0.08,4.55,A1,verb
returning,3081,0.06,4.49,3356,0.04,4.25,,
riding,3082,0.06,4.49,2250,0.07,4.48,,
rough,3083,0.06,4.49,1878,0.08,4.57,B1,adjective
santa,3084,0.06,4.49,1866,0.09,4.58,,
settlement,3085,0.06,4.49,5866,0.02,3.92,B1,noun
smell,3086,0.06,4.49,948,0.2,4.94,B1,"noun, verb"
sought,3087,0.06,4.49,6842,0.02,3.83,,
speaker,3088,0.06,4.49,4726,0.03,4.05,A2,noun
studied,3089,0.06,4.49,3612,0.04,4.2,,
suggests,3090,0.06,4.49,5730,0.02,3.94,,
surrounding,3091,0.06,4.49,6538,0.02,3.86,B1,adjective
tone,3092,0.06,4.49,2808,0.05,4.35,A2,noun
topic,3093,0.06,4.49,6096,0.02,3.9,A1,noun
toronto,3094,0.06,4.49,9765,0.01,3.59,,
universal,3095,0.06,4.49,6815,0.02,3.83,B2,adjective
vast,3096,0.06,4.49,4094,0.03,4.14,B1,adjective
visitors,3097,0.06,4.49,3818,0.03,4.17,,
wanting,3098,0.06,4.49,2556,0.06,4.4,,
auto,3099,0.06,4.48,5744,0.02,3.93,,
consistent,3100,0.06,4.48,6189,0.02,3.89,B2,adjective
continuing,3101,0.06,4.48,6819,0.02,3.83,,
earn,3102,0.06,4.48,2547,0.06,4.41,A2,verb
exists,3103,0.06,4.48,3573,0.04,4.21,,
finger,3104,0.06,4.48,1731,0.09,4.62,B1,noun
grey,3105,0.06,4.48,3522,0.04,4.22,,
guitar,3106,0.06,4.48,2703,0.05,4.37,A1,noun
heading,3107,0.06,4.48,1774,0.09,4.6,,
howard,3108,0.06,4.48,2551,0.06,4.41,,
ignore,3109,0.06,4.48,2668,0.05,4.38,B1,verb
involving,3110,0.06,4.48,7753,0.01,3.74,,
latin,3111,0.06,4.48,3649,0.04,4.2,,
lewis,3112,0.06,4.48,3000,0.05,4.31,,
meal,3113,0.06,4.48,2030,0.08,4.53,A1,noun
meanwhile,3114,0.06,4.48,3554,0.04,4.21,B1,adverb
meetings,3115,0.06,4.48,4011,0.03,4.15,,
naturally,3116,0.06,4.48,2669,0.05,4.38,B1,adverb
necessarily,3117,0.06,4.48,4067,0.03,4.14,B2,adverb
offices,3118,0.06,4.48,6097,0.02,3.9,,
pants,3119,0.06,4.48,1348,0.13,4.76,A1,noun
partnership,3120,0.06,4.48,7067,0.01,3.81,B2,noun
payments,3121,0.06,4.48,7634,0.01,3.75,,
percentage,3122,0.06,4.48,9299,0.01,3.62,B2,noun
pocket,3123,0.06,4.48,1884,0.08,4.57,A1,noun
practical,3124,0.06,4.48,4577,0.03,4.07,B1,adjective
primarily,3125,0.06,4.48,,,,B1,adverb
proved,3126,0.06,4.48,4008,0.03,4.15,,
rape,3127,0.06,4.48,2574,0.06,4.4,B2,"noun, verb"
regardless,3128,0.06,4.48,6038,0.02,3.9,B2,adverb
relative,3129,0.06,4.48,4462,0.03,4.09,B1,"adjective, noun"
represents,3130,0.06,4.48,5764,0.02,3.93,,
rescue,3131,0.06,4.48,2207,0.07,4.49,B1,"noun, verb"
resulting,3132,0.06,4.48,,,,,
rush,3133,0.06,4.48,1876,0.08,4.58,B1,"noun, verb"
sarah,3134,0.06,4.48,1287,0.14,4.78,,
sessions,3135,0.06,4.48,7972,0.01,3.72,,
sharp,3136,0.06,4.48,2478,0.06,4.42,B2,"adjective, adverb"
simon,3137,0.06,4.48,1830,0.09,4.59,,
soccer,3138,0.06,4.48,4354,0.03,4.1,A1,noun
stable,3139,0.06,4.48,3535,0.04,4.22,B1,adjective
structures,3140,0.06,4.48,,,,,
supplies,3141,0.06,4.48,3640,0.04,4.2,,
symptoms,3142,0.06,4.48,4693,0.03,4.06,,
temporary,3143,0.06,4.48,4035,0.03,4.14,B1,adjective
tested,3144,0.06,4.48,4172,0.03,4.12,,
trick,3145,0.06,4.48,1516,0.11,4.69,B2,"noun, verb"
attended,3146,0.05,4.47,7982,0.01,3.72,,
audio,3147,0.05,4.47,7519,0.01,3.76,A2,adjective
bone,3148,0.05,4.47,2240,0.07,4.48,A1,noun
brian,3149,0.05,4.47,1802,0.09,4.6,,
bullshit,3150,0.05,4.47,1399,0.12,4.74,,
chamber,3151,0.05,4.47,3604,0.04,4.2,,
chart,3152,0.05,4.47,6417,0.02,3.87,A2,noun
children's,3153,0.05,4.47,,,,,
circuit,3154,0.05,4.47,5873,0.02,3.92,B2,noun
clothing,3155,0.05,4.47,4457,0.03,4.09,B2,noun
complicated,3156,0.05,4.47,1942,0.08,4.56,B1,adjective
confused,3157,0.05,4.47,2053,0.08,4.53,A2,adjective
consequences,3158,0.05,4.47,3581,0.04,4.21,,
defend,3159,0.05,4.47,2439,0.06,4.43,B1,verb
divided,3160,0.05,4.47,5958,0.02,3.91,B2,adjective
elizabeth,3161,0.05,4.47,2364,0.06,4.45,,
everyday,3162,0.05,4.47,3111,0.04,4.29,A1,adjective
extent,3163,0.05,4.47,6848,0.02,3.83,B1,noun
fishing,3164,0.05,4.47,2491,0.06,4.42,A1,noun
format,3165,0.05,4.47,,,,B1,"noun, verb"
gap,3166,0.05,4.47,6264,0.02,3.89,B1,noun
gate,3167,0.05,4.47,1817,0.09,4.59,A2,noun
gotten,3168,0.05,4.47,1412,0.12,4.73,,
harm,3169,0.05,4.47,1748,0.09,4.61,A2,"noun, verb"
healthcare,3170,0.05,4.47,,,,,
household,3171,0.05,4.47,5594,0.02,3.95,B1,noun
immigration,3172,0.05,4.47,7674,0.01,3.75,B1,noun
impressive,3173,0.05,4.47,2700,0.05,4.37,B1,adjective
jews,3174,0.05,4.47,3197,0.04,4.27,,
joining,3175,0.05,4.47,3598,0.04,4.2,,
killer,3176,0.05,4.47,931,0.2,4.95,A2,noun
lesson,3177,0.05,4.47,1848,0.09,4.58,A1,noun
limits,3178,0.05,4.47,4481,0.03,4.09,,
loving,3179,0.05,4.47,2275,0.07,4.47,,
ltd,3180,0.05,4.47,,,,,
managers,3181,0.05,4.47,,,,,
membership,3182,0.05,4.47,9427,0.01,3.61,B1,noun
miami,3183,0.05,4.47,3816,0.03,4.17,,
mirror,3184,0.05,4.47,2173,0.07,4.5,A2,noun
mount,3185,0.05,4.47,3960,0.03,4.15,B2,"noun, verb"
nights,3186,0.05,4.47,1881,0.08,4.57,,
occur,3187,0.05,4.47,5809,0.02,3.93,B1,verb
parking,3188,0.05,4.47,2417,0.06,4.43,B1,noun
proposal,3189,0.05,4.47,4043,0.03,4.14,B1,noun
province,3190,0.05,4.47,7757,0.01,3.74,B2,noun
purchased,3191,0.05,4.47,8678,0.01,3.67,,
recognition,3192,0.05,4.47,7208,0.01,3.79,B2,noun
reputation,3193,0.05,4.47,2594,0.06,4.4,B1,noun
rolling,3194,0.05,4.47,2805,0.05,4.35,B1,adjective
shortly,3195,0.05,4.47,3918,0.03,4.16,B1,adverb
situations,3196,0.05,4.47,5669,0.02,3.94,,
strongly,3197,0.05,4.47,5942,0.02,3.91,A2,adverb
tears,3198,0.05,4.47,1951,0.08,4.56,,
technique,3199,0.05,4.47,4243,0.03,4.12,B1,noun
thin,3200,0.05,4.47,2694,0.05,4.37,A1,adjective
tied,3201,0.05,4.47,2241,0.07,4.48,,
z,3202,0.05,4.47,,,,,
3d,3203,0.05,4.46,,,,,
accused,3204,0.05,4.46,2774,0.05,4.35,,
adventure,3205,0.05,4.46,3285,0.04,4.26,A2,noun
argue,3206,0.05,4.46,2852,0.05,4.34,A2,verb
assessment,3207,0.05,4.46,9355,0.01,3.62,B2,noun
atmosphere,3208,0.05,4.46,3303,0.04,4.25,B1,noun
awful,3209,0.05,4.46,1334,0.13,4.76,A2,adjective
bedroom,3210,0.05,4.46,1933,0.08,4.56,A1,noun
belief,3211,0.05,4.46,4752,0.03,4.05,B1,noun
bound,3212,0.05,4.46,2770,0.05,4.35,B1,adjective
breaks,3213,0.05,4.46,2851,0.05,4.34,,
carefully,3214,0.05,4.46,2012,0.08,4.54,A1,adverb
cats,3215,0.05,4.46,3028,0.05,4.3,,
ceo,3216,0.05,4.46,6547,0.02,3.86,,
choices,3217,0.05,4.46,3667,0.04,4.19,,
closing,3218,0.05,4.46,2455,0.06,4.43,,
cloud,3219,0.05,4.46,3425,0.04,4.23,A1,noun
colorado,3220,0.05,4.46,7623,0.01,3.76,,
colors,3221,0.05,4.46,3926,0.03,4.16,,
contrast,3222,0.05,4.46,,,,A2,noun
courses,3223,0.05,4.46,9331,0.01,3.62,,
courts,3224,0.05,4.46,7129,0.01,3.8,,
donald,3225,0.05,4.46,4358,0.03,4.1,,
drew,3226,0.05,4.46,2717,0.05,4.37,,
egg,3227,0.05,4.46,2288,0.07,4.47,A1,noun
element,3228,0.05,4.46,5066,0.02,4.01,B1,noun
elsewhere,3229,0.05,4.46,4575,0.03,4.07,A2,adverb
establish,3230,0.05,4.46,5470,0.02,3.96,A2,verb
extension,3231,0.05,4.46,7781,0.01,3.74,B2,noun
files,3232,0.05,4.46,2342,0.06,4.45,,
founder,3233,0.05,4.46,9735,0.01,3.59,,
gear,3234,0.05,4.46,2893,0.05,4.33,B2,noun
georgia,3235,0.05,4.46,5306,0.02,3.98,,
hills,3236,0.05,4.46,3318,0.04,4.25,,
hip,3237,0.05,4.46,3999,0.03,4.15,B1,noun
hitting,3238,0.05,4.46,2584,0.06,4.4,,
increases,3239,0.05,4.46,9582,0.01,3.6,,
infrastructure,3240,0.05,4.46,,,,,
jason,3241,0.05,4.46,1856,0.09,4.58,,
locations,3242,0.05,4.46,7774,0.01,3.74,,
loose,3243,0.05,4.46,1760,0.09,4.61,A2,adjective
machines,3244,0.05,4.46,3247,0.04,4.26,,
men's,3245,0.05,4.46,,,,,
moral,3246,0.05,4.46,3686,0.04,4.19,B1,"adjective, noun"
offensive,3247,0.05,4.46,5695,0.02,3.94,B1,adjective
pa,3248,0.05,4.46,2665,0.05,4.38,B2,noun
package,3249,0.05,4.46,2830,0.05,4.34,B1,noun
pointed,3250,0.05,4.46,5207,0.02,3.99,,
poverty,3251,0.05,4.46,5705,0.02,3.94,B1,noun
processes,3252,0.05,4.46,,,,,
processing,3253,0.05,4.46,8359,0.01,3.69,,
qualified,3254,0.05,4.46,5697,0.02,3.94,B1,adjective
railway,3255,0.05,4.46,6276,0.02,3.88,B1,noun
reaching,3256,0.05,4.46,5048,0.02,4.01,,
ridiculous,3257,0.05,4.46,1311,0.13,4.77,B1,adjective
sensitive,3258,0.05,4.46,2803,0.05,4.35,B2,adjective
server,3259,0.05,4.46,8352,0.01,3.69,B1,noun
shock,3260,0.05,4.46,2056,0.08,4.52,B2,"noun, verb"
silence,3261,0.05,4.46,1777,0.09,4.6,A2,noun
soldier,3262,0.05,4.46,1604,0.1,4.66,A2,noun
superior,3263,0.05,4.46,3899,0.03,4.16,B1,adjective
supporters,3264,0.05,4.46,,,,,
thick,3265,0.05,4.46,3205,0.04,4.27,A1,adjective
threw,3266,0.05,4.46,1629,0.1,4.65,,
tons,3267,0.05,4.46,4020,0.03,4.15,,
transition,3268,0.05,4.46,8467,0.01,3.68,B2,noun
violent,3269,0.05,4.46,2679,0.05,4.38,A2,adjective
voters,3270,0.05,4.46,,,,,
wash,3271,0.05,4.46,1605,0.1,4.66,A1,"noun, verb"
acid,3272,0.05,4.45,4614,0.03,4.07,B2,noun
actress,3273,0.05,4.45,3360,0.04,4.25,B1,noun
administrative,3274,0.05,4.45,,,,B2,adjective
alan,3275,0.05,4.45,1895,0.08,4.57,,
alongside,3276,0.05,4.45,7161,0.01,3.8,B2,preposition
angel,3277,0.05,4.45,1443,0.12,4.72,A2,noun
anxiety,3278,0.05,4.45,5857,0.02,3.92,B1,noun
babies,3279,0.05,4.45,2088,0.07,4.52,,
bars,3280,0.05,4.45,2907,0.05,4.33,,
bonus,3281,0.05,4.45,5153,0.02,4.0,A2,noun
castle,3282,0.05,4.45,1831,0.09,4.59,A2,noun
charity,3283,0.05,4.45,2868,0.05,4.33,B1,noun
clients,3284,0.05,4.45,2541,0.06,4.41,,
compare,3285,0.05,4.45,4727,0.03,4.05,A2,verb
contained,3286,0.05,4.45,6876,0.02,3.82,,
cooking,3287,0.05,4.45,2163,0.07,4.5,A2,noun
covering,3288,0.05,4.45,3848,0.03,4.17,,
curious,3289,0.05,4.45,2237,0.07,4.48,B1,adjective
directors,3290,0.05,4.45,6833,0.02,3.83,,
discovery,3291,0.05,4.45,4083,0.03,4.14,B1,noun
discussed,3292,0.05,4.45,4741,0.03,4.05,,
duke,3293,0.05,4.45,2737,0.05,4.36,,
egypt,3294,0.05,4.45,4626,0.03,4.07,,
encourage,3295,0.05,4.45,6168,0.02,3.89,A2,verb
enforcement,3296,0.05,4.45,6640,0.02,3.85,,
featuring,3297,0.05,4.45,,,,,
finals,3298,0.05,4.45,7267,0.01,3.79,,
flash,3299,0.05,4.45,2794,0.05,4.35,B2,"adjective, noun, verb"
formal,3300,0.05,4.45,4973,0.02,4.02,B1,adjective
formula,3301,0.05,4.45,5017,0.02,4.02,B1,noun
fort,3302,0.05,4.45,3666,0.04,4.19,,
governments,3303,0.05,4.45,,,,,
gray,3304,0.05,4.45,3298,0.04,4.26,,
gross,3305,0.05,4.45,2971,0.05,4.31,B2,adjective
horses,3306,0.05,4.45,1700,0.1,4.63,,
hungry,3307,0.05,4.45,962,0.19,4.93,A1,adjective
informed,3308,0.05,4.45,3494,0.04,4.22,,
innocent,3309,0.05,4.45,1172,0.15,4.82,B1,adjective
jeff,3310,0.05,4.45,1590,0.1,4.67,,
losses,3311,0.05,4.45,7325,0.01,3.78,,
luke,3312,0.05,4.45,2154,0.07,4.5,,
mac,3313,0.05,4.45,2696,0.05,4.37,,
math,3314,0.05,4.45,3516,0.04,4.22,,
minds,3315,0.05,4.45,2647,0.05,4.38,,
mistakes,3316,0.05,4.45,2351,0.06,4.45,,
mystery,3317,0.05,4.45,2091,0.07,4.51,A2,noun
networks,3318,0.05,4.45,,,,,
olympics,3319,0.05,4.45,8409,0.01,3.69,A1,noun
palace,3320,0.05,4.45,2125,0.07,4.51,A1,noun
passes,3321,0.05,4.45,3664,0.04,4.2,,
penalty,3322,0.05,4.45,4723,0.03,4.05,B2,noun
pet,3323,0.05,4.45,3187,0.04,4.28,A1,noun
phones,3324,0.05,4.45,3147,0.04,4.28,,
photography,3325,0.05,4.45,6250,0.02,3.89,A2,noun
producing,3326,0.05,4.45,7997,0.01,3.72,,
protest,3327,0.05,4.45,4641,0.03,4.06,B2,"noun, verb"
publication,3328,0.05,4.45,,,,B2,noun
rating,3329,0.05,4.45,,,,A2,noun
refer,3330,0.05,4.45,6646,0.02,3.85,A2,verb
respectively,3331,0.05,4.45,,,,,
rome,3332,0.05,4.45,1988,0.08,4.55,,
scheduled,3333,0.05,4.45,5293,0.02,3.98,B2,adjective
select,3334,0.05,4.45,7620,0.01,3.76,B2,"adjective, verb"
silent,3335,0.05,4.45,2286,0.07,4.47,B1,adjective
spoken,3336,0.05,4.45,2386,0.06,4.44,,
successfully,3337,0.05,4.45,7730,0.01,3.75,A2,adverb
suffer,3338,0.05,4.45,2067,0.07,4.52,B1,verb
temple,3339,0.05,4.45,2034,0.08,4.53,A1,noun
tracks,3340,0.05,4.45,3154,0.04,4.28,,
trail,3341,0.05,4.45,2853,0.05,4.34,B2,"noun, verb"
uncle,3342,0.05,4.45,578,0.37,5.22,A1,noun
unusual,3343,0.05,4.45,2425,0.06,4.43,A2,adjective
waters,3344,0.05,4.45,3707,0.03,4.19,,
woods,3345,0.05,4.45,1968,0.08,4.55,,
yo,3346,0.05,4.45,1096,0.16,4.85,,
arrival,3347,0.05,4.44,4483,0.03,4.09,B1,noun
asks,3348,0.05,4.44,2762,0.05,4.35,,
assault,3349,0.05,4.44,2848,0.05,4.34,B2,noun
awareness,3350,0.05,4.44,,,,B1,noun
badly,3351,0.05,4.44,2051,0.08,4.53,A2,adverb
bath,3352,0.05,4.44,1991,0.08,4.55,A1,noun
captured,3353,0.05,4.44,3415,0.04,4.24,,
chase,3354,0.05,4.44,2044,0.08,4.53,B2,"noun, verb"
components,3355,0.05,4.44,,,,,
concrete,3356,0.05,4.44,5081,0.02,4.01,B2,"adjective, noun"
dave,3357,0.05,4.44,1800,0.09,4.6,,
deeply,3358,0.05,4.44,2225,0.07,4.48,A2,adverb
expectations,3359,0.05,4.44,6581,0.02,3.85,,
explanation,3360,0.05,4.44,2732,0.05,4.36,A2,noun
exposure,3361,0.05,4.44,7049,0.01,3.81,,
featured,3362,0.05,4.44,,,,,
fiction,3363,0.05,4.44,5899,0.02,3.92,A2,noun
guarantee,3364,0.05,4.44,2675,0.05,4.38,B2,"noun, verb"
happiness,3365,0.05,4.44,1681,0.1,4.63,A2,noun
harris,3366,0.05,4.44,4002,0.03,4.15,,
hearts,3367,0.05,4.44,2179,0.07,4.49,,
horrible,3368,0.05,4.44,1496,0.11,4.7,B1,adjective
ideal,3369,0.05,4.44,4390,0.03,4.1,A1,adjective
illinois,3370,0.05,4.44,,,,,
injuries,3371,0.05,4.44,4558,0.03,4.08,,
islamic,3372,0.05,4.44,,,,,
jimmy,3373,0.05,4.44,1212,0.14,4.81,,
kelly,3374,0.05,4.44,1959,0.08,4.56,,
legend,3375,0.05,4.44,2963,0.05,4.32,B2,noun
lieutenant,3376,0.05,4.44,971,0.19,4.92,,
mini,3377,0.05,4.44,6964,0.01,3.82,,
mood,3378,0.05,4.44,1857,0.09,4.58,A2,noun
muscle,3379,0.05,4.44,3852,0.03,4.17,B1,noun
muslims,3380,0.05,4.44,7800,0.01,3.74,,
p.m,3381,0.05,4.44,,,,,
passion,3382,0.05,4.44,2511,0.06,4.42,B1,noun
picking,3383,0.05,4.44,2092,0.07,4.51,,
pleased,3384,0.05,4.44,1970,0.08,4.55,A2,adjective
procedure,3385,0.05,4.44,3531,0.04,4.22,B2,noun
producer,3386,0.05,4.44,3496,0.04,4.22,B1,noun
pushing,3387,0.05,4.44,2653,0.05,4.38,,
rank,3388,0.05,4.44,5010,0.02,4.02,B1,noun
replacement,3389,0.05,4.44,6125,0.02,3.9,B2,noun
retired,3390,0.05,4.44,4059,0.03,4.14,A2,adjective
roles,3391,0.05,4.44,8643,0.01,3.67,,
sand,3392,0.05,4.44,2609,0.06,4.39,B1,noun
savings,3393,0.05,4.44,5688,0.02,3.94,,
settled,3394,0.05,4.44,2636,0.05,4.39,,
shadow,3395,0.05,4.44,2479,0.06,4.42,B1,"noun, verb"
singles,3396,0.05,4.44,,,,,
tag,3397,0.05,4.44,4313,0.03,4.11,B2,noun
tape,3398,0.05,4.44,1444,0.12,4.72,B1,"noun, verb"
thread,3399,0.05,4.44,6262,0.02,3.89,B2,noun
victoria,3400,0.05,4.44,3741,0.03,4.18,,
visiting,3401,0.05,4.44,3196,0.04,4.27,,
wage,3402,0.05,4.44,8139,0.01,3.71,B2,noun
we'd,3403,0.05,4.44,,,,,
wings,3404,0.05,4.44,2575,0.06,4.4,,
andy,3405,0.05,4.43,1851,0.09,4.58,,
avenue,3406,0.05,4.43,4298,0.03,4.11,B1,noun
bags,3407,0.05,4.43,2255,0.07,4.48,,
beating,3408,0.05,4.43,2197,0.07,4.49,,
believes,3409,0.05,4.43,2861,0.05,4.33,,
blocks,3410,0.05,4.43,3629,0.04,4.2,,
boring,3411,0.05,4.43,1923,0.08,4.56,A1,adjective
charlie,3412,0.05,4.43,845,0.22,4.99,,
checking,3413,0.05,4.43,2103,0.07,4.51,,
clock,3414,0.05,4.43,1909,0.08,4.57,A1,noun
commissioner,3415,0.05,4.43,2920,0.05,4.32,,
commitment,3416,0.05,4.43,4637,0.03,4.06,A2,noun
confident,3417,0.05,4.43,3368,0.04,4.25,A2,adjective
containing,3418,0.05,4.43,,,,,
copies,3419,0.05,4.43,4731,0.03,4.05,,
crimes,3420,0.05,4.43,2932,0.05,4.32,,
custom,3421,0.05,4.43,6280,0.02,3.88,A2,noun
denied,3422,0.05,4.43,4458,0.03,4.09,,
desk,3423,0.05,4.43,1684,0.1,4.63,A1,noun
drinks,3424,0.05,4.43,1799,0.09,4.6,,
ear,3425,0.05,4.43,2200,0.07,4.49,A1,noun
electricity,3426,0.05,4.43,3068,0.04,4.29,B1,noun
episodes,3427,0.05,4.43,,,,,
farmers,3428,0.05,4.43,5149,0.02,4.0,,
fbi,3429,0.05,4.43,1791,0.09,4.6,,
grounds,3430,0.05,4.43,4330,0.03,4.1,,
gym,3431,0.05,4.43,2946,0.05,4.32,B1,noun
helpful,3432,0.05,4.43,3660,0.04,4.2,A2,adjective
horror,3433,0.05,4.43,4171,0.03,4.12,A2,noun
iphone,3434,0.05,4.43,,,,,
iraq,3435,0.05,4.43,4834,0.02,4.04,,
label,3436,0.05,4.43,5455,0.02,3.96,B2,noun
liverpool,3437,0.05,4.43,,,,,
locked,3438,0.05,4.43,1229,0.14,4.8,,
naked,3439,0.05,4.43,1771,0.09,4.61,B1,adjective
ny,3440,0.05,4.43,,,,,
opens,3441,0.05,4.43,1652,0.1,4.64,,
output,3442,0.05,4.43,,,,B2,noun
persons,3443,0.05,4.43,4915,0.02,4.03,,
pitch,3444,0.05,4.43,3452,0.04,4.23,B2,"noun, verb"
pizza,3445,0.05,4.43,2059,0.08,4.52,A1,noun
plain,3446,0.05,4.43,3041,0.04,4.3,B1,adjective
pushed,3447,0.05,4.43,2451,0.06,4.43,,
raising,3448,0.05,4.43,4260,0.03,4.11,,
rear,3449,0.05,4.43,4658,0.03,4.06,B2,adjective
reveal,3450,0.05,4.43,3387,0.04,4.24,A2,verb
romantic,3451,0.05,4.43,1947,0.08,4.56,A2,adjective
scores,3452,0.05,4.43,5686,0.02,3.94,,
sisters,3453,0.05,4.43,2213,0.07,4.49,,
speaks,3454,0.05,4.43,2028,0.08,4.53,,
stages,3455,0.05,4.43,8586,0.01,3.68,,
strategic,3456,0.05,4.43,9138,0.01,3.63,B1,adjective
swimming,3457,0.05,4.43,2764,0.05,4.35,A1,noun
welfare,3458,0.05,4.43,5862,0.02,3.92,B2,noun
winners,3459,0.05,4.43,7021,0.01,3.81,,
wire,3460,0.05,4.43,2560,0.06,4.4,B2,"noun, verb"
worker,3461,0.05,4.43,3396,0.04,4.24,A1,noun
5th,3462,0.05,4.42,,,,,
afterwards,3463,0.05,4.42,2942,0.05,4.32,B1,adverb
alright,3464,0.05,4.42,554,0.41,5.25,A2,"adjective, adverb"
android,3465,0.05,4.42,,,,,
anger,3466,0.05,4.42,2474,0.06,4.43,B1,noun
architecture,3467,0.05,4.42,8303,0.01,3.7,A2,noun
assist,3468,0.05,4.42,5572,0.02,3.95,B1,verb
attempted,3469,0.05,4.42,4943,0.02,4.03,,
behalf,3470,0.05,4.42,3260,0.04,4.26,B1,noun
belt,3471,0.05,4.42,2648,0.05,4.38,A2,noun
capture,3472,0.05,4.42,3537,0.04,4.22,B1,"noun, verb"
centers,3473,0.05,4.42,,,,,
ceremony,3474,0.05,4.42,2905,0.05,4.33,B1,noun
comic,3475,0.05,4.42,4875,0.02,4.04,A2,"adjective, noun"
cops,3476,0.05,4.42,994,0.18,4.91,,
cuts,3477,0.05,4.42,4133,0.03,4.13,,
dallas,3478,0.05,4.42,5819,0.02,3.93,,
designer,3479,0.05,4.42,4897,0.02,4.03,B1,"adjective, noun"
diamond,3480,0.05,4.42,2895,0.05,4.33,A2,noun
disappointed,3481,0.05,4.42,2635,0.05,4.39,A2,adjective
dressed,3482,0.05,4.42,1494,0.11,4.7,A2,adjective
economics,3483,0.05,4.42,,,,B1,noun
efficient,3484,0.05,4.42,6653,0.02,3.85,B1,adjective
electrical,3485,0.05,4.42,4950,0.02,4.03,B1,adjective
employed,3486,0.05,4.42,7984,0.01,3.72,,
enjoying,3487,0.05,4.42,2941,0.05,4.32,,
entering,3488,0.05,4.42,4029,0.03,4.14,,
essentially,3489,0.05,4.42,6349,0.02,3.88,B2,adverb
establishment,3490,0.05,4.42,7897,0.01,3.73,B1,noun
expecting,3491,0.05,4.42,1697,0.1,4.63,,
explains,3492,0.05,4.42,4509,0.03,4.08,,
flower,3493,0.05,4.42,2270,0.07,4.47,A1,noun
ghost,3494,0.05,4.42,1410,0.12,4.73,A1,noun
guests,3495,0.05,4.42,1996,0.08,4.55,,
handed,3496,0.05,4.42,4016,0.03,4.15,,
hockey,3497,0.05,4.42,5208,0.02,3.99,A2,noun
houston,3498,0.05,4.42,5777,0.02,3.93,,
https,3499,0.05,4.42,,,,,
hunting,3500,0.05,4.42,2285,0.07,4.47,B2,noun
industries,3501,0.05,4.42,8246,0.01,3.7,,
islam,3502,0.05,4.42,8473,0.01,3.68,,
jane,3503,0.05,4.42,1340,0.13,4.76,,
judges,3504,0.05,4.42,3577,0.04,4.21,,
kit,3505,0.05,4.42,3470,0.04,4.23,A2,noun
lab,3506,0.05,4.42,1618,0.1,4.66,B1,noun
languages,3507,0.05,4.42,7415,0.01,3.77,,
maps,3508,0.05,4.42,7961,0.01,3.73,,
min,3509,0.05,4.42,5027,0.02,4.02,,
morgan,3510,0.05,4.42,2510,0.06,4.42,,
moscow,3511,0.05,4.42,4112,0.03,4.13,,
na,3512,0.05,4.42,3378,0.04,4.24,,
nervous,3513,0.05,4.42,1125,0.16,4.84,A2,adjective
newly,3514,0.05,4.42,8223,0.01,3.7,B1,adverb
odd,3515,0.05,4.42,2046,0.08,4.53,B2,adjective
op,3516,0.05,4.42,9056,0.01,3.64,,
ordinary,3517,0.05,4.42,2348,0.06,4.45,B1,adjective
participate,3518,0.05,4.42,6550,0.02,3.86,B1,verb
philadelphia,3519,0.05,4.42,7034,0.01,3.81,,
prayer,3520,0.05,4.42,3237,0.04,4.27,B1,noun
principles,3521,0.05,4.42,5872,0.02,3.92,,
racist,3522,0.05,4.42,5713,0.02,3.94,B2,noun
rarely,3523,0.05,4.42,5443,0.02,3.97,B1,adverb
references,3524,0.05,4.42,9629,0.01,3.6,,
sexy,3525,0.05,4.42,2047,0.08,4.53,B2,adjective
skill,3526,0.05,4.42,4252,0.03,4.11,A1,noun
soil,3527,0.05,4.42,3990,0.03,4.15,B1,"noun, verb"
solve,3528,0.05,4.42,2273,0.07,4.47,A1,verb
stomach,3529,0.05,4.42,1805,0.09,4.59,A2,noun
struck,3530,0.05,4.42,3078,0.04,4.29,,
studying,3531,0.05,4.42,2587,0.06,4.4,,
suck,3532,0.05,4.42,1981,0.08,4.55,B2,verb
supports,3533,0.05,4.42,,,,,
trash,3534,0.05,4.42,2548,0.06,4.41,B1,noun
ugly,3535,0.05,4.42,1648,0.1,4.65,A1,adjective
vegas,3536,0.05,4.42,2784,0.05,4.35,,
virus,3537,0.05,4.42,3037,0.05,4.3,B1,noun
walker,3538,0.05,4.42,3613,0.04,4.2,B2,noun
whoever,3539,0.05,4.42,1364,0.13,4.75,B1,pronoun
amounts,3540,0.05,4.41,7338,0.01,3.78,,
anthony,3541,0.05,4.41,3334,0.04,4.25,,
arthur,3542,0.05,4.41,2068,0.07,4.52,,
aspect,3543,0.05,4.41,7719,0.01,3.75,B1,noun
banned,3544,0.05,4.41,6979,0.01,3.81,,
boost,3545,0.05,4.41,7911,0.01,3.73,B2,"noun, verb"
bureau,3546,0.05,4.41,4428,0.03,4.09,B1,noun
colonel,3547,0.05,4.41,1067,0.17,4.87,,
comfort,3548,0.05,4.41,2943,0.05,4.32,B1,noun
controls,3549,0.05,4.41,5129,0.02,4.0,,
cousin,3550,0.05,4.41,1431,0.12,4.72,A1,noun
crack,3551,0.05,4.41,2110,0.07,4.51,B2,"noun, verb"
deck,3552,0.05,4.41,3020,0.05,4.31,B2,noun
demands,3553,0.05,4.41,4229,0.03,4.12,,
dies,3554,0.05,4.41,2177,0.07,4.49,,
dragon,3555,0.05,4.41,2277,0.07,4.47,,
dramatic,3556,0.05,4.41,2271,0.07,4.47,B1,adjective
dust,3557,0.05,4.41,2304,0.07,4.46,A2,noun
dutch,3558,0.05,4.41,4271,0.03,4.11,,
engineers,3559,0.05,4.41,7288,0.01,3.79,,
evolution,3560,0.05,4.41,5916,0.02,3.92,B2,noun
foods,3561,0.05,4.41,7627,0.01,3.75,,
hired,3562,0.05,4.41,1992,0.08,4.55,,
illness,3563,0.05,4.41,4108,0.03,4.13,B1,noun
inspiration,3564,0.05,4.41,4995,0.02,4.02,A2,noun
institution,3565,0.05,4.41,6267,0.02,3.89,B2,noun
kings,3566,0.05,4.41,4060,0.03,4.14,,
knife,3567,0.05,4.41,1373,0.13,4.75,A1,noun
lately,3568,0.05,4.41,1663,0.1,4.64,B1,adverb
lowest,3569,0.05,4.41,8520,0.01,3.68,,
memorial,3570,0.05,4.41,5766,0.02,3.93,B2,noun
mexican,3571,0.05,4.41,4267,0.03,4.11,,
minority,3572,0.05,4.41,,,,B1,noun
mum,3573,0.05,4.41,950,0.2,4.94,A1,noun
opinions,3574,0.05,4.41,6756,0.02,3.83,,
patterns,3575,0.05,4.41,6172,0.02,3.89,,
presents,3576,0.05,4.41,3127,0.04,4.29,,
priority,3577,0.05,4.41,4356,0.03,4.1,B2,noun
promotion,3578,0.05,4.41,4272,0.03,4.11,B1,noun
rail,3579,0.05,4.41,7539,0.01,3.76,B1,noun
readers,3580,0.05,4.41,9784,0.01,3.59,,
remote,3581,0.05,4.41,3646,0.04,4.2,A2,adjective
repair,3582,0.05,4.41,4216,0.03,4.12,A2,"noun, verb"
root,3583,0.05,4.41,4362,0.03,4.1,A2,noun
saint,3584,0.05,4.41,2658,0.05,4.38,,
steal,3585,0.05,4.41,1211,0.14,4.81,A2,verb
stolen,3586,0.05,4.41,1610,0.1,4.66,,
telephone,3587,0.05,4.41,1956,0.08,4.56,A2,"noun, verb"
tho,3588,0.05,4.41,,,,,
titles,3589,0.05,4.41,,,,,
trans,3590,0.05,4.41,,,,,
ups,3591,0.05,4.41,9135,0.01,3.63,,
vol,3592,0.05,4.41,,,,,
whereas,3593,0.05,4.41,6568,0.02,3.86,B2,conjunction
abandoned,3594,0.05,4.4,2672,0.05,4.38,B2,adjective
acquired,3595,0.05,4.4,7876,0.01,3.73,,
actors,3596,0.05,4.4,3945,0.03,4.16,,
alexander,3597,0.05,4.4,3702,0.03,4.19,,
alliance,3598,0.05,4.4,4455,0.03,4.09,B2,noun
annoying,3599,0.05,4.4,3346,0.04,4.25,A2,adjective
ap,3600,0.05,4.4,,,,,
bid,3601,0.05,4.4,4110,0.03,4.13,B2,verb
bro,3602,0.05,4.4,1531,0.11,4.69,,
buddy,3603,0.05,4.4,805,0.23,5.01,B1,noun
buried,3604,0.05,4.4,1801,0.09,4.6,,
butter,3605,0.05,4.4,2969,0.05,4.32,A1,noun
cares,3606,0.05,4.4,1741,0.09,4.62,,
columbia,3607,0.05,4.4,9451,0.01,3.61,,
conclusion,3608,0.05,4.4,4896,0.02,4.03,B1,noun
confirm,3609,0.05,4.4,3054,0.04,4.3,B1,verb
congratulations,3610,0.05,4.4,1022,0.18,4.89,,
contracts,3611,0.05,4.4,6715,0.02,3.84,,
convinced,3612,0.05,4.4,2300,0.07,4.46,B2,adjective
crap,3613,0.05,4.4,1137,0.15,4.84,,
crystal,3614,0.05,4.4,3053,0.04,4.3,,
dean,3615,0.05,4.4,2236,0.07,4.48,,
decent,3616,0.05,4.4,2260,0.07,4.47,B2,adjective
decline,3617,0.05,4.4,8596,0.01,3.67,B2,"noun, verb"
delay,3618,0.05,4.4,3984,0.03,4.15,B1,"noun, verb"
describes,3619,0.05,4.4,,,,,
desert,3620,0.05,4.4,2227,0.07,4.48,A2,noun
downtown,3621,0.05,4.4,3309,0.04,4.25,A2,adverb
elite,3622,0.05,4.4,6409,0.02,3.87,B2,noun
enemies,3623,0.05,4.4,2145,0.07,4.5,,
forgotten,3624,0.05,4.4,1548,0.11,4.68,,
forth,3625,0.05,4.4,3228,0.04,4.27,B1,adverb
gods,3626,0.05,4.4,2169,0.07,4.5,,
hadn't,3627,0.05,4.4,,,,,
hire,3628,0.05,4.4,2516,0.06,4.42,B1,verb
hop,3629,0.05,4.4,3576,0.04,4.21,B1,noun
hopes,3630,0.05,4.4,3363,0.04,4.25,,
insane,3631,0.05,4.4,1740,0.09,4.62,B1,adjective
installed,3632,0.05,4.4,7738,0.01,3.75,,
israeli,3633,0.05,4.4,9452,0.01,3.61,,
landing,3634,0.05,4.4,3170,0.04,4.28,B2,noun
layer,3635,0.05,4.4,6696,0.02,3.84,B1,noun
managing,3636,0.05,4.4,7330,0.01,3.78,,
marry,3637,0.05,4.4,742,0.26,5.06,A2,verb
nah,3638,0.05,4.4,1783,0.09,4.6,,
nowhere,3639,0.05,4.4,1569,0.11,4.67,B1,adverb
nurse,3640,0.05,4.4,1536,0.11,4.69,B1,"noun, verb"
obtain,3641,0.05,4.4,7861,0.01,3.73,B1,verb
organic,3642,0.05,4.4,6194,0.02,3.89,B1,adjective
ownership,3643,0.05,4.4,,,,,
participants,3644,0.05,4.4,,,,,
pennsylvania,3645,0.05,4.4,8597,0.01,3.67,,
poetry,3646,0.05,4.4,3915,0.03,4.16,B1,noun
pot,3647,0.05,4.4,2412,0.06,4.44,B1,noun
pray,3648,0.05,4.4,1595,0.1,4.66,A1,verb
printed,3649,0.05,4.4,6895,0.01,3.82,,
recall,3650,0.05,4.4,2855,0.05,4.33,B1,verb
rugby,3651,0.05,4.4,,,,A2,noun
sake,3652,0.05,4.4,995,0.18,4.91,A2,noun
sheet,3653,0.05,4.4,4296,0.03,4.11,B1,noun
signing,3654,0.05,4.4,4869,0.02,4.04,,
smooth,3655,0.05,4.4,3447,0.04,4.23,A2,adjective
spiritual,3656,0.05,4.4,4475,0.03,4.09,B1,adjective
stops,3657,0.05,4.4,1974,0.08,4.55,,
string,3658,0.05,4.4,3761,0.03,4.18,A2,noun
sudden,3659,0.05,4.4,1822,0.09,4.59,A2,adjective
sweden,3660,0.05,4.4,7002,0.01,3.81,,
syria,3661,0.05,4.4,,,,,
throwing,3662,0.05,4.4,2231,0.07,4.48,,
thrown,3663,0.05,4.4,2577,0.06,4.4,,
vacation,3664,0.05,4.4,2149,0.07,4.5,A1,noun
abroad,3665,0.05,4.39,4129,0.03,4.13,A2,adverb
arab,3666,0.05,4.39,6878,0.02,3.82,,
assigned,3667,0.05,4.39,4742,0.03,4.05,,
associate,3668,0.05,4.39,5228,0.02,3.99,B1,verb
assumed,3669,0.05,4.39,4159,0.03,4.13,,
atlantic,3670,0.05,4.39,5476,0.02,3.96,B1,adjective
bench,3671,0.05,4.39,4690,0.03,4.06,A2,noun
bother,3672,0.05,4.39,1133,0.16,4.84,A2,"noun, verb"
broadcast,3673,0.05,4.39,5069,0.02,4.01,B2,"noun, verb"
bye,3674,0.05,4.39,499,0.47,5.32,A1,noun
cambridge,3675,0.05,4.39,,,,,
citizen,3676,0.05,4.39,3485,0.04,4.23,A2,noun
cleaning,3677,0.05,4.39,2359,0.06,4.45,,
compete,3678,0.05,4.39,4960,0.02,4.02,B1,verb
consists,3679,0.05,4.39,,,,,
consumers,3680,0.05,4.39,,,,,
contributed,3681,0.05,4.39,,,,,
cricket,3682,0.05,4.39,5946,0.02,3.91,A2,noun
critics,3683,0.05,4.39,9896,0.01,3.58,,
damaged,3684,0.05,4.39,4137,0.03,4.13,B1,adjective
disaster,3685,0.05,4.39,2687,0.05,4.37,B1,noun
discover,3686,0.05,4.39,3468,0.04,4.23,A2,verb
disney,3687,0.05,4.39,9270,0.01,3.62,,
entrance,3688,0.05,4.39,2923,0.05,4.32,A2,noun
equally,3689,0.05,4.39,5882,0.02,3.92,B1,adverb
fallen,3690,0.05,4.39,2307,0.07,4.46,B1,adjective
figured,3691,0.05,4.39,1243,0.14,4.8,,
fitness,3692,0.05,4.39,,,,B1,noun
francis,3693,0.05,4.39,3426,0.04,4.23,,
friendship,3694,0.05,4.39,2268,0.07,4.47,A2,noun
gary,3695,0.05,4.39,2146,0.07,4.5,,
handling,3696,0.05,4.39,4893,0.02,4.03,,
idiot,3697,0.05,4.39,860,0.22,4.98,B2,noun
intense,3698,0.05,4.39,3521,0.04,4.22,B1,adjective
keys,3699,0.05,4.39,1332,0.13,4.76,,
lawyers,3700,0.05,4.39,3380,0.04,4.24,,
lifetime,3701,0.05,4.39,2987,0.05,4.31,B2,noun
liquid,3702,0.05,4.39,4682,0.03,4.06,B1,"adjective, noun"
makeup,3703,0.05,4.39,3156,0.04,4.28,,
medal,3704,0.05,4.39,4653,0.03,4.06,A2,noun
mortgage,3705,0.05,4.39,6638,0.02,3.85,B2,noun
narrative,3706,0.05,4.39,,,,B1,adjective
narrow,3707,0.05,4.39,4883,0.02,4.04,B1,adjective
nba,3708,0.05,4.39,,,,,
observed,3709,0.05,4.39,8377,0.01,3.69,,
occasionally,3710,0.05,4.39,6178,0.02,3.89,B1,adverb
one's,3711,0.05,4.39,,,,,
pan,3712,0.05,4.39,3901,0.03,4.16,A2,noun
physics,3713,0.05,4.39,5164,0.02,4.0,B1,noun
posting,3714,0.05,4.39,,,,,
potentially,3715,0.05,4.39,7731,0.01,3.75,B2,adverb
reduction,3716,0.05,4.39,,,,B1,noun
reflect,3717,0.05,4.39,7253,0.01,3.79,A2,verb
refuse,3718,0.05,4.39,2272,0.07,4.47,B1,"noun, verb"
researchers,3719,0.05,4.39,,,,,
resource,3720,0.05,4.39,,,,B1,noun
roger,3721,0.05,4.39,1564,0.11,4.68,,
ross,3722,0.05,4.39,2995,0.05,4.31,,
sciences,3723,0.05,4.39,,,,,
seattle,3724,0.05,4.39,5531,0.02,3.96,,
serves,3725,0.05,4.39,5790,0.02,3.93,,
shell,3726,0.05,4.39,3602,0.04,4.2,B2,"noun, verb"
silly,3727,0.05,4.39,1238,0.14,4.8,A2,adjective
subsequent,3728,0.05,4.39,,,,,
they'd,3729,0.05,4.39,,,,,
towns,3730,0.05,4.39,7055,0.01,3.81,,
translation,3731,0.05,4.39,5945,0.02,3.91,B2,noun
visible,3732,0.05,4.39,6311,0.02,3.88,B1,adjective
yep,3733,0.05,4.39,1123,0.16,4.84,,
adds,3734,0.04,4.38,8962,0.01,3.65,,
allen,3735,0.04,4.38,4592,0.03,4.07,,
amendment,3736,0.04,4.38,9362,0.01,3.62,,
angle,3737,0.04,4.38,3525,0.04,4.22,B1,noun
arizona,3738,0.04,4.38,6665,0.02,3.85,,
arrive,3739,0.04,4.38,2258,0.07,4.47,A1,verb
belong,3740,0.04,4.38,1544,0.11,4.68,A2,verb
berlin,3741,0.04,4.38,3255,0.04,4.26,,
bishop,3742,0.04,4.38,3272,0.04,4.26,B1,noun
channels,3743,0.04,4.38,7409,0.01,3.77,,
clark,3744,0.04,4.38,2318,0.06,4.46,,
commonly,3745,0.04,4.38,,,,B1,adverb
connect,3746,0.04,4.38,3786,0.03,4.18,B1,verb
defensive,3747,0.04,4.38,7221,0.01,3.79,,
designs,3748,0.04,4.38,7462,0.01,3.77,,
efficiency,3749,0.04,4.38,,,,B1,noun
enterprise,3750,0.04,4.38,5271,0.02,3.99,B2,noun
experiment,3751,0.04,4.38,2992,0.05,4.31,B2,"noun, verb"
feb,3752,0.04,4.38,,,,,
females,3753,0.04,4.38,7306,0.01,3.78,,
findings,3754,0.04,4.38,9764,0.01,3.59,,
firms,3755,0.04,4.38,,,,,
forum,3756,0.04,4.38,,,,,
gifts,3757,0.04,4.38,3376,0.04,4.24,,
grass,3758,0.04,4.38,2996,0.05,4.31,A1,noun
hence,3759,0.04,4.38,6394,0.02,3.87,,
increasingly,3760,0.04,4.38,9341,0.01,3.62,B1,adverb
incredibly,3761,0.04,4.38,3151,0.04,4.28,B1,adverb
iv,3762,0.04,4.38,7416,0.01,3.77,,
jay,3763,0.04,4.38,2885,0.05,4.33,,
journalist,3764,0.04,4.38,4598,0.03,4.07,B1,noun
kicked,3765,0.04,4.38,2122,0.07,4.51,,
lessons,3766,0.04,4.38,3416,0.04,4.24,,
lists,3767,0.04,4.38,8729,0.01,3.66,,
maintained,3768,0.04,4.38,,,,,
mill,3769,0.04,4.38,5253,0.02,3.99,B2,noun
mo,3770,0.04,4.38,4117,0.03,4.13,,
occasion,3771,0.04,4.38,3417,0.04,4.24,B1,"noun, verb"
oxford,3772,0.04,4.38,6907,0.01,3.82,,
pace,3773,0.04,4.38,5078,0.02,4.01,B1,noun
passenger,3774,0.04,4.38,5396,0.02,3.97,A2,noun
pen,3775,0.04,4.38,2535,0.06,4.41,A1,noun
pope,3776,0.04,4.38,3397,0.04,4.24,,
possession,3777,0.04,4.38,3800,0.03,4.17,B1,noun
pp,3778,0.04,4.38,,,,,
races,3779,0.04,4.38,6104,0.02,3.9,,
rapid,3780,0.04,4.38,7081,0.01,3.8,B1,adjective
regulation,3781,0.04,4.38,,,,B1,noun
resident,3782,0.04,4.38,6430,0.02,3.87,B2,"adjective, noun"
rocks,3783,0.04,4.38,2444,0.06,4.43,,
shaped,3784,0.04,4.38,8002,0.01,3.72,,
sixth,3785,0.04,4.38,4623,0.03,4.07,,
spin,3786,0.04,4.38,3462,0.04,4.23,B2,verb
styles,3787,0.04,4.38,,,,,
subjects,3788,0.04,4.38,5453,0.02,3.97,,
sucks,3789,0.04,4.38,2494,0.06,4.42,,
suitable,3790,0.04,4.38,5934,0.02,3.92,A2,adjective
thirty,3791,0.04,4.38,3530,0.04,4.22,A1,number
valid,3792,0.04,4.38,8367,0.01,3.69,B2,adjective
vital,3793,0.04,4.38,4426,0.03,4.09,B2,adjective
whilst,3794,0.04,4.38,7826,0.01,3.74,,
year's,3795,0.04,4.38,,,,,
agriculture,3796,0.04,4.37,,,,B1,noun
alleged,3797,0.04,4.37,8920,0.01,3.65,,
anna,3798,0.04,4.37,1662,0.1,4.64,,
atlanta,3799,0.04,4.37,7576,0.01,3.76,,
bands,3800,0.04,4.37,6241,0.02,3.89,,
christians,3801,0.04,4.37,7035,0.01,3.81,,
collect,3802,0.04,4.37,2508,0.06,4.42,A1,verb
commerce,3803,0.04,4.37,,,,B2,noun
cop,3804,0.04,4.37,1009,0.18,4.9,A1,noun
creek,3805,0.04,4.37,5662,0.02,3.94,B2,noun
currency,3806,0.04,4.37,8184,0.01,3.71,B1,noun
emotions,3807,0.04,4.37,3630,0.04,4.2,,
exhibition,3808,0.04,4.37,7018,0.01,3.81,A2,noun
fraud,3809,0.04,4.37,3844,0.03,4.17,B2,noun
funeral,3810,0.04,4.37,1810,0.09,4.59,B1,noun
genuine,3811,0.04,4.37,4934,0.02,4.03,B2,adjective
god's,3812,0.04,4.37,,,,,
gordon,3813,0.04,4.37,2423,0.06,4.43,,
honey,3814,0.04,4.37,502,0.47,5.32,A2,noun
honour,3815,0.04,4.37,2164,0.07,4.5,,
hook,3816,0.04,4.37,2196,0.07,4.49,B2,"noun, verb"
hunter,3817,0.04,4.37,2711,0.05,4.37,A2,noun
immigrants,3818,0.04,4.37,,,,,
improving,3819,0.04,4.37,,,,,
instructions,3820,0.04,4.37,3398,0.04,4.24,,
introduce,3821,0.04,4.37,1712,0.09,4.62,A1,verb
kansas,3822,0.04,4.37,6787,0.02,3.83,,
km,3823,0.04,4.37,8144,0.01,3.71,,
lands,3824,0.04,4.37,4326,0.03,4.1,,
legacy,3825,0.04,4.37,5831,0.02,3.92,,
log,3826,0.04,4.37,4010,0.03,4.15,B1,noun
matthew,3827,0.04,4.37,3423,0.04,4.23,,
merely,3828,0.04,4.37,3382,0.04,4.24,B1,adverb
monitor,3829,0.04,4.37,3433,0.04,4.23,B1,"noun, verb"
mother's,3830,0.04,4.37,,,,,
nov,3831,0.04,4.37,,,,,
patrick,3832,0.04,4.37,2622,0.06,4.39,,
phil,3833,0.04,4.37,2081,0.07,4.52,,
prisoners,3834,0.04,4.37,2798,0.05,4.35,,
programming,3835,0.04,4.37,,,,B2,noun
publishing,3836,0.04,4.37,8970,0.01,3.64,,
ratio,3837,0.04,4.37,,,,,
regret,3838,0.04,4.37,1847,0.09,4.58,A2,"noun, verb"
rejected,3839,0.04,4.37,5097,0.02,4.01,,
remind,3840,0.04,4.37,1769,0.09,4.61,A2,verb
resort,3841,0.04,4.37,5519,0.02,3.96,B1,noun
resulted,3842,0.04,4.37,,,,,
reverse,3843,0.04,4.37,4300,0.03,4.11,B2,verb
routine,3844,0.04,4.37,3134,0.04,4.28,B1,noun
scary,3845,0.04,4.37,2035,0.08,4.53,B1,adjective
seed,3846,0.04,4.37,5234,0.02,3.99,A2,noun
settle,3847,0.04,4.37,1688,0.1,4.63,B1,verb
sin,3848,0.04,4.37,2422,0.06,4.43,,
spell,3849,0.04,4.37,2141,0.07,4.5,A2,"noun, verb"
summary,3850,0.04,4.37,,,,A2,noun
survival,3851,0.04,4.37,3780,0.03,4.18,B1,noun
sword,3852,0.04,4.37,1676,0.1,4.63,B1,noun
tongue,3853,0.04,4.37,1904,0.08,4.57,B1,noun
ward,3854,0.04,4.37,3358,0.04,4.25,B1,noun
waves,3855,0.04,4.37,3140,0.04,4.28,,
wayne,3856,0.04,4.37,3183,0.04,4.28,,
achievement,3857,0.04,4.36,8219,0.01,3.71,B1,noun
anderson,3858,0.04,4.36,4612,0.03,4.07,,
argued,3859,0.04,4.36,8572,0.01,3.68,,
asleep,3860,0.04,4.36,1329,0.13,4.76,A2,adjective
austin,3861,0.04,4.36,5387,0.02,3.97,,
automatic,3862,0.04,4.36,6304,0.02,3.88,A2,adjective
begun,3863,0.04,4.36,3631,0.04,4.2,,
behaviour,3864,0.04,4.36,5077,0.02,4.01,,
cd,3865,0.04,4.36,6120,0.02,3.9,A1,noun
cents,3866,0.04,4.36,4062,0.03,4.14,,
coat,3867,0.04,4.36,1823,0.09,4.59,A1,noun
comprehensive,3868,0.04,4.36,,,,B2,adjective
consent,3869,0.04,4.36,5135,0.02,4.0,B2,noun
daddy,3870,0.04,4.36,606,0.35,5.19,A1,noun
destruction,3871,0.04,4.36,3594,0.04,4.21,B1,noun
diego,3872,0.04,4.36,4270,0.03,4.11,,
diseases,3873,0.04,4.36,7336,0.01,3.78,,
divorce,3874,0.04,4.36,1809,0.09,4.59,B2,"noun, verb"
doc,3875,0.04,4.36,1512,0.11,4.69,B1,noun
drove,3876,0.04,4.36,2085,0.07,4.52,,
ears,3877,0.04,4.36,1829,0.09,4.59,,
engage,3878,0.04,4.36,5680,0.02,3.94,B1,verb
extraordinary,3879,0.04,4.36,2624,0.06,4.39,B1,adjective
fate,3880,0.04,4.36,1713,0.09,4.62,B2,noun
frequency,3881,0.04,4.36,6442,0.02,3.87,B1,noun
gaming,3882,0.04,4.36,,,,,
gene,3883,0.04,4.36,3507,0.04,4.22,B1,noun
glory,3884,0.04,4.36,2585,0.06,4.4,B1,noun
headquarters,3885,0.04,4.36,3145,0.04,4.28,B2,noun
heritage,3886,0.04,4.36,8343,0.01,3.7,B2,noun
initiative,3887,0.04,4.36,7521,0.01,3.76,B2,noun
interviews,3888,0.04,4.36,6356,0.02,3.88,,
jean,3889,0.04,4.36,2763,0.05,4.35,,
juice,3890,0.04,4.36,2391,0.06,4.44,A1,noun
landscape,3891,0.04,4.36,6065,0.02,3.9,A2,noun
logic,3892,0.04,4.36,5491,0.02,3.96,B1,noun
meets,3893,0.04,4.36,4982,0.02,4.02,,
melbourne,3894,0.04,4.36,,,,,
microsoft,3895,0.04,4.36,,,,,
objective,3896,0.04,4.36,6144,0.02,3.89,B1,"adjective, noun"
organisation,3897,0.04,4.36,9945,0.01,3.58,,
privacy,3898,0.04,4.36,4024,0.03,4.15,B1,noun
procedures,3899,0.04,4.36,8547,0.01,3.68,,
profits,3900,0.04,4.36,6413,0.02,3.87,,
reducing,3901,0.04,4.36,,,,,
regard,3902,0.04,4.36,5926,0.02,3.92,B1,"noun, verb"
representing,3903,0.04,4.36,7308,0.01,3.78,,
residence,3904,0.04,4.36,4963,0.02,4.02,B2,noun
roughly,3905,0.04,4.36,7893,0.01,3.73,A2,adverb
salary,3906,0.04,4.36,3792,0.03,4.18,B2,noun
scoring,3907,0.04,4.36,,,,,
script,3908,0.04,4.36,3022,0.05,4.31,A2,noun
searching,3909,0.04,4.36,2447,0.06,4.43,,
sections,3910,0.04,4.36,,,,,
strip,3911,0.04,4.36,3340,0.04,4.25,B2,"noun, verb"
surrounded,3912,0.04,4.36,3077,0.04,4.29,,
threatened,3913,0.04,4.36,2725,0.05,4.36,,
transferred,3914,0.04,4.36,3874,0.03,4.17,,
tube,3915,0.04,4.36,3897,0.03,4.16,A1,noun
universities,3916,0.04,4.36,,,,,
walter,3917,0.04,4.36,1964,0.08,4.55,,
wisconsin,3918,0.04,4.36,,,,,
would've,3919,0.04,4.36,,,,,
writes,3920,0.04,4.36,5251,0.02,3.99,,
a.m,3921,0.04,4.35,,,,,
ambassador,3922,0.04,4.35,3881,0.03,4.16,B2,noun
ann,3923,0.04,4.35,3278,0.04,4.26,,
apps,3924,0.04,4.35,,,,,
awarded,3925,0.04,4.35,,,,,
banking,3926,0.04,4.35,9660,0.01,3.6,A2,noun
breast,3927,0.04,4.35,4622,0.03,4.07,B1,noun
cant,3928,0.04,4.35,7320,0.01,3.78,,
carter,3929,0.04,4.35,2201,0.07,4.49,,
chelsea,3930,0.04,4.35,6129,0.02,3.9,,
chemistry,3931,0.04,4.35,5449,0.02,3.97,B1,noun
concluded,3932,0.04,4.35,,,,,
consumption,3933,0.04,4.35,,,,B1,noun
corruption,3934,0.04,4.35,6374,0.02,3.88,B2,noun
cotton,3935,0.04,4.35,4555,0.03,4.08,B1,noun
crossed,3936,0.04,4.35,2823,0.05,4.34,,
detroit,3937,0.04,4.35,7040,0.01,3.81,,
discount,3938,0.04,4.35,6334,0.02,3.88,B1,noun
dozen,3939,0.04,4.35,2705,0.05,4.37,B1,"determiner, noun"
engines,3940,0.04,4.35,4166,0.03,4.13,,
epic,3941,0.04,4.35,6735,0.02,3.84,,
exception,3942,0.04,4.35,5494,0.02,3.96,B2,noun
exit,3943,0.04,4.35,3098,0.04,4.29,B1,"noun, verb"
expand,3944,0.04,4.35,7147,0.01,3.8,B1,verb
fancy,3945,0.04,4.35,1794,0.09,4.6,B1,"adjective, noun, verb"
gorgeous,3946,0.04,4.35,2509,0.06,4.42,B1,adjective
grateful,3947,0.04,4.35,2204,0.07,4.49,A2,adjective
heroes,3948,0.04,4.35,3311,0.04,4.25,,
holes,3949,0.04,4.35,3332,0.04,4.25,,
impression,3950,0.04,4.35,2883,0.05,4.33,B1,noun
inches,3951,0.04,4.35,4636,0.03,4.06,,
indicate,3952,0.04,4.35,5784,0.02,3.93,A2,verb
input,3953,0.04,4.35,,,,B2,noun
johnny,3954,0.04,4.35,1386,0.12,4.74,,
josh,3955,0.04,4.35,2232,0.07,4.48,,
knock,3956,0.04,4.35,1097,0.16,4.85,B1,"noun, verb"
leather,3957,0.04,4.35,4329,0.03,4.1,A2,noun
lips,3958,0.04,4.35,2130,0.07,4.5,,
luxury,3959,0.04,4.35,5055,0.02,4.01,B1,"adjective, noun"
lyrics,3960,0.04,4.35,6812,0.02,3.83,B2,noun
manufacturers,3961,0.04,4.35,,,,,
masters,3962,0.04,4.35,4454,0.03,4.09,,
movements,3963,0.04,4.35,5938,0.02,3.91,,
oct,3964,0.04,4.35,,,,,
operated,3965,0.04,4.35,9276,0.01,3.62,,
ought,3966,0.04,4.35,1434,0.12,4.72,,
outcome,3967,0.04,4.35,6837,0.02,3.83,B2,noun
painted,3968,0.04,4.35,3722,0.03,4.19,,
poll,3969,0.04,4.35,,,,,
preferred,3970,0.04,4.35,7463,0.01,3.77,,
pulling,3971,0.04,4.35,2230,0.07,4.48,,
ranked,3972,0.04,4.35,,,,,
referring,3973,0.04,4.35,6031,0.02,3.91,,
removal,3974,0.04,4.35,,,,,
rep,3975,0.04,4.35,9472,0.01,3.61,,
reporter,3976,0.04,4.35,2430,0.06,4.43,A1,noun
rio,3977,0.04,4.35,6293,0.02,3.88,,
risks,3978,0.04,4.35,4807,0.02,4.04,,
rob,3979,0.04,4.35,2181,0.07,4.49,A2,verb
screaming,3980,0.04,4.35,911,0.21,4.96,,
sept,3981,0.04,4.35,,,,,
sequence,3982,0.04,4.35,5850,0.02,3.92,B1,noun
singapore,3983,0.04,4.35,9078,0.01,3.64,,
stretch,3984,0.04,4.35,3541,0.04,4.22,B1,verb
tear,3985,0.04,4.35,2310,0.07,4.46,B1,"noun, verb"
tennis,3986,0.04,4.35,4207,0.03,4.12,A1,noun
terrorist,3987,0.04,4.35,3524,0.04,4.22,B1,"adjective, noun"
theater,3988,0.04,4.35,2619,0.06,4.39,,
ties,3989,0.04,4.35,4812,0.02,4.04,,
twelve,3990,0.04,4.35,3490,0.04,4.22,A1,number
versions,3991,0.04,4.35,,,,,
virgin,3992,0.04,4.35,2699,0.05,4.37,,
voices,3993,0.04,4.35,2809,0.05,4.34,,
wishes,3994,0.04,4.35,2558,0.06,4.4,,
wolf,3995,0.04,4.35,2325,0.06,4.46,B2,noun
absence,3996,0.04,4.34,5114,0.02,4.0,B1,noun
agricultural,3997,0.04,4.34,,,,B1,adjective
asshole,3998,0.04,4.34,1352,0.13,4.75,,
ate,3999,0.04,4.34,1889,0.08,4.57,,
athletes,4000,0.04,4.34,9913,0.01,3.58,,
bears,4001,0.04,4.34,3887,0.03,4.16,,
blues,4002,0.04,4.34,5193,0.02,4.0,,
boxes,4003,0.04,4.34,3292,0.04,4.26,,
bruce,4004,0.04,4.34,2796,0.05,4.35,,
bull,4005,0.04,4.34,2504,0.06,4.42,B1,noun
cameras,4006,0.04,4.34,2499,0.06,4.42,,
commonwealth,4007,0.04,4.34,,,,B2,noun
contribute,4008,0.04,4.34,9046,0.01,3.64,B1,verb
contribution,4009,0.04,4.34,8307,0.01,3.7,B1,noun
contributions,4010,0.04,4.34,,,,,
couples,4011,0.04,4.34,4953,0.02,4.03,,
delicious,4012,0.04,4.34,1985,0.08,4.55,A1,adjective
deny,4013,0.04,4.34,2723,0.05,4.36,B1,verb
deserves,4014,0.04,4.34,2934,0.05,4.32,,
ease,4015,0.04,4.34,3216,0.04,4.27,B2,"noun, verb"
extend,4016,0.04,4.34,6677,0.02,3.85,B1,verb
fame,4017,0.04,4.34,4710,0.03,4.06,B2,noun
flood,4018,0.04,4.34,5279,0.02,3.98,B1,"noun, verb"
generated,4019,0.04,4.34,,,,,
genetic,4020,0.04,4.34,5089,0.02,4.01,B1,adjective
glasses,4021,0.04,4.34,2005,0.08,4.54,A1,noun
impressed,4022,0.04,4.34,2795,0.05,4.35,B2,adjective
indicated,4023,0.04,4.34,,,,,
instant,4024,0.04,4.34,4495,0.03,4.08,A2,adjective
investors,4025,0.04,4.34,8656,0.01,3.67,,
involves,4026,0.04,4.34,7594,0.01,3.76,,
kate,4027,0.04,4.34,1786,0.09,4.6,,
kills,4028,0.04,4.34,2822,0.05,4.34,,
liberty,4029,0.04,4.34,3684,0.04,4.19,A2,noun
man's,4030,0.04,4.34,,,,,
maria,4031,0.04,4.34,1811,0.09,4.59,,
ministers,4032,0.04,4.34,9082,0.01,3.64,,
monitoring,4033,0.04,4.34,8024,0.01,3.72,,
occurs,4034,0.04,4.34,9794,0.01,3.59,,
passengers,4035,0.04,4.34,4240,0.03,4.12,,
photographs,4036,0.04,4.34,4463,0.03,4.09,,
principle,4037,0.04,4.34,4957,0.02,4.02,B1,noun
producers,4038,0.04,4.34,7600,0.01,3.76,,
progressive,4039,0.04,4.34,,,,A2,adjective
punishment,4040,0.04,4.34,2788,0.05,4.35,B1,noun
rally,4041,0.04,4.34,6010,0.02,3.91,B2,noun
rapidly,4042,0.04,4.34,6645,0.02,3.85,B1,adverb
reader,4043,0.04,4.34,8755,0.01,3.66,A1,noun
representation,4044,0.04,4.34,,,,,
restaurants,4045,0.04,4.34,6523,0.02,3.86,,
reveals,4046,0.04,4.34,9527,0.01,3.61,,
roots,4047,0.04,4.34,5187,0.02,4.0,,
samples,4048,0.04,4.34,4588,0.03,4.07,,
shops,4049,0.04,4.34,5834,0.02,3.92,,
sum,4050,0.04,4.34,4759,0.03,4.05,A1,noun
swing,4051,0.04,4.34,2714,0.05,4.37,B2,"noun, verb"
tail,4052,0.04,4.34,2569,0.06,4.4,B2,noun
texts,4053,0.04,4.34,6870,0.02,3.82,,
twin,4054,0.04,4.34,4717,0.03,4.05,B1,noun
upcoming,4055,0.04,4.34,,,,,
veterans,4056,0.04,4.34,,,,,
alert,4057,0.04,4.33,2639,0.05,4.39,B2,verb
arena,4058,0.04,4.33,7512,0.01,3.76,B2,noun
arguments,4059,0.04,4.33,7312,0.01,3.78,,
aug,4060,0.04,4.33,,,,,
billy,4061,0.04,4.33,1316,0.13,4.77,,
boom,4062,0.04,4.33,2247,0.07,4.48,B1,noun
boots,4063,0.04,4.33,2833,0.05,4.34,,
brave,4064,0.04,4.33,1728,0.09,4.62,A2,adjective
claiming,4065,0.04,4.33,7219,0.01,3.79,,
column,4066,0.04,4.33,5400,0.02,3.97,A2,noun
commit,4067,0.04,4.33,2621,0.06,4.39,B1,verb
compensation,4068,0.04,4.33,8177,0.01,3.71,B2,noun
composition,4069,0.04,4.33,,,,B1,noun
computers,4070,0.04,4.33,4206,0.03,4.12,,
conservation,4071,0.04,4.33,,,,B1,noun
constitutional,4072,0.04,4.33,,,,,
crossing,4073,0.04,4.33,4194,0.03,4.12,B1,noun
d.c,4074,0.04,4.33,,,,,
defending,4075,0.04,4.33,5169,0.02,4.0,,
density,4076,0.04,4.33,,,,,
di,4077,0.04,4.33,4404,0.03,4.09,,
difficulty,4078,0.04,4.33,6240,0.02,3.89,A2,noun
dropping,4079,0.04,4.33,3306,0.04,4.25,,
drops,4080,0.04,4.33,4066,0.03,4.14,,
elementary,4081,0.04,4.33,7697,0.01,3.75,A1,adjective
ethnic,4082,0.04,4.33,,,,B2,adjective
expenses,4083,0.04,4.33,5238,0.02,3.99,,
fleet,4084,0.04,4.33,4154,0.03,4.13,B2,noun
foster,4085,0.04,4.33,3355,0.04,4.25,,
fuckin,4086,0.04,4.33,1356,0.13,4.75,,
fundamental,4087,0.04,4.33,7728,0.01,3.75,B2,adjective
gen,4088,0.04,4.33,,,,,
genius,4089,0.04,4.33,1900,0.08,4.57,B2,noun
greatly,4090,0.04,4.33,7515,0.01,3.76,A2,adverb
guidance,4091,0.04,4.33,6393,0.02,3.87,B1,noun
hospitals,4092,0.04,4.33,5829,0.02,3.93,,
infection,4093,0.04,4.33,4841,0.02,4.04,B1,noun
instagram,4094,0.04,4.33,,,,,
intention,4095,0.04,4.33,3694,0.03,4.19,B1,noun
iowa,4096,0.04,4.33,,,,,
jokes,4097,0.04,4.33,2850,0.05,4.34,,
knee,4098,0.04,4.33,3703,0.03,4.19,A1,noun
mechanical,4099,0.04,4.33,6671,0.02,3.85,B1,adjective
nigeria,4100,0.04,4.33,,,,,
parks,4101,0.04,4.33,7008,0.01,3.81,,
participation,4102,0.04,4.33,,,,B2,noun
periods,4103,0.04,4.33,,,,,
precious,4104,0.04,4.33,2326,0.06,4.46,B1,adjective
pregnancy,4105,0.04,4.33,5552,0.02,3.96,,
premium,4106,0.04,4.33,,,,,
preparing,4107,0.04,4.33,4145,0.03,4.13,,
pretend,4108,0.04,4.33,1578,0.1,4.67,A2,"adjective, verb"
priest,4109,0.04,4.33,1944,0.08,4.56,B1,noun
prominent,4110,0.04,4.33,,,,B1,adjective
proven,4111,0.04,4.33,5439,0.02,3.97,B2,adjective
radical,4112,0.04,4.33,6471,0.02,3.87,B2,noun
remembered,4113,0.04,4.33,2566,0.06,4.4,,
requested,4114,0.04,4.33,4778,0.03,4.05,,
residential,4115,0.04,4.33,,,,B1,adjective
reward,4116,0.04,4.33,2618,0.06,4.39,B2,"noun, verb"
rings,4117,0.04,4.33,1140,0.15,4.83,,
robin,4118,0.04,4.33,2507,0.06,4.42,A2,noun
russell,4119,0.04,4.33,3212,0.04,4.27,,
satellite,4120,0.04,4.33,4021,0.03,4.15,B1,noun
shake,4121,0.04,4.33,1759,0.09,4.61,B1,"noun, verb"
shore,4122,0.04,4.33,3814,0.03,4.17,A2,noun
spots,4123,0.04,4.33,4900,0.02,4.03,,
stats,4124,0.04,4.33,,,,,
struggling,4125,0.04,4.33,4361,0.03,4.1,,
substantial,4126,0.04,4.33,9613,0.01,3.6,B1,adjective
teen,4127,0.04,4.33,7704,0.01,3.75,B1,noun
temperatures,4128,0.04,4.33,8660,0.01,3.67,,
transmission,4129,0.04,4.33,5847,0.02,3.92,B2,noun
trap,4130,0.04,4.33,2079,0.07,4.52,A2,noun
uniform,4131,0.04,4.33,2332,0.06,4.46,A2,"adjective, noun"
wildlife,4132,0.04,4.33,9528,0.01,3.61,B1,noun
wooden,4133,0.04,4.33,5557,0.02,3.96,A2,adjective
ads,4134,0.04,4.32,8613,0.01,3.67,,
aggressive,4135,0.04,4.32,4700,0.03,4.06,B1,adjective
anne,4136,0.04,4.32,2605,0.06,4.39,,
answered,4137,0.04,4.32,3357,0.04,4.25,,
apparent,4138,0.04,4.32,8266,0.01,3.7,B1,adjective
bang,4139,0.04,4.32,2082,0.07,4.52,B1,"noun, verb"
blast,4140,0.04,4.32,2899,0.05,4.33,B2,"noun, verb"
bones,4141,0.04,4.32,1926,0.08,4.56,,
brands,4142,0.04,4.32,,,,,
centuries,4143,0.04,4.32,3913,0.03,4.16,,
communist,4144,0.04,4.32,4904,0.02,4.03,,
complaint,4145,0.04,4.32,3991,0.03,4.15,A2,noun
component,4146,0.04,4.32,,,,B2,noun
connections,4147,0.04,4.32,5123,0.02,4.0,,
courage,4148,0.04,4.32,2096,0.07,4.51,B1,noun
cure,4149,0.04,4.32,2385,0.06,4.44,B2,"noun, verb"
del,4150,0.04,4.32,4675,0.03,4.06,,
desperate,4151,0.04,4.32,2269,0.07,4.47,B1,adjective
diversity,4152,0.04,4.32,,,,,
duties,4153,0.04,4.32,4773,0.03,4.05,,
encouraged,4154,0.04,4.32,8053,0.01,3.72,,
eve,4155,0.04,4.32,2350,0.06,4.45,,
faculty,4156,0.04,4.32,9678,0.01,3.6,B2,noun
feedback,4157,0.04,4.32,8630,0.01,3.67,B2,noun
fighter,4158,0.04,4.32,3676,0.04,4.19,A2,noun
frozen,4159,0.04,4.32,3235,0.04,4.27,B1,adjective
guards,4160,0.04,4.32,2216,0.07,4.48,,
hiding,4161,0.04,4.32,1249,0.14,4.79,,
humanity,4162,0.04,4.32,3495,0.04,4.22,B1,noun
ian,4163,0.04,4.32,3186,0.04,4.28,,
il,4164,0.04,4.32,7386,0.01,3.78,,
innovation,4165,0.04,4.32,,,,B2,noun
instruments,4166,0.04,4.32,6439,0.02,3.87,,
invest,4167,0.04,4.32,6469,0.02,3.87,B1,verb
jacket,4168,0.04,4.32,2041,0.08,4.53,A1,noun
justin,4169,0.04,4.32,2930,0.05,4.32,,
legislative,4170,0.04,4.32,,,,B2,adjective
listing,4171,0.04,4.32,,,,,
manual,4172,0.04,4.32,5787,0.02,3.93,B2,"adjective, noun"
mothers,4173,0.04,4.32,3882,0.03,4.16,,
murdered,4174,0.04,4.32,1425,0.12,4.73,,
nursing,4175,0.04,4.32,6609,0.02,3.85,,
occupied,4176,0.04,4.32,5716,0.02,3.94,,
ongoing,4177,0.04,4.32,9416,0.01,3.61,,
operator,4178,0.04,4.32,4600,0.03,4.07,B2,noun
painful,4179,0.04,4.32,3025,0.05,4.31,B1,adjective
pound,4180,0.04,4.32,3963,0.03,4.15,B2,"noun, verb"
preparation,4181,0.04,4.32,8279,0.01,3.7,B1,noun
punch,4182,0.04,4.32,2290,0.07,4.47,B2,"noun, verb"
purple,4183,0.04,4.32,4581,0.03,4.07,A1,"adjective, noun"
railroad,4184,0.04,4.32,6204,0.02,3.89,B1,noun
registration,4185,0.04,4.32,6740,0.02,3.84,B1,noun
releases,4186,0.04,4.32,,,,,
rick,4187,0.04,4.32,2120,0.07,4.51,,
romance,4188,0.04,4.32,3606,0.04,4.2,A2,noun
someone's,4189,0.04,4.32,,,,,
submitted,4190,0.04,4.32,,,,,
sufficient,4191,0.04,4.32,7278,0.01,3.79,B1,adjective
survived,4192,0.04,4.32,2982,0.05,4.31,,
suspended,4193,0.04,4.32,4854,0.02,4.04,,
technologies,4194,0.04,4.32,,,,,
tissue,4195,0.04,4.32,4521,0.03,4.08,B1,noun
trailer,4196,0.04,4.32,4794,0.03,4.05,B2,noun
trends,4197,0.04,4.32,,,,,
trials,4198,0.04,4.32,7334,0.01,3.78,,
ukraine,4199,0.04,4.32,,,,,
underground,4200,0.04,4.32,3119,0.04,4.29,B2,"adjective, adverb"
versus,4201,0.04,4.32,5539,0.02,3.96,B2,preposition
virtual,4202,0.04,4.32,9591,0.01,3.6,B1,adjective
walks,4203,0.04,4.32,3060,0.04,4.3,,
wounded,4204,0.04,4.32,2900,0.05,4.33,,
ali,4205,0.04,4.31,3097,0.04,4.29,,
amongst,4206,0.04,4.31,4163,0.03,4.13,B2,preposition
announcement,4207,0.04,4.31,4552,0.03,4.08,B1,noun
arranged,4208,0.04,4.31,2950,0.05,4.32,,
arsenal,4209,0.04,4.31,,,,,
attending,4210,0.04,4.31,6708,0.02,3.84,,
attracted,4211,0.04,4.31,4687,0.03,4.06,,
biological,4212,0.04,4.31,6080,0.02,3.9,B2,adjective
bite,4213,0.04,4.31,1693,0.1,4.63,B1,"noun, verb"
blocked,4214,0.04,4.31,5014,0.02,4.02,,
boards,4215,0.04,4.31,8000,0.01,3.72,,
burned,4216,0.04,4.31,2191,0.07,4.49,,
categories,4217,0.04,4.31,,,,,
checks,4218,0.04,4.31,3886,0.03,4.16,,
chip,4219,0.04,4.31,3129,0.04,4.29,B2,noun
company's,4220,0.04,4.31,,,,,
concerning,4221,0.04,4.31,7472,0.01,3.77,B2,preposition
dare,4222,0.04,4.31,963,0.19,4.93,B1,verb
database,4223,0.04,4.31,6164,0.02,3.89,B2,noun
define,4224,0.04,4.31,6948,0.01,3.82,B1,verb
discrimination,4225,0.04,4.31,,,,B1,noun
disorder,4226,0.04,4.31,6015,0.02,3.91,B2,noun
distributed,4227,0.04,4.31,,,,,
districts,4228,0.04,4.31,,,,,
documentary,4229,0.04,4.31,6636,0.02,3.85,B1,noun
domain,4230,0.04,4.31,,,,,
dynamic,4231,0.04,4.31,8235,0.01,3.7,B2,adjective
edited,4232,0.04,4.31,,,,,
engagement,4233,0.04,4.31,3565,0.04,4.21,B2,noun
explore,4234,0.04,4.31,5537,0.02,3.96,A2,verb
favour,4235,0.04,4.31,2887,0.05,4.33,,
fewer,4236,0.04,4.31,8502,0.01,3.68,,
footage,4237,0.04,4.31,3410,0.04,4.24,,
giants,4238,0.04,4.31,8097,0.01,3.71,,
grave,4239,0.04,4.31,2043,0.08,4.53,B1,noun
hamilton,4240,0.04,4.31,5412,0.02,3.97,,
implementation,4241,0.04,4.31,,,,,
indiana,4242,0.04,4.31,8888,0.01,3.65,,
investigate,4243,0.04,4.31,3533,0.04,4.22,B2,verb
jazz,4244,0.04,4.31,3638,0.04,4.2,B1,noun
jon,4245,0.04,4.31,4768,0.03,4.05,,
jonathan,4246,0.04,4.31,3282,0.04,4.26,,
laboratory,4247,0.04,4.31,5960,0.02,3.91,B1,noun
lawrence,4248,0.04,4.31,4799,0.02,4.04,,
lincoln,4249,0.04,4.31,4193,0.03,4.12,,
literary,4250,0.04,4.31,,,,B1,adjective
mask,4251,0.04,4.31,2744,0.05,4.36,B2,noun
massachusetts,4252,0.04,4.31,,,,,
midnight,4253,0.04,4.31,2131,0.07,4.5,A2,noun
minnesota,4254,0.04,4.31,,,,,
mouse,4255,0.04,4.31,3308,0.04,4.25,A1,noun
oscar,4256,0.04,4.31,3155,0.04,4.28,,
packed,4257,0.04,4.31,3257,0.04,4.26,B2,adjective
piano,4258,0.04,4.31,2161,0.07,4.5,A1,noun
praise,4259,0.04,4.31,3837,0.03,4.17,B2,"noun, verb"
presentation,4260,0.04,4.31,5482,0.02,3.96,B1,noun
psychology,4261,0.04,4.31,7036,0.01,3.81,B2,noun
relation,4262,0.04,4.31,6669,0.02,3.85,B1,noun
restrictions,4263,0.04,4.31,,,,,
rocket,4264,0.04,4.31,3515,0.04,4.22,B2,noun
ruin,4265,0.04,4.31,1902,0.08,4.57,A2,"noun, verb"
saudi,4266,0.04,4.31,,,,,
sean,4267,0.04,4.31,2238,0.07,4.48,,
sec,4268,0.04,4.31,2867,0.05,4.33,,
secrets,4269,0.04,4.31,1975,0.08,4.55,,
slave,4270,0.04,4.31,2739,0.05,4.36,A2,noun
stability,4271,0.04,4.31,,,,B2,noun
steady,4272,0.04,4.31,2821,0.05,4.34,B1,adjective
stones,4273,0.04,4.31,3233,0.04,4.27,,
symbol,4274,0.04,4.31,3878,0.03,4.17,A2,noun
terminal,4275,0.04,4.31,7007,0.01,3.81,B1,noun
toilet,4276,0.04,4.31,1940,0.08,4.56,A1,noun
treaty,4277,0.04,4.31,7107,0.01,3.8,B2,noun
triple,4278,0.04,4.31,5701,0.02,3.94,,
unlikely,4279,0.04,4.31,5667,0.02,3.94,B1,adjective
updates,4280,0.04,4.31,,,,,
vietnam,4281,0.04,4.31,4532,0.03,4.08,,
viewed,4282,0.04,4.31,,,,,
6th,4283,0.04,4.3,,,,,
affair,4284,0.04,4.3,2054,0.08,4.52,A2,noun
agenda,4285,0.04,4.3,6073,0.02,3.9,B1,noun
bat,4286,0.04,4.3,2981,0.05,4.31,B1,"noun, verb"
bow,4287,0.04,4.3,2684,0.05,4.38,B2,"noun, verb"
calendar,4288,0.04,4.3,5921,0.02,3.92,A2,noun
cape,4289,0.04,4.3,5699,0.02,3.94,,
collective,4290,0.04,4.3,8339,0.01,3.7,,
conversations,4291,0.04,4.3,3706,0.03,4.19,,
cooperation,4292,0.04,4.3,5772,0.02,3.93,B2,noun
craft,4293,0.04,4.3,6410,0.02,3.87,B1,noun
darkness,4294,0.04,4.3,2381,0.06,4.44,B1,noun
deeper,4295,0.04,4.3,3641,0.04,4.2,,
devil,4296,0.04,4.3,1374,0.13,4.75,B2,noun
edit,4297,0.04,4.3,,,,B2,"noun, verb"
enable,4298,0.04,4.3,,,,B1,verb
equity,4299,0.04,4.3,,,,B2,noun
estimates,4300,0.04,4.3,,,,,
failing,4301,0.04,4.3,6193,0.02,3.89,,
finishing,4302,0.04,4.3,5104,0.02,4.0,,
fortune,4303,0.04,4.3,1950,0.08,4.56,A2,noun
gates,4304,0.04,4.3,3545,0.04,4.22,,
goodbye,4305,0.04,4.3,712,0.27,5.08,,
graham,4306,0.04,4.3,4179,0.03,4.12,,
hardware,4307,0.04,4.3,7514,0.01,3.76,B2,noun
hillary,4308,0.04,4.3,9122,0.01,3.63,,
hurts,4309,0.04,4.3,1562,0.11,4.68,,
intellectual,4310,0.04,4.3,7282,0.01,3.79,B2,"adjective, noun"
invite,4311,0.04,4.3,1949,0.08,4.56,A2,verb
involvement,4312,0.04,4.3,7834,0.01,3.74,B2,noun
kentucky,4313,0.04,4.3,9853,0.01,3.58,,
madrid,4314,0.04,4.3,7025,0.01,3.81,,
mi,4315,0.04,4.3,4180,0.03,4.12,,
nuts,4316,0.04,4.3,1636,0.1,4.65,,
oregon,4317,0.04,4.3,,,,,
partly,4318,0.04,4.3,8583,0.01,3.68,A2,adverb
petition,4319,0.04,4.3,7809,0.01,3.74,,
phrase,4320,0.04,4.3,5346,0.02,3.98,B1,noun
physically,4321,0.04,4.3,4471,0.03,4.09,A2,adverb
protecting,4322,0.04,4.3,2872,0.05,4.33,,
racial,4323,0.04,4.3,,,,B1,adjective
rated,4324,0.04,4.3,,,,,
regime,4325,0.04,4.3,8132,0.01,3.71,B2,noun
rivers,4326,0.04,4.3,5510,0.02,3.96,,
rounds,4327,0.04,4.3,4188,0.03,4.12,,
ruled,4328,0.04,4.3,5541,0.02,3.96,,
sa,4329,0.04,4.3,8447,0.01,3.69,,
sauce,4330,0.04,4.3,2991,0.05,4.31,A2,noun
seal,4331,0.04,4.3,3073,0.04,4.29,B2,noun
separated,4332,0.04,4.3,3787,0.03,4.18,,
shield,4333,0.04,4.3,4493,0.03,4.08,B2,noun
similarly,4334,0.04,4.3,,,,B1,adverb
slide,4335,0.04,4.3,3933,0.03,4.16,B2,"noun, verb"
stem,4336,0.04,4.3,9287,0.01,3.62,B1,verb
summit,4337,0.04,4.3,7748,0.01,3.74,B1,noun
talented,4338,0.04,4.3,3715,0.03,4.19,B1,adjective
throat,4339,0.04,4.3,1241,0.14,4.8,B2,noun
tiger,4340,0.04,4.3,2655,0.05,4.38,A1,noun
touched,4341,0.04,4.3,2158,0.07,4.5,,
toy,4342,0.04,4.3,3109,0.04,4.29,A1,noun
visits,4343,0.04,4.3,6163,0.02,3.89,,
warriors,4344,0.04,4.3,4948,0.02,4.03,,
wisdom,4345,0.04,4.3,4027,0.03,4.14,A2,noun
accounting,4346,0.04,4.29,8410,0.01,3.69,,
alien,4347,0.04,4.29,2435,0.06,4.43,,
attacking,4348,0.04,4.29,4746,0.03,4.05,,
awkward,4349,0.04,4.29,3192,0.04,4.27,B1,adjective
beast,4350,0.04,4.29,2340,0.06,4.45,B1,noun
beef,4351,0.04,4.29,3124,0.04,4.29,A1,noun
candy,4352,0.04,4.29,2239,0.07,4.48,A1,noun
carrier,4353,0.04,4.29,7597,0.01,3.76,,
celebration,4354,0.04,4.29,4372,0.03,4.1,A1,noun
celebrity,4355,0.04,4.29,5143,0.02,4.0,B1,noun
certificate,4356,0.04,4.29,4847,0.02,4.04,B2,noun
cited,4357,0.04,4.29,,,,,
clay,4358,0.04,4.29,3294,0.04,4.26,,
coaching,4359,0.04,4.29,,,,B2,noun
colleagues,4360,0.04,4.29,3948,0.03,4.16,,
constructed,4361,0.04,4.29,,,,,
dated,4362,0.04,4.29,4664,0.03,4.06,B2,adjective
dec,4363,0.04,4.29,,,,,
default,4364,0.04,4.29,,,,,
delhi,4365,0.04,4.29,6692,0.02,3.84,,
derived,4366,0.04,4.29,,,,,
dialogue,4367,0.04,4.29,5466,0.02,3.96,,
disabled,4368,0.04,4.29,7779,0.01,3.74,B1,adjective
distinct,4369,0.04,4.29,9973,0.01,3.58,,
drag,4370,0.04,4.29,2344,0.06,4.45,B1,verb
educated,4371,0.04,4.29,5691,0.02,3.94,B2,adjective
eligible,4372,0.04,4.29,,,,B2,adjective
estimate,4373,0.04,4.29,8087,0.01,3.72,B1,"noun, verb"
execution,4374,0.04,4.29,4971,0.02,4.02,B2,noun
existed,4375,0.04,4.29,4775,0.03,4.05,,
fifty,4376,0.04,4.29,3475,0.04,4.23,A1,number
followers,4377,0.04,4.29,7052,0.01,3.81,,
fool,4378,0.04,4.29,826,0.23,5.0,B1,"noun, verb"
framework,4379,0.04,4.29,,,,,
franchise,4380,0.04,4.29,,,,,
funded,4381,0.04,4.29,,,,,
furniture,4382,0.04,4.29,3578,0.04,4.21,A2,noun
generations,4383,0.04,4.29,4945,0.02,4.03,,
guaranteed,4384,0.04,4.29,6298,0.02,3.88,,
integrated,4385,0.04,4.29,,,,,
intelligent,4386,0.04,4.29,3399,0.04,4.24,A2,adjective
interaction,4387,0.04,4.29,,,,B1,noun
jet,4388,0.04,4.29,3682,0.04,4.19,A1,noun
journalists,4389,0.04,4.29,8270,0.01,3.7,,
lifestyle,4390,0.04,4.29,6599,0.02,3.85,A2,noun
lighting,4391,0.04,4.29,5685,0.02,3.94,B2,noun
lisa,4392,0.04,4.29,1916,0.08,4.57,,
loop,4393,0.04,4.29,6099,0.02,3.9,,
mall,4394,0.04,4.29,3989,0.03,4.15,A2,noun
mp,4395,0.04,4.29,,,,,
overseas,4396,0.04,4.29,6932,0.01,3.82,A2,"adjective, adverb"
performances,4397,0.04,4.29,,,,,
philippines,4398,0.04,4.29,,,,,
polish,4399,0.04,4.29,4015,0.03,4.15,B2,noun
recommendations,4400,0.04,4.29,,,,,
recover,4401,0.04,4.29,4052,0.03,4.14,B1,verb
regarded,4402,0.04,4.29,,,,,
relax,4403,0.04,4.29,900,0.21,4.96,A2,verb
reliable,4404,0.04,4.29,5780,0.02,3.93,B1,adjective
rely,4405,0.04,4.29,4601,0.03,4.07,B1,verb
remarkable,4406,0.04,4.29,3873,0.03,4.17,B1,adjective
responses,4407,0.04,4.29,,,,,
ruling,4408,0.04,4.29,7495,0.01,3.76,,
sacrifice,4409,0.04,4.29,2404,0.06,4.44,,
se,4410,0.04,4.29,5474,0.02,3.96,,
sole,4411,0.04,4.29,5849,0.02,3.92,,
stopping,4412,0.04,4.29,2761,0.05,4.35,,
strategies,4413,0.04,4.29,,,,,
succeed,4414,0.04,4.29,3590,0.04,4.21,A2,verb
tables,4415,0.04,4.29,4796,0.03,4.05,,
tale,4416,0.04,4.29,3809,0.03,4.17,B1,noun
targets,4417,0.04,4.29,5648,0.02,3.95,,
timing,4418,0.04,4.29,3232,0.04,4.27,B2,noun
ton,4419,0.04,4.29,4681,0.03,4.06,B2,noun
volunteers,4420,0.04,4.29,6720,0.02,3.84,,
witnesses,4421,0.04,4.29,2546,0.06,4.41,,
wore,4422,0.04,4.29,3076,0.04,4.29,,
worship,4423,0.04,4.29,4962,0.02,4.02,B2,noun
worthy,4424,0.04,4.29,3568,0.04,4.21,B1,adjective
acted,4425,0.04,4.28,4169,0.03,4.12,,
alarm,4426,0.04,4.28,1720,0.09,4.62,B1,"noun, verb"
bass,4427,0.04,4.28,5005,0.02,4.02,,
bloody,4428,0.04,4.28,979,0.19,4.92,B2,"adjective, adverb"
breathing,4429,0.04,4.28,1539,0.11,4.68,,
butt,4430,0.04,4.28,2084,0.07,4.52,,
characteristics,4431,0.04,4.28,,,,,
cnn,4432,0.04,4.28,,,,,
collaboration,4433,0.04,4.28,,,,,
con,4434,0.04,4.28,4241,0.03,4.12,,
consideration,4435,0.04,4.28,6725,0.02,3.84,B1,noun
counts,4436,0.04,4.28,3808,0.03,4.17,,
creates,4437,0.04,4.28,6448,0.02,3.87,,
crucial,4438,0.04,4.28,5816,0.02,3.93,B2,adjective
daughters,4439,0.04,4.28,3647,0.04,4.2,,
dependent,4440,0.04,4.28,,,,B1,adjective
discussions,4441,0.04,4.28,,,,,
drives,4442,0.04,4.28,3714,0.03,4.19,,
dual,4443,0.04,4.28,,,,,
edinburgh,4444,0.04,4.28,,,,,
equipped,4445,0.04,4.28,8532,0.01,3.68,,
expanded,4446,0.04,4.28,,,,,
experimental,4447,0.04,4.28,8737,0.01,3.66,,
feeding,4448,0.04,4.28,3884,0.03,4.16,,
filter,4449,0.04,4.28,9292,0.01,3.62,B1,noun
galaxy,4450,0.04,4.28,4444,0.03,4.09,,
globe,4451,0.04,4.28,6459,0.02,3.87,A2,noun
grades,4452,0.04,4.28,6169,0.02,3.89,,
greece,4453,0.04,4.28,6546,0.02,3.86,,
gulf,4454,0.04,4.28,8166,0.01,3.71,,
highlights,4455,0.04,4.28,,,,,
hoped,4456,0.04,4.28,3385,0.04,4.24,,
intent,4457,0.04,4.28,6558,0.02,3.86,B2,adjective
involve,4458,0.04,4.28,5776,0.02,3.93,B1,verb
judgment,4459,0.04,4.28,3347,0.04,4.25,,
kennedy,4460,0.04,4.28,4970,0.02,4.02,,
knight,4461,0.04,4.28,3326,0.04,4.25,,
larry,4462,0.04,4.28,1826,0.09,4.59,,
las,4463,0.04,4.28,5197,0.02,3.99,,
lmao,4464,0.04,4.28,,,,,
logo,4465,0.04,4.28,,,,B1,noun
malaysia,4466,0.04,4.28,,,,,
mature,4467,0.04,4.28,5235,0.02,3.99,B2,adjective
moore,4468,0.04,4.28,6536,0.02,3.86,,
nazi,4469,0.04,4.28,5040,0.02,4.01,,
netherlands,4470,0.04,4.28,,,,,
odds,4471,0.04,4.28,3411,0.04,4.24,,
peaceful,4472,0.04,4.28,3711,0.03,4.19,A2,adjective
philip,4473,0.04,4.28,3685,0.04,4.19,,
photographer,4474,0.04,4.28,4655,0.03,4.06,A2,noun
pin,4475,0.04,4.28,3614,0.04,4.2,B1,"noun, verb"
prevention,4476,0.04,4.28,,,,B2,noun
printing,4477,0.04,4.28,8764,0.01,3.66,,
promoting,4478,0.04,4.28,,,,,
publicly,4479,0.04,4.28,8448,0.01,3.69,B1,adverb
pump,4480,0.04,4.28,4100,0.03,4.13,B1,noun
repeated,4481,0.04,4.28,8267,0.01,3.7,,
replied,4482,0.04,4.28,,,,,
requests,4483,0.04,4.28,7524,0.01,3.76,,
revenge,4484,0.04,4.28,1865,0.09,4.58,B2,noun
satisfied,4485,0.04,4.28,3220,0.04,4.27,B1,adjective
seeds,4486,0.04,4.28,5679,0.02,3.94,,
signals,4487,0.04,4.28,5500,0.02,3.96,,
slip,4488,0.04,4.28,2634,0.05,4.39,B1,"noun, verb"
spaces,4489,0.04,4.28,9844,0.01,3.58,,
spare,4490,0.04,4.28,1756,0.09,4.61,B2,"adjective, verb"
specialist,4491,0.04,4.28,6024,0.02,3.91,B1,noun
stocks,4492,0.04,4.28,8892,0.01,3.65,,
stranger,4493,0.04,4.28,2308,0.07,4.46,A2,noun
submit,4494,0.04,4.28,6427,0.02,3.87,B2,verb
surprising,4495,0.04,4.28,4776,0.03,4.05,A2,adjective
tap,4496,0.04,4.28,3754,0.03,4.18,B2,"noun, verb"
thompson,4497,0.04,4.28,5478,0.02,3.96,,
threats,4498,0.04,4.28,4850,0.02,4.04,,
tourism,4499,0.04,4.28,,,,B1,noun
turkish,4500,0.04,4.28,6972,0.01,3.81,,
volunteer,4501,0.04,4.28,4878,0.02,4.04,B1,"noun, verb"
7th,4502,0.03,4.27,,,,,
acceptable,4503,0.03,4.27,7275,0.01,3.79,A2,adjective
allies,4504,0.03,4.27,5567,0.02,3.96,,
attempting,4505,0.03,4.27,7758,0.01,3.74,,
auction,4506,0.03,4.27,5286,0.02,3.98,,
bonds,4507,0.03,4.27,6544,0.02,3.86,,
challenging,4508,0.03,4.27,7117,0.01,3.8,B1,adjective
chaos,4509,0.03,4.27,3514,0.04,4.22,B1,noun
churches,4510,0.03,4.27,8996,0.01,3.64,,
cleveland,4511,0.03,4.27,5802,0.02,3.93,,
cm,4512,0.03,4.27,,,,,
composed,4513,0.03,4.27,,,,,
concentration,4514,0.03,4.27,6467,0.02,3.87,B1,noun
copper,4515,0.03,4.27,5262,0.02,3.99,B2,noun
corp,4516,0.03,4.27,,,,,
corps,4517,0.03,4.27,5616,0.02,3.95,,
counting,4518,0.03,4.27,2716,0.05,4.37,,
credits,4519,0.03,4.27,,,,,
dawn,4520,0.03,4.27,2139,0.07,4.5,B2,noun
dispute,4521,0.03,4.27,9089,0.01,3.63,B2,noun
earnings,4522,0.03,4.27,,,,B2,noun
editing,4523,0.03,4.27,9417,0.01,3.61,,
everyone's,4524,0.03,4.27,,,,,
executed,4525,0.03,4.27,4917,0.02,4.03,,
firing,4526,0.03,4.27,2758,0.05,4.36,,
fits,4527,0.03,4.27,3766,0.03,4.18,,
frequent,4528,0.03,4.27,,,,B1,adjective
gardens,4529,0.03,4.27,7096,0.01,3.8,,
gathered,4530,0.03,4.27,4190,0.03,4.12,,
hilarious,4531,0.03,4.27,5410,0.02,3.97,B2,adjective
huh,4532,0.03,4.27,274,0.95,5.63,,
ignored,4533,0.03,4.27,6345,0.02,3.88,,
improvements,4534,0.03,4.27,,,,,
investments,4535,0.03,4.27,,,,,
isis,4536,0.03,4.27,,,,,
margin,4537,0.03,4.27,,,,B2,noun
mars,4538,0.03,4.27,3546,0.04,4.22,,
maryland,4539,0.03,4.27,,,,,
mechanism,4540,0.03,4.27,7845,0.01,3.73,,
moderate,4541,0.03,4.27,,,,B1,adjective
murray,4542,0.03,4.27,5343,0.02,3.98,,
oklahoma,4543,0.03,4.27,,,,,
opera,4544,0.03,4.27,3726,0.03,4.18,A1,noun
overcome,4545,0.03,4.27,4994,0.02,4.02,B1,verb
parallel,4546,0.03,4.27,7986,0.01,3.72,,
passage,4547,0.03,4.27,5047,0.02,4.01,A2,noun
pit,4548,0.03,4.27,3312,0.04,4.25,B1,noun
psychological,4549,0.03,4.27,6061,0.02,3.9,B1,adjective
publications,4550,0.03,4.27,,,,,
quest,4551,0.03,4.27,5763,0.02,3.93,,
radiation,4552,0.03,4.27,4381,0.03,4.1,B1,noun
shocked,4553,0.03,4.27,3561,0.04,4.21,B1,adjective
sized,4554,0.03,4.27,,,,,
stroke,4555,0.03,4.27,3867,0.03,4.17,B2,"noun, verb"
stunning,4556,0.03,4.27,6474,0.02,3.87,B1,adjective
tanks,4557,0.03,4.27,4976,0.02,4.02,,
tokyo,4558,0.03,4.27,3180,0.04,4.28,,
topics,4559,0.03,4.27,,,,,
trains,4560,0.03,4.27,5043,0.02,4.01,,
traveling,4561,0.03,4.27,3404,0.04,4.24,,
treating,4562,0.03,4.27,4026,0.03,4.14,,
tune,4563,0.03,4.27,3241,0.04,4.27,A2,noun
utility,4564,0.03,4.27,,,,B2,noun
vessel,4565,0.03,4.27,4533,0.03,4.08,B1,noun
weed,4566,0.03,4.27,4018,0.03,4.15,B2,noun
wherever,4567,0.03,4.27,2069,0.07,4.52,B1,conjunction
©,4568,0.03,4.27,,,,,
acquisition,4569,0.03,4.26,,,,B2,noun
addressed,4570,0.03,4.26,8544,0.01,3.68,,
alabama,4571,0.03,4.26,,,,,
alice,4572,0.03,4.26,1960,0.08,4.56,,
angels,4573,0.03,4.26,3427,0.04,4.23,,
anime,4574,0.03,4.26,,,,,
announce,4575,0.03,4.26,4441,0.03,4.09,B1,verb
autumn,4576,0.03,4.26,5628,0.02,3.95,A1,noun
backed,4577,0.03,4.26,6660,0.02,3.85,,
barry,4578,0.03,4.26,2588,0.06,4.4,,
bold,4579,0.03,4.26,4849,0.02,4.04,B2,"adjective, noun"
borders,4580,0.03,4.26,7822,0.01,3.74,,
breathe,4581,0.03,4.26,1483,0.11,4.7,A1,verb
cameron,4582,0.03,4.26,4859,0.02,4.04,,
choosing,4583,0.03,4.26,6142,0.02,3.89,,
classical,4584,0.03,4.26,6187,0.02,3.89,B1,adjective
classified,4585,0.03,4.26,5966,0.02,3.91,,
clip,4586,0.03,4.26,6190,0.02,3.89,B1,noun
coaches,4587,0.03,4.26,8048,0.01,3.72,,
coins,4588,0.03,4.26,5162,0.02,4.0,,
concepts,4589,0.03,4.26,,,,,
conspiracy,4590,0.03,4.26,4334,0.03,4.1,,
controversy,4591,0.03,4.26,,,,B2,noun
convince,4592,0.03,4.26,2339,0.06,4.45,B1,verb
cooper,4593,0.03,4.26,3336,0.04,4.25,,
disappeared,4594,0.03,4.26,1695,0.1,4.63,,
eh,4595,0.03,4.26,732,0.26,5.06,,
encounter,4596,0.03,4.26,5394,0.02,3.97,B2,"noun, verb"
equality,4597,0.03,4.26,,,,B1,noun
exam,4598,0.03,4.26,3319,0.04,4.25,A2,noun
examination,4599,0.03,4.26,6549,0.02,3.86,B1,noun
fails,4600,0.03,4.26,6649,0.02,3.85,,
father's,4601,0.03,4.26,,,,,
federation,4602,0.03,4.26,6890,0.01,3.82,,
fi,4603,0.03,4.26,8854,0.01,3.65,,
fiscal,4604,0.03,4.26,,,,B2,adjective
guardian,4605,0.03,4.26,4337,0.03,4.1,,
hd,4606,0.03,4.26,,,,,
homeless,4607,0.03,4.26,4007,0.03,4.15,B1,adjective
instrument,4608,0.03,4.26,5533,0.02,3.96,A2,noun
intervention,4609,0.03,4.26,8402,0.01,3.69,,
jerry,4610,0.03,4.26,1840,0.09,4.59,,
lover,4611,0.03,4.26,1849,0.09,4.58,A2,noun
mainstream,4612,0.03,4.26,,,,,
menu,4613,0.03,4.26,4261,0.03,4.11,A2,noun
missouri,4614,0.03,4.26,,,,,
mounted,4615,0.03,4.26,,,,,
mutual,4616,0.03,4.26,5684,0.02,3.94,B1,adjective
nope,4617,0.03,4.26,1755,0.09,4.61,,
occasions,4618,0.03,4.26,7999,0.01,3.72,,
offense,4619,0.03,4.26,3484,0.04,4.23,,
oral,4620,0.03,4.26,9845,0.01,3.58,B1,"adjective, noun"
panic,4621,0.03,4.26,2646,0.05,4.38,B2,"noun, verb"
pays,4622,0.03,4.26,3503,0.04,4.22,,
peoples,4623,0.03,4.26,8309,0.01,3.7,,
pursue,4624,0.03,4.26,5793,0.02,3.93,A2,verb
realise,4625,0.03,4.26,3038,0.05,4.3,,
refugees,4626,0.03,4.26,8375,0.01,3.69,,
removing,4627,0.03,4.26,9084,0.01,3.64,,
requirement,4628,0.03,4.26,,,,B1,noun
responded,4629,0.03,4.26,8985,0.01,3.64,,
rip,4630,0.03,4.26,2921,0.05,4.32,B2,verb
ruined,4631,0.03,4.26,1816,0.09,4.59,,
scope,4632,0.03,4.26,8836,0.01,3.65,B1,noun
segment,4633,0.03,4.26,,,,B2,noun
spectrum,4634,0.03,4.26,,,,,
stays,4635,0.03,4.26,2729,0.05,4.36,,
ted,4636,0.03,4.26,2234,0.07,4.48,,
terror,4637,0.03,4.26,4342,0.03,4.1,B1,noun
uh,4638,0.03,4.26,144,2.06,5.96,,
va,4639,0.03,4.26,,,,,
venture,4640,0.03,4.26,6926,0.01,3.82,B2,noun
virtually,4641,0.03,4.26,7370,0.01,3.78,B2,adverb
waited,4642,0.03,4.26,2016,0.08,4.54,,
warren,4643,0.03,4.26,4105,0.03,4.13,,
worn,4644,0.03,4.26,4324,0.03,4.1,B1,adjective
yea,4645,0.03,4.26,5956,0.02,3.91,,
ac,4646,0.03,4.25,,,,,
accompanied,4647,0.03,4.25,9762,0.01,3.59,,
adams,4648,0.03,4.25,5245,0.02,3.99,,
aids,4649,0.03,4.25,5806,0.02,3.93,,
aimed,4650,0.03,4.25,,,,,
alpha,4651,0.03,4.25,3679,0.04,4.19,,
approaches,4652,0.03,4.25,8417,0.01,3.69,,
arguing,4653,0.03,4.25,3777,0.03,4.18,,
arrangement,4654,0.03,4.25,5032,0.02,4.02,B1,noun
beliefs,4655,0.03,4.25,7404,0.01,3.77,,
boats,4656,0.03,4.25,4345,0.03,4.1,,
boundaries,4657,0.03,4.25,7235,0.01,3.79,,
brick,4658,0.03,4.25,3974,0.03,4.15,B1,noun
brooklyn,4659,0.03,4.25,4991,0.02,4.02,,
colleges,4660,0.03,4.25,,,,,
considerable,4661,0.03,4.25,8571,0.01,3.68,B1,adjective
conventional,4662,0.03,4.25,,,,B2,adjective
danny,4663,0.03,4.25,1150,0.15,4.83,,
des,4664,0.03,4.25,7113,0.01,3.8,,
designated,4665,0.03,4.25,,,,,
dvd,4666,0.03,4.25,6691,0.02,3.84,A1,noun
emperor,4667,0.03,4.25,2457,0.06,4.43,B1,noun
employers,4668,0.03,4.25,,,,,
enormous,4669,0.03,4.25,3835,0.03,4.17,A2,adjective
errors,4670,0.03,4.25,,,,,
focusing,4671,0.03,4.25,9360,0.01,3.62,,
forgive,4672,0.03,4.25,757,0.25,5.04,B1,verb
gains,4673,0.03,4.25,,,,,
garage,4674,0.03,4.25,2416,0.06,4.43,A2,noun
gathering,4675,0.03,4.25,4947,0.02,4.03,,
guidelines,4676,0.03,4.25,,,,,
handled,4677,0.03,4.25,4551,0.03,4.08,,
hosted,4678,0.03,4.25,,,,,
indians,4679,0.03,4.25,3839,0.03,4.17,,
indonesia,4680,0.03,4.25,,,,,
inquiry,4681,0.03,4.25,7374,0.01,3.78,,
inspector,4682,0.03,4.25,1430,0.12,4.73,B2,noun
jumped,4683,0.03,4.25,2757,0.05,4.36,,
khan,4684,0.03,4.25,4360,0.03,4.1,,
li,4685,0.03,4.25,3716,0.03,4.19,,
lion,4686,0.03,4.25,2844,0.05,4.34,A1,noun
loaded,4687,0.03,4.25,3179,0.04,4.28,,
lonely,4688,0.03,4.25,1680,0.1,4.63,A1,adjective
maintaining,4689,0.03,4.25,,,,,
measured,4690,0.03,4.25,9493,0.01,3.61,,
mercy,4691,0.03,4.25,2075,0.07,4.52,B2,noun
nevertheless,4692,0.03,4.25,6763,0.02,3.83,B1,adverb
newspapers,4693,0.03,4.25,4301,0.03,4.11,,
outer,4694,0.03,4.25,5052,0.02,4.01,B1,adjective
oxygen,4695,0.03,4.25,3505,0.04,4.22,B1,noun
pipe,4696,0.03,4.25,3297,0.04,4.26,B1,noun
pissed,4697,0.03,4.25,2265,0.07,4.47,,
poem,4698,0.03,4.25,4014,0.03,4.15,A1,noun
powder,4699,0.03,4.25,3661,0.04,4.2,B2,"noun, verb"
powered,4700,0.03,4.25,,,,,
promises,4701,0.03,4.25,3928,0.03,4.16,,
quotes,4702,0.03,4.25,,,,,
racism,4703,0.03,4.25,,,,B2,noun
ratings,4704,0.03,4.25,9819,0.01,3.59,,
reads,4705,0.03,4.25,5678,0.02,3.94,,
recovered,4706,0.03,4.25,4281,0.03,4.11,,
refers,4707,0.03,4.25,,,,,
roy,4708,0.03,4.25,2806,0.05,4.35,,
rude,4709,0.03,4.25,2446,0.06,4.43,A1,adjective
screw,4710,0.03,4.25,1739,0.09,4.62,B2,"noun, verb"
seventh,4711,0.03,4.25,5587,0.02,3.95,,
shelter,4712,0.03,4.25,3329,0.04,4.25,B1,noun
signature,4713,0.03,4.25,3430,0.04,4.23,B1,noun
sooner,4714,0.03,4.25,1824,0.09,4.59,,
spider,4715,0.03,4.25,4234,0.03,4.12,B1,noun
stewart,4716,0.03,4.25,5682,0.02,3.94,,
strikes,4717,0.03,4.25,4842,0.02,4.04,,
suggesting,4718,0.03,4.25,4153,0.03,4.13,,
suits,4719,0.03,4.25,2951,0.05,4.32,,
toys,4720,0.03,4.25,3892,0.03,4.16,,
tracking,4721,0.03,4.25,3782,0.03,4.18,,
tribute,4722,0.03,4.25,7812,0.01,3.74,,
trigger,4723,0.03,4.25,3094,0.04,4.29,B1,noun
vary,4724,0.03,4.25,,,,B1,verb
venue,4725,0.03,4.25,,,,B2,noun
wages,4726,0.03,4.25,6921,0.01,3.82,,
wells,4727,0.03,4.25,5485,0.02,3.96,,
wheels,4728,0.03,4.25,3560,0.04,4.21,,
ye,4729,0.03,4.25,3618,0.04,4.2,,
😂,4730,0.03,4.25,,,,,
8th,4731,0.03,4.24,,,,,
abc,4732,0.03,4.24,,,,,
abortion,4733,0.03,4.24,6203,0.02,3.89,,
accuracy,4734,0.03,4.24,,,,B1,noun
albert,4735,0.03,4.24,2835,0.05,4.34,,
applying,4736,0.03,4.24,9151,0.01,3.63,,
artificial,4737,0.03,4.24,6683,0.02,3.84,A2,adjective
belongs,4738,0.03,4.24,1989,0.08,4.55,,
beneath,4739,0.03,4.24,3477,0.04,4.23,B1,preposition
bitcoin,4740,0.03,4.24,,,,,
bullet,4741,0.03,4.24,1661,0.1,4.64,B1,noun
burns,4742,0.03,4.24,3010,0.05,4.31,,
carl,4743,0.03,4.24,2118,0.07,4.51,,
celebrated,4744,0.03,4.24,8052,0.01,3.72,,
consistently,4745,0.03,4.24,,,,,
conversion,4746,0.03,4.24,,,,B2,noun
copyright,4747,0.03,4.24,,,,B1,noun
counties,4748,0.03,4.24,,,,,
democrat,4749,0.03,4.24,,,,,
deposit,4750,0.03,4.24,4556,0.03,4.08,B2,"noun, verb"
destination,4751,0.03,4.24,5004,0.02,4.02,B1,noun
dirt,4752,0.03,4.24,2718,0.05,4.37,B1,noun
diverse,4753,0.03,4.24,,,,B1,adjective
divine,4754,0.03,4.24,3723,0.03,4.18,B1,adjective
emails,4755,0.03,4.24,,,,,
er,4756,0.03,4.24,1093,0.16,4.85,,
exclusively,4757,0.03,4.24,,,,B2,adverb
export,4758,0.03,4.24,,,,B2,"noun, verb"
fastest,4759,0.03,4.24,6381,0.02,3.87,,
formerly,4760,0.03,4.24,,,,B2,adverb
functional,4761,0.03,4.24,,,,B2,adjective
gather,4762,0.03,4.24,2677,0.05,4.38,A2,verb
grandfather,4763,0.03,4.24,1898,0.08,4.57,A1,noun
habit,4764,0.03,4.24,3328,0.04,4.25,A1,noun
harvard,4765,0.03,4.24,6090,0.02,3.9,,
indicates,4766,0.03,4.24,7553,0.01,3.76,,
isolated,4767,0.03,4.24,5881,0.02,3.92,,
jealous,4768,0.03,4.24,1577,0.11,4.67,B1,adjective
knocked,4769,0.03,4.24,2586,0.06,4.4,,
landed,4770,0.03,4.24,3341,0.04,4.25,,
laughed,4771,0.03,4.24,4367,0.03,4.1,,
laura,4772,0.03,4.24,1976,0.08,4.55,,
lazy,4773,0.03,4.24,3943,0.03,4.16,A1,adjective
mama,4774,0.03,4.24,959,0.19,4.93,,
marshall,4775,0.03,4.24,3830,0.03,4.17,,
mitchell,4776,0.03,4.24,4527,0.03,4.08,,
modified,4777,0.03,4.24,,,,,
municipal,4778,0.03,4.24,,,,,
naval,4779,0.03,4.24,7145,0.01,3.8,B2,adjective
neighbors,4780,0.03,4.24,3107,0.04,4.29,,
nelson,4781,0.03,4.24,3981,0.03,4.15,,
neutral,4782,0.03,4.24,7929,0.01,3.73,B1,adjective
noble,4783,0.03,4.24,2959,0.05,4.32,B2,adjective
oldest,4784,0.03,4.24,4621,0.03,4.07,,
pat,4785,0.03,4.24,3437,0.04,4.23,,
picks,4786,0.03,4.24,5950,0.02,3.91,,
poland,4787,0.03,4.24,6300,0.02,3.88,,
popularity,4788,0.03,4.24,,,,B2,noun
professionals,4789,0.03,4.24,8441,0.01,3.69,,
pussy,4790,0.03,4.24,2870,0.05,4.33,,
reactions,4791,0.03,4.24,,,,,
relate,4792,0.03,4.24,7720,0.01,3.75,B1,verb
robot,4793,0.03,4.24,3052,0.04,4.3,B1,noun
sacred,4794,0.03,4.24,3046,0.04,4.3,B1,adjective
securities,4795,0.03,4.24,,,,,
shoe,4796,0.03,4.24,2785,0.05,4.35,A1,noun
speakers,4797,0.03,4.24,8838,0.01,3.65,,
springs,4798,0.03,4.24,6128,0.02,3.9,,
spy,4799,0.03,4.24,2477,0.06,4.42,A1,noun
steven,4800,0.03,4.24,2897,0.05,4.33,,
suggestions,4801,0.03,4.24,8397,0.01,3.69,,
supplied,4802,0.03,4.24,,,,,
susan,4803,0.03,4.24,2244,0.07,4.48,,
suspension,4804,0.03,4.24,8463,0.01,3.68,,
terrorism,4805,0.03,4.24,7919,0.01,3.73,B1,noun
terry,4806,0.03,4.24,2629,0.05,4.39,,
toxic,4807,0.03,4.24,6006,0.02,3.91,B2,adjective
treasury,4808,0.03,4.24,9131,0.01,3.63,,
tunnel,4809,0.03,4.24,2925,0.05,4.32,B2,noun
unions,4810,0.03,4.24,,,,,
upgrade,4811,0.03,4.24,,,,B2,"noun, verb"
warrant,4812,0.03,4.24,2480,0.06,4.42,,
wider,4813,0.03,4.24,9833,0.01,3.58,,
wound,4814,0.03,4.24,2094,0.07,4.51,B2,"noun, verb"
aaron,4815,0.03,4.23,3735,0.03,4.18,,
actively,4816,0.03,4.23,,,,B2,adverb
afghanistan,4817,0.03,4.23,5493,0.02,3.96,,
ai,4818,0.03,4.23,7807,0.01,3.74,,
applies,4819,0.03,4.23,,,,,
arrangements,4820,0.03,4.23,4737,0.03,4.05,,
asset,4821,0.03,4.23,7135,0.01,3.8,,
assuming,4822,0.03,4.23,4331,0.03,4.1,,
backing,4823,0.03,4.23,6626,0.02,3.85,,
baker,4824,0.03,4.23,3993,0.03,4.15,B1,noun
barcelona,4825,0.03,4.23,9907,0.01,3.58,,
blessed,4826,0.03,4.23,3040,0.05,4.3,,
brazilian,4827,0.03,4.23,8855,0.01,3.65,,
brush,4828,0.03,4.23,3980,0.03,4.15,A1,"noun, verb"
burden,4829,0.03,4.23,3954,0.03,4.15,B2,"noun, verb"
campbell,4830,0.03,4.23,5505,0.02,3.96,,
carries,4831,0.03,4.23,5660,0.02,3.94,,
casual,4832,0.03,4.23,6579,0.02,3.85,B1,adjective
certified,4833,0.03,4.23,,,,,
charter,4834,0.03,4.23,,,,,
chef,4835,0.03,4.23,1795,0.09,4.6,A2,noun
city's,4836,0.03,4.23,,,,,
civilian,4837,0.03,4.23,5577,0.02,3.95,,
coalition,4838,0.03,4.23,,,,B2,noun
cock,4839,0.03,4.23,3320,0.04,4.25,,
complain,4840,0.03,4.23,3431,0.04,4.23,A2,verb
complaints,4841,0.03,4.23,5692,0.02,3.94,,
controversial,4842,0.03,4.23,,,,B1,adjective
denver,4843,0.03,4.23,7020,0.01,3.81,,
describing,4844,0.03,4.23,,,,,
differently,4845,0.03,4.23,3894,0.03,4.16,A2,adverb
directions,4846,0.03,4.23,5050,0.02,4.01,,
discipline,4847,0.03,4.23,5112,0.02,4.0,B2,noun
discussing,4848,0.03,4.23,5239,0.02,3.99,,
disgusting,4849,0.03,4.23,2124,0.07,4.51,B1,adjective
dj,4850,0.03,4.23,6314,0.02,3.88,B1,noun
dominant,4851,0.03,4.23,,,,,
earning,4852,0.03,4.23,8916,0.01,3.65,,
emma,4853,0.03,4.23,2102,0.07,4.51,,
essay,4854,0.03,4.23,8499,0.01,3.68,A2,noun
expense,4855,0.03,4.23,6176,0.02,3.89,B1,noun
explaining,4856,0.03,4.23,6124,0.02,3.9,,
furthermore,4857,0.03,4.23,9977,0.01,3.57,B1,adverb
graphic,4858,0.03,4.23,,,,B1,adjective
greg,4859,0.03,4.23,2465,0.06,4.43,,
healing,4860,0.03,4.23,5534,0.02,3.96,B1,adjective
hiring,4861,0.03,4.23,7012,0.01,3.81,,
hosts,4862,0.03,4.23,,,,,
implemented,4863,0.03,4.23,,,,,
instantly,4864,0.03,4.23,6493,0.02,3.86,B2,adverb
invasion,4865,0.03,4.23,5108,0.02,4.0,B1,noun
jacob,4866,0.03,4.23,3458,0.04,4.23,,
jumping,4867,0.03,4.23,3608,0.04,4.2,,
laptop,4868,0.03,4.23,5230,0.02,3.99,B2,noun
legendary,4869,0.03,4.23,6666,0.02,3.85,B2,adjective
leo,4870,0.03,4.23,2151,0.07,4.5,,
maker,4871,0.03,4.23,6244,0.02,3.89,A2,noun
margaret,4872,0.03,4.23,2993,0.05,4.31,,
mario,4873,0.03,4.23,4538,0.03,4.08,,
opponents,4874,0.03,4.23,,,,,
outdoor,4875,0.03,4.23,,,,B1,adjective
palm,4876,0.03,4.23,4120,0.03,4.13,B1,noun
parker,4877,0.03,4.23,2843,0.05,4.34,,
photograph,4878,0.03,4.23,3473,0.04,4.23,B2,"noun, verb"
pole,4879,0.03,4.23,3673,0.04,4.19,B1,noun
pub,4880,0.03,4.23,4034,0.03,4.14,B1,noun
quarters,4881,0.03,4.23,3985,0.03,4.15,,
queensland,4882,0.03,4.23,,,,,
rangers,4883,0.03,4.23,4236,0.03,4.12,,
ranks,4884,0.03,4.23,7583,0.01,3.76,,
reception,4885,0.03,4.23,3971,0.03,4.15,B1,noun
recipe,4886,0.03,4.23,5196,0.02,3.99,B2,noun
regulatory,4887,0.03,4.23,,,,,
reviewed,4888,0.03,4.23,,,,,
rolls,4889,0.03,4.23,5088,0.02,4.01,,
rubber,4890,0.03,4.23,4580,0.03,4.07,B1,noun
secured,4891,0.03,4.23,7545,0.01,3.76,,
serial,4892,0.03,4.23,3721,0.03,4.19,B2,adjective
settings,4893,0.03,4.23,,,,,
shed,4894,0.03,4.23,3508,0.04,4.22,B2,noun
snake,4895,0.03,4.23,2459,0.06,4.43,A1,noun
sponsored,4896,0.03,4.23,,,,,
stealing,4897,0.03,4.23,2256,0.07,4.47,,
strict,4898,0.03,4.23,5015,0.02,4.02,A1,adjective
subsequently,4899,0.03,4.23,,,,,
substance,4900,0.03,4.23,6258,0.02,3.89,B2,noun
suggestion,4901,0.03,4.23,5001,0.02,4.02,A1,noun
switzerland,4902,0.03,4.23,6072,0.02,3.9,,
syndrome,4903,0.03,4.23,6785,0.02,3.83,B1,noun
tasks,4904,0.03,4.23,,,,,
trips,4905,0.03,4.23,6048,0.02,3.9,,
ultra,4906,0.03,4.23,,,,,
unexpected,4907,0.03,4.23,4482,0.03,4.09,B1,adjective
usage,4908,0.03,4.23,,,,B1,noun
utah,4909,0.03,4.23,,,,,
worlds,4910,0.03,4.23,4518,0.03,4.08,,
accidentally,4911,0.03,4.22,4895,0.02,4.03,B1,adverb
affordable,4912,0.03,4.22,,,,B2,adjective
amateur,4913,0.03,4.22,5972,0.02,3.91,,
appeals,4914,0.03,4.22,,,,,
argentina,4915,0.03,4.22,9284,0.01,3.62,,
baltimore,4916,0.03,4.22,7842,0.01,3.73,,
batman,4917,0.03,4.22,3392,0.04,4.24,,
bearing,4918,0.03,4.22,5769,0.02,3.93,B2,noun
beats,4919,0.03,4.22,3570,0.04,4.21,,
bin,4920,0.03,4.22,4667,0.03,4.06,B1,noun
biology,4921,0.03,4.22,7724,0.01,3.75,B1,noun
bobby,4922,0.03,4.22,1533,0.11,4.69,,
briefly,4923,0.03,4.22,8734,0.01,3.66,B1,adverb
canal,4924,0.03,4.22,6387,0.02,3.87,B1,noun
cancelled,4925,0.03,4.22,5750,0.02,3.93,,
charlotte,4926,0.03,4.22,2904,0.05,4.33,,
cheaper,4927,0.03,4.22,6702,0.02,3.84,,
christopher,4928,0.03,4.22,4491,0.03,4.08,,
climb,4929,0.03,4.22,2540,0.06,4.41,A2,"noun, verb"
com,4930,0.03,4.22,8072,0.01,3.72,,
competing,4931,0.03,4.22,8236,0.01,3.7,,
completion,4932,0.03,4.22,,,,B2,noun
cruise,4933,0.03,4.22,4779,0.03,4.05,B2,"noun, verb"
custody,4934,0.03,4.22,2667,0.05,4.38,,
delete,4935,0.03,4.22,8084,0.01,3.72,B1,verb
demonstrated,4936,0.03,4.22,,,,,
departure,4937,0.03,4.22,6855,0.02,3.83,B1,noun
developers,4938,0.03,4.22,,,,,
developments,4939,0.03,4.22,,,,,
dig,4940,0.03,4.22,1797,0.09,4.6,B1,"noun, verb"
eagles,4941,0.03,4.22,,,,,
employer,4942,0.03,4.22,8271,0.01,3.7,B2,noun
evans,4943,0.03,4.22,6023,0.02,3.91,,
explosion,4944,0.03,4.22,2396,0.06,4.44,B1,noun
fever,4945,0.03,4.22,2792,0.05,4.35,A1,noun
fluid,4946,0.03,4.22,5943,0.02,3.91,B2,adjective
folk,4947,0.03,4.22,4767,0.03,4.05,B1,noun
generate,4948,0.03,4.22,,,,B1,verb
gop,4949,0.03,4.22,,,,,
handsome,4950,0.03,4.22,1704,0.1,4.63,A1,adjective
ho,4951,0.03,4.22,1593,0.1,4.66,,
holidays,4952,0.03,4.22,4382,0.03,4.1,,
hotels,4953,0.03,4.22,6754,0.02,3.83,,
imagination,4954,0.03,4.22,2966,0.05,4.32,A2,noun
integration,4955,0.03,4.22,,,,,
integrity,4956,0.03,4.22,6132,0.02,3.9,,
interpretation,4957,0.03,4.22,,,,B2,noun
leaf,4958,0.03,4.22,5651,0.02,3.95,A1,noun
legitimate,4959,0.03,4.22,6206,0.02,3.89,B2,adjective
lightning,4960,0.03,4.22,3600,0.04,4.2,B1,noun
loads,4961,0.03,4.22,5372,0.02,3.98,,
longest,4962,0.03,4.22,7262,0.01,3.79,,
magical,4963,0.03,4.22,3947,0.03,4.16,B1,adjective
mills,4964,0.03,4.22,6994,0.01,3.81,,
motivation,4965,0.03,4.22,9242,0.01,3.62,B1,noun
nasty,4966,0.03,4.22,2441,0.06,4.43,B1,adjective
oliver,4967,0.03,4.22,2858,0.05,4.33,,
outfit,4968,0.03,4.22,3172,0.04,4.28,B2,noun
pension,4969,0.03,4.22,6281,0.02,3.88,B2,noun
permit,4970,0.03,4.22,4230,0.03,4.12,B1,verb
perry,4971,0.03,4.22,4734,0.03,4.05,,
plates,4972,0.03,4.22,3803,0.03,4.17,,
pleasant,4973,0.03,4.22,3209,0.04,4.27,A2,adjective
portrait,4974,0.03,4.22,5729,0.02,3.94,A2,noun
productive,4975,0.03,4.22,,,,B1,adjective
reminds,4976,0.03,4.22,3059,0.04,4.3,,
reserves,4977,0.03,4.22,,,,,
ron,4978,0.03,4.22,3349,0.04,4.25,,
safely,4979,0.03,4.22,3701,0.03,4.19,B1,adverb
shirts,4980,0.03,4.22,5739,0.02,3.93,,
shorter,4981,0.03,4.22,7032,0.01,3.81,,
slight,4982,0.03,4.22,4925,0.02,4.03,B1,"adjective, noun"
socialist,4983,0.03,4.22,9986,0.01,3.57,,
streaming,4984,0.03,4.22,,,,,
sue,4985,0.03,4.22,2254,0.07,4.48,B2,verb
targeted,4986,0.03,4.22,9001,0.01,3.64,,
tension,4987,0.03,4.22,4844,0.02,4.04,B1,noun
thailand,4988,0.03,4.22,8008,0.01,3.72,,
theories,4989,0.03,4.22,6302,0.02,3.88,,
touching,4990,0.03,4.22,3036,0.05,4.3,,
transactions,4991,0.03,4.22,,,,,
twist,4992,0.03,4.22,4053,0.03,4.14,B1,"noun, verb"
ugh,4993,0.03,4.22,1555,0.11,4.68,,
unemployment,4994,0.03,4.22,,,,B1,noun
unity,4995,0.03,4.22,8778,0.01,3.66,,
useless,4996,0.03,4.22,2025,0.08,4.54,B1,adjective
viewers,4997,0.03,4.22,8151,0.01,3.71,,
winds,4998,0.03,4.22,5139,0.02,4.0,,
woke,4999,0.03,4.22,2292,0.07,4.47,,
wtf,5000,0.03,4.22,,,,,
_,5001,0.03,4.21,,,,,
abilities,5002,0.03,4.21,6526,0.02,3.86,,
advocate,5003,0.03,4.21,9570,0.01,3.6,,
aims,5004,0.03,4.21,,,,,
arc,5005,0.03,4.21,,,,,
backup,5006,0.03,4.21,3275,0.04,4.26,B2,noun
beaten,5007,0.03,4.21,3018,0.05,4.31,,
bitter,5008,0.03,4.21,3762,0.03,4.18,B1,adjective
blown,5009,0.03,4.21,3250,0.04,4.26,,
branches,5010,0.03,4.21,7510,0.01,3.76,,
campaigns,5011,0.03,4.21,,,,,
chips,5012,0.03,4.21,3520,0.04,4.22,,
cia,5013,0.03,4.21,3501,0.04,4.22,,
clever,5014,0.03,4.21,2073,0.07,4.52,A1,adjective
clinic,5015,0.03,4.21,3105,0.04,4.29,B1,noun
closest,5016,0.03,4.21,4406,0.03,4.09,,
collections,5017,0.03,4.21,,,,,
continuous,5018,0.03,4.21,,,,B1,adjective
converted,5019,0.03,4.21,9999,0.01,3.57,,
correctly,5020,0.03,4.21,5718,0.02,3.94,A2,adverb
creator,5021,0.03,4.21,8231,0.01,3.7,B1,noun
creatures,5022,0.03,4.21,2877,0.05,4.33,,
criteria,5023,0.03,4.21,,,,,
declined,5024,0.03,4.21,,,,,
detective,5025,0.03,4.21,886,0.21,4.97,B1,noun
difficulties,5026,0.03,4.21,7599,0.01,3.76,,
disability,5027,0.03,4.21,,,,B1,noun
dish,5028,0.03,4.21,2755,0.05,4.36,A1,noun
douglas,5029,0.03,4.21,5427,0.02,3.97,,
du,5030,0.03,4.21,6210,0.02,3.89,,
duck,5031,0.03,4.21,2593,0.06,4.4,A2,noun
egyptian,5032,0.03,4.21,7146,0.01,3.8,,
ep,5033,0.03,4.21,,,,,
evaluation,5034,0.03,4.21,9793,0.01,3.59,B2,noun
excess,5035,0.03,4.21,,,,B1,noun
farming,5036,0.03,4.21,8942,0.01,3.65,B1,noun
fence,5037,0.03,4.21,3365,0.04,4.25,A2,noun
fifa,5038,0.03,4.21,,,,,
fighters,5039,0.03,4.21,5578,0.02,3.95,,
flights,5040,0.03,4.21,7863,0.01,3.73,,
forcing,5041,0.03,4.21,6221,0.02,3.89,,
forming,5042,0.03,4.21,9260,0.01,3.62,,
franklin,5043,0.03,4.21,4416,0.03,4.09,,
fred,5044,0.03,4.21,2183,0.07,4.49,,
gradually,5045,0.03,4.21,7673,0.01,3.75,A2,adverb
gravity,5046,0.03,4.21,4125,0.03,4.13,,
habits,5047,0.03,4.21,6503,0.02,3.86,,
hawaii,5048,0.03,4.21,5341,0.02,3.98,,
highlight,5049,0.03,4.21,,,,B1,"noun, verb"
holder,5050,0.03,4.21,,,,B2,noun
hood,5051,0.03,4.21,3489,0.04,4.22,B2,noun
hung,5052,0.03,4.21,2346,0.06,4.45,,
identical,5053,0.03,4.21,6181,0.02,3.89,B2,adjective
imperial,5054,0.03,4.21,4866,0.02,4.04,,
investigations,5055,0.03,4.21,8481,0.01,3.68,,
jose,5056,0.03,4.21,6397,0.02,3.87,,
ken,5057,0.03,4.21,3148,0.04,4.28,,
legally,5058,0.03,4.21,5359,0.02,3.98,B1,adverb
lied,5059,0.03,4.21,1480,0.11,4.71,,
listened,5060,0.03,4.21,3441,0.04,4.23,,
males,5061,0.03,4.21,7365,0.01,3.78,,
manufacturer,5062,0.03,4.21,,,,B2,noun
meters,5063,0.03,4.21,4069,0.03,4.14,,
nail,5064,0.03,4.21,3211,0.04,4.27,B1,noun
nasa,5065,0.03,4.21,7250,0.01,3.79,,
negotiations,5066,0.03,4.21,8369,0.01,3.69,,
nonsense,5067,0.03,4.21,1511,0.11,4.69,B1,noun
ontario,5068,0.03,4.21,,,,,
operational,5069,0.03,4.21,9385,0.01,3.62,,
orleans,5070,0.03,4.21,5842,0.02,3.92,,
owns,5071,0.03,4.21,3291,0.04,4.26,,
phoenix,5072,0.03,4.21,5460,0.02,3.96,B1,noun
playoffs,5073,0.03,4.21,,,,,
poet,5074,0.03,4.21,4587,0.03,4.07,B1,noun
quoted,5075,0.03,4.21,,,,,
relating,5076,0.03,4.21,,,,,
repeatedly,5077,0.03,4.21,8631,0.01,3.67,B1,adverb
robinson,5078,0.03,4.21,6062,0.02,3.9,,
rolled,5079,0.03,4.21,5592,0.02,3.95,,
scientist,5080,0.03,4.21,3675,0.04,4.19,A1,noun
sink,5081,0.03,4.21,3366,0.04,4.25,B1,"noun, verb"
skip,5082,0.03,4.21,3238,0.04,4.27,B2,verb
slavery,5083,0.03,4.21,7981,0.01,3.72,B1,noun
snap,5084,0.03,4.21,3487,0.04,4.22,B2,verb
sorts,5085,0.03,4.21,4103,0.03,4.13,,
souls,5086,0.03,4.21,3351,0.04,4.25,,
stole,5087,0.03,4.21,1263,0.14,4.79,,
swedish,5088,0.03,4.21,6450,0.02,3.87,,
swim,5089,0.03,4.21,2190,0.07,4.49,A1,"noun, verb"
swiss,5090,0.03,4.21,6084,0.02,3.9,,
tennessee,5091,0.03,4.21,,,,,
transaction,5092,0.03,4.21,,,,,
transformation,5093,0.03,4.21,9483,0.01,3.61,B1,noun
veteran,5094,0.03,4.21,9418,0.01,3.61,B2,noun
vulnerable,5095,0.03,4.21,4424,0.03,4.09,,
wealthy,5096,0.03,4.21,5321,0.02,3.98,B2,adjective
additionally,5097,0.03,4.2,,,,B2,adverb
amy,5098,0.03,4.2,1547,0.11,4.68,,
attract,5099,0.03,4.2,6147,0.02,3.89,B1,verb
barbara,5100,0.03,4.2,3044,0.04,4.3,,
beta,5101,0.03,4.2,9487,0.01,3.61,,
blowing,5102,0.03,4.2,2649,0.05,4.38,,
bored,5103,0.03,4.2,2498,0.06,4.42,A2,adjective
bronze,5104,0.03,4.2,9016,0.01,3.64,B1,noun
bug,5105,0.03,4.2,3157,0.04,4.28,A2,noun
caring,5106,0.03,4.2,5656,0.02,3.94,B2,adjective
catching,5107,0.03,4.2,3859,0.03,4.17,,
cave,5108,0.03,4.2,2954,0.05,4.32,B1,noun
cheating,5109,0.03,4.2,2810,0.05,4.34,,
chronic,5110,0.03,4.2,,,,,
cleared,5111,0.03,4.2,3256,0.04,4.26,,
communicate,5112,0.03,4.2,4648,0.03,4.06,A2,verb
convicted,5113,0.03,4.2,5186,0.02,4.0,,
cultures,5114,0.03,4.2,8837,0.01,3.65,,
dealt,5115,0.03,4.2,5254,0.02,3.99,,
delayed,5116,0.03,4.2,6667,0.02,3.85,,
demonstrate,5117,0.03,4.2,7335,0.01,3.78,B1,verb
departments,5118,0.03,4.2,,,,,
depend,5119,0.03,4.2,4954,0.02,4.03,A2,verb
developer,5120,0.03,4.2,,,,,
diagnosis,5121,0.03,4.2,7772,0.01,3.74,,
dismissed,5122,0.03,4.2,4419,0.03,4.09,,
distinguished,5123,0.03,4.2,8062,0.01,3.72,B2,adjective
dose,5124,0.03,4.2,6490,0.02,3.86,B2,noun
eighth,5125,0.03,4.2,6849,0.02,3.83,,
experiments,5126,0.03,4.2,5507,0.02,3.96,,
fa,5127,0.03,4.2,8288,0.01,3.7,,
flesh,5128,0.03,4.2,2604,0.06,4.39,B2,noun
flip,5129,0.03,4.2,4028,0.03,4.14,B2,verb
forty,5130,0.03,4.2,5430,0.02,3.97,A1,number
generous,5131,0.03,4.2,3112,0.04,4.29,B1,adjective
germans,5132,0.03,4.2,2838,0.05,4.34,,
hated,5133,0.03,4.2,2333,0.06,4.46,,
hr,5134,0.03,4.2,,,,,
implement,5135,0.03,4.2,,,,B2,"noun, verb"
incorporated,5136,0.03,4.2,,,,,
influenced,5137,0.03,4.2,,,,,
jerusalem,5138,0.03,4.2,6436,0.02,3.87,,
kidding,5139,0.03,4.2,721,0.27,5.07,,
laser,5140,0.03,4.2,5175,0.02,4.0,B2,noun
loyal,5141,0.03,4.2,3302,0.04,4.25,B1,adjective
marijuana,5142,0.03,4.2,6657,0.02,3.85,,
md,5143,0.03,4.2,,,,,
mentally,5144,0.03,4.2,6136,0.02,3.9,B1,adverb
missions,5145,0.03,4.2,8380,0.01,3.69,,
occupation,5146,0.03,4.2,6939,0.01,3.82,A2,noun
opponent,5147,0.03,4.2,5525,0.02,3.96,B2,noun
paintings,5148,0.03,4.2,4200,0.03,4.12,,
patch,5149,0.03,4.2,4065,0.03,4.14,B2,noun
patience,5150,0.03,4.2,3176,0.04,4.28,B1,noun
pic,5151,0.03,4.2,,,,,
pointing,5152,0.03,4.2,5301,0.02,3.98,,
pollution,5153,0.03,4.2,,,,A1,noun
precisely,5154,0.03,4.2,3379,0.04,4.24,B2,adverb
prisoner,5155,0.03,4.2,2408,0.06,4.44,B1,noun
privilege,5156,0.03,4.2,5124,0.02,4.0,B2,noun
proposals,5157,0.03,4.2,,,,,
protests,5158,0.03,4.2,,,,,
punk,5159,0.03,4.2,3367,0.04,4.25,,
radar,5160,0.03,4.2,4091,0.03,4.14,B2,noun
regards,5161,0.03,4.2,5644,0.02,3.95,,
relatives,5162,0.03,4.2,3779,0.03,4.18,,
resist,5163,0.03,4.2,3448,0.04,4.23,B1,verb
solely,5164,0.03,4.2,,,,,
stepped,5165,0.03,4.2,3891,0.03,4.16,,
striking,5166,0.03,4.2,7382,0.01,3.78,B2,adjective
terrorists,5167,0.03,4.2,4574,0.03,4.07,,
th,5168,0.03,4.2,5331,0.02,3.98,,
tourist,5169,0.03,4.2,6616,0.02,3.85,A2,noun
transit,5170,0.03,4.2,,,,,
trucks,5171,0.03,4.2,5009,0.02,4.02,,
trusted,5172,0.03,4.2,2756,0.05,4.36,,
vessels,5173,0.03,4.2,8546,0.01,3.68,,
villa,5174,0.03,4.2,4871,0.02,4.04,B2,noun
volumes,5175,0.03,4.2,,,,,
websites,5176,0.03,4.2,,,,,
wireless,5177,0.03,4.2,,,,,
wondered,5178,0.03,4.2,3446,0.04,4.23,,
wrap,5179,0.03,4.2,3258,0.04,4.26,B1,"noun, verb"
wright,5180,0.03,4.2,9068,0.01,3.64,,
yoga,5181,0.03,4.2,6335,0.02,3.88,B1,noun
adopt,5182,0.03,4.19,6722,0.02,3.84,B1,verb
airlines,5183,0.03,4.19,,,,,
alaska,5184,0.03,4.19,7663,0.01,3.75,,
albums,5185,0.03,4.19,,,,,
america's,5186,0.03,4.19,,,,,
anytime,5187,0.03,4.19,2901,0.05,4.33,,
bacteria,5188,0.03,4.19,7552,0.01,3.76,,
beings,5189,0.03,4.19,3271,0.04,4.26,,
beside,5190,0.03,4.19,3268,0.04,4.26,A1,preposition
blade,5191,0.03,4.19,3678,0.04,4.19,B2,noun
boot,5192,0.03,4.19,4365,0.03,4.1,B1,noun
bottles,5193,0.03,4.19,3551,0.04,4.21,,
bucks,5194,0.03,4.19,1645,0.1,4.65,,
bulk,5195,0.03,4.19,,,,,
camps,5196,0.03,4.19,7371,0.01,3.78,,
cargo,5197,0.03,4.19,4787,0.03,4.05,,
census,5198,0.03,4.19,,,,,
christianity,5199,0.03,4.19,9540,0.01,3.6,,
coastal,5200,0.03,4.19,,,,B1,adjective
coin,5201,0.03,4.19,4104,0.03,4.13,A2,noun
colored,5202,0.03,4.19,7965,0.01,3.73,,
commentary,5203,0.03,4.19,,,,,
confusion,5204,0.03,4.19,5419,0.02,3.97,B1,noun
congressional,5205,0.03,4.19,,,,,
corn,5206,0.03,4.19,3764,0.03,4.18,A1,noun
cried,5207,0.03,4.19,3403,0.04,4.24,,
customs,5208,0.03,4.19,5580,0.02,3.95,B1,noun
dealer,5209,0.03,4.19,3273,0.04,4.26,B1,noun
deemed,5210,0.03,4.19,,,,,
destiny,5211,0.03,4.19,2384,0.06,4.44,B2,noun
distant,5212,0.03,4.19,3065,0.04,4.3,B1,adjective
electronics,5213,0.03,4.19,9667,0.01,3.6,B2,noun
emerging,5214,0.03,4.19,,,,,
emotion,5215,0.03,4.19,4662,0.03,4.06,B1,noun
emphasis,5216,0.03,4.19,,,,B1,noun
ethics,5217,0.03,4.19,8321,0.01,3.7,,
excitement,5218,0.03,4.19,4528,0.03,4.08,B1,noun
exploration,5219,0.03,4.19,,,,B1,noun
fights,5220,0.03,4.19,3838,0.03,4.17,,
filling,5221,0.03,4.19,4873,0.02,4.04,B1,noun
filming,5222,0.03,4.19,4714,0.03,4.06,,
glasgow,5223,0.03,4.19,,,,,
graphics,5224,0.03,4.19,,,,B1,noun
helen,5225,0.03,4.19,2389,0.06,4.44,,
humor,5226,0.03,4.19,4074,0.03,4.14,,
insight,5227,0.03,4.19,8584,0.01,3.68,B1,noun
invested,5228,0.03,4.19,7084,0.01,3.8,,
it'd,5229,0.03,4.19,,,,,
jennifer,5230,0.03,4.19,3331,0.04,4.25,,
lit,5231,0.03,4.19,4534,0.03,4.08,,
louisiana,5232,0.03,4.19,,,,,
mar,5233,0.03,4.19,,,,,
marie,5234,0.03,4.19,2720,0.05,4.37,,
meals,5235,0.03,4.19,5241,0.02,3.99,,
mississippi,5236,0.03,4.19,8232,0.01,3.7,,
nerve,5237,0.03,4.19,3160,0.04,4.28,B2,noun
netflix,5238,0.03,4.19,,,,,
nightmare,5239,0.03,4.19,2583,0.06,4.4,B2,noun
operators,5240,0.03,4.19,,,,,
overnight,5241,0.03,4.19,4503,0.03,4.08,B1,"adjective, adverb"
partially,5242,0.03,4.19,,,,,
participating,5243,0.03,4.19,,,,,
pie,5244,0.03,4.19,2409,0.06,4.44,B1,noun
platforms,5245,0.03,4.19,,,,,
populations,5246,0.03,4.19,,,,,
poster,5247,0.03,4.19,6285,0.02,3.88,A1,noun
pr,5248,0.03,4.19,8061,0.01,3.72,,
practically,5249,0.03,4.19,3006,0.05,4.31,B2,adverb
preserve,5250,0.03,4.19,6489,0.02,3.86,B1,verb
produces,5251,0.03,4.19,,,,,
qualify,5252,0.03,4.19,,,,B1,verb
raid,5253,0.03,4.19,4763,0.03,4.05,,
ram,5254,0.03,4.19,4314,0.03,4.11,B2,noun
ranging,5255,0.03,4.19,,,,,
ranking,5256,0.03,4.19,,,,,
receives,5257,0.03,4.19,,,,,
respective,5258,0.03,4.19,,,,,
restricted,5259,0.03,4.19,9205,0.01,3.63,,
routes,5260,0.03,4.19,9961,0.01,3.58,,
samuel,5261,0.03,4.19,5837,0.02,3.92,,
sandy,5262,0.03,4.19,3652,0.04,4.2,A2,adjective
scenario,5263,0.03,4.19,5877,0.02,3.92,,
sheep,5264,0.03,4.19,3016,0.05,4.31,A1,noun
situated,5265,0.03,4.19,,,,,
slaves,5266,0.03,4.19,4106,0.03,4.13,,
sony,5267,0.03,4.19,,,,,
spotted,5268,0.03,4.19,4594,0.03,4.07,,
spreading,5269,0.03,4.19,5408,0.02,3.97,,
stanley,5270,0.03,4.19,3626,0.04,4.2,,
sustainable,5271,0.03,4.19,,,,,
sustained,5272,0.03,4.19,6882,0.01,3.82,,
taxi,5273,0.03,4.19,2176,0.07,4.49,A1,noun
themes,5274,0.03,4.19,,,,,
threatening,5275,0.03,4.19,3572,0.04,4.21,B1,adjective
tobacco,5276,0.03,4.19,6330,0.02,3.88,B1,noun
trace,5277,0.03,4.19,2440,0.06,4.43,B2,"noun, verb"
trapped,5278,0.03,4.19,2436,0.06,4.43,,
turner,5279,0.03,4.19,4922,0.02,4.03,,
uncomfortable,5280,0.03,4.19,3374,0.04,4.24,A2,adjective
wasted,5281,0.03,4.19,3049,0.04,4.3,,
weakness,5282,0.03,4.19,4223,0.03,4.12,B1,noun
widespread,5283,0.03,4.19,,,,B1,adjective
xbox,5284,0.03,4.19,,,,,
accepting,5285,0.03,4.18,6938,0.01,3.82,,
accessible,5286,0.03,4.18,,,,B1,adjective
acknowledge,5287,0.03,4.18,7000,0.01,3.81,B1,verb
advised,5288,0.03,4.18,7027,0.01,3.81,,
advisory,5289,0.03,4.18,,,,,
animation,5290,0.03,4.18,,,,B1,noun
assignment,5291,0.03,4.18,3857,0.03,4.17,B1,noun
balanced,5292,0.03,4.18,,,,B2,adjective
bare,5293,0.03,4.18,5028,0.02,4.02,B2,"adjective, verb"
basement,5294,0.03,4.18,2766,0.05,4.35,B1,noun
bases,5295,0.03,4.18,9335,0.01,3.62,,
battles,5296,0.03,4.18,6101,0.02,3.9,,
bias,5297,0.03,4.18,,,,,
birmingham,5298,0.03,4.18,,,,,
bits,5299,0.03,4.18,3958,0.03,4.15,,
cancel,5300,0.03,4.18,3100,0.04,4.29,B1,verb
carpet,5301,0.03,4.18,4591,0.03,4.07,B1,noun
ceiling,5302,0.03,4.18,4939,0.02,4.03,B2,noun
cherry,5303,0.03,4.18,4369,0.03,4.1,B2,noun
chill,5304,0.03,4.18,3152,0.04,4.28,,
classification,5305,0.03,4.18,,,,B2,noun
clue,5306,0.03,4.18,2448,0.06,4.43,A2,noun
codes,5307,0.03,4.18,6492,0.02,3.86,,
cole,5308,0.03,4.18,3624,0.04,4.2,,
collapse,5309,0.03,4.18,5309,0.02,3.98,B2,"noun, verb"
collecting,5310,0.03,4.18,5424,0.02,3.97,,
compound,5311,0.03,4.18,5789,0.02,3.93,B1,noun
conscious,5312,0.03,4.18,6053,0.02,3.9,B1,adjective
consecutive,5313,0.03,4.18,,,,,
contents,5314,0.03,4.18,7709,0.01,3.75,,
costume,5315,0.03,4.18,3182,0.04,4.28,B2,noun
craig,5316,0.03,4.18,3765,0.03,4.18,,
deleted,5317,0.03,4.18,,,,,
devoted,5318,0.03,4.18,5870,0.02,3.92,B2,adjective
didnt,5319,0.03,4.18,,,,,
displayed,5320,0.03,4.18,,,,,
dominated,5321,0.03,4.18,,,,,
earl,5322,0.03,4.18,3322,0.04,4.25,,
endless,5323,0.03,4.18,5111,0.02,4.0,B1,adjective
escaped,5324,0.03,4.18,2298,0.07,4.46,,
examine,5325,0.03,4.18,5042,0.02,4.01,B1,verb
floating,5326,0.03,4.18,4595,0.03,4.07,,
garbage,5327,0.03,4.18,2645,0.05,4.38,A1,noun
gospel,5328,0.03,4.18,9935,0.01,3.58,,
grain,5329,0.03,4.18,6348,0.02,3.88,B2,noun
grid,5330,0.03,4.18,6036,0.02,3.91,,
grows,5331,0.03,4.18,4309,0.03,4.11,,
heating,5332,0.03,4.18,8301,0.01,3.7,A2,noun
identification,5333,0.03,4.18,6714,0.02,3.84,B2,noun
knees,5334,0.03,4.18,2415,0.06,4.44,,
lap,5335,0.03,4.18,3976,0.03,4.15,B2,noun
lions,5336,0.03,4.18,5425,0.02,3.97,,
liver,5337,0.03,4.18,3633,0.04,4.2,B1,noun
metro,5338,0.03,4.18,7967,0.01,3.73,,
metropolitan,5339,0.03,4.18,,,,,
mines,5340,0.03,4.18,5839,0.02,3.92,,
mixture,5341,0.03,4.18,9218,0.01,3.63,B2,noun
nominated,5342,0.03,4.18,,,,,
oak,5343,0.03,4.18,6047,0.02,3.9,A2,noun
parliamentary,5344,0.03,4.18,,,,,
patent,5345,0.03,4.18,,,,,
perception,5346,0.03,4.18,9397,0.01,3.61,B2,noun
physician,5347,0.03,4.18,7048,0.01,3.81,B2,noun
portland,5348,0.03,4.18,8930,0.01,3.65,,
proceed,5349,0.03,4.18,3169,0.04,4.28,B1,verb
proceedings,5350,0.03,4.18,,,,,
pupils,5351,0.03,4.18,8575,0.01,3.68,,
reserved,5352,0.03,4.18,7249,0.01,3.79,,
restore,5353,0.03,4.18,6157,0.02,3.89,B1,verb
rifle,5354,0.03,4.18,3970,0.03,4.15,,
rival,5355,0.03,4.18,6400,0.02,3.87,B2,noun
rs,5356,0.03,4.18,6803,0.02,3.83,,
runner,5357,0.03,4.18,7442,0.01,3.77,A2,noun
sadly,5358,0.03,4.18,5909,0.02,3.92,A2,adverb
sc,5359,0.03,4.18,,,,,
she'd,5360,0.03,4.18,,,,,
she'll,5361,0.03,4.18,,,,,
shoulders,5362,0.03,4.18,3804,0.03,4.17,,
significance,5363,0.03,4.18,9560,0.01,3.6,B1,noun
sits,5364,0.03,4.18,4898,0.02,4.03,,
sizes,5365,0.03,4.18,,,,,
slept,5366,0.03,4.18,1722,0.09,4.62,,
soap,5367,0.03,4.18,3755,0.03,4.18,A2,noun
spray,5368,0.03,4.18,5070,0.02,4.01,B2,"noun, verb"
stored,5369,0.03,4.18,8508,0.01,3.68,,
stressed,5370,0.03,4.18,5768,0.02,3.93,B1,adjective
structural,5371,0.03,4.18,,,,,
suite,5372,0.03,4.18,4583,0.03,4.07,,
tbh,5373,0.03,4.18,,,,,
tropical,5374,0.03,4.18,8509,0.01,3.68,B1,adjective
ukrainian,5375,0.03,4.18,,,,,
unnecessary,5376,0.03,4.18,6306,0.02,3.88,A2,adjective
verse,5377,0.03,4.18,8057,0.01,3.72,B2,"noun, verb"
victor,5378,0.03,4.18,2402,0.06,4.44,,
vintage,5379,0.03,4.18,8881,0.01,3.65,,
warned,5380,0.03,4.18,2820,0.05,4.34,,
watson,5381,0.03,4.18,4721,0.03,4.05,,
acres,5382,0.03,4.17,7456,0.01,3.77,,
adapted,5383,0.03,4.17,,,,,
adoption,5384,0.03,4.17,7269,0.01,3.79,B2,noun
anonymous,5385,0.03,4.17,4618,0.03,4.07,B2,adjective
antonio,5386,0.03,4.17,4239,0.03,4.12,,
approaching,5387,0.03,4.17,2751,0.05,4.36,,
artistic,5388,0.03,4.17,7210,0.01,3.79,B1,adjective
attendance,5389,0.03,4.17,,,,B2,noun
aviation,5390,0.03,4.17,,,,,
barrel,5391,0.03,4.17,4786,0.03,4.05,B1,noun
beds,5392,0.03,4.17,5250,0.02,3.99,,
beloved,5393,0.03,4.17,2597,0.06,4.4,B1,adjective
bless,5394,0.03,4.17,1928,0.08,4.56,B1,verb
boxing,5395,0.03,4.17,5178,0.02,4.0,B1,noun
celebrating,5396,0.03,4.17,4312,0.03,4.11,,
charging,5397,0.03,4.17,6196,0.02,3.89,,
chemicals,5398,0.03,4.17,6823,0.02,3.83,,
chuck,5399,0.03,4.17,2279,0.07,4.47,,
cinema,5400,0.03,4.17,3967,0.03,4.15,A1,noun
colonial,5401,0.03,4.17,,,,B2,adjective
comics,5402,0.03,4.17,9057,0.01,3.64,,
compliance,5403,0.03,4.17,,,,,
contrary,5404,0.03,4.17,4174,0.03,4.12,B1,adjective
controlling,5405,0.03,4.17,6479,0.02,3.87,,
corporations,5406,0.03,4.17,,,,,
couch,5407,0.03,4.17,2782,0.05,4.35,A1,noun
country's,5408,0.03,4.17,,,,,
crush,5409,0.03,4.17,2948,0.05,4.32,B1,noun
dam,5410,0.03,4.17,6067,0.02,3.9,A2,noun
decrease,5411,0.03,4.17,,,,B1,"noun, verb"
defeated,5412,0.03,4.17,4720,0.03,4.05,,
diabetes,5413,0.03,4.17,9809,0.01,3.59,,
dressing,5414,0.03,4.17,3733,0.03,4.18,,
expanding,5415,0.03,4.17,9333,0.01,3.62,,
fears,5416,0.03,4.17,4758,0.03,4.05,,
fires,5417,0.03,4.17,4073,0.03,4.14,,
genre,5418,0.03,4.17,,,,B2,noun
gentle,5419,0.03,4.17,3080,0.04,4.29,A2,adjective
grammar,5420,0.03,4.17,,,,A1,noun
hiv,5421,0.03,4.17,,,,B1,noun
idk,5422,0.03,4.17,,,,,
illustrated,5423,0.03,4.17,,,,,
invented,5424,0.03,4.17,3421,0.04,4.23,,
jake,5425,0.03,4.17,1452,0.12,4.72,,
jam,5426,0.03,4.17,3724,0.03,4.18,B2,"noun, verb"
jamie,5427,0.03,4.17,2484,0.06,4.42,,
jessica,5428,0.03,4.17,2890,0.05,4.33,,
keith,5429,0.03,4.17,3595,0.04,4.21,,
kent,5430,0.03,4.17,4805,0.02,4.04,,
layers,5431,0.03,4.17,8403,0.01,3.69,,
lease,5432,0.03,4.17,6795,0.02,3.83,B2,noun
lens,5433,0.03,4.17,7662,0.01,3.75,,
licensed,5434,0.03,4.17,,,,,
loyalty,5435,0.03,4.17,3622,0.04,4.2,B1,noun
madison,5436,0.03,4.17,5544,0.02,3.96,,
magnetic,5437,0.03,4.17,6511,0.02,3.86,,
metres,5438,0.03,4.17,6238,0.02,3.89,,
monsters,5439,0.03,4.17,3597,0.04,4.2,,
mysterious,5440,0.03,4.17,2922,0.05,4.32,A2,adjective
notion,5441,0.03,4.17,6832,0.02,3.83,B1,noun
partial,5442,0.03,4.17,7914,0.01,3.73,B1,adjective
piss,5443,0.03,4.17,2132,0.07,4.5,,
placing,5444,0.03,4.17,,,,,
propaganda,5445,0.03,4.17,8701,0.01,3.67,,
rat,5446,0.03,4.17,2099,0.07,4.51,A1,noun
reflection,5447,0.03,4.17,6917,0.01,3.82,B1,noun
reminded,5448,0.03,4.17,5212,0.02,3.99,,
resolve,5449,0.03,4.17,6668,0.02,3.85,B1,verb
revolutionary,5450,0.03,4.17,5796,0.02,3.93,B2,adjective
scandal,5451,0.03,4.17,4487,0.03,4.09,B2,noun
shine,5452,0.03,4.17,2847,0.05,4.34,A2,verb
si,5453,0.03,4.17,4616,0.03,4.07,,
simultaneously,5454,0.03,4.17,,,,B1,adverb
substitute,5455,0.03,4.17,7742,0.01,3.75,B2,"noun, verb"
surveillance,5456,0.03,4.17,3131,0.04,4.29,B2,noun
tactics,5457,0.03,4.17,7854,0.01,3.73,,
testimony,5458,0.03,4.17,3836,0.03,4.17,B2,noun
thai,5459,0.03,4.17,7087,0.01,3.8,,
treasure,5460,0.03,4.17,2206,0.07,4.49,A2,noun
trophy,5461,0.03,4.17,5989,0.02,3.91,B2,noun
tweet,5462,0.03,4.17,,,,,
tyler,5463,0.03,4.17,3004,0.05,4.31,,
underlying,5464,0.03,4.17,,,,,
unfair,5465,0.03,4.17,4288,0.03,4.11,A2,adjective
villages,5466,0.03,4.17,7202,0.01,3.8,,
von,5467,0.03,4.17,3864,0.03,4.17,,
wa,5468,0.03,4.17,5797,0.02,3.93,,
acceptance,5469,0.03,4.16,,,,B1,noun
accidents,5470,0.03,4.16,6272,0.02,3.88,,
affects,5471,0.03,4.16,7835,0.01,3.74,,
annually,5472,0.03,4.16,,,,B1,adverb
apologize,5473,0.03,4.16,1393,0.12,4.74,,
appreciated,5474,0.03,4.16,7140,0.01,3.8,,
approached,5475,0.03,4.16,6662,0.02,3.85,,
arriving,5476,0.03,4.16,4810,0.02,4.04,,
ash,5477,0.03,4.16,4328,0.03,4.1,B2,noun
aunt,5478,0.03,4.16,1103,0.16,4.85,A1,noun
benjamin,5479,0.03,4.16,4997,0.02,4.02,,
blake,5480,0.03,4.16,2338,0.06,4.45,,
bubble,5481,0.03,4.16,5209,0.02,3.99,B1,noun
buyers,5482,0.03,4.16,,,,,
casino,5483,0.03,4.16,4268,0.03,4.11,,
charts,5484,0.03,4.16,8157,0.01,3.71,,
clouds,5485,0.03,4.16,3479,0.04,4.23,,
connecting,5486,0.03,4.16,8723,0.01,3.66,,
counsel,5487,0.03,4.16,4504,0.03,4.08,,
creature,5488,0.03,4.16,2356,0.06,4.45,A2,noun
deadly,5489,0.03,4.16,3905,0.03,4.16,B1,adjective
decides,5490,0.03,4.16,5174,0.02,4.0,,
der,5491,0.03,4.16,,,,,
desired,5492,0.03,4.16,,,,,
determination,5493,0.03,4.16,8968,0.01,3.64,B1,noun
embrace,5494,0.03,4.16,4644,0.03,4.06,B2,noun
emerged,5495,0.03,4.16,,,,,
exhibit,5496,0.03,4.16,6942,0.01,3.82,B2,verb
flew,5497,0.03,4.16,3457,0.04,4.23,,
gentleman,5498,0.03,4.16,1711,0.09,4.63,B1,noun
gm,5499,0.03,4.16,,,,,
halloween,5500,0.03,4.16,4422,0.03,4.09,,
hammer,5501,0.03,4.16,3453,0.04,4.23,B2,"noun, verb"
hitler,5502,0.03,4.16,2559,0.06,4.4,,
hosting,5503,0.03,4.16,,,,,
icon,5504,0.03,4.16,,,,B2,noun
imposed,5505,0.03,4.16,,,,,
indigenous,5506,0.03,4.16,,,,,
infinite,5507,0.03,4.16,7490,0.01,3.77,,
installation,5508,0.03,4.16,,,,,
inter,5509,0.03,4.16,,,,,
interactions,5510,0.03,4.16,,,,,
introducing,5511,0.03,4.16,9359,0.01,3.62,,
iranian,5512,0.03,4.16,,,,,
kicking,5513,0.03,4.16,3643,0.04,4.2,,
laying,5514,0.03,4.16,4545,0.03,4.08,,
legislature,5515,0.03,4.16,,,,B2,noun
liability,5516,0.03,4.16,,,,,
maine,5517,0.03,4.16,,,,,
makers,5518,0.03,4.16,,,,,
manhattan,5519,0.03,4.16,5257,0.02,3.99,,
marathon,5520,0.03,4.16,8813,0.01,3.66,B2,noun
marvel,5521,0.03,4.16,,,,,
michelle,5522,0.03,4.16,3136,0.04,4.28,,
moreover,5523,0.03,4.16,9006,0.01,3.64,B1,adverb
mps,5524,0.03,4.16,,,,,
neil,5525,0.03,4.16,4054,0.03,4.14,,
organisations,5526,0.03,4.16,,,,,
ours,5527,0.03,4.16,1644,0.1,4.65,A1,pronoun
parade,5528,0.03,4.16,4346,0.03,4.1,B2,noun
paradise,5529,0.03,4.16,3314,0.04,4.25,B1,noun
perceived,5530,0.03,4.16,,,,,
pics,5531,0.03,4.16,,,,,
planes,5532,0.03,4.16,4247,0.03,4.12,,
politician,5533,0.03,4.16,6802,0.02,3.83,B1,noun
preliminary,5534,0.03,4.16,8351,0.01,3.69,B2,adjective
premiere,5535,0.03,4.16,,,,,
presidency,5536,0.03,4.16,,,,B2,noun
reaches,5537,0.03,4.16,6111,0.02,3.9,,
react,5538,0.03,4.16,4639,0.03,4.06,B1,verb
realistic,5539,0.03,4.16,7276,0.01,3.79,B1,adjective
remarks,5540,0.03,4.16,,,,,
retain,5541,0.03,4.16,,,,B1,verb
roberts,5542,0.03,4.16,6140,0.02,3.9,,
rocky,5543,0.03,4.16,4076,0.03,4.14,B2,adjective
russians,5544,0.03,4.16,3944,0.03,4.16,,
saints,5545,0.03,4.16,7261,0.01,3.79,,
satisfaction,5546,0.03,4.16,6446,0.02,3.87,B1,noun
scratch,5547,0.03,4.16,3058,0.04,4.3,B2,"noun, verb"
shade,5548,0.03,4.16,6389,0.02,3.87,A2,noun
sheets,5549,0.03,4.16,4486,0.03,4.09,,
sheriff,5550,0.03,4.16,1570,0.11,4.67,B1,noun
shy,5551,0.03,4.16,2787,0.05,4.35,A1,adjective
sometime,5552,0.03,4.16,2492,0.06,4.42,B1,adverb
spirits,5553,0.03,4.16,3159,0.04,4.28,,
sporting,5554,0.03,4.16,,,,,
strictly,5555,0.03,4.16,4974,0.02,4.02,B2,adverb
sunshine,5556,0.03,4.16,4168,0.03,4.12,A1,noun
teens,5557,0.03,4.16,,,,,
thou,5558,0.03,4.16,2287,0.07,4.47,,
tier,5559,0.03,4.16,,,,,
tommy,5560,0.03,4.16,1390,0.12,4.74,,
travelling,5561,0.03,4.16,5273,0.02,3.99,,
vancouver,5562,0.03,4.16,,,,,
vocal,5563,0.03,4.16,8844,0.01,3.65,,
warrior,5564,0.03,4.16,3227,0.04,4.27,B1,noun
woman's,5565,0.03,4.16,,,,,
worries,5566,0.03,4.16,3165,0.04,4.28,,
yield,5567,0.03,4.16,8612,0.01,3.67,B2,verb
accomplished,5568,0.03,4.15,5488,0.02,3.96,,
admission,5569,0.03,4.15,8498,0.01,3.68,B1,noun
adventures,5570,0.03,4.15,7864,0.01,3.73,,
aka,5571,0.03,4.15,,,,,
appearing,5572,0.03,4.15,,,,,
bacon,5573,0.03,4.15,4269,0.03,4.11,B1,noun
barrier,5574,0.03,4.15,6775,0.02,3.83,B2,noun
belgium,5575,0.03,4.15,,,,,
believing,5576,0.03,4.15,4740,0.03,4.05,,
blacks,5577,0.03,4.15,8876,0.01,3.65,,
bombs,5578,0.03,4.15,3585,0.04,4.21,,
burst,5579,0.03,4.15,4275,0.03,4.11,B1,verb
caps,5580,0.03,4.15,,,,,
casting,5581,0.03,4.15,7333,0.01,3.78,,
cattle,5582,0.03,4.15,4375,0.03,4.1,B1,noun
cc,5583,0.03,4.15,,,,,
classroom,5584,0.03,4.15,7106,0.01,3.8,A1,noun
collins,5585,0.03,4.15,4951,0.02,4.03,,
colours,5586,0.03,4.15,6867,0.02,3.82,,
compromise,5587,0.03,4.15,5497,0.02,3.96,B2,"noun, verb"
convenient,5588,0.03,4.15,5152,0.02,4.0,A2,adjective
costa,5589,0.03,4.15,9180,0.01,3.63,,
criminals,5590,0.03,4.15,3383,0.04,4.24,,
crop,5591,0.03,4.15,7569,0.01,3.76,B1,noun
earthquake,5592,0.03,4.15,5774,0.02,3.93,A2,noun
elderly,5593,0.03,4.15,7563,0.01,3.76,A2,adjective
eliminate,5594,0.03,4.15,5747,0.02,3.93,B1,verb
embarrassing,5595,0.03,4.15,2681,0.05,4.38,A2,adjective
farmer,5596,0.03,4.15,4031,0.03,4.14,A1,noun
finest,5597,0.03,4.15,4098,0.03,4.14,,
grants,5598,0.03,4.15,,,,,
harbor,5599,0.03,4.15,5280,0.02,3.98,,
harvey,5600,0.03,4.15,3269,0.04,4.26,,
hates,5601,0.03,4.15,2616,0.06,4.39,,
incidents,5602,0.03,4.15,9091,0.01,3.63,,
inform,5603,0.03,4.15,3079,0.04,4.29,B1,verb
ion,5604,0.03,4.15,,,,,
jeremy,5605,0.03,4.15,3072,0.04,4.29,,
lesbian,5606,0.03,4.15,5270,0.02,3.99,,
lovers,5607,0.03,4.15,3513,0.04,4.22,,
lt,5608,0.03,4.15,973,0.19,4.92,,
mathematics,5609,0.03,4.15,9133,0.01,3.63,B1,noun
medication,5610,0.03,4.15,4124,0.03,4.13,B2,noun
minded,5611,0.03,4.15,,,,,
morris,5612,0.03,4.15,5054,0.02,4.01,,
norway,5613,0.03,4.15,8825,0.01,3.66,,
par,5614,0.03,4.15,,,,,
podcast,5615,0.03,4.15,,,,,
portfolio,5616,0.03,4.15,,,,,
productivity,5617,0.03,4.15,,,,,
promoted,5618,0.03,4.15,6570,0.02,3.86,,
protocol,5619,0.03,4.15,5101,0.02,4.01,,
quietly,5620,0.03,4.15,2708,0.05,4.37,A2,adverb
rachel,5621,0.03,4.15,1965,0.08,4.55,,
replacing,5622,0.03,4.15,,,,,
responsibilities,5623,0.03,4.15,6556,0.02,3.86,,
salad,5624,0.03,4.15,3301,0.04,4.25,A1,noun
scholarship,5625,0.03,4.15,5944,0.02,3.91,B1,noun
screening,5626,0.03,4.15,,,,,
sends,5627,0.03,4.15,3932,0.03,4.16,,
smiling,5628,0.03,4.15,3120,0.04,4.29,,
soup,5629,0.03,4.15,2090,0.07,4.51,A1,noun
southeast,5630,0.03,4.15,,,,B1,"adjective, noun"
stake,5631,0.03,4.15,3162,0.04,4.28,B2,noun
stating,5632,0.03,4.15,,,,,
strain,5633,0.03,4.15,6539,0.02,3.86,B2,"noun, verb"
suspected,5634,0.03,4.15,4085,0.03,4.14,,
swift,5635,0.03,4.15,7766,0.01,3.74,B2,adjective
tackle,5636,0.03,4.15,8138,0.01,3.71,B2,verb
tigers,5637,0.03,4.15,8378,0.01,3.69,,
timeline,5638,0.03,4.15,,,,,
torture,5639,0.03,4.15,3039,0.05,4.3,B2,verb
traded,5640,0.03,4.15,8579,0.01,3.68,,
translated,5641,0.03,4.15,8651,0.01,3.67,,
tricks,5642,0.03,4.15,2960,0.05,4.32,,
twins,5643,0.03,4.15,3743,0.03,4.18,,
urgent,5644,0.03,4.15,2724,0.05,4.36,B1,adjective
vegetables,5645,0.03,4.15,5083,0.02,4.01,,
vertical,5646,0.03,4.15,,,,,
violation,5647,0.03,4.15,6808,0.02,3.83,,
wallet,5648,0.03,4.15,2879,0.05,4.33,A2,noun
welsh,5649,0.03,4.15,,,,,
workshop,5650,0.03,4.15,7137,0.01,3.8,B1,noun
wrapped,5651,0.03,4.15,4177,0.03,4.12,,
9th,5652,0.03,4.14,,,,,
aboard,5653,0.03,4.14,2928,0.05,4.32,B1,adverb
abstract,5654,0.03,4.14,,,,B1,adjective
accent,5655,0.03,4.14,2860,0.05,4.33,B1,noun
addiction,5656,0.03,4.14,7750,0.01,3.74,B2,noun
associates,5657,0.03,4.14,7043,0.01,3.81,,
awake,5658,0.03,4.14,2147,0.07,4.5,A1,adjective
beam,5659,0.03,4.14,4586,0.03,4.07,B2,noun
beans,5660,0.03,4.14,3850,0.03,4.17,,
binding,5661,0.03,4.14,,,,,
blank,5662,0.03,4.14,4919,0.02,4.03,A1,adjective
buffalo,5663,0.03,4.14,5700,0.02,3.94,,
cbs,5664,0.03,4.14,,,,,
commons,5665,0.03,4.14,,,,,
conservatives,5666,0.03,4.14,,,,,
contacts,5667,0.03,4.14,5210,0.02,3.99,,
conviction,5668,0.03,4.14,6617,0.02,3.85,,
corrupt,5669,0.03,4.14,6259,0.02,3.89,B2,adjective
cow,5670,0.03,4.14,2341,0.06,4.45,A1,noun
curve,5671,0.03,4.14,8329,0.01,3.7,B1,noun
depressed,5672,0.03,4.14,3908,0.03,4.16,B1,adjective
deserved,5673,0.03,4.14,4393,0.03,4.1,,
dining,5674,0.03,4.14,4764,0.03,4.05,,
disorders,5675,0.03,4.14,,,,,
duration,5676,0.03,4.14,,,,,
eddie,5677,0.03,4.14,1435,0.12,4.72,,
emily,5678,0.03,4.14,1922,0.08,4.56,,
encouraging,5679,0.03,4.14,9107,0.01,3.63,B1,adjective
farms,5680,0.03,4.14,9394,0.01,3.61,,
fifteen,5681,0.03,4.14,3817,0.03,4.17,A1,number
flows,5682,0.03,4.14,7983,0.01,3.72,,
ga,5683,0.03,4.14,7520,0.01,3.76,,
genes,5684,0.03,4.14,7234,0.01,3.79,,
graduated,5685,0.03,4.14,5825,0.02,3.93,,
grandmother,5686,0.03,4.14,2152,0.07,4.5,A1,noun
harsh,5687,0.03,4.14,4646,0.03,4.06,,
heights,5688,0.03,4.14,6112,0.02,3.9,,
horn,5689,0.03,4.14,1999,0.08,4.54,B1,noun
hurry,5690,0.03,4.14,514,0.45,5.3,A2,"noun, verb"
immune,5691,0.03,4.14,7640,0.01,3.75,,
inflation,5692,0.03,4.14,,,,B2,noun
ingredients,5693,0.03,4.14,6960,0.01,3.82,,
inspection,5694,0.03,4.14,6608,0.02,3.85,B1,noun
install,5695,0.03,4.14,,,,,
instruction,5696,0.03,4.14,,,,B1,noun
intensity,5697,0.03,4.14,,,,,
inventory,5698,0.03,4.14,8027,0.01,3.72,,
investigated,5699,0.03,4.14,8497,0.01,3.68,,
invitation,5700,0.03,4.14,3526,0.04,4.22,B1,noun
judicial,5701,0.03,4.14,,,,,
justify,5702,0.03,4.14,7088,0.01,3.8,B2,verb
kyle,5703,0.03,4.14,2305,0.07,4.46,,
lakes,5704,0.03,4.14,,,,,
lean,5705,0.03,4.14,4510,0.03,4.08,B2,"adjective, verb"
lecture,5706,0.03,4.14,4563,0.03,4.08,B1,noun
libraries,5707,0.03,4.14,,,,,
logical,5708,0.03,4.14,5745,0.02,3.93,A2,adjective
mason,5709,0.03,4.14,2944,0.05,4.32,,
meaningful,5710,0.03,4.14,9669,0.01,3.6,B1,adjective
migration,5711,0.03,4.14,,,,B2,noun
missile,5712,0.03,4.14,5204,0.02,3.99,B2,noun
motivated,5713,0.03,4.14,9329,0.01,3.62,B2,adjective
muscles,5714,0.03,4.14,5102,0.02,4.0,,
nancy,5715,0.03,4.14,3203,0.04,4.27,,
norman,5716,0.03,4.14,3959,0.03,4.15,,
northwest,5717,0.03,4.14,,,,B1,"adjective, noun"
nurses,5718,0.03,4.14,5374,0.02,3.98,,
organ,5719,0.03,4.14,5049,0.02,4.01,B1,noun
patrol,5720,0.03,4.14,3412,0.04,4.24,B1,noun
pearl,5721,0.03,4.14,4353,0.03,4.1,B2,noun
peer,5722,0.03,4.14,,,,B2,noun
pepper,5723,0.03,4.14,4725,0.03,4.05,A2,noun
pig,5724,0.03,4.14,1729,0.09,4.62,A1,noun
pile,5725,0.03,4.14,3883,0.03,4.16,A2,noun
plug,5726,0.03,4.14,5096,0.02,4.01,B2,"noun, verb"
provision,5727,0.03,4.14,,,,B2,noun
releasing,5728,0.03,4.14,9007,0.01,3.64,,
requiring,5729,0.03,4.14,,,,,
revised,5730,0.03,4.14,,,,,
rod,5731,0.03,4.14,4981,0.02,4.02,,
scream,5732,0.03,4.14,2226,0.07,4.48,B1,"noun, verb"
stairs,5733,0.03,4.14,2427,0.06,4.43,,
staring,5734,0.03,4.14,2419,0.06,4.43,,
statistical,5735,0.03,4.14,,,,,
sticks,5736,0.03,4.14,4044,0.03,4.14,,
strangers,5737,0.03,4.14,3307,0.04,4.25,,
succeeded,5738,0.03,4.14,6392,0.02,3.87,,
sweat,5739,0.03,4.14,2929,0.05,4.32,A2,"noun, verb"
switched,5740,0.03,4.14,4988,0.02,4.02,,
syrian,5741,0.03,4.14,,,,,
tattoo,5742,0.03,4.14,3364,0.04,4.25,B2,noun
teenage,5743,0.03,4.14,4804,0.02,4.04,A2,adjective
thunder,5744,0.03,4.14,2532,0.06,4.41,B1,noun
tours,5745,0.03,4.14,,,,,
tragedy,5746,0.03,4.14,3534,0.04,4.22,B1,noun
trauma,5747,0.03,4.14,3699,0.03,4.19,,
vincent,5748,0.03,4.14,2881,0.05,4.33,,
wrestling,5749,0.03,4.14,6292,0.02,3.88,,
zoo,5750,0.03,4.14,4237,0.03,4.12,A1,noun
accordance,5751,0.03,4.13,,,,,
acquire,5752,0.03,4.13,,,,B1,verb
activist,5753,0.03,4.13,,,,,
activists,5754,0.03,4.13,,,,,
addresses,5755,0.03,4.13,8464,0.01,3.68,,
alike,5756,0.03,4.13,4460,0.03,4.09,B1,"adjective, adverb"
applicable,5757,0.03,4.13,,,,,
arrow,5758,0.03,4.13,4589,0.03,4.07,B1,noun
availability,5759,0.03,4.13,,,,B2,noun
aw,5760,0.03,4.13,1488,0.11,4.7,,
ba,5761,0.03,4.13,5918,0.02,3.92,,
bend,5762,0.03,4.13,3784,0.03,4.18,A2,"noun, verb"
boundary,5763,0.03,4.13,,,,,
breach,5764,0.03,4.13,5781,0.02,3.93,,
cabin,5765,0.03,4.13,3012,0.05,4.31,B1,noun
cage,5766,0.03,4.13,3188,0.04,4.28,B1,noun
chancellor,5767,0.03,4.13,7872,0.01,3.73,B2,noun
cheers,5768,0.03,4.13,1074,0.17,4.87,,
circles,5769,0.03,4.13,5217,0.02,3.99,,
closet,5770,0.03,4.13,2791,0.05,4.35,,
combine,5771,0.03,4.13,9501,0.01,3.61,B1,verb
companion,5772,0.03,4.13,5461,0.02,3.96,B1,noun
comparing,5773,0.03,4.13,,,,,
consciousness,5774,0.03,4.13,5024,0.02,4.02,B2,noun
consultant,5775,0.03,4.13,8299,0.01,3.7,B2,noun
controller,5776,0.03,4.13,,,,,
corresponding,5777,0.03,4.13,,,,B2,adjective
courtesy,5778,0.03,4.13,5887,0.02,3.92,B2,noun
cuba,5779,0.03,4.13,5999,0.02,3.91,,
damages,5780,0.03,4.13,9556,0.01,3.6,,
demanding,5781,0.03,4.13,6641,0.02,3.85,B2,adjective
disc,5782,0.03,4.13,9298,0.01,3.62,,
dishes,5783,0.03,4.13,3461,0.04,4.23,,
dozens,5784,0.03,4.13,6158,0.02,3.89,,
eagle,5785,0.03,4.13,4023,0.03,4.15,B2,noun
eaten,5786,0.03,4.13,2413,0.06,4.44,,
embassy,5787,0.03,4.13,4706,0.03,4.06,B2,noun
engaging,5788,0.03,4.13,,,,,
fascinating,5789,0.03,4.13,3603,0.04,4.2,A2,adjective
financing,5790,0.03,4.13,,,,,
fitted,5791,0.03,4.13,,,,,
flexible,5792,0.03,4.13,,,,B2,adjective
gaining,5793,0.03,4.13,9709,0.01,3.59,,
gentlemen,5794,0.03,4.13,665,0.3,5.13,,
goodness,5795,0.03,4.13,1893,0.08,4.57,B1,interjection
guilt,5796,0.03,4.13,3240,0.04,4.27,B1,noun
haven,5797,0.03,4.13,295,0.9,5.6,B1,noun
helicopter,5798,0.03,4.13,3460,0.04,4.23,B2,noun
homework,5799,0.03,4.13,2999,0.05,4.31,A1,noun
households,5800,0.03,4.13,,,,,
hp,5801,0.03,4.13,,,,,
iconic,5802,0.03,4.13,,,,,
infected,5803,0.03,4.13,4569,0.03,4.08,B2,adjective
keen,5804,0.03,4.13,4696,0.03,4.06,B2,adjective
kenya,5805,0.03,4.13,,,,,
lesser,5806,0.03,4.13,,,,,
liberals,5807,0.03,4.13,,,,,
lip,5808,0.03,4.13,4613,0.03,4.07,A2,noun
mandatory,5809,0.03,4.13,,,,,
manufactured,5810,0.03,4.13,,,,,
mechanics,5811,0.03,4.13,,,,,
mere,5812,0.03,4.13,4750,0.03,4.05,B1,adjective
miracle,5813,0.03,4.13,2189,0.07,4.49,B1,noun
mt,5814,0.03,4.13,,,,,
mud,5815,0.03,4.13,3414,0.04,4.24,B1,noun
murphy,5816,0.03,4.13,4686,0.03,4.06,,
nathan,5817,0.03,4.13,2989,0.05,4.31,,
observation,5818,0.03,4.13,6202,0.02,3.89,B1,noun
operates,5819,0.03,4.13,,,,,
owe,5820,0.03,4.13,1098,0.16,4.85,B1,verb
permitted,5821,0.03,4.13,8460,0.01,3.69,,
phenomenon,5822,0.03,4.13,7410,0.01,3.77,B1,noun
pittsburgh,5823,0.03,4.13,,,,,
playoff,5824,0.03,4.13,,,,,
precise,5825,0.03,4.13,5514,0.02,3.96,A2,adjective
profession,5826,0.03,4.13,4689,0.03,4.06,B1,noun
prospect,5827,0.03,4.13,9830,0.01,3.58,B2,noun
protective,5828,0.03,4.13,6472,0.02,3.87,B1,adjective
providers,5829,0.03,4.13,,,,,
publisher,5830,0.03,4.13,8810,0.01,3.66,B1,noun
putin,5831,0.03,4.13,,,,,
reportedly,5832,0.03,4.13,,,,,
retreat,5833,0.03,4.13,4431,0.03,4.09,B2,"noun, verb"
rookie,5834,0.03,4.13,7436,0.01,3.77,,
sandwich,5835,0.03,4.13,2826,0.05,4.34,A1,noun
seeks,5836,0.03,4.13,,,,,
sentences,5837,0.03,4.13,8522,0.01,3.68,,
separation,5838,0.03,4.13,7579,0.01,3.76,B1,noun
sexually,5839,0.03,4.13,5851,0.02,3.92,,
ski,5840,0.03,4.13,6378,0.02,3.88,B1,"noun, verb"
skilled,5841,0.03,4.13,8784,0.01,3.66,B2,adjective
sterling,5842,0.03,4.13,9294,0.01,3.62,,
stuart,5843,0.03,4.13,4885,0.02,4.04,,
surgeon,5844,0.03,4.13,3636,0.04,4.2,B1,noun
theft,5845,0.03,4.13,4643,0.03,4.06,B1,noun
um,5846,0.03,4.13,320,0.83,5.57,,
understands,5847,0.03,4.13,4308,0.03,4.11,,
valve,5848,0.03,4.13,8805,0.01,3.66,,
visa,5849,0.03,4.13,7624,0.01,3.75,B1,noun
washing,5850,0.03,4.13,4114,0.03,4.13,,
adjacent,5851,0.02,4.12,,,,,
agreements,5852,0.02,4.12,,,,,
appreciation,5853,0.02,4.12,8355,0.01,3.69,B1,noun
arabia,5854,0.02,4.12,,,,,
athletic,5855,0.02,4.12,9773,0.01,3.59,B1,adjective
authorized,5856,0.02,4.12,7980,0.01,3.72,,
banner,5857,0.02,4.12,8444,0.01,3.69,,
beijing,5858,0.02,4.12,9383,0.01,3.62,,
blew,5859,0.02,4.12,2401,0.06,4.44,,
blocking,5860,0.02,4.12,6857,0.02,3.83,,
brad,5861,0.02,4.12,3142,0.04,4.28,,
caribbean,5862,0.02,4.12,9408,0.01,3.61,,
charm,5863,0.02,4.12,3463,0.04,4.23,B1,noun
chasing,5864,0.02,4.12,2735,0.05,4.36,,
climbing,5865,0.02,4.12,4756,0.03,4.05,A2,noun
colony,5866,0.02,4.12,5670,0.02,3.94,,
complaining,5867,0.02,4.12,4303,0.03,4.11,,
cookies,5868,0.02,4.12,3888,0.03,4.16,,
cruel,5869,0.02,4.12,2743,0.05,4.36,B1,adjective
curriculum,5870,0.02,4.12,,,,B1,noun
deadline,5871,0.02,4.12,6940,0.01,3.82,B1,noun
deer,5872,0.02,4.12,4990,0.02,4.02,B2,noun
delta,5873,0.02,4.12,6487,0.02,3.86,,
demanded,5874,0.02,4.12,8689,0.01,3.67,,
dive,5875,0.02,4.12,4089,0.03,4.14,B1,"noun, verb"
divide,5876,0.02,4.12,6332,0.02,3.88,A2,"noun, verb"
easter,5877,0.02,4.12,6312,0.02,3.88,,
electoral,5878,0.02,4.12,,,,,
eleven,5879,0.02,4.12,4830,0.02,4.04,A1,number
entity,5880,0.02,4.12,,,,,
excessive,5881,0.02,4.12,9519,0.01,3.61,B2,adjective
exercises,5882,0.02,4.12,8972,0.01,3.64,,
feminist,5883,0.02,4.12,,,,,
governing,5884,0.02,4.12,,,,,
ham,5885,0.02,4.12,4440,0.03,4.09,A2,noun
heal,5886,0.02,4.12,3826,0.03,4.17,B1,verb
interface,5887,0.02,4.12,,,,,
ios,5888,0.02,4.12,,,,,
jewelry,5889,0.02,4.12,4448,0.03,4.09,,
journalism,5890,0.02,4.12,,,,B2,noun
juan,5891,0.02,4.12,4039,0.03,4.14,,
julia,5892,0.02,4.12,2471,0.06,4.43,,
jungle,5893,0.02,4.12,3117,0.04,4.29,B1,noun
linear,5894,0.02,4.12,,,,,
mg,5895,0.02,4.12,,,,,
occasional,5896,0.02,4.12,9743,0.01,3.59,B1,adjective
oriented,5897,0.02,4.12,,,,,
pete,5898,0.02,4.12,1779,0.09,4.6,,
pilots,5899,0.02,4.12,6988,0.01,3.81,,
prayers,5900,0.02,4.12,4295,0.03,4.11,,
predicted,5901,0.02,4.12,8229,0.01,3.7,,
pressed,5902,0.02,4.12,6757,0.02,3.83,,
preventing,5903,0.02,4.12,,,,,
prof,5904,0.02,4.12,,,,,
provisions,5905,0.02,4.12,,,,,
pursuit,5906,0.02,4.12,6117,0.02,3.9,B2,noun
rap,5907,0.02,4.12,4676,0.03,4.06,B1,"noun, verb"
reflected,5908,0.02,4.12,,,,,
reminder,5909,0.02,4.12,7679,0.01,3.75,B2,noun
restored,5910,0.02,4.12,7591,0.01,3.76,,
resume,5911,0.02,4.12,6443,0.02,3.87,B2,verb
rev,5912,0.02,4.12,,,,,
richmond,5913,0.02,4.12,9575,0.01,3.6,,
ridge,5914,0.02,4.12,6557,0.02,3.86,B2,noun
samsung,5915,0.02,4.12,,,,,
scholars,5916,0.02,4.12,,,,,
sealed,5917,0.02,4.12,4258,0.03,4.11,,
sounded,5918,0.02,4.12,3158,0.04,4.28,,
sri,5919,0.02,4.12,,,,,
streams,5920,0.02,4.12,,,,,
strongest,5921,0.02,4.12,5845,0.02,3.92,,
tends,5922,0.02,4.12,,,,,
tribe,5923,0.02,4.12,3141,0.04,4.28,B2,noun
unfortunate,5924,0.02,4.12,4009,0.03,4.15,B1,adjective
variable,5925,0.02,4.12,,,,,
victorian,5926,0.02,4.12,,,,,
worrying,5927,0.02,4.12,3400,0.04,4.24,B2,adjective
xi,5928,0.02,4.12,,,,,
zones,5929,0.02,4.12,,,,,
ace,5930,0.02,4.11,4436,0.03,4.09,,
adjusted,5931,0.02,4.11,,,,,
alternate,5932,0.02,4.11,9810,0.01,3.59,B2,verb
arrives,5933,0.02,4.11,4604,0.03,4.07,,
artwork,5934,0.02,4.11,,,,,
ashley,5935,0.02,4.11,3691,0.03,4.19,,
athlete,5936,0.02,4.11,7953,0.01,3.73,A2,noun
attraction,5937,0.02,4.11,7127,0.01,3.8,B1,noun
babe,5938,0.02,4.11,1702,0.1,4.63,,
bankruptcy,5939,0.02,4.11,,,,B2,noun
canon,5940,0.02,4.11,,,,B2,noun
capabilities,5941,0.02,4.11,,,,,
cared,5942,0.02,4.11,3550,0.04,4.21,,
catherine,5943,0.02,4.11,3007,0.05,4.31,,
chains,5944,0.02,4.11,5526,0.02,3.96,,
closure,5945,0.02,4.11,9513,0.01,3.61,B2,noun
cognitive,5946,0.02,4.11,,,,,
competitors,5947,0.02,4.11,,,,,
connecticut,5948,0.02,4.11,,,,,
convert,5949,0.02,4.11,9126,0.01,3.63,B2,verb
cooked,5950,0.02,4.11,3745,0.03,4.18,,
ct,5951,0.02,4.11,9948,0.01,3.58,,
cups,5952,0.02,4.11,6552,0.02,3.86,,
deciding,5953,0.02,4.11,9087,0.01,3.64,,
defender,5954,0.02,4.11,,,,B1,noun
dental,5955,0.02,4.11,7478,0.01,3.77,B2,adjective
diplomatic,5956,0.02,4.11,7905,0.01,3.73,,
divisions,5957,0.02,4.11,,,,,
drum,5958,0.02,4.11,4782,0.03,4.05,A1,noun
editorial,5959,0.02,4.11,,,,B2,noun
enabled,5960,0.02,4.11,,,,,
entertaining,5961,0.02,4.11,7528,0.01,3.76,B2,adjective
est,5962,0.02,4.11,9052,0.01,3.64,,
establishing,5963,0.02,4.11,,,,,
eternal,5964,0.02,4.11,3738,0.03,4.18,B1,adjective
freeze,5965,0.02,4.11,2456,0.06,4.43,A2,verb
generic,5966,0.02,4.11,,,,,
grandma,5967,0.02,4.11,1402,0.12,4.73,A1,noun
grip,5968,0.02,4.11,4814,0.02,4.04,B2,"noun, verb"
handful,5969,0.02,4.11,6528,0.02,3.86,,
happily,5970,0.02,4.11,3846,0.03,4.17,A2,adverb
harmony,5971,0.02,4.11,6239,0.02,3.89,A2,noun
hmm,5972,0.02,4.11,595,0.36,5.2,,
humble,5973,0.02,4.11,4516,0.03,4.08,B2,adjective
hurting,5974,0.02,4.11,2713,0.05,4.37,,
hybrid,5975,0.02,4.11,,,,B2,adjective
intentions,5976,0.02,4.11,5147,0.02,4.0,,
investing,5977,0.02,4.11,,,,,
keyboard,5978,0.02,4.11,8756,0.01,3.66,B1,noun
lasting,5979,0.02,4.11,,,,B1,adjective
locally,5980,0.02,4.11,,,,,
loses,5981,0.02,4.11,4826,0.02,4.04,,
mild,5982,0.02,4.11,7867,0.01,3.73,B1,adjective
minimal,5983,0.02,4.11,,,,,
mixing,5984,0.02,4.11,8646,0.01,3.67,,
molecular,5985,0.02,4.11,,,,,
nearest,5986,0.02,4.11,5606,0.02,3.95,,
neighbor,5987,0.02,4.11,2927,0.05,4.32,,
noon,5988,0.02,4.11,3459,0.04,4.23,A2,noun
nowadays,5989,0.02,4.11,4233,0.03,4.12,A2,adverb
openly,5990,0.02,4.11,8759,0.01,3.66,B2,adverb
overview,5991,0.02,4.11,,,,,
pairs,5992,0.02,4.11,7560,0.01,3.76,,
palestinian,5993,0.02,4.11,,,,,
parish,5994,0.02,4.11,7584,0.01,3.76,,
pathetic,5995,0.02,4.11,2749,0.05,4.36,,
poems,5996,0.02,4.11,6943,0.01,3.82,,
possibilities,5997,0.02,4.11,6113,0.02,3.9,,
potato,5998,0.02,4.11,4307,0.03,4.11,A1,noun
potter,5999,0.02,4.11,6260,0.02,3.89,,
preference,6000,0.02,4.11,,,,B1,noun
promising,6001,0.02,4.11,6143,0.02,3.89,,
proportion,6002,0.02,4.11,,,,B1,noun
purchases,6003,0.02,4.11,,,,,
rage,6004,0.02,4.11,4047,0.03,4.14,B1,noun
rd,6005,0.02,4.11,,,,,
reflects,6006,0.02,4.11,,,,,
respected,6007,0.02,4.11,5099,0.02,4.01,B2,adjective
restoration,6008,0.02,4.11,,,,,
selfish,6009,0.02,4.11,2977,0.05,4.31,B1,adjective
sergeant,6010,0.02,4.11,1217,0.14,4.81,,
silk,6011,0.02,4.11,4654,0.03,4.06,B1,noun
stamp,6012,0.02,4.11,5812,0.02,3.93,B2,"noun, verb"
throne,6013,0.02,4.11,3904,0.03,4.16,,
thy,6014,0.02,4.11,2382,0.06,4.44,,
urge,6015,0.02,4.11,6537,0.02,3.86,B2,"noun, verb"
voter,6016,0.02,4.11,,,,B2,noun
warner,6017,0.02,4.11,8245,0.01,3.7,,
wasting,6018,0.02,4.11,2683,0.05,4.38,,
witch,6019,0.02,4.11,2299,0.07,4.46,,
advantages,6020,0.02,4.1,,,,,
ally,6021,0.02,4.1,4798,0.03,4.05,B2,noun
archives,6022,0.02,4.1,,,,,
array,6023,0.02,4.1,,,,,
assisted,6024,0.02,4.1,,,,,
backs,6025,0.02,4.1,5100,0.02,4.01,,
belly,6026,0.02,4.1,3353,0.04,4.25,A2,noun
booth,6027,0.02,4.1,3253,0.04,4.26,B2,noun
breakdown,6028,0.02,4.1,6690,0.02,3.84,B2,noun
bridges,6029,0.02,4.1,7420,0.01,3.77,,
brutal,6030,0.02,4.1,4985,0.02,4.02,,
calculated,6031,0.02,4.1,,,,,
cam,6032,0.02,4.1,4911,0.02,4.03,,
centres,6033,0.02,4.1,,,,,
chapters,6034,0.02,4.1,,,,,
citizenship,6035,0.02,4.1,,,,B1,noun
civilians,6036,0.02,4.1,6384,0.02,3.87,,
cliff,6037,0.02,4.1,3210,0.04,4.27,B1,noun
conflicts,6038,0.02,4.1,,,,,
consensus,6039,0.02,4.1,,,,B2,noun
cycling,6040,0.02,4.1,,,,A2,noun
declaration,6041,0.02,4.1,9590,0.01,3.6,B1,noun
dennis,6042,0.02,4.1,3283,0.04,4.26,,
derby,6043,0.02,4.1,,,,,
distinction,6044,0.02,4.1,,,,B1,noun
donations,6045,0.02,4.1,,,,,
dragons,6046,0.02,4.1,6747,0.02,3.84,,
draws,6047,0.02,4.1,8550,0.01,3.68,,
examined,6048,0.02,4.1,7220,0.01,3.79,,
facial,6049,0.02,4.1,6951,0.01,3.82,,
faithful,6050,0.02,4.1,4650,0.03,4.06,B1,adjective
fatal,6051,0.02,4.1,5261,0.02,3.99,B2,adjective
fig,6052,0.02,4.1,,,,,
fitting,6053,0.02,4.1,6604,0.02,3.85,,
genuinely,6054,0.02,4.1,8943,0.01,3.65,B2,adverb
hardest,6055,0.02,4.1,5337,0.02,3.98,,
holland,6056,0.02,4.1,6984,0.01,3.81,,
honored,6057,0.02,4.1,4739,0.03,4.05,,
hunger,6058,0.02,4.1,4405,0.03,4.09,B1,noun
hurricane,6059,0.02,4.1,6962,0.01,3.82,,
implications,6060,0.02,4.1,,,,,
import,6061,0.02,4.1,,,,B2,verb
innovative,6062,0.02,4.1,,,,B2,adjective
ipad,6063,0.02,4.1,,,,,
jurisdiction,6064,0.02,4.1,8089,0.01,3.72,,
laughter,6065,0.02,4.1,1033,0.17,4.89,B1,noun
lemon,6066,0.02,4.1,3825,0.03,4.17,A2,noun
les,6067,0.02,4.1,6315,0.02,3.88,,
lifted,6068,0.02,4.1,6004,0.02,3.91,,
loading,6069,0.02,4.1,7904,0.01,3.73,,
lung,6070,0.02,4.1,4862,0.02,4.04,B1,noun
matching,6071,0.02,4.1,7347,0.01,3.78,,
mighty,6072,0.02,4.1,2856,0.05,4.33,B2,adjective
monetary,6073,0.02,4.1,,,,,
novels,6074,0.02,4.1,8847,0.01,3.65,,
nutrition,6075,0.02,4.1,,,,B1,noun
ore,6076,0.02,4.1,,,,,
os,6077,0.02,4.1,,,,,
outcomes,6078,0.02,4.1,,,,,
outta,6079,0.02,4.1,1820,0.09,4.59,,
pine,6080,0.02,4.1,6585,0.02,3.85,B2,noun
polls,6081,0.02,4.1,,,,,
poorly,6082,0.02,4.1,9102,0.01,3.63,,
portugal,6083,0.02,4.1,,,,,
pose,6084,0.02,4.1,5903,0.02,3.92,B2,noun
pour,6085,0.02,4.1,3254,0.04,4.26,A2,verb
proteins,6086,0.02,4.1,,,,,
provider,6087,0.02,4.1,,,,,
publish,6088,0.02,4.1,6977,0.01,3.81,A2,verb
purely,6089,0.02,4.1,7561,0.01,3.76,,
ralph,6090,0.02,4.1,3580,0.04,4.21,,
rental,6091,0.02,4.1,7935,0.01,3.73,B2,noun
resolved,6092,0.02,4.1,7971,0.01,3.72,,
rewards,6093,0.02,4.1,,,,,
sang,6094,0.02,4.1,3801,0.03,4.17,,
seemingly,6095,0.02,4.1,,,,,
senators,6096,0.02,4.1,,,,,
severely,6097,0.02,4.1,8845,0.01,3.65,B1,adverb
shark,6098,0.02,4.1,3587,0.04,4.21,,
shocking,6099,0.02,4.1,5611,0.02,3.95,B1,adjective
southwest,6100,0.02,4.1,,,,B1,"adjective, noun"
ss,6101,0.02,4.1,8041,0.01,3.72,,
studios,6102,0.02,4.1,9702,0.01,3.59,,
survivors,6103,0.02,4.1,5381,0.02,3.98,,
tales,6104,0.02,4.1,5404,0.02,3.97,,
technically,6105,0.02,4.1,3497,0.04,4.22,B2,adverb
titled,6106,0.02,4.1,,,,,
traditions,6107,0.02,4.1,8628,0.01,3.67,,
unlimited,6108,0.02,4.1,,,,B2,adjective
washed,6109,0.02,4.1,3713,0.03,4.19,,
watches,6110,0.02,4.1,5770,0.02,3.93,,
advise,6111,0.02,4.09,4561,0.03,4.08,A2,verb
anxious,6112,0.02,4.09,3924,0.03,4.16,A2,adjective
appearances,6113,0.02,4.09,8901,0.01,3.65,,
bee,6114,0.02,4.09,3906,0.03,4.16,A1,noun
bombing,6115,0.02,4.09,6126,0.02,3.9,B2,noun
cafe,6116,0.02,4.09,5022,0.02,4.02,,
carlos,6117,0.02,4.09,3132,0.04,4.29,,
challenged,6118,0.02,4.09,7936,0.01,3.73,,
cigarettes,6119,0.02,4.09,3266,0.04,4.26,,
colin,6120,0.02,4.09,4219,0.03,4.12,,
consisting,6121,0.02,4.09,,,,,
cult,6122,0.02,4.09,6411,0.02,3.87,,
dairy,6123,0.02,4.09,,,,,
dakota,6124,0.02,4.09,,,,,
darling,6125,0.02,4.09,691,0.29,5.1,B2,"adjective, noun"
delighted,6126,0.02,4.09,4087,0.03,4.14,B1,adjective
delivering,6127,0.02,4.09,6996,0.01,3.81,,
destroying,6128,0.02,4.09,4903,0.02,4.03,,
diary,6129,0.02,4.09,4262,0.03,4.11,A2,noun
disagree,6130,0.02,4.09,5137,0.02,4.0,A2,verb
disappear,6131,0.02,4.09,2203,0.07,4.49,A2,verb
drill,6132,0.02,4.09,3616,0.04,4.2,A2,noun
earliest,6133,0.02,4.09,9511,0.01,3.61,,
edges,6134,0.02,4.09,9301,0.01,3.62,,
entries,6135,0.02,4.09,,,,,
euro,6136,0.02,4.09,,,,A2,noun
evolved,6137,0.02,4.09,7186,0.01,3.8,,
exports,6138,0.02,4.09,,,,,
fixing,6139,0.02,4.09,4958,0.02,4.02,,
fl,6140,0.02,4.09,,,,,
flags,6141,0.02,4.09,8418,0.01,3.69,,
flies,6142,0.02,4.09,3436,0.04,4.23,,
forecast,6143,0.02,4.09,,,,B1,noun
fr,6144,0.02,4.09,,,,,
governance,6145,0.02,4.09,,,,,
heated,6146,0.02,4.09,9121,0.01,3.63,,
hug,6147,0.02,4.09,2529,0.06,4.41,A2,"noun, verb"
importantly,6148,0.02,4.09,5911,0.02,3.92,A2,adverb
indicating,6149,0.02,4.09,,,,,
indoor,6150,0.02,4.09,,,,A2,adjective
influential,6151,0.02,4.09,,,,B2,adjective
intend,6152,0.02,4.09,2663,0.05,4.38,B1,verb
invisible,6153,0.02,4.09,3709,0.03,4.19,B2,adjective
jeans,6154,0.02,4.09,5517,0.02,3.96,A1,noun
jets,6155,0.02,4.09,9739,0.01,3.59,,
julie,6156,0.02,4.09,2399,0.06,4.44,,
karen,6157,0.02,4.09,2367,0.06,4.45,,
lasted,6158,0.02,4.09,6364,0.02,3.88,,
lawsuit,6159,0.02,4.09,7120,0.01,3.8,B2,noun
leak,6160,0.02,4.09,4055,0.03,4.14,B2,"noun, verb"
lighter,6161,0.02,4.09,4453,0.03,4.09,B1,noun
lucas,6162,0.02,4.09,3104,0.04,4.29,,
marcus,6163,0.02,4.09,2975,0.05,4.31,,
mentions,6164,0.02,4.09,,,,,
meter,6165,0.02,4.09,6793,0.02,3.83,,
mice,6166,0.02,4.09,6529,0.02,3.86,,
musicians,6167,0.02,4.09,7314,0.01,3.78,,
olive,6168,0.02,4.09,6059,0.02,3.9,B2,noun
passionate,6169,0.02,4.09,5513,0.02,3.96,B2,adjective
potatoes,6170,0.02,4.09,3909,0.03,4.16,,
prevented,6171,0.02,4.09,,,,,
receiver,6172,0.02,4.09,9997,0.01,3.57,,
recommendation,6173,0.02,4.09,7796,0.01,3.74,B2,noun
riot,6174,0.02,4.09,5833,0.02,3.92,,
rogers,6175,0.02,4.09,6801,0.02,3.83,,
roster,6176,0.02,4.09,,,,,
safer,6177,0.02,4.09,4323,0.03,4.1,,
sells,6178,0.02,4.09,5671,0.02,3.94,,
sentenced,6179,0.02,4.09,6461,0.02,3.87,,
servant,6180,0.02,4.09,3002,0.05,4.31,B2,noun
setup,6181,0.02,4.09,7102,0.01,3.8,,
should've,6182,0.02,4.09,,,,,
skull,6183,0.02,4.09,2978,0.05,4.31,,
slot,6184,0.02,4.09,8745,0.01,3.66,B1,noun
smash,6185,0.02,4.09,4173,0.03,4.12,B2,verb
statue,6186,0.02,4.09,3972,0.03,4.15,A2,noun
surprisingly,6187,0.02,4.09,7942,0.01,3.73,B1,adverb
surrender,6188,0.02,4.09,2945,0.05,4.32,B2,verb
suspicious,6189,0.02,4.09,2816,0.05,4.34,B2,adjective
team's,6190,0.02,4.09,,,,,
teenager,6191,0.02,4.09,5836,0.02,3.92,A2,noun
tender,6192,0.02,4.09,4920,0.02,4.03,B2,adjective
thoroughly,6193,0.02,4.09,7017,0.01,3.81,B2,adverb
todd,6194,0.02,4.09,2818,0.05,4.34,,
treatments,6195,0.02,4.09,,,,,
tweeted,6196,0.02,4.09,,,,,
vacuum,6197,0.02,4.09,6253,0.02,3.89,,
variations,6198,0.02,4.09,,,,,
vi,6199,0.02,4.09,,,,,
where's,6200,0.02,4.09,,,,,
wi,6201,0.02,4.09,,,,,
wont,6202,0.02,4.09,7666,0.01,3.75,,
acknowledged,6203,0.02,4.08,,,,,
advances,6204,0.02,4.08,,,,,
agrees,6205,0.02,4.08,7393,0.01,3.78,,
allegations,6206,0.02,4.08,9727,0.01,3.59,,
anticipated,6207,0.02,4.08,,,,,
approve,6208,0.02,4.08,4468,0.03,4.09,B1,verb
architect,6209,0.02,4.08,6486,0.02,3.86,B1,noun
basin,6210,0.02,4.08,,,,B1,noun
beneficial,6211,0.02,4.08,,,,B2,adjective
bleeding,6212,0.02,4.08,2195,0.07,4.49,,
breed,6213,0.02,4.08,6477,0.02,3.87,B1,"noun, verb"
breeding,6214,0.02,4.08,8373,0.01,3.69,B1,noun
bride,6215,0.02,4.08,2264,0.07,4.47,A2,noun
broadway,6216,0.02,4.08,6007,0.02,3.91,,
bros,6217,0.02,4.08,,,,,
bud,6218,0.02,4.08,2917,0.05,4.32,B2,noun
butler,6219,0.02,4.08,5302,0.02,3.98,,
careers,6220,0.02,4.08,,,,,
cartoon,6221,0.02,4.08,8110,0.01,3.71,A1,noun
celebrities,6222,0.02,4.08,9071,0.01,3.64,,
chick,6223,0.02,4.08,2685,0.05,4.38,,
coke,6224,0.02,4.08,3674,0.04,4.19,A1,noun
comparable,6225,0.02,4.08,,,,,
confirmation,6226,0.02,4.08,7263,0.01,3.79,B1,noun
console,6227,0.02,4.08,9688,0.01,3.59,B2,verb
contractor,6228,0.02,4.08,9271,0.01,3.62,,
contributing,6229,0.02,4.08,,,,,
diameter,6230,0.02,4.08,,,,B1,noun
dubai,6231,0.02,4.08,9499,0.01,3.61,,
dublin,6232,0.02,4.08,,,,,
dump,6233,0.02,4.08,2445,0.06,4.43,B1,"noun, verb"
duo,6234,0.02,4.08,,,,,
dynamics,6235,0.02,4.08,,,,,
elephant,6236,0.02,4.08,3718,0.03,4.19,A2,noun
enhanced,6237,0.02,4.08,,,,,
essays,6238,0.02,4.08,,,,,
exhausted,6239,0.02,4.08,3610,0.04,4.2,B1,adjective
fabric,6240,0.02,4.08,6274,0.02,3.88,B2,noun
fabulous,6241,0.02,4.08,3742,0.03,4.18,B2,adjective
fairy,6242,0.02,4.08,3321,0.04,4.25,A1,noun
fathers,6243,0.02,4.08,4649,0.03,4.06,,
focuses,6244,0.02,4.08,,,,,
fold,6245,0.02,4.08,5928,0.02,3.92,B1,"noun, verb"
freak,6246,0.02,4.08,2142,0.07,4.5,B2,verb
frustrated,6247,0.02,4.08,6475,0.02,3.87,B1,adjective
gambling,6248,0.02,4.08,3528,0.04,4.22,B2,noun
gently,6249,0.02,4.08,4245,0.03,4.12,B2,adverb
glorious,6250,0.02,4.08,4908,0.02,4.03,B1,adjective
grief,6251,0.02,4.08,3689,0.03,4.19,B2,noun
harrison,6252,0.02,4.08,5192,0.02,4.0,,
historically,6253,0.02,4.08,,,,,
hub,6254,0.02,4.08,,,,,
hughes,6255,0.02,4.08,8404,0.01,3.69,,
inevitable,6256,0.02,4.08,6398,0.02,3.87,B1,adjective
investigating,6257,0.02,4.08,3617,0.04,4.2,,
kg,6258,0.02,4.08,,,,,
labels,6259,0.02,4.08,,,,,
lacking,6260,0.02,4.08,9043,0.01,3.64,,
laughs,6261,0.02,4.08,589,0.36,5.21,,
layout,6262,0.02,4.08,,,,,
lined,6263,0.02,4.08,6809,0.02,3.83,,
lodge,6264,0.02,4.08,6039,0.02,3.9,B1,noun
lords,6265,0.02,4.08,6290,0.02,3.88,,
merchant,6266,0.02,4.08,6920,0.01,3.82,B1,noun
merit,6267,0.02,4.08,9257,0.01,3.62,,
micro,6268,0.02,4.08,,,,B2,noun
myth,6269,0.02,4.08,4967,0.02,4.02,B1,noun
nintendo,6270,0.02,4.08,,,,,
objectives,6271,0.02,4.08,,,,,
obsessed,6272,0.02,4.08,3942,0.03,4.16,,
organised,6273,0.02,4.08,9433,0.01,3.61,,
overwhelming,6274,0.02,4.08,7290,0.01,3.79,B1,adjective
pale,6275,0.02,4.08,4701,0.03,4.06,B1,adjective
particles,6276,0.02,4.08,6807,0.02,3.83,,
pastor,6277,0.02,4.08,5901,0.02,3.92,B2,noun
penalties,6278,0.02,4.08,,,,,
permanently,6279,0.02,4.08,7756,0.01,3.74,B1,adverb
pets,6280,0.02,4.08,8128,0.01,3.71,,
pockets,6281,0.02,4.08,4198,0.03,4.12,,
poison,6282,0.02,4.08,2083,0.07,4.52,B2,"noun, verb"
predict,6283,0.02,4.08,6982,0.01,3.81,A2,verb
presenting,6284,0.02,4.08,9860,0.01,3.58,,
presidents,6285,0.02,4.08,,,,,
pressing,6286,0.02,4.08,6342,0.02,3.88,,
prints,6287,0.02,4.08,3083,0.04,4.29,,
provincial,6288,0.02,4.08,,,,,
raped,6289,0.02,4.08,3217,0.04,4.27,,
realised,6290,0.02,4.08,4674,0.03,4.06,,
rebel,6291,0.02,4.08,5377,0.02,3.98,B2,"noun, verb"
repairs,6292,0.02,4.08,8491,0.01,3.68,,
rotation,6293,0.02,4.08,,,,,
separately,6294,0.02,4.08,9755,0.01,3.59,B2,adverb
shaking,6295,0.02,4.08,3870,0.03,4.17,,
shaw,6296,0.02,4.08,5885,0.02,3.92,,
societies,6297,0.02,4.08,,,,,
solved,6298,0.02,4.08,3797,0.03,4.17,,
starring,6299,0.02,4.08,7555,0.01,3.76,,
struggles,6300,0.02,4.08,,,,,
subtle,6301,0.02,4.08,6355,0.02,3.88,B2,adjective
tastes,6302,0.02,4.08,3549,0.04,4.21,,
throws,6303,0.02,4.08,6254,0.02,3.89,,
toll,6304,0.02,4.08,7801,0.01,3.74,B2,noun
tooth,6305,0.02,4.08,3907,0.03,4.16,A1,noun
torn,6306,0.02,4.08,4075,0.03,4.14,,
tragic,6307,0.02,4.08,4185,0.03,4.12,B1,adjective
trainer,6308,0.02,4.08,7671,0.01,3.75,B2,noun
transformed,6309,0.02,4.08,7568,0.01,3.76,,
unbelievable,6310,0.02,4.08,2233,0.07,4.48,B1,adjective
underneath,6311,0.02,4.08,3137,0.04,4.28,B1,"adverb, preposition"
variation,6312,0.02,4.08,,,,B2,noun
viewing,6313,0.02,4.08,,,,,
viral,6314,0.02,4.08,,,,,
warehouse,6315,0.02,4.08,3812,0.03,4.17,,
wears,6316,0.02,4.08,4148,0.03,4.13,,
widow,6317,0.02,4.08,3683,0.04,4.19,B2,noun
wives,6318,0.02,4.08,3394,0.04,4.24,,
®,6319,0.02,4.08,,,,,
adjust,6320,0.02,4.07,6583,0.02,3.85,A2,verb
administrator,6321,0.02,4.07,,,,,
affecting,6322,0.02,4.07,,,,,
allied,6323,0.02,4.07,9252,0.01,3.62,,
altogether,6324,0.02,4.07,6146,0.02,3.89,B1,adverb
animated,6325,0.02,4.07,,,,B1,adjective
answering,6326,0.02,4.07,3198,0.04,4.27,,
assess,6327,0.02,4.07,,,,B2,verb
assumption,6328,0.02,4.07,9940,0.01,3.58,B2,noun
assured,6329,0.02,4.07,5450,0.02,3.97,,
austria,6330,0.02,4.07,9437,0.01,3.61,,
avoided,6331,0.02,4.07,8608,0.01,3.67,,
avoiding,6332,0.02,4.07,5589,0.02,3.95,,
basket,6333,0.02,4.07,4485,0.03,4.09,A2,noun
beard,6334,0.02,4.07,3789,0.03,4.18,B1,noun
bio,6335,0.02,4.07,,,,B2,noun
blanket,6336,0.02,4.07,4195,0.03,4.12,A2,noun
brains,6337,0.02,4.07,2354,0.06,4.45,,
bucket,6338,0.02,4.07,3995,0.03,4.15,A1,noun
burger,6339,0.02,4.07,4464,0.03,4.09,A1,noun
capability,6340,0.02,4.07,,,,B2,noun
charming,6341,0.02,4.07,2472,0.06,4.43,B2,adjective
chiefs,6342,0.02,4.07,,,,,
commented,6343,0.02,4.07,,,,,
computing,6344,0.02,4.07,,,,,
concentrate,6345,0.02,4.07,3199,0.04,4.27,A2,verb
conducting,6346,0.02,4.07,8815,0.01,3.66,,
consequence,6347,0.02,4.07,9607,0.01,3.6,A2,noun
continent,6348,0.02,4.07,6905,0.01,3.82,A2,noun
cookie,6349,0.02,4.07,4097,0.03,4.14,A1,noun
cruz,6350,0.02,4.07,8249,0.01,3.7,,
curse,6351,0.02,4.07,2515,0.06,4.42,A2,noun
displays,6352,0.02,4.07,,,,,
drain,6353,0.02,4.07,5163,0.02,4.0,B2,"noun, verb"
emissions,6354,0.02,4.07,,,,,
ethical,6355,0.02,4.07,,,,,
excellence,6356,0.02,4.07,,,,B1,noun
flame,6357,0.02,4.07,4652,0.03,4.06,B2,noun
forests,6358,0.02,4.07,7889,0.01,3.73,,
freely,6359,0.02,4.07,6455,0.02,3.87,B1,adverb
fruits,6360,0.02,4.07,7964,0.01,3.73,,
grabbed,6361,0.02,4.07,3556,0.04,4.21,,
graduation,6362,0.02,4.07,6033,0.02,3.91,B1,noun
hint,6363,0.02,4.07,5623,0.02,3.95,B2,noun
horizon,6364,0.02,4.07,6915,0.01,3.82,B1,noun
hostile,6365,0.02,4.07,5965,0.02,3.91,,
imagined,6366,0.02,4.07,3615,0.04,4.2,,
inhabitants,6367,0.02,4.07,,,,,
ink,6368,0.02,4.07,5508,0.02,3.96,B1,noun
inn,6369,0.02,4.07,4619,0.03,4.07,,
intel,6370,0.02,4.07,5390,0.02,3.97,,
kicks,6371,0.02,4.07,6131,0.02,3.9,,
legends,6372,0.02,4.07,7976,0.01,3.72,,
lo,6373,0.02,4.07,4566,0.03,4.08,,
lucy,6374,0.02,4.07,2077,0.07,4.52,,
magazines,6375,0.02,4.07,5509,0.02,3.96,,
matrix,6376,0.02,4.07,9507,0.01,3.61,,
measuring,6377,0.02,4.07,,,,,
miserable,6378,0.02,4.07,2841,0.05,4.34,B1,adjective
momentum,6379,0.02,4.07,,,,,
monkey,6380,0.02,4.07,2186,0.07,4.49,A1,noun
montreal,6381,0.02,4.07,,,,,
motorcycle,6382,0.02,4.07,4784,0.03,4.05,B1,noun
nationwide,6383,0.02,4.07,,,,B2,"adjective, adverb"
nest,6384,0.02,4.07,4119,0.03,4.13,,
newcastle,6385,0.02,4.07,,,,,
nicely,6386,0.02,4.07,3775,0.03,4.18,B2,adverb
ninth,6387,0.02,4.07,7773,0.01,3.74,,
nomination,6388,0.02,4.07,,,,B2,noun
notable,6389,0.02,4.07,,,,,
obligation,6390,0.02,4.07,7246,0.01,3.79,B2,noun
optical,6391,0.02,4.07,,,,,
outlook,6392,0.02,4.07,,,,B2,noun
penny,6393,0.02,4.07,2266,0.07,4.47,B1,noun
petty,6394,0.02,4.07,4257,0.03,4.11,B2,adjective
phd,6395,0.02,4.07,,,,,
ports,6396,0.02,4.07,,,,,
preserved,6397,0.02,4.07,9305,0.01,3.62,,
programmes,6398,0.02,4.07,,,,,
prospects,6399,0.02,4.07,,,,,
publishers,6400,0.02,4.07,,,,,
quantity,6401,0.02,4.07,,,,B1,noun
quantum,6402,0.02,4.07,7735,0.01,3.75,,
rainbow,6403,0.02,4.07,5233,0.02,3.99,B2,noun
rebels,6404,0.02,4.07,6279,0.02,3.88,,
recognised,6405,0.02,4.07,9364,0.01,3.62,,
reed,6406,0.02,4.07,5120,0.02,4.0,B2,noun
reign,6407,0.02,4.07,7183,0.01,3.8,,
responding,6408,0.02,4.07,7075,0.01,3.81,,
retained,6409,0.02,4.07,,,,,
rises,6410,0.02,4.07,6863,0.02,3.82,,
saves,6411,0.02,4.07,7712,0.01,3.75,,
scan,6412,0.02,4.07,4500,0.03,4.08,B2,"noun, verb"
scare,6413,0.02,4.07,1969,0.08,4.55,B1,verb
sectors,6414,0.02,4.07,,,,,
shorts,6415,0.02,4.07,5979,0.02,3.91,,
span,6416,0.02,4.07,,,,B2,verb
specialized,6417,0.02,4.07,,,,,
spencer,6418,0.02,4.07,4280,0.03,4.11,,
submission,6419,0.02,4.07,,,,,
sunny,6420,0.02,4.07,4283,0.03,4.11,A1,adjective
supporter,6421,0.02,4.07,,,,B1,noun
te,6422,0.02,4.07,6772,0.02,3.83,,
testament,6423,0.02,4.07,8973,0.01,3.64,,
toe,6424,0.02,4.07,5388,0.02,3.97,A2,noun
tops,6425,0.02,4.07,6343,0.02,3.88,,
tremendous,6426,0.02,4.07,5468,0.02,3.96,B1,adjective
valued,6427,0.02,4.07,,,,,
wounds,6428,0.02,4.07,3276,0.04,4.26,,
ab,6429,0.02,4.06,,,,,
accommodation,6430,0.02,4.06,,,,B2,noun
achievements,6431,0.02,4.06,,,,,
addressing,6432,0.02,4.06,,,,,
adorable,6433,0.02,4.06,4579,0.03,4.07,B1,adjective
allegedly,6434,0.02,4.06,,,,,
ambulance,6435,0.02,4.06,2418,0.06,4.43,B1,noun
ar,6436,0.02,4.06,9134,0.01,3.63,,
ashamed,6437,0.02,4.06,2003,0.08,4.54,B1,adjective
assure,6438,0.02,4.06,2730,0.05,4.36,B2,verb
bailey,6439,0.02,4.06,4770,0.03,4.05,,
ballot,6440,0.02,4.06,,,,B2,noun
batteries,6441,0.02,4.06,6574,0.02,3.86,,
blessing,6442,0.02,4.06,4046,0.03,4.14,B1,noun
btw,6443,0.02,4.06,,,,,
cemetery,6444,0.02,4.06,4657,0.03,4.06,B2,noun
chambers,6445,0.02,4.06,5673,0.02,3.94,,
cheat,6446,0.02,4.06,2997,0.05,4.31,B2,verb
cheer,6447,0.02,4.06,2783,0.05,4.35,A2,verb
chile,6448,0.02,4.06,,,,,
cigarette,6449,0.02,4.06,2398,0.06,4.44,A2,noun
compact,6450,0.02,4.06,,,,,
completing,6451,0.02,4.06,,,,,
consulting,6452,0.02,4.06,,,,,
cooling,6453,0.02,4.06,,,,,
corners,6454,0.02,4.06,6563,0.02,3.86,,
could've,6455,0.02,4.06,,,,,
deficit,6456,0.02,4.06,,,,B2,noun
demo,6457,0.02,4.06,9646,0.01,3.6,,
demon,6458,0.02,4.06,2690,0.05,4.37,,
demonstration,6459,0.02,4.06,6592,0.02,3.85,B1,noun
detected,6460,0.02,4.06,7987,0.01,3.72,,
detection,6461,0.02,4.06,,,,,
doll,6462,0.02,4.06,2662,0.05,4.38,A1,noun
donated,6463,0.02,4.06,9995,0.01,3.57,,
elaborate,6464,0.02,4.06,7828,0.01,3.74,,
elder,6465,0.02,4.06,3788,0.03,4.18,,
encountered,6466,0.02,4.06,8833,0.01,3.66,,
expertise,6467,0.02,4.06,8412,0.01,3.69,,
exploring,6468,0.02,4.06,9244,0.01,3.62,,
fc,6469,0.02,4.06,,,,,
fiber,6470,0.02,4.06,,,,,
filmed,6471,0.02,4.06,7153,0.01,3.8,,
fried,6472,0.02,4.06,4297,0.03,4.11,A2,adjective
grocery,6473,0.02,4.06,7006,0.01,3.81,,
guided,6474,0.02,4.06,,,,,
guinea,6475,0.02,4.06,7647,0.01,3.75,,
halfway,6476,0.02,4.06,3969,0.03,4.15,,
happier,6477,0.02,4.06,4359,0.03,4.1,,
heels,6478,0.02,4.06,4772,0.03,4.05,,
holmes,6479,0.02,4.06,4221,0.03,4.12,,
hull,6480,0.02,4.06,8195,0.01,3.71,,
independently,6481,0.02,4.06,,,,B2,adverb
indication,6482,0.02,4.06,9455,0.01,3.61,,
insisted,6483,0.02,4.06,4599,0.03,4.07,,
instances,6484,0.02,4.06,,,,,
intensive,6485,0.02,4.06,,,,B1,adjective
interactive,6486,0.02,4.06,,,,B2,adjective
intimate,6487,0.02,4.06,5472,0.02,3.96,B2,adjective
laundry,6488,0.02,4.06,3348,0.04,4.25,B2,noun
lbs,6489,0.02,4.06,,,,,
lifting,6490,0.02,4.06,8141,0.01,3.71,,
linda,6491,0.02,4.06,2767,0.05,4.35,,
martial,6492,0.02,4.06,4860,0.02,4.04,,
nigerian,6493,0.02,4.06,,,,,
northeast,6494,0.02,4.06,,,,B1,"adjective, noun"
observe,6495,0.02,4.06,4890,0.02,4.03,B1,verb
packing,6496,0.02,4.06,4284,0.03,4.11,B1,noun
panels,6497,0.02,4.06,,,,,
password,6498,0.02,4.06,5330,0.02,3.98,B1,noun
pokemon,6499,0.02,4.06,,,,,
politically,6500,0.02,4.06,,,,B2,adverb
presumably,6501,0.02,4.06,9936,0.01,3.58,B2,adverb
pretending,6502,0.02,4.06,3048,0.04,4.3,,
priorities,6503,0.02,4.06,,,,,
pronounced,6504,0.02,4.06,,,,,
prosecution,6505,0.02,4.06,5260,0.02,3.99,,
proves,6506,0.02,4.06,5053,0.02,4.01,,
pulse,6507,0.02,4.06,3419,0.04,4.24,B2,noun
purchasing,6508,0.02,4.06,,,,,
qualities,6509,0.02,4.06,7211,0.01,3.79,,
queens,6510,0.02,4.06,6046,0.02,3.9,,
rational,6511,0.02,4.06,7628,0.01,3.75,B1,adjective
realm,6512,0.02,4.06,6600,0.02,3.85,,
reforms,6513,0.02,4.06,,,,,
revenues,6514,0.02,4.06,,,,,
rides,6515,0.02,4.06,6769,0.02,3.83,,
ripped,6516,0.02,4.06,3539,0.04,4.22,,
rope,6517,0.02,4.06,2592,0.06,4.4,A2,noun
shadows,6518,0.02,4.06,4387,0.03,4.1,,
shout,6519,0.02,4.06,2880,0.05,4.33,B1,"noun, verb"
sierra,6520,0.02,4.06,9241,0.01,3.62,,
smartphone,6521,0.02,4.06,,,,,
specified,6522,0.02,4.06,,,,,
spectacular,6523,0.02,4.06,5779,0.02,3.93,B1,adjective
stan,6524,0.02,4.06,2709,0.05,4.37,,
streak,6525,0.02,4.06,8696,0.01,3.67,,
subscription,6526,0.02,4.06,,,,,
switching,6527,0.02,4.06,9158,0.01,3.63,,
technological,6528,0.02,4.06,,,,B1,adjective
temporarily,6529,0.02,4.06,7769,0.01,3.74,B2,adverb
tolerance,6530,0.02,4.06,,,,,
tourists,6531,0.02,4.06,6088,0.02,3.9,,
traditionally,6532,0.02,4.06,,,,B1,adverb
traveled,6533,0.02,4.06,5743,0.02,3.93,,
treats,6534,0.02,4.06,6424,0.02,3.87,,
unhappy,6535,0.02,4.06,3252,0.04,4.26,A2,adjective
whites,6536,0.02,4.06,8332,0.01,3.7,,
yup,6537,0.02,4.06,2949,0.05,4.32,,
accomplish,6538,0.02,4.05,6684,0.02,3.84,B1,verb
adequate,6539,0.02,4.05,,,,B2,adjective
alter,6540,0.02,4.05,7659,0.01,3.75,B2,verb
apology,6541,0.02,4.05,3288,0.04,4.26,B1,noun
arkansas,6542,0.02,4.05,,,,,
attributed,6543,0.02,4.05,,,,,
beg,6544,0.02,4.05,1355,0.13,4.75,A2,verb
belonging,6545,0.02,4.05,,,,,
booked,6546,0.02,4.05,4070,0.03,4.14,,
bout,6547,0.02,4.05,3847,0.03,4.17,,
bowling,6548,0.02,4.05,5417,0.02,3.97,,
brass,6549,0.02,4.05,5433,0.02,3.97,B1,noun
buzz,6550,0.02,4.05,3919,0.03,4.16,B2,"noun, verb"
clarke,6551,0.02,4.05,7968,0.01,3.73,,
comeback,6552,0.02,4.05,9676,0.01,3.6,,
cos,6553,0.02,4.05,1834,0.09,4.59,,
crops,6554,0.02,4.05,8826,0.01,3.66,,
declare,6555,0.02,4.05,5202,0.02,3.99,B1,verb
designers,6556,0.02,4.05,9952,0.01,3.58,,
detect,6557,0.02,4.05,7111,0.01,3.8,B2,verb
diagnosed,6558,0.02,4.05,9220,0.01,3.63,,
diesel,6559,0.02,4.05,,,,,
dimensions,6560,0.02,4.05,,,,,
dip,6561,0.02,4.05,5988,0.02,3.91,B2,verb
disturbing,6562,0.02,4.05,4498,0.03,4.08,,
doesnt,6563,0.02,4.05,,,,,
dot,6564,0.02,4.05,5875,0.02,3.92,B1,noun
dresses,6565,0.02,4.05,4992,0.02,4.02,,
dylan,6566,0.02,4.05,3289,0.04,4.26,,
effectiveness,6567,0.02,4.05,,,,B2,noun
eliminated,6568,0.02,4.05,6643,0.02,3.85,,
ellen,6569,0.02,4.05,3075,0.04,4.29,,
embarrassed,6570,0.02,4.05,2863,0.05,4.33,B1,adjective
exceptional,6571,0.02,4.05,8039,0.01,3.72,B2,adjective
filing,6572,0.02,4.05,8505,0.01,3.68,,
fled,6573,0.02,4.05,5176,0.02,4.0,,
foul,6574,0.02,4.05,4539,0.03,4.08,B2,adjective
frankly,6575,0.02,4.05,3096,0.04,4.29,B2,adverb
freezing,6576,0.02,4.05,3957,0.03,4.15,B1,adjective
graph,6577,0.02,4.05,,,,B1,noun
hack,6578,0.02,4.05,5367,0.02,3.98,,
hannah,6579,0.02,4.05,3110,0.04,4.29,,
hatred,6580,0.02,4.05,4910,0.02,4.03,B1,noun
ignorant,6581,0.02,4.05,6318,0.02,3.88,B2,adjective
influences,6582,0.02,4.05,,,,,
interact,6583,0.02,4.05,,,,B1,verb
judging,6584,0.02,4.05,4936,0.02,4.03,,
knights,6585,0.02,4.05,6434,0.02,3.87,,
lamp,6586,0.02,4.05,4576,0.03,4.07,A2,noun
limitations,6587,0.02,4.05,,,,,
majesty,6588,0.02,4.05,1326,0.13,4.76,,
measurement,6589,0.02,4.05,,,,B1,noun
measurements,6590,0.02,4.05,,,,,
median,6591,0.02,4.05,,,,,
medieval,6592,0.02,4.05,8274,0.01,3.7,,
milan,6593,0.02,4.05,6225,0.02,3.89,,
mobility,6594,0.02,4.05,,,,B2,noun
montana,6595,0.02,4.05,8554,0.01,3.68,,
murders,6596,0.02,4.05,3070,0.04,4.29,,
nc,6597,0.02,4.05,,,,,
ne,6598,0.02,4.05,7098,0.01,3.8,,
nyc,6599,0.02,4.05,,,,,
omg,6600,0.02,4.05,,,,,
orientation,6601,0.02,4.05,,,,,
oven,6602,0.02,4.05,4744,0.03,4.05,A2,noun
owen,6603,0.02,4.05,3822,0.03,4.17,,
passport,6604,0.02,4.05,3451,0.04,4.23,B1,noun
penis,6605,0.02,4.05,3670,0.04,4.19,,
pills,6606,0.02,4.05,2188,0.07,4.49,,
planets,6607,0.02,4.05,4788,0.03,4.05,,
proceeds,6608,0.02,4.05,,,,,
rabbit,6609,0.02,4.05,3033,0.05,4.3,A1,noun
raises,6610,0.02,4.05,,,,,
ranges,6611,0.02,4.05,,,,,
rats,6612,0.02,4.05,3445,0.04,4.23,,
retire,6613,0.02,4.05,4993,0.02,4.02,A2,verb
rhythm,6614,0.02,4.05,4781,0.03,4.05,A2,noun
ruth,6615,0.02,4.05,3747,0.03,4.18,,
savage,6616,0.02,4.05,5655,0.02,3.94,,
servers,6617,0.02,4.05,,,,,
shook,6618,0.02,4.05,7144,0.01,3.8,,
shooter,6619,0.02,4.05,4494,0.03,4.08,,
siblings,6620,0.02,4.05,9051,0.01,3.64,,
slim,6621,0.02,4.05,6141,0.02,3.89,A2,adjective
someday,6622,0.02,4.05,2306,0.07,4.46,A2,adverb
sophisticated,6623,0.02,4.05,5782,0.02,3.93,B2,adjective
spam,6624,0.02,4.05,,,,,
speeds,6625,0.02,4.05,,,,,
stack,6626,0.02,4.05,6850,0.02,3.83,B2,noun
stance,6627,0.02,4.05,,,,,
state's,6628,0.02,4.05,,,,,
static,6629,0.02,4.05,5340,0.02,3.98,,
subway,6630,0.02,4.05,5092,0.02,4.01,A1,noun
supportive,6631,0.02,4.05,8399,0.01,3.69,B1,adjective
surgical,6632,0.02,4.05,7559,0.01,3.76,,
symbols,6633,0.02,4.05,8289,0.01,3.7,,
tablet,6634,0.02,4.05,9734,0.01,3.59,B1,noun
tent,6635,0.02,4.05,3767,0.03,4.18,B1,noun
thesis,6636,0.02,4.05,9170,0.01,3.63,B2,noun
tide,6637,0.02,4.05,5324,0.02,3.98,B1,noun
travels,6638,0.02,4.05,6115,0.02,3.9,,
wallace,6639,0.02,4.05,5219,0.02,3.99,,
warfare,6640,0.02,4.05,9290,0.01,3.62,,
warming,6641,0.02,4.05,6821,0.02,3.83,,
week's,6642,0.02,4.05,,,,,
weekends,6643,0.02,4.05,6420,0.02,3.87,,
withdraw,6644,0.02,4.05,5610,0.02,3.95,B2,verb
withdrawal,6645,0.02,4.05,,,,B2,noun
youngest,6646,0.02,4.05,6208,0.02,3.89,,
aging,6647,0.02,4.04,,,,,
airline,6648,0.02,4.04,9018,0.01,3.64,B1,noun
alternatives,6649,0.02,4.04,,,,,
anyways,6650,0.02,4.04,4931,0.02,4.03,,
argues,6651,0.02,4.04,,,,,
audit,6652,0.02,4.04,,,,B2,noun
authentic,6653,0.02,4.04,7747,0.01,3.74,,
ave,6654,0.02,4.04,,,,,
backwards,6655,0.02,4.04,4251,0.03,4.11,,
bi,6656,0.02,4.04,,,,,
blonde,6657,0.02,4.04,3858,0.03,4.17,A2,adjective
blows,6658,0.02,4.04,2521,0.06,4.41,,
bolt,6659,0.02,4.04,6500,0.02,3.86,B2,"noun, verb"
brooks,6660,0.02,4.04,7792,0.01,3.74,,
bugs,6661,0.02,4.04,4317,0.03,4.11,,
bust,6662,0.02,4.04,2936,0.05,4.32,B1,verb
clearing,6663,0.02,4.04,5378,0.02,3.98,,
clips,6664,0.02,4.04,,,,,
collar,6665,0.02,4.04,4749,0.03,4.05,B1,noun
columbus,6666,0.02,4.04,,,,,
comply,6667,0.02,4.04,,,,,
cope,6668,0.02,4.04,6289,0.02,3.88,B2,verb
counted,6669,0.02,4.04,6438,0.02,3.87,,
crashed,6670,0.02,4.04,4695,0.03,4.06,,
creepy,6671,0.02,4.04,3591,0.04,4.21,B2,adjective
cum,6672,0.02,4.04,,,,,
denmark,6673,0.02,4.04,8895,0.01,3.65,,
divorced,6674,0.02,4.04,3161,0.04,4.28,B1,adjective
donate,6675,0.02,4.04,7922,0.01,3.73,B2,verb
drawings,6676,0.02,4.04,7556,0.01,3.76,,
dried,6677,0.02,4.04,6242,0.02,3.89,,
ebay,6678,0.02,4.04,,,,,
echo,6679,0.02,4.04,5783,0.02,3.93,,
editors,6680,0.02,4.04,,,,,
edwards,6681,0.02,4.04,8207,0.01,3.71,,
emotionally,6682,0.02,4.04,6299,0.02,3.88,B1,adverb
enhance,6683,0.02,4.04,,,,B2,verb
experiencing,6684,0.02,4.04,8312,0.01,3.7,,
extending,6685,0.02,4.04,,,,,
finale,6686,0.02,4.04,8533,0.01,3.68,,
flavor,6687,0.02,4.04,6380,0.02,3.87,,
floors,6688,0.02,4.04,6078,0.02,3.9,,
freaking,6689,0.02,4.04,3305,0.04,4.25,,
gloves,6690,0.02,4.04,3781,0.03,4.18,,
harper,6691,0.02,4.04,4430,0.03,4.09,,
hart,6692,0.02,4.04,7862,0.01,3.73,,
ignorance,6693,0.02,4.04,8227,0.01,3.7,B2,noun
ignoring,6694,0.02,4.04,7489,0.01,3.77,,
immigrant,6695,0.02,4.04,,,,B2,noun
induced,6696,0.02,4.04,,,,,
inspiring,6697,0.02,4.04,9421,0.01,3.61,,
intermediate,6698,0.02,4.04,,,,B1,adjective
invention,6699,0.02,4.04,6123,0.02,3.9,A2,noun
ip,6700,0.02,4.04,,,,,
jesse,6701,0.02,4.04,2659,0.05,4.38,,
joins,6702,0.02,4.04,,,,,
joking,6703,0.02,4.04,2193,0.07,4.49,,
lgbt,6704,0.02,4.04,,,,,
likewise,6705,0.02,4.04,8799,0.01,3.66,B2,adverb
lineup,6706,0.02,4.04,,,,,
logan,6707,0.02,4.04,4121,0.03,4.13,,
magnificent,6708,0.02,4.04,3895,0.03,4.16,B1,adjective
mathematical,6709,0.02,4.04,,,,B2,adjective
meantime,6710,0.02,4.04,3315,0.04,4.25,,
nails,6711,0.02,4.04,4332,0.03,4.1,,
nevada,6712,0.02,4.04,9425,0.01,3.61,,
newest,6713,0.02,4.04,8804,0.01,3.66,,
nonetheless,6714,0.02,4.04,,,,B1,adverb
nut,6715,0.02,4.04,4196,0.03,4.12,B2,noun
o'clock,6716,0.02,4.04,,,,A1,adverb
opposing,6717,0.02,4.04,,,,,
origins,6718,0.02,4.04,,,,,
orlando,6719,0.02,4.04,,,,,
person's,6720,0.02,4.04,,,,,
physicians,6721,0.02,4.04,,,,,
pipeline,6722,0.02,4.04,,,,,
placement,6723,0.02,4.04,,,,,
planted,6724,0.02,4.04,4620,0.03,4.07,,
pricing,6725,0.02,4.04,,,,,
pt,6726,0.02,4.04,,,,,
puerto,6727,0.02,4.04,9428,0.01,3.61,,
questioning,6728,0.02,4.04,4287,0.03,4.11,,
recreation,6729,0.02,4.04,,,,B2,noun
renewed,6730,0.02,4.04,,,,,
resigned,6731,0.02,4.04,8898,0.01,3.65,,
rt,6732,0.02,4.04,,,,,
shallow,6733,0.02,4.04,6885,0.01,3.82,B1,adjective
shanghai,6734,0.02,4.04,6910,0.01,3.82,,
shitty,6735,0.02,4.04,4666,0.03,4.06,,
singh,6736,0.02,4.04,4602,0.03,4.07,,
sins,6737,0.02,4.04,3843,0.03,4.17,,
sketch,6738,0.02,4.04,6092,0.02,3.9,B2,verb
smells,6739,0.02,4.04,2192,0.07,4.49,,
soda,6740,0.02,4.04,3885,0.03,4.16,A2,noun
spite,6741,0.02,4.04,5376,0.02,3.98,B2,noun
sponsor,6742,0.02,4.04,7445,0.01,3.77,B2,"noun, verb"
strengthen,6743,0.02,4.04,,,,B1,verb
strings,6744,0.02,4.04,5060,0.02,4.01,,
sunset,6745,0.02,4.04,5059,0.02,4.01,B1,noun
taiwan,6746,0.02,4.04,9289,0.01,3.62,,
thanksgiving,6747,0.02,4.04,4335,0.03,4.1,,
thee,6748,0.02,4.04,2561,0.06,4.4,,
thermal,6749,0.02,4.04,,,,,
trades,6750,0.02,4.04,,,,,
transform,6751,0.02,4.04,7789,0.01,3.74,B1,verb
witnessed,6752,0.02,4.04,5824,0.02,3.93,,
workplace,6753,0.02,4.04,,,,B1,noun
yelling,6754,0.02,4.04,1872,0.08,4.58,,
yorkshire,6755,0.02,4.04,,,,,
achieving,6756,0.02,4.03,,,,,
aliens,6757,0.02,4.03,4224,0.03,4.12,,
amsterdam,6758,0.02,4.03,8185,0.01,3.71,,
analyst,6759,0.02,4.03,,,,B2,noun
arabic,6760,0.02,4.03,6548,0.02,3.86,,
arctic,6761,0.02,4.03,8639,0.01,3.67,B2,adjective
assists,6762,0.02,4.03,,,,,
bennett,6763,0.02,4.03,6531,0.02,3.86,,
bristol,6764,0.02,4.03,,,,,
burnt,6765,0.02,4.03,3805,0.03,4.17,,
buyer,6766,0.02,4.03,6748,0.02,3.84,B1,noun
calories,6767,0.02,4.03,,,,,
cannabis,6768,0.02,4.03,,,,,
cease,6769,0.02,4.03,6019,0.02,3.91,B2,verb
championships,6770,0.02,4.03,,,,,
chapel,6771,0.02,4.03,6270,0.02,3.88,,
cloth,6772,0.02,4.03,5562,0.02,3.96,A1,noun
conferences,6773,0.02,4.03,,,,,
considers,6774,0.02,4.03,,,,,
container,6775,0.02,4.03,7543,0.01,3.76,A2,noun
cowboys,6776,0.02,4.03,9182,0.01,3.63,,
crushed,6777,0.02,4.03,4670,0.03,4.06,,
deployed,6778,0.02,4.03,,,,,
differ,6779,0.02,4.03,,,,B1,verb
dimensional,6780,0.02,4.03,,,,,
eager,6781,0.02,4.03,5473,0.02,3.96,B1,adjective
elect,6782,0.02,4.03,,,,B2,verb
elevated,6783,0.02,4.03,,,,,
essence,6784,0.02,4.03,6518,0.02,3.86,B1,noun
executives,6785,0.02,4.03,,,,,
family's,6786,0.02,4.03,,,,,
flames,6787,0.02,4.03,4824,0.02,4.04,,
fork,6788,0.02,4.03,6209,0.02,3.89,A2,noun
fur,6789,0.02,4.03,5355,0.02,3.98,B1,noun
gps,6790,0.02,4.03,6170,0.02,3.89,,
harold,6791,0.02,4.03,3770,0.03,4.18,,
harvest,6792,0.02,4.03,5696,0.02,3.94,A2,noun
headline,6793,0.02,4.03,9732,0.01,3.59,B1,noun
hudson,6794,0.02,4.03,6175,0.02,3.89,,
hype,6795,0.02,4.03,,,,,
identifying,6796,0.02,4.03,,,,,
impacts,6797,0.02,4.03,,,,,
insist,6798,0.02,4.03,2974,0.05,4.31,B1,verb
jo,6799,0.02,4.03,2752,0.05,4.36,,
junk,6800,0.02,4.03,3623,0.04,4.2,A2,noun
kenny,6801,0.02,4.03,3088,0.04,4.29,,
kidney,6802,0.02,4.03,5103,0.02,4.0,,
king's,6803,0.02,4.03,,,,,
ladder,6804,0.02,4.03,4761,0.03,4.05,B1,noun
lloyd,6805,0.02,4.03,4820,0.02,4.04,,
lobby,6806,0.02,4.03,5195,0.02,3.99,B2,noun
marc,6807,0.02,4.03,5724,0.02,3.94,,
mechanisms,6808,0.02,4.03,,,,,
mineral,6809,0.02,4.03,9649,0.01,3.6,B1,noun
mob,6810,0.02,4.03,4554,0.03,4.08,,
modest,6811,0.02,4.03,6338,0.02,3.88,B2,adjective
motors,6812,0.02,4.03,,,,,
mph,6813,0.02,4.03,,,,,
navigation,6814,0.02,4.03,,,,B2,noun
nicholas,6815,0.02,4.03,5119,0.02,4.0,,
orbit,6816,0.02,4.03,5384,0.02,3.97,B1,noun
paragraph,6817,0.02,4.03,,,,A1,noun
passive,6818,0.02,4.03,,,,B1,adjective
peninsula,6819,0.02,4.03,,,,,
phillips,6820,0.02,4.03,7701,0.01,3.75,,
pill,6821,0.02,4.03,3982,0.03,4.15,A2,noun
pork,6822,0.02,4.03,3937,0.03,4.16,B1,noun
portuguese,6823,0.02,4.03,8368,0.01,3.69,,
profitable,6824,0.02,4.03,,,,B2,adjective
provinces,6825,0.02,4.03,,,,,
ranch,6826,0.02,4.03,4322,0.03,4.11,,
rays,6827,0.02,4.03,8302,0.01,3.7,,
reasonably,6828,0.02,4.03,,,,B2,adverb
reject,6829,0.02,4.03,6955,0.01,3.82,B1,verb
remainder,6830,0.02,4.03,,,,B1,noun
schemes,6831,0.02,4.03,,,,,
screens,6832,0.02,4.03,,,,,
seized,6833,0.02,4.03,7698,0.01,3.75,,
semester,6834,0.02,4.03,7498,0.01,3.76,A2,noun
sentiment,6835,0.02,4.03,,,,,
servants,6836,0.02,4.03,4480,0.03,4.09,,
shipped,6837,0.02,4.03,8580,0.01,3.68,,
socks,6838,0.02,4.03,3920,0.03,4.16,,
sp,6839,0.02,4.03,,,,,
sr,6840,0.02,4.03,,,,,
suited,6841,0.02,4.03,8863,0.01,3.65,,
supplement,6842,0.02,4.03,,,,B2,noun
surviving,6843,0.02,4.03,7534,0.01,3.76,,
thereby,6844,0.02,4.03,,,,,
threshold,6845,0.02,4.03,,,,,
til,6846,0.02,4.03,6947,0.01,3.82,,
tin,6847,0.02,4.03,4747,0.03,4.05,B1,noun
tires,6848,0.02,4.03,2315,0.06,4.46,,
tribal,6849,0.02,4.03,5801,0.02,3.93,,
tribes,6850,0.02,4.03,8029,0.01,3.72,,
trunk,6851,0.02,4.03,3262,0.04,4.26,B2,noun
uncertainty,6852,0.02,4.03,,,,B1,noun
vampire,6853,0.02,4.03,3133,0.04,4.29,,
varied,6854,0.02,4.03,,,,B2,adjective
verdict,6855,0.02,4.03,5121,0.02,4.0,,
abandon,6856,0.02,4.02,3975,0.03,4.15,B1,verb
accommodate,6857,0.02,4.02,,,,,
accordingly,6858,0.02,4.02,,,,B2,adverb
aesthetic,6859,0.02,4.02,,,,,
algorithm,6860,0.02,4.02,,,,,
altered,6861,0.02,4.02,8504,0.01,3.68,,
anchor,6862,0.02,4.02,6533,0.02,3.86,B2,noun
angela,6863,0.02,4.02,2884,0.05,4.33,,
apr,6864,0.02,4.02,,,,,
arch,6865,0.02,4.02,9275,0.01,3.62,B2,noun
associations,6866,0.02,4.02,,,,,
au,6867,0.02,4.02,6765,0.02,3.83,,
audiences,6868,0.02,4.02,,,,,
axis,6869,0.02,4.02,,,,B2,noun
badge,6870,0.02,4.02,3997,0.03,4.15,B2,noun
bernard,6871,0.02,4.02,5189,0.02,4.0,,
bizarre,6872,0.02,4.02,6107,0.02,3.9,B2,adjective
bounce,6873,0.02,4.02,5661,0.02,3.94,B1,"noun, verb"
broadcasting,6874,0.02,4.02,9659,0.01,3.6,,
bs,6875,0.02,4.02,,,,,
bullets,6876,0.02,4.02,2829,0.05,4.34,,
buses,6877,0.02,4.02,8948,0.01,3.65,,
cannon,6878,0.02,4.02,4795,0.03,4.05,,
carol,6879,0.02,4.02,2741,0.05,4.36,,
carriers,6880,0.02,4.02,,,,,
chairs,6881,0.02,4.02,5313,0.02,3.98,,
cleaned,6882,0.02,4.02,3193,0.04,4.27,,
complexity,6883,0.02,4.02,,,,B2,noun
confusing,6884,0.02,4.02,5194,0.02,3.99,B1,adjective
consultation,6885,0.02,4.02,,,,,
continental,6886,0.02,4.02,,,,,
convenience,6887,0.02,4.02,8680,0.01,3.67,A2,noun
deliberately,6888,0.02,4.02,6056,0.02,3.9,B2,adverb
diamonds,6889,0.02,4.02,3422,0.04,4.23,,
diana,6890,0.02,4.02,3791,0.03,4.18,,
dictionary,6891,0.02,4.02,9643,0.01,3.6,A1,noun
dignity,6892,0.02,4.02,4508,0.03,4.08,B2,noun
dimension,6893,0.02,4.02,6624,0.02,3.85,B2,noun
disappointing,6894,0.02,4.02,8385,0.01,3.69,A2,adjective
diving,6895,0.02,4.02,6886,0.01,3.82,B1,noun
doug,6896,0.02,4.02,2722,0.05,4.37,,
duncan,6897,0.02,4.02,4703,0.03,4.06,,
ego,6898,0.02,4.02,5458,0.02,3.96,,
enthusiasm,6899,0.02,4.02,7511,0.01,3.76,B1,noun
environments,6900,0.02,4.02,,,,,
equation,6901,0.02,4.02,8953,0.01,3.65,B2,noun
extract,6902,0.02,4.02,8767,0.01,3.66,B2,"noun, verb"
favorites,6903,0.02,4.02,9160,0.01,3.63,,
ferry,6904,0.02,4.02,7212,0.01,3.79,B1,noun
fisher,6905,0.02,4.02,6323,0.02,3.88,,
flexibility,6906,0.02,4.02,,,,B2,noun
flowing,6907,0.02,4.02,6582,0.02,3.85,,
fm,6908,0.02,4.02,,,,,
fridge,6909,0.02,4.02,3973,0.03,4.15,A2,noun
functioning,6910,0.02,4.02,,,,,
fusion,6911,0.02,4.02,,,,,
gauge,6912,0.02,4.02,,,,,
goat,6913,0.02,4.02,3725,0.03,4.18,B2,noun
graduates,6914,0.02,4.02,,,,,
gut,6915,0.02,4.02,4417,0.03,4.09,,
heck,6916,0.02,4.02,3019,0.05,4.31,,
helmet,6917,0.02,4.02,4729,0.03,4.05,B1,noun
holders,6918,0.02,4.02,,,,,
ideology,6919,0.02,4.02,,,,B2,noun
idiots,6920,0.02,4.02,3114,0.04,4.29,,
inclusion,6921,0.02,4.02,,,,,
initiatives,6922,0.02,4.02,,,,,
innings,6923,0.02,4.02,,,,,
insects,6924,0.02,4.02,6192,0.02,3.89,,
instructor,6925,0.02,4.02,7300,0.01,3.79,B1,noun
isolation,6926,0.02,4.02,8896,0.01,3.65,B1,noun
ive,6927,0.02,4.02,,,,,
justified,6928,0.02,4.02,,,,,
keeper,6929,0.02,4.02,7039,0.01,3.81,B2,noun
lamb,6930,0.02,4.02,4040,0.03,4.14,B1,noun
liar,6931,0.02,4.02,1912,0.08,4.57,B1,noun
machinery,6932,0.02,4.02,8390,0.01,3.69,,
mansion,6933,0.02,4.02,5284,0.02,3.98,B2,noun
mega,6934,0.02,4.02,,,,,
mercury,6935,0.02,4.02,8205,0.01,3.71,,
namely,6936,0.02,4.02,,,,,
nbc,6937,0.02,4.02,,,,,
needing,6938,0.02,4.02,6011,0.02,3.91,,
nerves,6939,0.02,4.02,3776,0.03,4.18,B2,noun
nhl,6940,0.02,4.02,,,,,
obama's,6941,0.02,4.02,,,,,
observations,6942,0.02,4.02,,,,,
ordering,6943,0.02,4.02,6652,0.02,3.85,,
palmer,6944,0.02,4.02,5703,0.02,3.94,,
paths,6945,0.02,4.02,6768,0.02,3.83,,
peers,6946,0.02,4.02,,,,,
pending,6947,0.02,4.02,9403,0.01,3.61,,
platinum,6948,0.02,4.02,,,,,
possess,6949,0.02,4.02,6283,0.02,3.88,B1,verb
praised,6950,0.02,4.02,,,,,
premises,6951,0.02,4.02,7417,0.01,3.77,,
probability,6952,0.02,4.02,,,,B1,noun
ps,6953,0.02,4.02,,,,,
questioned,6954,0.02,4.02,5955,0.02,3.91,,
refuses,6955,0.02,4.02,6401,0.02,3.87,,
resignation,6956,0.02,4.02,7349,0.01,3.78,B2,noun
rider,6957,0.02,4.02,6845,0.02,3.83,B2,noun
ritual,6958,0.02,4.02,4928,0.02,4.03,B2,noun
ruins,6959,0.02,4.02,5908,0.02,3.92,,
shelf,6960,0.02,4.02,6414,0.02,3.87,A1,noun
slam,6961,0.02,4.02,6838,0.02,3.83,B2,verb
stakes,6962,0.02,4.02,7643,0.01,3.75,,
starter,6963,0.02,4.02,,,,,
sticking,6964,0.02,4.02,4088,0.03,4.14,,
subscribe,6965,0.02,4.02,,,,,
superman,6966,0.02,4.02,4286,0.03,4.11,,
surfaces,6967,0.02,4.02,,,,,
ta,6968,0.02,4.02,5742,0.02,3.93,,
territories,6969,0.02,4.02,,,,,
tire,6970,0.02,4.02,4344,0.03,4.1,B1,verb
tl,6971,0.02,4.02,,,,,
towers,6972,0.02,4.02,7199,0.01,3.8,,
transfers,6973,0.02,4.02,,,,,
utterly,6974,0.02,4.02,6986,0.01,3.81,B2,adverb
voltage,6975,0.02,4.02,,,,,
warn,6976,0.02,4.02,2301,0.07,4.46,B1,verb
width,6977,0.02,4.02,,,,B2,noun
workout,6978,0.02,4.02,,,,B1,noun
aa,6979,0.02,4.01,,,,,
abu,6980,0.02,4.01,9324,0.01,3.62,,
activated,6981,0.02,4.01,7737,0.01,3.75,,
adaptation,6982,0.02,4.01,,,,,
advisor,6983,0.02,4.01,8308,0.01,3.7,,
aluminum,6984,0.02,4.01,,,,,
apartments,6985,0.02,4.01,8076,0.01,3.72,,
attitudes,6986,0.02,4.01,,,,,
attorneys,6987,0.02,4.01,,,,,
bail,6988,0.02,4.01,3174,0.04,4.28,,
barriers,6989,0.02,4.01,,,,,
belonged,6990,0.02,4.01,4402,0.03,4.09,,
bradley,6991,0.02,4.01,7259,0.01,3.79,,
brandon,6992,0.02,4.01,4217,0.03,4.12,,
broader,6993,0.02,4.01,,,,,
buck,6994,0.02,4.01,3089,0.04,4.29,,
cal,6995,0.02,4.01,5467,0.02,3.96,,
caroline,6996,0.02,4.01,3586,0.04,4.21,,
characterized,6997,0.02,4.01,,,,,
civilization,6998,0.02,4.01,5319,0.02,3.98,,
congrats,6999,0.02,4.01,8435,0.01,3.69,,
contractors,7000,0.02,4.01,,,,,
creativity,7001,0.02,4.01,,,,A2,noun
dealers,7002,0.02,4.01,6695,0.02,3.84,,
delicate,7003,0.02,4.01,4211,0.03,4.12,B1,adjective
den,7004,0.02,4.01,5484,0.02,3.96,,
derek,7005,0.02,4.01,3389,0.04,4.24,,
desires,7006,0.02,4.01,5287,0.02,3.98,,
disappointment,7007,0.02,4.01,6925,0.01,3.82,B1,noun
disk,7008,0.02,4.01,9055,0.01,3.64,,
enters,7009,0.02,4.01,7960,0.01,3.73,,
evaluate,7010,0.02,4.01,,,,B2,verb
formally,7011,0.02,4.01,,,,B1,adverb
frames,7012,0.02,4.01,,,,,
goddess,7013,0.02,4.01,3922,0.03,4.16,B1,noun
gov,7014,0.02,4.01,,,,,
hampshire,7015,0.02,4.01,,,,,
harassment,7016,0.02,4.01,8022,0.01,3.72,,
hats,7017,0.02,4.01,5399,0.02,3.97,,
hugh,7018,0.02,4.01,5720,0.02,3.94,,
insert,7019,0.02,4.01,,,,,
joan,7020,0.02,4.01,3665,0.04,4.19,,
lebanon,7021,0.02,4.01,,,,,
leeds,7022,0.02,4.01,,,,,
legit,7023,0.02,4.01,8999,0.01,3.64,,
leonard,7024,0.02,4.01,4318,0.03,4.11,,
liquor,7025,0.02,4.01,3681,0.04,4.19,,
loser,7026,0.02,4.01,2534,0.06,4.41,,
malcolm,7027,0.02,4.01,3601,0.04,4.2,,
massage,7028,0.02,4.01,4259,0.03,4.11,B2,noun
matched,7029,0.02,4.01,8003,0.01,3.72,,
messed,7030,0.02,4.01,2924,0.05,4.32,,
milwaukee,7031,0.02,4.01,,,,,
musician,7032,0.02,4.01,5914,0.02,3.92,A1,noun
nato,7033,0.02,4.01,,,,,
nephew,7034,0.02,4.01,3166,0.04,4.28,B1,noun
notably,7035,0.02,4.01,,,,,
orchestra,7036,0.02,4.01,6391,0.02,3.87,B1,noun
oz,7037,0.02,4.01,7696,0.01,3.75,,
packages,7038,0.02,4.01,,,,,
pad,7039,0.02,4.01,6083,0.02,3.9,B2,noun
pakistani,7040,0.02,4.01,,,,,
participated,7041,0.02,4.01,,,,,
precision,7042,0.02,4.01,9798,0.01,3.59,,
preservation,7043,0.02,4.01,,,,B1,noun
priests,7044,0.02,4.01,6263,0.02,3.89,,
privately,7045,0.02,4.01,9024,0.01,3.64,B2,adverb
prizes,7046,0.02,4.01,,,,,
pulls,7047,0.02,4.01,5962,0.02,3.91,,
qualifying,7048,0.02,4.01,,,,,
reasoning,7049,0.02,4.01,,,,,
relaxed,7050,0.02,4.01,5698,0.02,3.94,A2,adjective
reporters,7051,0.02,4.01,5227,0.02,3.99,,
roses,7052,0.02,4.01,4175,0.03,4.12,,
rumors,7053,0.02,4.01,4338,0.03,4.1,,
sail,7054,0.02,4.01,3992,0.03,4.15,B2,verb
salmon,7055,0.02,4.01,6106,0.02,3.9,B1,noun
secretly,7056,0.02,4.01,5201,0.02,3.99,B1,adverb
seller,7057,0.02,4.01,,,,B2,noun
sen,7058,0.02,4.01,,,,,
seo,7059,0.02,4.01,7486,0.01,3.77,,
sheer,7060,0.02,4.01,7360,0.01,3.78,B1,adjective
shifts,7061,0.02,4.01,7187,0.01,3.8,,
simpson,7062,0.02,4.01,5632,0.02,3.95,,
smallest,7063,0.02,4.01,8320,0.01,3.7,,
specially,7064,0.02,4.01,7994,0.01,3.72,B1,adverb
stark,7065,0.02,4.01,5625,0.02,3.95,,
struggled,7066,0.02,4.01,8877,0.01,3.65,,
sympathy,7067,0.02,4.01,5389,0.02,3.97,B1,noun
tan,7068,0.02,4.01,5457,0.02,3.96,B2,noun
teenagers,7069,0.02,4.01,7114,0.01,3.8,,
theoretical,7070,0.02,4.01,,,,,
thumb,7071,0.02,4.01,5182,0.02,4.0,B1,noun
timber,7072,0.02,4.01,,,,,
transparent,7073,0.02,4.01,,,,B2,adjective
travis,7074,0.02,4.01,4197,0.03,4.12,,
trump's,7075,0.02,4.01,,,,,
tweets,7076,0.02,4.01,,,,,
tx,7077,0.02,4.01,,,,,
upside,7078,0.02,4.01,4865,0.02,4.04,,
urged,7079,0.02,4.01,,,,,
visitor,7080,0.02,4.01,4632,0.03,4.06,A2,noun
vitamin,7081,0.02,4.01,,,,B2,noun
void,7082,0.02,4.01,7466,0.01,3.77,,
voluntary,7083,0.02,4.01,,,,,
wheat,7084,0.02,4.01,6851,0.02,3.83,B2,noun
whip,7085,0.02,4.01,4160,0.03,4.13,B2,verb
wipe,7086,0.02,4.01,3009,0.05,4.31,B2,verb
wolves,7087,0.02,4.01,4713,0.03,4.06,,
wrist,7088,0.02,4.01,5160,0.02,4.0,B1,noun
™,7089,0.02,4.01,,,,,
abused,7090,0.02,4.0,6865,0.02,3.82,,
acute,7091,0.02,4.0,,,,B2,adjective
admiral,7092,0.02,4.0,3790,0.03,4.18,,
amanda,7093,0.02,4.0,2488,0.06,4.42,,
arnold,7094,0.02,4.0,5363,0.02,3.98,,
arrange,7095,0.02,4.0,2957,0.05,4.32,B1,verb
banana,7096,0.02,4.0,4660,0.03,4.06,A1,noun
behave,7097,0.02,4.0,2746,0.05,4.36,B1,verb
betting,7098,0.02,4.0,6159,0.02,3.89,,
blair,7099,0.02,4.0,5732,0.02,3.94,,
bo,7100,0.02,4.0,3819,0.03,4.17,,
borrow,7101,0.02,4.0,2294,0.07,4.46,A1,verb
camping,7102,0.02,4.0,5810,0.02,3.93,A2,noun
capitol,7103,0.02,4.0,,,,,
celtic,7104,0.02,4.0,,,,,
chan,7105,0.02,4.0,4439,0.03,4.09,,
chin,7106,0.02,4.0,3923,0.03,4.16,A2,noun
civic,7107,0.02,4.0,,,,,
clerk,7108,0.02,4.0,5018,0.02,4.02,A2,noun
conclusions,7109,0.02,4.0,7777,0.01,3.74,,
considerably,7110,0.02,4.0,,,,B2,adverb
contacted,7111,0.02,4.0,5448,0.02,3.97,,
cottage,7112,0.02,4.0,5970,0.02,3.91,B2,noun
coup,7113,0.02,4.0,8479,0.01,3.68,,
criticized,7114,0.02,4.0,,,,,
crude,7115,0.02,4.0,9642,0.01,3.6,,
dash,7116,0.02,4.0,6133,0.02,3.9,B2,"noun, verb"
decreased,7117,0.02,4.0,,,,,
defended,7118,0.02,4.0,9344,0.01,3.62,,
demons,7119,0.02,4.0,4187,0.03,4.12,,
deposits,7120,0.02,4.0,,,,,
disclosure,7121,0.02,4.0,,,,,
disposal,7122,0.02,4.0,6779,0.02,3.83,B2,noun
distinctive,7123,0.02,4.0,,,,,
documented,7124,0.02,4.0,,,,,
donation,7125,0.02,4.0,7817,0.01,3.74,B2,noun
dragged,7126,0.02,4.0,3653,0.04,4.2,,
drone,7127,0.02,4.0,7752,0.01,3.74,,
else's,7128,0.02,4.0,,,,,
encounters,7129,0.02,4.0,,,,,
ensuring,7130,0.02,4.0,,,,,
enterprises,7131,0.02,4.0,,,,,
escort,7132,0.02,4.0,3564,0.04,4.21,,
exams,7133,0.02,4.0,6122,0.02,3.9,,
firmly,7134,0.02,4.0,9113,0.01,3.63,B1,adverb
flour,7135,0.02,4.0,7722,0.01,3.75,A2,noun
gdp,7136,0.02,4.0,,,,,
geneva,7137,0.02,4.0,9340,0.01,3.62,,
hindu,7138,0.02,4.0,,,,,
holdings,7139,0.02,4.0,,,,,
indie,7140,0.02,4.0,,,,,
indirect,7141,0.02,4.0,,,,B1,adjective
inspire,7142,0.02,4.0,8576,0.01,3.68,B1,verb
institutional,7143,0.02,4.0,,,,,
interim,7144,0.02,4.0,,,,,
interviewed,7145,0.02,4.0,7381,0.01,3.78,,
java,7146,0.02,4.0,,,,,
jefferson,7147,0.02,4.0,6674,0.02,3.85,,
jerk,7148,0.02,4.0,2137,0.07,4.5,,
karl,7149,0.02,4.0,3914,0.03,4.16,,
kindly,7150,0.02,4.0,4846,0.02,4.04,B1,"adjective, adverb"
kindness,7151,0.02,4.0,4811,0.02,4.04,B1,noun
leaked,7152,0.02,4.0,9075,0.01,3.64,,
locals,7153,0.02,4.0,7400,0.01,3.77,,
lottery,7154,0.02,4.0,5462,0.02,3.96,B1,noun
louise,7155,0.02,4.0,3567,0.04,4.21,,
magnitude,7156,0.02,4.0,,,,,
mc,7157,0.02,4.0,,,,,
minus,7158,0.02,4.0,5527,0.02,3.96,B1,preposition
nhs,7159,0.02,4.0,,,,,
noting,7160,0.02,4.0,,,,,
nude,7161,0.02,4.0,7242,0.01,3.79,,
organs,7162,0.02,4.0,5929,0.02,3.92,,
outlet,7163,0.02,4.0,,,,B2,noun
outlets,7164,0.02,4.0,,,,,
parameters,7165,0.02,4.0,,,,,
pause,7166,0.02,4.0,7533,0.01,3.76,B1,"noun, verb"
pledge,7167,0.02,4.0,6319,0.02,3.88,,
portal,7168,0.02,4.0,7215,0.01,3.79,,
prescription,7169,0.02,4.0,6030,0.02,3.91,B1,noun
protesters,7170,0.02,4.0,,,,,
proving,7171,0.02,4.0,7530,0.01,3.76,,
publicity,7172,0.02,4.0,5464,0.02,3.96,B2,noun
punished,7173,0.02,4.0,3599,0.04,4.2,,
puppy,7174,0.02,4.0,4549,0.03,4.08,B1,noun
recruitment,7175,0.02,4.0,,,,,
screwed,7176,0.02,4.0,2144,0.07,4.5,,
shades,7177,0.02,4.0,9846,0.01,3.58,,
shakespeare,7178,0.02,4.0,5456,0.02,3.96,,
silicon,7179,0.02,4.0,,,,,
slice,7180,0.02,4.0,5075,0.02,4.01,B2,"noun, verb"
spelling,7181,0.02,4.0,9730,0.01,3.59,B1,noun
spurs,7182,0.02,4.0,,,,,
subscribers,7183,0.02,4.0,,,,,
surveys,7184,0.02,4.0,,,,,
survivor,7185,0.02,4.0,5540,0.02,3.96,B1,noun
telegraph,7186,0.02,4.0,,,,,
tits,7187,0.02,4.0,3876,0.03,4.17,,
vaccine,7188,0.02,4.0,9328,0.01,3.62,B2,noun
vinyl,7189,0.02,4.0,,,,,
westminster,7190,0.02,4.0,,,,,
wished,7191,0.02,4.0,4738,0.03,4.05,,
wonders,7192,0.02,4.0,6327,0.02,3.88,,
accurately,7193,0.02,3.99,,,,B1,adverb
adelaide,7194,0.02,3.99,,,,,
affiliate,7195,0.02,3.99,,,,,
alfred,7196,0.02,3.99,5310,0.02,3.98,,
asylum,7197,0.02,3.99,6758,0.02,3.83,,
barn,7198,0.02,3.99,4030,0.03,4.14,B2,noun
bent,7199,0.02,3.99,5501,0.02,3.96,B1,adjective
bernie,7200,0.02,3.99,6226,0.02,3.89,,
brussels,7201,0.02,3.99,,,,,
cathedral,7202,0.02,3.99,8725,0.01,3.66,B2,noun
centered,7203,0.02,3.99,,,,,
child's,7204,0.02,3.99,,,,,
clause,7205,0.02,3.99,,,,B2,noun
cluster,7206,0.02,3.99,,,,,
complained,7207,0.02,3.99,8348,0.01,3.69,,
compounds,7208,0.02,3.99,,,,,
consistency,7209,0.02,3.99,,,,,
cr,7210,0.02,3.99,,,,,
cracked,7211,0.02,3.99,5118,0.02,4.0,,
cylinder,7212,0.02,3.99,,,,,
dancer,7213,0.02,3.99,3645,0.04,4.2,A2,noun
deaf,7214,0.02,3.99,3482,0.04,4.23,B1,adjective
debts,7215,0.02,3.99,5221,0.02,3.99,,
denial,7216,0.02,3.99,8281,0.01,3.7,,
digging,7217,0.02,3.99,3189,0.04,4.28,,
dock,7218,0.02,3.99,5502,0.02,3.96,B2,noun
entrepreneur,7219,0.02,3.99,,,,B2,noun
evident,7220,0.02,3.99,,,,B1,adjective
expectation,7221,0.02,3.99,,,,B2,noun
expedition,7222,0.02,3.99,6220,0.02,3.89,B2,noun
expressing,7223,0.02,3.99,,,,,
extends,7224,0.02,3.99,,,,,
facilitate,7225,0.02,3.99,,,,B2,verb
failures,7226,0.02,3.99,,,,,
feat,7227,0.02,3.99,,,,B2,noun
fossil,7228,0.02,3.99,,,,,
founding,7229,0.02,3.99,,,,,
freight,7230,0.02,3.99,,,,,
generating,7231,0.02,3.99,,,,,
goddamn,7232,0.02,3.99,1338,0.13,4.76,,
guides,7233,0.02,3.99,,,,,
honesty,7234,0.02,3.99,5229,0.02,3.99,B1,noun
inappropriate,7235,0.02,3.99,6252,0.02,3.89,,
infant,7236,0.02,3.99,8827,0.01,3.66,B2,noun
initiated,7237,0.02,3.99,,,,,
injection,7238,0.02,3.99,7366,0.01,3.78,B2,noun
instrumental,7239,0.02,3.99,4823,0.02,4.04,,
insult,7240,0.02,3.99,3821,0.03,4.17,B2,"noun, verb"
interference,7241,0.02,3.99,7664,0.01,3.75,,
interstate,7242,0.02,3.99,,,,,
julian,7243,0.02,3.99,3695,0.03,4.19,,
launching,7244,0.02,3.99,,,,,
liking,7245,0.02,3.99,6034,0.02,3.91,,
linux,7246,0.02,3.99,,,,,
luis,7247,0.02,3.99,5891,0.02,3.92,,
mates,7248,0.02,3.99,5225,0.02,3.99,,
mediterranean,7249,0.02,3.99,9685,0.01,3.6,B1,noun
nation's,7250,0.02,3.99,,,,,
neat,7251,0.02,3.99,4888,0.02,4.04,B2,adjective
negotiate,7252,0.02,3.99,5294,0.02,3.98,B1,verb
neo,7253,0.02,3.99,,,,,
nicole,7254,0.02,3.99,3842,0.03,4.17,,
obligations,7255,0.02,3.99,,,,,
offset,7256,0.02,3.99,,,,,
outbreak,7257,0.02,3.99,,,,B2,noun
pal,7258,0.02,3.99,1770,0.09,4.61,A2,noun
palestine,7259,0.02,3.99,,,,,
perfection,7260,0.02,3.99,7505,0.01,3.76,,
pigs,7261,0.02,3.99,3557,0.04,4.21,,
pirates,7262,0.02,3.99,5617,0.02,3.95,,
posters,7263,0.02,3.99,8099,0.01,3.71,,
practicing,7264,0.02,3.99,4940,0.02,4.03,,
praying,7265,0.02,3.99,4238,0.03,4.12,,
probe,7266,0.02,3.99,7447,0.01,3.77,B2,noun
prohibited,7267,0.02,3.99,,,,,
projected,7268,0.02,3.99,,,,,
propose,7269,0.02,3.99,3771,0.03,4.18,B1,verb
quarterly,7270,0.02,3.99,,,,,
recipes,7271,0.02,3.99,,,,,
recruiting,7272,0.02,3.99,,,,,
refusing,7273,0.02,3.99,7915,0.01,3.73,,
rehabilitation,7274,0.02,3.99,,,,,
reid,7275,0.02,3.99,6700,0.02,3.84,,
remix,7276,0.02,3.99,,,,,
resistant,7277,0.02,3.99,,,,,
reynolds,7278,0.02,3.99,6634,0.02,3.85,,
riders,7279,0.02,3.99,,,,,
robots,7280,0.02,3.99,6388,0.02,3.87,,
rockets,7281,0.02,3.99,9226,0.01,3.63,,
roller,7282,0.02,3.99,7086,0.01,3.8,,
sailing,7283,0.02,3.99,5775,0.02,3.93,A2,noun
shapes,7284,0.02,3.99,8792,0.01,3.66,,
skinny,7285,0.02,3.99,4565,0.03,4.08,,
slipped,7286,0.02,3.99,3480,0.04,4.23,,
sneak,7287,0.02,3.99,3592,0.04,4.21,B2,verb
solving,7288,0.02,3.99,9076,0.01,3.64,,
sore,7289,0.02,3.99,4373,0.03,4.1,B1,adjective
spark,7290,0.02,3.99,6454,0.02,3.87,B2,noun
speculation,7291,0.02,3.99,9715,0.01,3.59,,
steep,7292,0.02,3.99,9858,0.01,3.58,B1,adjective
stevens,7293,0.02,3.99,7083,0.01,3.8,,
straw,7294,0.02,3.99,6066,0.02,3.9,B1,noun
successor,7295,0.02,3.99,9891,0.01,3.58,,
targeting,7296,0.02,3.99,9398,0.01,3.61,,
triggered,7297,0.02,3.99,8752,0.01,3.66,,
troubles,7298,0.02,3.99,3719,0.03,4.19,,
uncertain,7299,0.02,3.99,,,,A2,adjective
upload,7300,0.02,3.99,,,,B1,verb
vector,7301,0.02,3.99,,,,,
violations,7302,0.02,3.99,,,,,
weigh,7303,0.02,3.99,6082,0.02,3.9,A2,verb
whatsoever,7304,0.02,3.99,5645,0.02,3.95,,
wicked,7305,0.02,3.99,3910,0.03,4.16,,
abraham,7306,0.02,3.98,6805,0.02,3.83,,
absent,7307,0.02,3.98,8389,0.01,3.69,B1,adjective
acoustic,7308,0.02,3.98,,,,,
adapt,7309,0.02,3.98,8872,0.01,3.65,B1,verb
ancestors,7310,0.02,3.98,4290,0.03,4.11,,
archive,7311,0.02,3.98,,,,,
atomic,7312,0.02,3.98,7216,0.01,3.79,B1,adjective
bean,7313,0.02,3.98,5711,0.02,3.94,A1,noun
bicycle,7314,0.02,3.98,5549,0.02,3.96,A1,noun
bryan,7315,0.02,3.98,8051,0.01,3.72,,
bump,7316,0.02,3.98,4524,0.03,4.08,B1,verb
buttons,7317,0.02,3.98,5418,0.02,3.97,,
cart,7318,0.02,3.98,4437,0.03,4.09,,
circus,7319,0.02,3.98,3413,0.04,4.24,B1,noun
claire,7320,0.02,3.98,2182,0.07,4.49,,
cocaine,7321,0.02,3.98,4548,0.03,4.08,,
cohen,7322,0.02,3.98,9235,0.01,3.63,,
colleague,7323,0.02,3.98,3811,0.03,4.17,B2,noun
compelling,7324,0.02,3.98,,,,,
compiled,7325,0.02,3.98,,,,,
complications,7326,0.02,3.98,9315,0.01,3.62,,
construct,7327,0.02,3.98,,,,B1,verb
cord,7328,0.02,3.98,6358,0.02,3.88,,
crowded,7329,0.02,3.98,5841,0.02,3.92,A2,adjective
cyber,7330,0.02,3.98,,,,,
dale,7331,0.02,3.98,4535,0.03,4.08,,
debates,7332,0.02,3.98,,,,,
defendant,7333,0.02,3.98,3274,0.04,4.26,,
delays,7334,0.02,3.98,,,,,
dense,7335,0.02,3.98,9401,0.01,3.61,B2,adjective
desperately,7336,0.02,3.98,6271,0.02,3.88,B2,adverb
doctrine,7337,0.02,3.98,,,,,
expose,7338,0.02,3.98,5385,0.02,3.97,B1,verb
financially,7339,0.02,3.98,,,,B2,adverb
freshman,7340,0.02,3.98,8476,0.01,3.68,B1,noun
furious,7341,0.02,3.98,5166,0.02,4.0,B2,adjective
gameplay,7342,0.02,3.98,,,,,
geography,7343,0.02,3.98,,,,B1,noun
gig,7344,0.02,3.98,4562,0.03,4.08,,
government's,7345,0.02,3.98,,,,,
habitat,7346,0.02,3.98,,,,B1,noun
harbour,7347,0.02,3.98,9583,0.01,3.6,,
hazard,7348,0.02,3.98,9541,0.01,3.6,B1,noun
hydrogen,7349,0.02,3.98,8831,0.01,3.66,,
implies,7350,0.02,3.98,,,,,
intact,7351,0.02,3.98,6177,0.02,3.89,,
intake,7352,0.02,3.98,,,,,
irrelevant,7353,0.02,3.98,7499,0.01,3.76,,
jaw,7354,0.02,3.98,6630,0.02,3.85,B2,noun
jin,7355,0.02,3.98,3656,0.04,4.2,,
kitty,7356,0.02,3.98,2947,0.05,4.32,,
lauren,7357,0.02,3.98,4214,0.03,4.12,,
lawn,7358,0.02,3.98,5515,0.02,3.96,B2,noun
manufacture,7359,0.02,3.98,,,,B2,"noun, verb"
martha,7360,0.02,3.98,3246,0.04,4.26,,
medals,7361,0.02,3.98,9240,0.01,3.62,,
mercedes,7362,0.02,3.98,6297,0.02,3.88,,
mistaken,7363,0.02,3.98,3370,0.04,4.24,,
moses,7364,0.02,3.98,6727,0.02,3.84,,
nashville,7365,0.02,3.98,,,,,
nebraska,7366,0.02,3.98,,,,,
needle,7367,0.02,3.98,4208,0.03,4.12,B1,noun
ol,7368,0.02,3.98,6372,0.02,3.88,,
olds,7369,0.02,3.98,,,,,
organize,7370,0.02,3.98,6908,0.01,3.82,,
ottawa,7371,0.02,3.98,,,,,
oval,7372,0.02,3.98,,,,B2,adjective
pity,7373,0.02,3.98,2001,0.08,4.54,A2,noun
pond,7374,0.02,3.98,5569,0.02,3.95,B1,noun
porter,7375,0.02,3.98,5158,0.02,4.0,,
portions,7376,0.02,3.98,,,,,
prey,7377,0.02,3.98,4929,0.02,4.03,,
prophet,7378,0.02,3.98,6741,0.02,3.84,,
raymond,7379,0.02,3.98,4019,0.03,4.15,,
recalled,7380,0.02,3.98,,,,,
reduces,7381,0.02,3.98,,,,,
referendum,7382,0.02,3.98,,,,,
refugee,7383,0.02,3.98,,,,B2,noun
regulated,7384,0.02,3.98,,,,,
rounded,7385,0.02,3.98,,,,,
ruby,7386,0.02,3.98,4311,0.03,4.11,,
rushed,7387,0.02,3.98,6651,0.02,3.85,,
sanders,7388,0.02,3.98,8751,0.01,3.66,,
satisfy,7389,0.02,3.98,6853,0.02,3.83,A2,verb
scales,7390,0.02,3.98,9595,0.01,3.6,,
seasonal,7391,0.02,3.98,,,,B2,adjective
segments,7392,0.02,3.98,,,,,
sensible,7393,0.02,3.98,6022,0.02,3.91,B2,adjective
sequel,7394,0.02,3.98,,,,,
shifted,7395,0.02,3.98,,,,,
shifting,7396,0.02,3.98,,,,,
shining,7397,0.02,3.98,4250,0.03,4.11,,
slower,7398,0.02,3.98,7468,0.01,3.77,,
spinning,7399,0.02,3.98,5087,0.02,4.01,,
stanford,7400,0.02,3.98,,,,,
stepping,7401,0.02,3.98,5752,0.02,3.93,,
teammates,7402,0.02,3.98,,,,,
touches,7403,0.02,3.98,6216,0.02,3.89,,
township,7404,0.02,3.98,,,,,
travelled,7405,0.02,3.98,8278,0.01,3.7,,
twisted,7406,0.02,3.98,4853,0.02,4.04,B2,adjective
usb,7407,0.02,3.98,,,,,
vienna,7408,0.02,3.98,6362,0.02,3.88,,
wade,7409,0.02,3.98,4380,0.03,4.1,,
whale,7410,0.02,3.98,4857,0.02,4.04,B1,noun
writings,7411,0.02,3.98,,,,,
admire,7412,0.02,3.97,3949,0.03,4.16,A2,verb
af,7413,0.02,3.97,,,,,
amber,7414,0.02,3.97,4093,0.03,4.14,,
ankle,7415,0.02,3.97,5715,0.02,3.94,A2,noun
armor,7416,0.02,3.97,5704,0.02,3.94,,
autism,7417,0.02,3.97,,,,,
bachelor,7418,0.02,3.97,5288,0.02,3.98,,
berry,7419,0.02,3.97,9041,0.01,3.64,B2,noun
billions,7420,0.02,3.97,6183,0.02,3.89,,
brady,7421,0.02,3.97,7100,0.01,3.8,,
brisbane,7422,0.02,3.97,,,,,
bulls,7423,0.02,3.97,9239,0.01,3.62,,
bullying,7424,0.02,3.97,,,,,
capitalism,7425,0.02,3.97,,,,,
caution,7426,0.02,3.97,7236,0.01,3.79,B1,noun
certification,7427,0.02,3.97,,,,B2,noun
characteristic,7428,0.02,3.97,,,,B1,"adjective, noun"
clan,7429,0.02,3.97,4032,0.03,4.14,,
clash,7430,0.02,3.97,,,,,
columns,7431,0.02,3.97,,,,,
compatible,7432,0.02,3.97,,,,B2,adjective
concerts,7433,0.02,3.97,,,,,
condemned,7434,0.02,3.97,7141,0.01,3.8,,
configuration,7435,0.02,3.97,,,,,
continuously,7436,0.02,3.97,,,,B1,adverb
convincing,7437,0.02,3.97,5799,0.02,3.93,,
coupled,7438,0.02,3.97,,,,,
curiosity,7439,0.02,3.97,5602,0.02,3.95,B1,noun
delight,7440,0.02,3.97,7232,0.01,3.79,B2,"noun, verb"
determining,7441,0.02,3.97,,,,,
entities,7442,0.02,3.97,,,,,
exceptions,7443,0.02,3.97,,,,,
explosive,7444,0.02,3.97,6365,0.02,3.88,B2,"adjective, noun"
flooding,7445,0.02,3.97,,,,,
fortunate,7446,0.02,3.97,5380,0.02,3.98,B1,adjective
fortunately,7447,0.02,3.97,5061,0.02,4.01,A2,adverb
foundations,7448,0.02,3.97,,,,,
frontier,7449,0.02,3.97,8890,0.01,3.65,B2,noun
frustrating,7450,0.02,3.97,8276,0.01,3.7,,
frustration,7451,0.02,3.97,9546,0.01,3.6,B1,noun
geographic,7452,0.02,3.97,,,,B2,adjective
glenn,7453,0.02,3.97,5375,0.02,3.98,,
grande,7454,0.02,3.97,,,,,
grasp,7455,0.02,3.97,7168,0.01,3.8,B2,noun
handy,7456,0.02,3.97,5073,0.02,4.01,B1,adjective
hardcore,7457,0.02,3.97,,,,,
harmful,7458,0.02,3.97,,,,A2,adjective
headache,7459,0.02,3.97,3700,0.03,4.19,A1,noun
hers,7460,0.02,3.97,3428,0.04,4.23,A1,pronoun
hispanic,7461,0.02,3.97,,,,,
incentive,7462,0.02,3.97,,,,B2,noun
inclusive,7463,0.02,3.97,,,,,
infections,7464,0.02,3.97,,,,,
jackie,7465,0.02,3.97,2652,0.05,4.38,,
joel,7466,0.02,3.97,4965,0.02,4.02,,
kissing,7467,0.02,3.97,2968,0.05,4.32,,
lanes,7468,0.02,3.97,,,,,
licence,7469,0.02,3.97,8063,0.01,3.72,,
lungs,7470,0.02,3.97,4385,0.03,4.1,,
madness,7471,0.02,3.97,3950,0.03,4.16,B2,noun
mandate,7472,0.02,3.97,,,,,
manga,7473,0.02,3.97,,,,,
memorable,7474,0.02,3.97,,,,B1,adjective
merger,7475,0.02,3.97,,,,B2,noun
minorities,7476,0.02,3.97,,,,,
nj,7477,0.02,3.97,,,,,
occurring,7478,0.02,3.97,,,,,
organizing,7479,0.02,3.97,,,,,
performs,7480,0.02,3.97,,,,,
ph,7481,0.02,3.97,,,,B2,noun
po,7482,0.02,3.97,7311,0.01,3.78,,
poker,7483,0.02,3.97,4176,0.03,4.12,,
portable,7484,0.02,3.97,,,,,
priced,7485,0.02,3.97,,,,,
quebec,7486,0.02,3.97,,,,,
randomly,7487,0.02,3.97,,,,,
rankings,7488,0.02,3.97,,,,,
realizing,7489,0.02,3.97,9802,0.01,3.59,,
resign,7490,0.02,3.97,6191,0.02,3.89,B2,verb
revealing,7491,0.02,3.97,9682,0.01,3.6,,
rico,7492,0.02,3.97,6108,0.02,3.9,,
robbery,7493,0.02,3.97,2615,0.06,4.39,A2,noun
rub,7494,0.02,3.97,3988,0.03,4.15,B2,verb
runners,7495,0.02,3.97,,,,,
sally,7496,0.02,3.97,2745,0.05,4.36,,
scattered,7497,0.02,3.97,6716,0.02,3.84,,
scout,7498,0.02,3.97,4694,0.03,4.06,,
searched,7499,0.02,3.97,4045,0.03,4.14,,
sexuality,7500,0.02,3.97,,,,,
shouting,7501,0.02,3.97,1408,0.12,4.73,,
slap,7502,0.02,3.97,3464,0.04,4.23,B2,"noun, verb"
steak,7503,0.02,3.97,3896,0.03,4.16,A2,noun
succession,7504,0.02,3.97,,,,,
superintendent,7505,0.02,3.97,6369,0.02,3.88,B2,noun
suspicion,7506,0.02,3.97,5185,0.02,4.0,B1,noun
sweep,7507,0.02,3.97,4902,0.02,4.03,B2,verb
tactical,7508,0.02,3.97,8545,0.01,3.68,,
talents,7509,0.02,3.97,7191,0.01,3.8,,
therapist,7510,0.02,3.97,4959,0.02,4.02,B2,noun
thereafter,7511,0.02,3.97,,,,B2,adverb
thorough,7512,0.02,3.97,7239,0.01,3.79,B1,adjective
tuition,7513,0.02,3.97,9741,0.01,3.59,B2,noun
tumor,7514,0.02,3.97,6303,0.02,3.88,,
usd,7515,0.02,3.97,,,,,
variables,7516,0.02,3.97,,,,,
varying,7517,0.02,3.97,,,,,
wholesale,7518,0.02,3.97,,,,,
wwe,7519,0.02,3.97,,,,,
administered,7520,0.02,3.96,,,,,
affiliated,7521,0.02,3.96,,,,,
apples,7522,0.02,3.96,5529,0.02,3.96,,
architectural,7523,0.02,3.96,,,,,
artillery,7524,0.02,3.96,8033,0.01,3.72,,
assembled,7525,0.02,3.96,,,,,
bangladesh,7526,0.02,3.96,,,,,
barack,7527,0.02,3.96,,,,,
beaches,7528,0.02,3.96,,,,,
bees,7529,0.02,3.96,5560,0.02,3.96,,
boarding,7530,0.02,3.96,4835,0.02,4.04,,
bothered,7531,0.02,3.96,4048,0.03,4.14,B2,adjective
canvas,7532,0.02,3.96,8287,0.01,3.7,,
canyon,7533,0.02,3.96,6578,0.02,3.85,,
casey,7534,0.02,3.96,3455,0.04,4.23,,
cheek,7535,0.02,3.96,5358,0.02,3.98,A2,noun
chen,7536,0.02,3.96,5487,0.02,3.96,,
cincinnati,7537,0.02,3.96,,,,,
circular,7538,0.02,3.96,,,,B1,adjective
circulation,7539,0.02,3.96,9985,0.01,3.57,,
clearance,7540,0.02,3.96,7248,0.01,3.79,,
closes,7541,0.02,3.96,2050,0.08,4.53,,
coincidence,7542,0.02,3.96,2692,0.05,4.37,B2,noun
comedian,7543,0.02,3.96,8021,0.01,3.72,B1,noun
commands,7544,0.02,3.96,8688,0.01,3.67,,
commissioned,7545,0.02,3.96,,,,,
concentrated,7546,0.02,3.96,,,,,
conscience,7547,0.02,3.96,3244,0.04,4.26,B2,noun
cooler,7548,0.02,3.96,6231,0.02,3.89,A2,noun
countless,7549,0.02,3.96,7878,0.01,3.73,B1,adjective
curry,7550,0.02,3.96,6928,0.01,3.82,A2,noun
dame,7551,0.02,3.96,6278,0.02,3.88,,
deceased,7552,0.02,3.96,5338,0.02,3.98,,
dedication,7553,0.02,3.96,9813,0.01,3.59,B2,noun
defining,7554,0.02,3.96,,,,,
detention,7555,0.02,3.96,6687,0.02,3.84,,
disputes,7556,0.02,3.96,,,,,
drake,7557,0.02,3.96,5122,0.02,4.0,,
employ,7558,0.02,3.96,9183,0.01,3.63,B2,verb
enforce,7559,0.02,3.96,,,,B2,verb
explicit,7560,0.02,3.96,,,,,
explicitly,7561,0.02,3.96,,,,,
eyed,7562,0.02,3.96,,,,,
florence,7563,0.02,3.96,5581,0.02,3.95,,
flu,7564,0.02,3.96,5622,0.02,3.95,B1,noun
forbidden,7565,0.02,3.96,4064,0.03,4.14,B1,adjective
fraction,7566,0.02,3.96,,,,,
girl's,7567,0.02,3.96,,,,,
hes,7568,0.02,3.96,,,,,
infantry,7569,0.02,3.96,,,,,
integral,7570,0.02,3.96,,,,,
investor,7571,0.02,3.96,,,,B2,noun
janet,7572,0.02,3.96,3987,0.03,4.15,,
judged,7573,0.02,3.96,8118,0.01,3.71,,
katie,7574,0.02,3.96,2801,0.05,4.35,,
kidnapped,7575,0.02,3.96,2874,0.05,4.33,,
lectures,7576,0.02,3.96,,,,,
lightly,7577,0.02,3.96,6694,0.02,3.84,B1,adverb
linking,7578,0.02,3.96,,,,,
maintains,7579,0.02,3.96,,,,,
marble,7580,0.02,3.96,8114,0.01,3.71,B1,noun
maritime,7581,0.02,3.96,,,,,
melt,7582,0.02,3.96,5712,0.02,3.94,B1,verb
modes,7583,0.02,3.96,,,,,
monica,7584,0.02,3.96,3772,0.03,4.18,,
mumbai,7585,0.02,3.96,6664,0.02,3.85,,
nominee,7586,0.02,3.96,,,,B2,noun
oath,7587,0.02,3.96,4553,0.03,4.08,B2,noun
offence,7588,0.02,3.96,7124,0.01,3.8,,
packaging,7589,0.02,3.96,,,,,
patriots,7590,0.02,3.96,,,,,
pee,7591,0.02,3.96,2952,0.05,4.32,B2,verb
pillow,7592,0.02,3.96,4434,0.03,4.09,B1,noun
pirate,7593,0.02,3.96,5240,0.02,3.99,B2,noun
polar,7594,0.02,3.96,8433,0.01,3.69,,
prediction,7595,0.02,3.96,,,,A2,noun
preview,7596,0.02,3.96,,,,,
processed,7597,0.02,3.96,9444,0.01,3.61,,
pursuing,7598,0.02,3.96,8829,0.01,3.66,,
puzzle,7599,0.02,3.96,5136,0.02,4.0,B1,noun
rapper,7600,0.02,3.96,,,,,
rebecca,7601,0.02,3.96,3042,0.04,4.3,,
reconstruction,7602,0.02,3.96,,,,,
renowned,7603,0.02,3.96,,,,,
revelation,7604,0.02,3.96,9800,0.01,3.59,B2,noun
sara,7605,0.02,3.96,2686,0.05,4.38,,
scholar,7606,0.02,3.96,8405,0.01,3.69,B1,noun
sharks,7607,0.02,3.96,5583,0.02,3.95,,
shoots,7608,0.02,3.96,5871,0.02,3.92,,
skirt,7609,0.02,3.96,4817,0.02,4.04,A1,noun
socially,7610,0.02,3.96,,,,B1,adverb
spa,7611,0.02,3.96,6970,0.01,3.81,B2,noun
spike,7612,0.02,3.96,4828,0.02,4.04,,
sprint,7613,0.02,3.96,,,,B2,noun
stir,7614,0.02,3.96,6598,0.02,3.85,B1,verb
stuffed,7615,0.02,3.96,4837,0.02,4.04,B1,adjective
substantially,7616,0.02,3.96,,,,,
suburbs,7617,0.02,3.96,,,,,
superb,7618,0.02,3.96,7601,0.01,3.76,B2,adjective
supposedly,7619,0.02,3.96,6776,0.02,3.83,B1,adverb
tab,7620,0.02,3.96,7581,0.01,3.76,,
tendency,7621,0.02,3.96,,,,B1,noun
that'll,7622,0.02,3.96,,,,,
theirs,7623,0.02,3.96,5405,0.02,3.97,A2,pronoun
toast,7624,0.02,3.96,2316,0.06,4.46,A2,noun
toes,7625,0.02,3.96,4492,0.03,4.08,,
touchdown,7626,0.02,3.96,,,,,
traits,7627,0.02,3.96,,,,,
trek,7628,0.02,3.96,,,,B2,noun
tricky,7629,0.02,3.96,5206,0.02,3.99,B2,adjective
triumph,7630,0.02,3.96,6440,0.02,3.87,B1,noun
uber,7631,0.02,3.96,,,,,
underwear,7632,0.02,3.96,3384,0.04,4.24,B2,noun
unto,7633,0.02,3.96,6367,0.02,3.88,B2,preposition
viable,7634,0.02,3.96,,,,,
waist,7635,0.02,3.96,6923,0.01,3.82,B2,noun
welcomed,7636,0.02,3.96,,,,,
wit,7637,0.02,3.96,8067,0.01,3.72,B2,noun
wreck,7638,0.02,3.96,4467,0.03,4.09,B2,noun
absurd,7639,0.02,3.95,4306,0.03,4.11,B2,adjective
accessories,7640,0.02,3.95,,,,,
adrian,7641,0.02,3.95,4355,0.03,4.1,,
advocates,7642,0.02,3.95,,,,,
ag,7643,0.02,3.95,,,,,
ambitious,7644,0.02,3.95,6390,0.02,3.87,B1,adjective
amid,7645,0.02,3.95,,,,,
annoyed,7646,0.02,3.95,7427,0.01,3.77,B1,adjective
appealing,7647,0.02,3.95,,,,,
appointments,7648,0.02,3.95,9559,0.01,3.6,,
assumptions,7649,0.02,3.95,,,,,
ballet,7650,0.02,3.95,5597,0.02,3.95,B2,noun
bargain,7651,0.02,3.95,4724,0.03,4.05,B2,"noun, verb"
binary,7652,0.02,3.95,,,,,
blend,7653,0.02,3.95,7871,0.01,3.73,B1,"noun, verb"
blogs,7654,0.02,3.95,,,,,
brake,7655,0.02,3.95,6247,0.02,3.89,B2,"noun, verb"
builds,7656,0.02,3.95,,,,,
businessman,7657,0.02,3.95,5665,0.02,3.94,A2,noun
cab,7658,0.02,3.95,2345,0.06,4.45,A2,noun
ch,7659,0.02,3.95,,,,,
chi,7660,0.02,3.95,4989,0.02,4.02,,
col,7661,0.02,3.95,,,,,
collision,7662,0.02,3.95,9674,0.01,3.6,,
colombia,7663,0.02,3.95,,,,,
compassion,7664,0.02,3.95,6545,0.02,3.86,B2,noun
consumed,7665,0.02,3.95,9172,0.01,3.63,,
corrected,7666,0.02,3.95,4596,0.03,4.07,,
correction,7667,0.02,3.95,,,,B1,noun
cough,7668,0.02,3.95,5545,0.02,3.96,B1,"noun, verb"
cousins,7669,0.02,3.95,5957,0.02,3.91,,
critic,7670,0.02,3.95,,,,B1,noun
czech,7671,0.02,3.95,,,,,
defenders,7672,0.02,3.95,,,,,
denying,7673,0.02,3.95,8221,0.01,3.71,,
depot,7674,0.02,3.95,9982,0.01,3.57,,
distress,7675,0.02,3.95,5984,0.02,3.91,,
documentation,7676,0.02,3.95,,,,,
doubts,7677,0.02,3.95,4937,0.02,4.03,,
dramatically,7678,0.02,3.95,,,,B2,adverb
drank,7679,0.02,3.95,3280,0.04,4.26,,
dudes,7680,0.02,3.95,5116,0.02,4.0,,
eats,7681,0.02,3.95,4134,0.03,4.13,,
elegant,7682,0.02,3.95,5788,0.02,3.93,B2,adjective
elevator,7683,0.02,3.95,2481,0.06,4.42,A2,noun
ellis,7684,0.02,3.95,7237,0.01,3.79,,
exchanges,7685,0.02,3.95,,,,,
excuses,7686,0.02,3.95,4665,0.03,4.06,,
execute,7687,0.02,3.95,6484,0.02,3.86,B2,verb
factories,7688,0.02,3.95,8629,0.01,3.67,,
feast,7689,0.02,3.95,4685,0.03,4.06,B1,noun
finland,7690,0.02,3.95,,,,,
frederick,7691,0.02,3.95,8208,0.01,3.71,,
friend's,7692,0.02,3.95,,,,,
frost,7693,0.02,3.95,6739,0.02,3.84,B1,noun
goin,7694,0.02,3.95,1846,0.09,4.58,,
herald,7695,0.02,3.95,,,,,
hike,7696,0.02,3.95,7108,0.01,3.8,A2,noun
hollow,7697,0.02,3.95,6464,0.02,3.87,B2,adjective
homeland,7698,0.02,3.95,5646,0.02,3.95,,
how's,7699,0.02,3.95,,,,,
imported,7700,0.02,3.95,,,,,
ing,7701,0.02,3.95,,,,,
internationally,7702,0.02,3.95,,,,B1,adverb
iraqi,7703,0.02,3.95,,,,,
itunes,7704,0.02,3.95,,,,,
kane,7705,0.02,3.95,6255,0.02,3.89,,
kissed,7706,0.02,3.95,2674,0.05,4.38,,
lame,7707,0.02,3.95,4155,0.03,4.13,B2,adjective
licensing,7708,0.02,3.95,,,,,
lily,7709,0.02,3.95,2461,0.06,4.43,A1,noun
limiting,7710,0.02,3.95,,,,,
locker,7711,0.02,3.95,3756,0.03,4.18,,
mainland,7712,0.02,3.95,8740,0.01,3.66,,
marking,7713,0.02,3.95,,,,,
meditation,7714,0.02,3.95,,,,B1,noun
messenger,7715,0.02,3.95,5536,0.02,3.96,B2,noun
metals,7716,0.02,3.95,,,,,
missiles,7717,0.02,3.95,6561,0.02,3.86,,
munich,7718,0.02,3.95,,,,,
norwegian,7719,0.02,3.95,,,,,
pencil,7720,0.02,3.95,5734,0.02,3.94,A1,noun
philosophical,7721,0.02,3.95,,,,B2,adjective
pierre,7722,0.02,3.95,4336,0.03,4.1,,
pipes,7723,0.02,3.95,6659,0.02,3.85,,
plasma,7724,0.02,3.95,9077,0.01,3.64,,
plea,7725,0.02,3.95,6236,0.02,3.89,,
punish,7726,0.02,3.95,3737,0.03,4.18,B1,verb
purse,7727,0.02,3.95,3082,0.04,4.29,B1,noun
quarterback,7728,0.02,3.95,9710,0.01,3.59,,
reagan,7729,0.02,3.95,6480,0.02,3.87,,
ref,7730,0.02,3.95,,,,,
relieved,7731,0.02,3.95,4570,0.03,4.07,B2,adjective
replies,7732,0.02,3.95,,,,,
reservation,7733,0.02,3.95,5619,0.02,3.95,B1,noun
rhetoric,7734,0.02,3.95,,,,,
rivals,7735,0.02,3.95,,,,,
rushing,7736,0.02,3.95,6337,0.02,3.88,,
salvation,7737,0.02,3.95,6325,0.02,3.88,,
sanctions,7738,0.02,3.95,,,,,
secular,7739,0.02,3.95,,,,,
sensitivity,7740,0.02,3.95,,,,,
shane,7741,0.02,3.95,4090,0.03,4.14,,
sigh,7742,0.02,3.95,5401,0.02,3.97,B2,"noun, verb"
sixteen,7743,0.02,3.95,7467,0.01,3.77,A1,number
sovereign,7744,0.02,3.95,,,,,
specifications,7745,0.02,3.95,,,,,
spends,7746,0.02,3.95,7019,0.01,3.81,,
spouse,7747,0.02,3.95,,,,,
stat,7748,0.02,3.95,,,,,
supervisor,7749,0.02,3.95,6428,0.02,3.87,B2,noun
synthetic,7750,0.02,3.95,,,,,
teaches,7751,0.02,3.95,7699,0.01,3.75,,
tense,7752,0.02,3.95,3854,0.03,4.17,B1,"adjective, noun"
terrifying,7753,0.02,3.95,5719,0.02,3.94,B2,adjective
toyota,7754,0.02,3.95,,,,,
tracked,7755,0.02,3.95,6317,0.02,3.88,,
traders,7756,0.02,3.95,,,,,
troy,7757,0.02,3.95,4435,0.03,4.09,,
varieties,7758,0.02,3.95,,,,,
vegan,7759,0.02,3.95,,,,,
waking,7760,0.02,3.95,5115,0.02,4.0,,
walmart,7761,0.02,3.95,,,,,
wang,7762,0.02,3.95,5191,0.02,4.0,,
wilderness,7763,0.02,3.95,7841,0.01,3.73,B2,noun
admits,7764,0.02,3.94,,,,,
adviser,7765,0.02,3.94,,,,,
aggregate,7766,0.02,3.94,,,,,
anal,7767,0.02,3.94,,,,,
anatomy,7768,0.02,3.94,,,,,
annie,7769,0.02,3.94,2123,0.07,4.51,,
announces,7770,0.02,3.94,,,,,
applicants,7771,0.02,3.94,,,,,
automobile,7772,0.02,3.94,9871,0.01,3.58,,
barnes,7773,0.02,3.94,6020,0.02,3.91,,
breasts,7774,0.02,3.94,4376,0.03,4.1,,
cement,7775,0.02,3.94,8013,0.01,3.72,,
chess,7776,0.02,3.94,4777,0.03,4.05,A2,noun
citing,7777,0.02,3.94,,,,,
colonies,7778,0.02,3.94,,,,,
composite,7779,0.02,3.94,,,,,
consequently,7780,0.02,3.94,,,,B1,adverb
consist,7781,0.02,3.94,,,,A2,verb
councils,7782,0.02,3.94,,,,,
cox,7783,0.02,3.94,,,,,
curtis,7784,0.02,3.94,4848,0.02,4.04,,
decorated,7785,0.02,3.94,7985,0.01,3.72,,
delegates,7786,0.02,3.94,,,,,
dreaming,7787,0.02,3.94,2935,0.05,4.32,,
dull,7788,0.02,3.94,4802,0.02,4.04,B1,adjective
enables,7789,0.02,3.94,,,,,
fare,7790,0.02,3.94,6672,0.02,3.85,A2,noun
fashioned,7791,0.02,3.94,,,,,
feared,7792,0.02,3.94,6218,0.02,3.89,,
float,7793,0.02,3.94,5595,0.02,3.95,B1,"noun, verb"
generator,7794,0.02,3.94,6889,0.01,3.82,,
grind,7795,0.02,3.94,8518,0.01,3.68,,
grinding,7796,0.02,3.94,,,,,
grove,7797,0.02,3.94,7988,0.01,3.72,,
guessing,7798,0.02,3.94,3728,0.03,4.18,,
gum,7799,0.02,3.94,4669,0.03,4.06,B2,noun
hobby,7800,0.02,3.94,5888,0.02,3.92,A1,noun
hunters,7801,0.02,3.94,5620,0.02,3.95,,
idol,7802,0.02,3.94,5008,0.02,4.02,B1,noun
illusion,7803,0.02,3.94,5252,0.02,3.99,,
incorrect,7804,0.02,3.94,,,,B1,adjective
jun,7805,0.02,3.94,7434,0.01,3.77,,
junction,7806,0.02,3.94,,,,,
lance,7807,0.02,3.94,4397,0.03,4.09,B2,noun
leap,7808,0.02,3.94,5647,0.02,3.95,B1,"noun, verb"
locate,7809,0.02,3.94,5038,0.02,4.01,B1,verb
locks,7810,0.02,3.94,5865,0.02,3.92,,
lou,7811,0.02,3.94,2824,0.05,4.34,,
lynch,7812,0.02,3.94,,,,,
manages,7813,0.02,3.94,,,,,
masses,7814,0.02,3.94,8634,0.01,3.67,,
medicare,7815,0.02,3.94,,,,,
modeling,7816,0.02,3.94,,,,,
motive,7817,0.02,3.94,3270,0.04,4.26,B1,noun
nazis,7818,0.02,3.94,6275,0.02,3.88,,
neighbourhood,7819,0.02,3.94,7401,0.01,3.77,,
networking,7820,0.02,3.94,,,,,
newer,7821,0.02,3.94,,,,,
newton,7822,0.02,3.94,7350,0.01,3.78,,
oppose,7823,0.02,3.94,9647,0.01,3.6,A2,verb
optimal,7824,0.02,3.94,,,,,
other's,7825,0.02,3.94,,,,,
overtime,7826,0.02,3.94,7303,0.01,3.79,B2,"adverb, noun"
packs,7827,0.02,3.94,8566,0.01,3.68,,
permits,7828,0.02,3.94,,,,,
playstation,7829,0.02,3.94,,,,,
pops,7830,0.02,3.94,4140,0.03,4.13,,
postal,7831,0.02,3.94,,,,B2,adjective
predictions,7832,0.02,3.94,,,,,
prep,7833,0.02,3.94,6150,0.02,3.89,,
president's,7834,0.02,3.94,,,,,
profound,7835,0.02,3.94,7566,0.01,3.76,,
prosecutor,7836,0.02,3.94,4092,0.03,4.14,,
rebellion,7837,0.02,3.94,7451,0.01,3.77,,
recipient,7838,0.02,3.94,,,,,
refund,7839,0.02,3.94,,,,B1,noun
remembering,7840,0.02,3.94,6721,0.02,3.84,,
rescued,7841,0.02,3.94,6295,0.02,3.88,,
risky,7842,0.02,3.94,4907,0.02,4.03,B2,adjective
robust,7843,0.02,3.94,,,,,
scam,7844,0.02,3.94,6463,0.02,3.87,,
sci,7845,0.02,3.94,,,,,
sep,7846,0.02,3.94,,,,,
shareholders,7847,0.02,3.94,,,,,
sided,7848,0.02,3.94,,,,,
simulation,7849,0.02,3.94,,,,,
sober,7850,0.02,3.94,4201,0.03,4.12,,
spice,7851,0.02,3.94,7625,0.01,3.75,B1,noun
squeeze,7852,0.02,3.94,3946,0.03,4.16,B2,verb
storms,7853,0.02,3.94,8535,0.01,3.68,,
supervision,7854,0.02,3.94,,,,B2,noun
suspects,7855,0.02,3.94,3693,0.03,4.19,,
swap,7856,0.02,3.94,7358,0.01,3.78,,
swept,7857,0.02,3.94,7207,0.01,3.79,,
terrain,7858,0.02,3.94,,,,,
terrified,7859,0.02,3.94,4142,0.03,4.13,B1,adjective
themed,7860,0.02,3.94,,,,,
threaten,7861,0.02,3.94,4522,0.03,4.08,B2,verb
thrilled,7862,0.02,3.94,4999,0.02,4.02,B2,adjective
towel,7863,0.02,3.94,4231,0.03,4.12,A1,noun
trio,7864,0.02,3.94,,,,B2,noun
tubes,7865,0.02,3.94,8092,0.01,3.71,,
unconscious,7866,0.02,3.94,4374,0.03,4.1,B2,adjective
und,7867,0.02,3.94,,,,,
varies,7868,0.02,3.94,,,,,
vegetable,7869,0.02,3.94,7406,0.01,3.77,A1,noun
verified,7870,0.02,3.94,,,,,
vibe,7871,0.02,3.94,7565,0.01,3.76,,
virtue,7872,0.02,3.94,7119,0.01,3.8,B2,noun
wifi,7873,0.02,3.94,,,,,
wishing,7874,0.02,3.94,7076,0.01,3.81,,
workforce,7875,0.02,3.94,,,,,
zombie,7876,0.02,3.94,4944,0.02,4.03,,
acre,7877,0.02,3.93,,,,,
airports,7878,0.02,3.93,,,,,
alot,7879,0.02,3.93,,,,,
amen,7880,0.02,3.93,2450,0.06,4.43,,
andrews,7881,0.02,3.93,8334,0.01,3.7,,
arise,7882,0.02,3.93,9070,0.01,3.64,B1,verb
ashes,7883,0.02,3.93,4341,0.03,4.1,,
automotive,7884,0.02,3.93,,,,,
battlefield,7885,0.02,3.93,7178,0.01,3.8,B2,noun
begging,7886,0.02,3.93,3086,0.04,4.29,,
berkeley,7887,0.02,3.93,,,,,
bloom,7888,0.02,3.93,6012,0.02,3.91,A2,noun
bore,7889,0.02,3.93,5370,0.02,3.98,B1,verb
bundle,7890,0.02,3.93,9104,0.01,3.63,,
butterfly,7891,0.02,3.93,5465,0.02,3.96,A1,noun
buys,7892,0.02,3.93,6014,0.02,3.91,,
casualties,7893,0.02,3.93,6933,0.01,3.82,,
catches,7894,0.02,3.93,6956,0.01,3.82,,
chad,7895,0.02,3.93,5596,0.02,3.95,,
clown,7896,0.02,3.93,3486,0.04,4.22,A2,noun
committees,7897,0.02,3.93,,,,,
conjunction,7898,0.02,3.93,,,,B2,noun
costly,7899,0.02,3.93,,,,B2,adjective
cows,7900,0.02,3.93,4640,0.03,4.06,,
cries,7901,0.02,3.93,3625,0.04,4.2,,
cuban,7902,0.02,3.93,8432,0.01,3.69,,
cycles,7903,0.02,3.93,,,,,
darker,7904,0.02,3.93,9640,0.01,3.6,,
davies,7905,0.02,3.93,,,,,
descent,7906,0.02,3.93,9514,0.01,3.61,,
desktop,7907,0.02,3.93,,,,B2,noun
dial,7908,0.02,3.93,4858,0.02,4.04,B1,"noun, verb"
directory,7909,0.02,3.93,,,,,
disabilities,7910,0.02,3.93,,,,,
discharge,7911,0.02,3.93,7740,0.01,3.75,B2,noun
discusses,7912,0.02,3.93,,,,,
dodge,7913,0.02,3.93,7394,0.01,3.78,,
downs,7914,0.02,3.93,,,,,
drilling,7915,0.02,3.93,9391,0.01,3.61,,
drums,7916,0.02,3.93,5556,0.02,3.96,,
elimination,7917,0.02,3.93,9551,0.01,3.6,,
enjoys,7918,0.02,3.93,,,,,
es,7919,0.02,3.93,5993,0.02,3.91,,
espn,7920,0.02,3.93,,,,,
ginger,7921,0.02,3.93,4832,0.02,4.04,B1,noun
governors,7922,0.02,3.93,,,,,
guild,7923,0.02,3.93,,,,,
halt,7924,0.02,3.93,4347,0.03,4.1,,
han,7925,0.02,3.93,3863,0.03,4.17,,
henderson,7926,0.02,3.93,7433,0.01,3.77,,
ibm,7927,0.02,3.93,,,,,
imaging,7928,0.02,3.93,,,,,
implied,7929,0.02,3.93,,,,,
impress,7930,0.02,3.93,4519,0.03,4.08,A2,verb
inability,7931,0.02,3.93,,,,,
incoming,7932,0.02,3.93,6699,0.02,3.84,,
isaac,7933,0.02,3.93,5591,0.02,3.95,,
jar,7934,0.02,3.93,5652,0.02,3.94,B1,noun
kay,7935,0.02,3.93,5237,0.02,3.99,,
lb,7936,0.02,3.93,,,,,
leicester,7937,0.02,3.93,,,,,
liam,7938,0.02,3.93,4184,0.03,4.12,,
litigation,7939,0.02,3.93,,,,,
mentor,7940,0.02,3.93,7509,0.01,3.76,B2,noun
merchandise,7941,0.02,3.93,8163,0.01,3.71,B2,noun
minerals,7942,0.02,3.93,,,,,
miners,7943,0.02,3.93,9358,0.01,3.62,,
monk,7944,0.02,3.93,3343,0.04,4.25,B1,noun
neighborhoods,7945,0.02,3.93,,,,,
ni,7946,0.02,3.93,5980,0.02,3.91,,
noah,7947,0.02,3.93,4127,0.03,4.13,,
norm,7948,0.02,3.93,7596,0.01,3.76,,
obtaining,7949,0.02,3.93,,,,,
occupy,7950,0.02,3.93,,,,B1,verb
offended,7951,0.02,3.93,5173,0.02,4.0,,
orthodox,7952,0.02,3.93,,,,,
overhead,7953,0.02,3.93,9233,0.01,3.63,,
pac,7954,0.02,3.93,,,,,
painter,7955,0.02,3.93,5566,0.02,3.96,A2,noun
party's,7956,0.02,3.93,,,,,
perth,7957,0.02,3.93,,,,,
pierce,7958,0.02,3.93,4889,0.02,4.04,,
pistol,7959,0.02,3.93,5056,0.02,4.01,,
printer,7960,0.02,3.93,,,,A2,noun
prone,7961,0.02,3.93,,,,,
raiders,7962,0.02,3.93,,,,,
readily,7963,0.02,3.93,,,,B2,adverb
reflecting,7964,0.02,3.93,,,,,
regiment,7965,0.02,3.93,6858,0.02,3.83,,
remembers,7966,0.02,3.93,5582,0.02,3.95,,
reunion,7967,0.02,3.93,5823,0.02,3.93,A2,noun
revival,7968,0.02,3.93,,,,B2,noun
sanctuary,7969,0.02,3.93,7558,0.01,3.76,,
satan,7970,0.02,3.93,4728,0.03,4.05,,
satisfying,7971,0.02,3.93,,,,,
seas,7972,0.02,3.93,6576,0.02,3.86,,
securing,7973,0.02,3.93,,,,,
sensors,7974,0.02,3.93,6909,0.01,3.82,,
seoul,7975,0.02,3.93,6396,0.02,3.87,,
shells,7976,0.02,3.93,7206,0.01,3.8,,
siege,7977,0.02,3.93,9580,0.01,3.6,,
sixty,7978,0.02,3.93,8341,0.01,3.7,A1,number
sleeve,7979,0.02,3.93,7255,0.01,3.79,B1,noun
sonic,7980,0.02,3.93,4748,0.03,4.05,,
soundtrack,7981,0.02,3.93,,,,B2,noun
speeches,7982,0.02,3.93,8066,0.01,3.72,,
spine,7983,0.02,3.93,7110,0.01,3.8,,
steering,7984,0.02,3.93,7932,0.01,3.73,,
substances,7985,0.02,3.93,,,,,
sullivan,7986,0.02,3.93,6375,0.02,3.88,,
sustain,7987,0.02,3.93,,,,B2,verb
tenure,7988,0.02,3.93,,,,,
texture,7989,0.02,3.93,,,,,
thankful,7990,0.02,3.93,6534,0.02,3.86,B1,adjective
translate,7991,0.02,3.93,7169,0.01,3.8,B1,verb
treasurer,7992,0.02,3.93,,,,,
triangle,7993,0.02,3.93,7760,0.01,3.74,B2,noun
unclear,7994,0.02,3.93,,,,B1,adjective
upgraded,7995,0.02,3.93,,,,,
venezuela,7996,0.02,3.93,,,,,
venice,7997,0.02,3.93,6186,0.02,3.89,,
vladimir,7998,0.02,3.93,,,,,
wizard,7999,0.02,3.93,5141,0.02,4.0,B1,adjective
yankees,8000,0.02,3.93,,,,,
absorbed,8001,0.02,3.92,,,,,
admin,8002,0.02,3.92,,,,,
affection,8003,0.02,3.92,5109,0.02,4.0,B1,noun
airplane,8004,0.02,3.92,5130,0.02,4.0,,
altitude,8005,0.02,3.92,8512,0.01,3.68,B2,noun
athens,8006,0.02,3.92,9323,0.01,3.62,,
attributes,8007,0.02,3.92,,,,,
baked,8008,0.02,3.92,6841,0.02,3.83,,
baking,8009,0.02,3.92,8722,0.01,3.66,,
beautifully,8010,0.02,3.92,6139,0.02,3.9,B1,adverb
betty,8011,0.02,3.92,2961,0.05,4.32,,
biblical,8012,0.02,3.92,,,,,
bmw,8013,0.02,3.92,,,,,
boo,8014,0.02,3.92,4123,0.03,4.13,,
cardiff,8015,0.02,3.92,,,,,
collapsed,8016,0.02,3.92,5736,0.02,3.93,,
coloured,8017,0.02,3.92,,,,,
competent,8018,0.02,3.92,,,,B2,adjective
countryside,8019,0.02,3.92,6701,0.02,3.84,A2,noun
cracking,8020,0.02,3.92,5598,0.02,3.95,,
crane,8021,0.02,3.92,3834,0.03,4.17,,
debris,8022,0.02,3.92,8011,0.01,3.72,B1,noun
delegation,8023,0.02,3.92,,,,,
demographic,8024,0.02,3.92,,,,,
descriptions,8025,0.02,3.92,,,,,
donor,8026,0.02,3.92,6637,0.02,3.85,,
easiest,8027,0.02,3.92,8684,0.01,3.67,,
educate,8028,0.02,3.92,,,,B1,verb
enabling,8029,0.02,3.92,,,,,
enrolled,8030,0.02,3.92,,,,,
enrollment,8031,0.02,3.92,,,,,
essex,8032,0.02,3.92,,,,,
exceed,8033,0.02,3.92,,,,B2,verb
excluding,8034,0.02,3.92,,,,,
expressions,8035,0.02,3.92,,,,,
fierce,8036,0.02,3.92,6462,0.02,3.87,B2,adjective
forgetting,8037,0.02,3.92,4384,0.03,4.1,,
gabriel,8038,0.02,3.92,4410,0.03,4.09,,
garlic,8039,0.02,3.92,7089,0.01,3.8,A2,noun
gaza,8040,0.02,3.92,,,,,
gratitude,8041,0.02,3.92,5492,0.02,3.96,B1,noun
hail,8042,0.02,3.92,3251,0.04,4.26,B2,verb
heroin,8043,0.02,3.92,4511,0.03,4.08,,
honda,8044,0.02,3.92,,,,,
hooked,8045,0.02,3.92,4320,0.03,4.11,,
illustration,8046,0.02,3.92,,,,B2,noun
impose,8047,0.02,3.92,,,,B2,verb
indicator,8048,0.02,3.92,,,,,
inequality,8049,0.02,3.92,,,,,
ins,8050,0.02,3.92,,,,,
interpreted,8051,0.02,3.92,,,,,
jamaica,8052,0.02,3.92,,,,,
joey,8053,0.02,3.92,2433,0.06,4.43,,
joshua,8054,0.02,3.92,6513,0.02,3.86,,
journals,8055,0.02,3.92,,,,,
leisure,8056,0.02,3.92,,,,A2,noun
lend,8057,0.02,3.92,3335,0.04,4.25,A2,verb
lengths,8058,0.02,3.92,,,,,
leon,8059,0.02,3.92,4605,0.03,4.07,,
lounge,8060,0.02,3.92,6620,0.02,3.85,,
luckily,8061,0.02,3.92,4680,0.03,4.06,A2,adverb
manuscript,8062,0.02,3.92,9432,0.01,3.61,,
marco,8063,0.02,3.92,3866,0.03,4.17,,
marines,8064,0.02,3.92,6444,0.02,3.87,,
mint,8065,0.02,3.92,7195,0.01,3.8,B2,noun
molecules,8066,0.02,3.92,,,,,
montgomery,8067,0.02,3.92,9146,0.01,3.63,,
notification,8068,0.02,3.92,,,,,
nova,8069,0.02,3.92,9424,0.01,3.61,,
oakland,8070,0.02,3.92,,,,,
outline,8071,0.02,3.92,,,,B1,"noun, verb"
pasta,8072,0.02,3.92,6481,0.02,3.86,A2,noun
pi,8073,0.02,3.92,,,,B2,noun
polite,8074,0.02,3.92,4291,0.03,4.11,A2,adjective
productions,8075,0.02,3.92,,,,,
professors,8076,0.02,3.92,,,,,
quicker,8077,0.02,3.92,5949,0.02,3.91,,
randy,8078,0.02,3.92,3259,0.04,4.26,,
receipt,8079,0.02,3.92,5643,0.02,3.95,A2,noun
recognise,8080,0.02,3.92,4379,0.03,4.1,,
reliability,8081,0.02,3.92,,,,,
researcher,8082,0.02,3.92,,,,B1,noun
retailers,8083,0.02,3.92,,,,,
reviewing,8084,0.02,3.92,,,,,
romans,8085,0.02,3.92,6512,0.02,3.86,,
runway,8086,0.02,3.92,5570,0.02,3.95,B1,noun
sculpture,8087,0.02,3.92,9248,0.01,3.62,B1,noun
senses,8088,0.02,3.92,4304,0.03,4.11,,
sensor,8089,0.02,3.92,,,,,
seth,8090,0.02,3.92,4409,0.03,4.09,,
sharon,8091,0.02,3.92,5184,0.02,4.0,,
showcase,8092,0.02,3.92,,,,B2,noun
smoked,8093,0.02,3.92,5880,0.02,3.92,,
su,8094,0.02,3.92,7042,0.01,3.81,,
subsidiary,8095,0.02,3.92,,,,,
tampa,8096,0.02,3.92,,,,,
tenth,8097,0.02,3.92,8605,0.01,3.67,,
theology,8098,0.02,3.92,,,,,
topped,8099,0.02,3.92,,,,,
trails,8100,0.02,3.92,,,,,
underwater,8101,0.02,3.92,6331,0.02,3.88,B2,"adjective, adverb"
uploaded,8102,0.02,3.92,,,,,
velocity,8103,0.02,3.92,,,,,
venues,8104,0.02,3.92,,,,,
wax,8105,0.02,3.92,6114,0.02,3.9,B1,"noun, verb"
wikipedia,8106,0.02,3.92,,,,,
winston,8107,0.02,3.92,5198,0.02,3.99,,
yay,8108,0.02,3.92,3369,0.04,4.24,,
yu,8109,0.02,3.92,5012,0.02,4.02,,
♫,8110,0.02,3.92,,,,,
accountability,8111,0.02,3.91,,,,,
aerial,8112,0.02,3.91,,,,,
albeit,8113,0.02,3.91,,,,,
alcoholic,8114,0.02,3.91,6273,0.02,3.88,B2,"adjective, noun"
amazed,8115,0.02,3.91,6810,0.02,3.83,B1,adjective
ambition,8116,0.02,3.91,5708,0.02,3.94,A2,noun
ammunition,8117,0.02,3.91,7092,0.01,3.8,,
anthem,8118,0.02,3.91,,,,,
architects,8119,0.02,3.91,,,,,
automated,8120,0.02,3.91,,,,,
bake,8121,0.02,3.91,6689,0.02,3.84,A2,verb
batch,8122,0.02,3.91,8134,0.01,3.71,A2,noun
borrowed,8123,0.02,3.91,4442,0.03,4.09,,
carson,8124,0.02,3.91,4432,0.03,4.09,,
catalog,8125,0.02,3.91,,,,,
catalogue,8126,0.02,3.91,,,,,
charitable,8127,0.02,3.91,,,,,
christine,8128,0.02,3.91,4130,0.03,4.13,,
clicking,8129,0.02,3.91,3877,0.03,4.17,,
club's,8130,0.02,3.91,,,,,
collector,8131,0.02,3.91,7046,0.01,3.81,B2,noun
compliment,8132,0.02,3.91,4961,0.02,4.02,B1,noun
consisted,8133,0.02,3.91,,,,,
continually,8134,0.02,3.91,,,,B1,adverb
coordinator,8135,0.02,3.91,,,,,
damaging,8136,0.02,3.91,,,,,
danish,8137,0.02,3.91,8526,0.01,3.68,,
def,8138,0.02,3.91,,,,,
deployment,8139,0.02,3.91,,,,,
drafted,8140,0.02,3.91,,,,,
enjoyable,8141,0.02,3.91,,,,B1,adjective
exotic,8142,0.02,3.91,6846,0.02,3.83,B2,adjective
exterior,8143,0.02,3.91,,,,,
feminine,8144,0.02,3.91,8581,0.01,3.68,,
firearms,8145,0.02,3.91,,,,,
fountain,8146,0.02,3.91,6201,0.02,3.89,B1,noun
fury,8147,0.02,3.91,7174,0.01,3.8,,
gb,8148,0.02,3.91,,,,,
genocide,8149,0.02,3.91,,,,,
glance,8150,0.02,3.91,8338,0.01,3.7,B1,"noun, verb"
glow,8151,0.02,3.91,7053,0.01,3.81,B2,noun
hay,8152,0.02,3.91,6898,0.01,3.82,B2,noun
headlines,8153,0.02,3.91,8978,0.01,3.64,,
hebrew,8154,0.02,3.91,9666,0.01,3.6,,
hometown,8155,0.02,3.91,7428,0.01,3.77,A1,noun
humanitarian,8156,0.02,3.91,,,,,
hungary,8157,0.02,3.91,,,,,
idaho,8158,0.02,3.91,,,,,
immunity,8159,0.02,3.91,4348,0.03,4.1,,
implementing,8160,0.02,3.91,,,,,
inherited,8161,0.02,3.91,7292,0.01,3.79,,
killers,8162,0.02,3.91,4536,0.03,4.08,,
l.a,8163,0.02,3.91,,,,,
labeled,8164,0.02,3.91,,,,,
lebron,8165,0.02,3.91,,,,,
liberation,8166,0.02,3.91,9223,0.01,3.63,B1,noun
likelihood,8167,0.02,3.91,,,,,
lone,8168,0.02,3.91,7453,0.01,3.77,,
massacre,8169,0.02,3.91,7636,0.01,3.75,B2,noun
meme,8170,0.02,3.91,,,,,
mitch,8171,0.02,3.91,4266,0.03,4.11,,
mod,8172,0.02,3.91,,,,,
nationalist,8173,0.02,3.91,,,,B1,noun
nationals,8174,0.02,3.91,,,,,
necessity,8175,0.02,3.91,,,,B2,noun
nickname,8176,0.02,3.91,5874,0.02,3.92,B1,noun
nixon,8177,0.02,3.91,8929,0.01,3.65,,
observer,8178,0.02,3.91,,,,B2,noun
offshore,8179,0.02,3.91,,,,B2,adjective
optional,8180,0.02,3.91,,,,B2,adjective
papa,8181,0.02,3.91,1551,0.11,4.68,,
parked,8182,0.02,3.91,4443,0.03,4.09,,
paste,8183,0.02,3.91,,,,,
ph.d,8184,0.02,3.91,,,,,
pioneer,8185,0.02,3.91,,,,,
plaza,8186,0.02,3.91,9015,0.01,3.64,,
prescribed,8187,0.02,3.91,,,,,
pressures,8188,0.02,3.91,,,,,
prosperity,8189,0.02,3.91,,,,B1,noun
ps4,8190,0.02,3.91,,,,,
recreational,8191,0.02,3.91,,,,,
reds,8192,0.02,3.91,,,,,
refuge,8193,0.02,3.91,7605,0.01,3.76,B2,noun
religions,8194,0.02,3.91,,,,,
renewable,8195,0.02,3.91,,,,,
richardson,8196,0.02,3.91,,,,,
ricky,8197,0.02,3.91,2483,0.06,4.42,,
rode,8198,0.02,3.91,5707,0.02,3.94,,
ronald,8199,0.02,3.91,7850,0.01,3.73,,
sack,8200,0.02,3.91,4109,0.03,4.13,B2,verb
settlements,8201,0.02,3.91,,,,,
sheffield,8202,0.02,3.91,,,,,
shortage,8203,0.02,3.91,,,,B1,noun
skies,8204,0.02,3.91,5565,0.02,3.96,,
smarter,8205,0.02,3.91,4774,0.03,4.05,,
smiles,8206,0.02,3.91,6473,0.02,3.87,,
sophie,8207,0.02,3.91,3144,0.04,4.28,,
sphere,8208,0.02,3.91,,,,B1,noun
sponsors,8209,0.02,3.91,,,,,
stamps,8210,0.02,3.91,8465,0.01,3.68,,
stare,8211,0.02,3.91,4540,0.03,4.08,B1,verb
suburban,8212,0.02,3.91,,,,,
sung,8213,0.02,3.91,5432,0.02,3.97,,
suppliers,8214,0.02,3.91,,,,,
tablets,8215,0.02,3.91,,,,,
terribly,8216,0.02,3.91,2866,0.05,4.33,B1,adverb
territorial,8217,0.02,3.91,,,,,
thirds,8218,0.02,3.91,,,,,
thriller,8219,0.02,3.91,,,,B1,noun
toss,8220,0.02,3.91,4611,0.03,4.07,B1,verb
transgender,8221,0.02,3.91,,,,,
troubled,8222,0.02,3.91,5263,0.02,3.99,,
turtle,8223,0.02,3.91,4391,0.03,4.1,B1,noun
ur,8224,0.02,3.91,,,,,
verbal,8225,0.02,3.91,,,,B2,adjective
violated,8226,0.02,3.91,8539,0.01,3.68,,
vocals,8227,0.02,3.91,,,,,
wool,8228,0.02,3.91,8553,0.01,3.68,A2,noun
yang,8229,0.02,3.91,4421,0.03,4.09,,
accountable,8230,0.01,3.9,,,,,
advocacy,8231,0.01,3.9,,,,,
aftermath,8232,0.01,3.9,,,,,
aggression,8233,0.01,3.9,9330,0.01,3.62,,
analyzed,8234,0.01,3.9,,,,,
angles,8235,0.01,3.9,,,,,
arguably,8236,0.01,3.9,,,,,
armies,8237,0.01,3.9,7614,0.01,3.76,,
armstrong,8238,0.01,3.9,8346,0.01,3.69,,
assessed,8239,0.01,3.9,,,,,
attractions,8240,0.01,3.9,,,,,
balloon,8241,0.01,3.9,5067,0.02,4.01,A2,noun
beers,8242,0.01,3.9,5177,0.02,4.0,,
bells,8243,0.01,3.9,3405,0.04,4.24,,
blamed,8244,0.01,3.9,6095,0.02,3.9,,
blunt,8245,0.01,3.9,6759,0.02,3.83,,
boobs,8246,0.01,3.9,5037,0.02,4.01,,
bosses,8247,0.01,3.9,6873,0.02,3.82,,
brakes,8248,0.01,3.9,4918,0.02,4.03,,
brigade,8249,0.01,3.9,8158,0.01,3.71,,
bulgaria,8250,0.01,3.9,,,,,
burial,8251,0.01,3.9,6685,0.02,3.84,B2,noun
canceled,8252,0.01,3.9,5755,0.02,3.93,,
cardinal,8253,0.01,3.9,6612,0.02,3.85,,
champ,8254,0.01,3.9,5295,0.02,3.98,,
champagne,8255,0.01,3.9,2303,0.07,4.46,A2,noun
cheated,8256,0.01,3.9,3492,0.04,4.22,,
china's,8257,0.01,3.9,,,,,
chorus,8258,0.01,3.9,6675,0.02,3.85,,
chrome,8259,0.01,3.9,,,,,
clarity,8260,0.01,3.9,,,,,
classics,8261,0.01,3.9,,,,,
cleaner,8262,0.01,3.9,5664,0.02,3.94,A2,noun
combining,8263,0.01,3.9,,,,,
conclude,8264,0.01,3.9,,,,B1,verb
confidential,8265,0.01,3.9,6116,0.02,3.9,,
coordination,8266,0.01,3.9,,,,,
cracks,8267,0.01,3.9,6505,0.02,3.86,,
cs,8268,0.01,3.9,,,,,
dancers,8269,0.01,3.9,7165,0.01,3.8,,
delaware,8270,0.01,3.9,,,,,
directing,8271,0.01,3.9,,,,,
discretion,8272,0.01,3.9,8383,0.01,3.69,,
ditch,8273,0.01,3.9,5360,0.02,3.98,,
dome,8274,0.01,3.9,7848,0.01,3.73,,
dope,8275,0.01,3.9,4118,0.03,4.13,,
drought,8276,0.01,3.9,,,,B2,noun
ducks,8277,0.01,3.9,6705,0.02,3.84,,
dumped,8278,0.01,3.9,3066,0.04,4.3,,
elevation,8279,0.01,3.9,,,,,
entrepreneurs,8280,0.01,3.9,,,,,
epa,8281,0.01,3.9,,,,,
esteem,8282,0.01,3.9,,,,,
eva,8283,0.01,3.9,3304,0.04,4.25,,
explored,8284,0.01,3.9,,,,,
fe,8285,0.01,3.9,,,,,
finances,8286,0.01,3.9,,,,,
finishes,8287,0.01,3.9,,,,,
fog,8288,0.01,3.9,5621,0.02,3.95,A2,noun
framed,8289,0.01,3.9,6914,0.01,3.82,,
fucks,8290,0.01,3.9,8807,0.01,3.66,,
gesture,8291,0.01,3.9,5636,0.02,3.95,B1,noun
ghana,8292,0.01,3.9,,,,,
gibson,8293,0.01,3.9,8322,0.01,3.7,,
gif,8294,0.01,3.9,,,,,
gilbert,8295,0.01,3.9,6794,0.02,3.83,,
gosh,8296,0.01,3.9,1815,0.09,4.59,,
griffin,8297,0.01,3.9,6219,0.02,3.89,,
historian,8298,0.01,3.9,,,,B1,noun
horizontal,8299,0.01,3.9,,,,,
hospitality,8300,0.01,3.9,7791,0.01,3.74,B2,noun
hostage,8301,0.01,3.9,3813,0.03,4.17,,
hottest,8302,0.01,3.9,7865,0.01,3.73,,
individually,8303,0.01,3.9,,,,,
inevitably,8304,0.01,3.9,,,,,
jeffrey,8305,0.01,3.9,5738,0.02,3.93,,
kenneth,8306,0.01,3.9,7222,0.01,3.79,,
lad,8307,0.01,3.9,3055,0.04,4.3,,
lakers,8308,0.01,3.9,,,,,
lasts,8309,0.01,3.9,7317,0.01,3.78,,
leagues,8310,0.01,3.9,,,,,
leslie,8311,0.01,3.9,4213,0.03,4.12,,
listings,8312,0.01,3.9,,,,,
literacy,8313,0.01,3.9,,,,,
marriages,8314,0.01,3.9,8917,0.01,3.65,,
mcdonald's,8315,0.01,3.9,,,,,
migrants,8316,0.01,3.9,,,,,
mins,8317,0.01,3.9,,,,,
misleading,8318,0.01,3.9,,,,B2,adjective
moisture,8319,0.01,3.9,,,,B1,noun
monument,8320,0.01,3.9,9464,0.01,3.61,B1,noun
mortality,8321,0.01,3.9,,,,,
ng,8322,0.01,3.9,7419,0.01,3.77,,
notices,8323,0.01,3.9,,,,,
obsession,8324,0.01,3.9,6555,0.02,3.86,B2,noun
opt,8325,0.01,3.9,,,,,
particle,8326,0.01,3.9,9656,0.01,3.6,B2,noun
peanut,8327,0.01,3.9,5624,0.02,3.95,B1,noun
penn,8328,0.01,3.9,,,,,
persistent,8329,0.01,3.9,,,,B2,adjective
personalities,8330,0.01,3.9,,,,,
petroleum,8331,0.01,3.9,,,,,
pharmaceutical,8332,0.01,3.9,,,,,
progression,8333,0.01,3.9,,,,,
quinn,8334,0.01,3.9,4095,0.03,4.14,,
ra,8335,0.01,3.9,6961,0.01,3.82,,
rack,8336,0.01,3.9,6580,0.02,3.85,B2,noun
rebuild,8337,0.01,3.9,7995,0.01,3.72,B1,verb
recordings,8338,0.01,3.9,,,,,
rejection,8339,0.01,3.9,,,,B2,noun
relaxing,8340,0.01,3.9,8562,0.01,3.68,B1,adjective
reservoir,8341,0.01,3.9,,,,,
respects,8342,0.01,3.9,5677,0.02,3.94,,
riley,8343,0.01,3.9,4042,0.03,4.14,,
scrap,8344,0.01,3.9,7571,0.01,3.76,,
sebastian,8345,0.01,3.9,4447,0.03,4.09,,
sensation,8346,0.01,3.9,7224,0.01,3.79,B1,noun
shaft,8347,0.01,3.9,7094,0.01,3.8,,
shepherd,8348,0.01,3.9,4983,0.02,4.02,,
shuttle,8349,0.01,3.9,5947,0.02,3.91,,
slope,8350,0.01,3.9,,,,B1,noun
snack,8351,0.01,3.9,5352,0.02,3.98,A2,noun
sounding,8352,0.01,3.9,7695,0.01,3.75,,
specialists,8353,0.01,3.9,,,,,
spotlight,8354,0.01,3.9,8889,0.01,3.65,,
stabbed,8355,0.01,3.9,3751,0.03,4.18,,
stern,8356,0.01,3.9,8104,0.01,3.71,B2,adjective
stiff,8357,0.01,3.9,5079,0.02,4.01,B2,adjective
striker,8358,0.01,3.9,,,,,
sudan,8359,0.01,3.9,,,,,
sued,8360,0.01,3.9,,,,,
sums,8361,0.01,3.9,,,,,
sworn,8362,0.01,3.9,5437,0.02,3.97,,
tel,8363,0.01,3.9,,,,,
terrific,8364,0.01,3.9,2695,0.05,4.37,B1,adjective
theres,8365,0.01,3.9,,,,,
titans,8366,0.01,3.9,,,,,
tomatoes,8367,0.01,3.9,7444,0.01,3.77,,
tory,8368,0.01,3.9,9928,0.01,3.58,,
trafficking,8369,0.01,3.9,9439,0.01,3.61,,
transparency,8370,0.01,3.9,,,,,
trinity,8371,0.01,3.9,,,,,
unemployed,8372,0.01,3.9,7379,0.01,3.78,B1,adjective
unite,8373,0.01,3.9,7395,0.01,3.77,B1,verb
unlock,8374,0.01,3.9,7188,0.01,3.8,B2,verb
vault,8375,0.01,3.9,4719,0.03,4.05,,
vet,8376,0.01,3.9,6383,0.02,3.87,B1,noun
vince,8377,0.01,3.9,3401,0.04,4.24,,
wagon,8378,0.01,3.9,4264,0.03,4.11,B1,noun
walt,8379,0.01,3.9,4606,0.03,4.07,,
withdrawn,8380,0.01,3.9,,,,,
accessed,8381,0.01,3.89,,,,,
adverse,8382,0.01,3.89,,,,B2,adjective
aiming,8383,0.01,3.89,8961,0.01,3.65,,
allah,8384,0.01,3.89,5082,0.02,4.01,,
alumni,8385,0.01,3.89,,,,,
ana,8386,0.01,3.89,5311,0.02,3.98,,
awhile,8387,0.01,3.89,6051,0.02,3.9,,
aye,8388,0.01,3.89,1589,0.1,4.67,,
bastard,8389,0.01,3.89,907,0.21,4.96,,
behaviors,8390,0.01,3.89,,,,,
bikes,8391,0.01,3.89,8161,0.01,3.71,,
biography,8392,0.01,3.89,,,,B1,noun
br,8393,0.01,3.89,,,,,
broker,8394,0.01,3.89,9034,0.01,3.64,,
browser,8395,0.01,3.89,,,,B2,noun
bury,8396,0.01,3.89,2747,0.05,4.36,A2,verb
cellular,8397,0.01,3.89,,,,,
cocktail,8398,0.01,3.89,5299,0.02,3.98,B2,noun
cod,8399,0.01,3.89,,,,B1,noun
conditioning,8400,0.01,3.89,,,,,
consuming,8401,0.01,3.89,,,,,
contracted,8402,0.01,3.89,,,,,
costumes,8403,0.01,3.89,6449,0.02,3.87,,
counseling,8404,0.01,3.89,9488,0.01,3.61,,
crews,8405,0.01,3.89,9277,0.01,3.62,,
cubs,8406,0.01,3.89,8886,0.01,3.65,,
cuz,8407,0.01,3.89,8861,0.01,3.65,,
dangers,8408,0.01,3.89,9243,0.01,3.62,,
designing,8409,0.01,3.89,,,,,
destructive,8410,0.01,3.89,,,,B1,adjective
develops,8411,0.01,3.89,,,,,
dislike,8412,0.01,3.89,8209,0.01,3.71,B1,"noun, verb"
doubled,8413,0.01,3.89,9868,0.01,3.58,,
doubles,8414,0.01,3.89,,,,,
economies,8415,0.01,3.89,,,,,
embedded,8416,0.01,3.89,,,,,
emerge,8417,0.01,3.89,9627,0.01,3.6,B1,verb
excluded,8418,0.01,3.89,,,,,
expects,8419,0.01,3.89,8753,0.01,3.66,,
f1,8420,0.01,3.89,,,,,
farewell,8421,0.01,3.89,3478,0.04,4.23,B1,noun
feeds,8422,0.01,3.89,7938,0.01,3.73,,
fist,8423,0.01,3.89,4836,0.02,4.04,,
fond,8424,0.01,3.89,3968,0.03,4.15,B1,adjective
foolish,8425,0.01,3.89,3178,0.04,4.28,B1,adjective
frog,8426,0.01,3.89,4818,0.02,4.04,A1,noun
fry,8427,0.01,3.89,4933,0.02,4.03,B1,"noun, verb"
garcia,8428,0.01,3.89,6316,0.02,3.88,,
gifted,8429,0.01,3.89,7833,0.01,3.74,B1,adjective
hacking,8430,0.01,3.89,,,,,
hawks,8431,0.01,3.89,,,,,
heir,8432,0.01,3.89,5264,0.02,3.99,,
highlighted,8433,0.01,3.89,,,,,
holocaust,8434,0.01,3.89,,,,B2,noun
homer,8435,0.01,3.89,4489,0.03,4.08,,
hon,8436,0.01,3.89,4699,0.03,4.06,,
hopkins,8437,0.01,3.89,,,,,
imprisonment,8438,0.01,3.89,,,,B2,noun
indonesian,8439,0.01,3.89,,,,,
irs,8440,0.01,3.89,,,,,
isnt,8441,0.01,3.89,,,,,
jenny,8442,0.01,3.89,2112,0.07,4.51,,
ji,8443,0.01,3.89,5904,0.02,3.92,,
lacks,8444,0.01,3.89,,,,,
landlord,8445,0.01,3.89,5963,0.02,3.91,B1,noun
landmark,8446,0.01,3.89,,,,,
lanka,8447,0.01,3.89,,,,,
launches,8448,0.01,3.89,,,,,
leaning,8449,0.01,3.89,9038,0.01,3.64,,
liable,8450,0.01,3.89,9431,0.01,3.61,,
life's,8451,0.01,3.89,,,,,
memphis,8452,0.01,3.89,,,,,
midst,8453,0.01,3.89,8676,0.01,3.67,B2,noun
misery,8454,0.01,3.89,4642,0.03,4.06,B1,noun
module,8455,0.01,3.89,,,,,
mommy,8456,0.01,3.89,1308,0.13,4.77,,
monroe,8457,0.01,3.89,6658,0.02,3.85,,
mosque,8458,0.01,3.89,8616,0.01,3.67,A2,noun
moss,8459,0.01,3.89,8663,0.01,3.67,B1,noun
museums,8460,0.01,3.89,,,,,
mvp,8461,0.01,3.89,,,,,
nursery,8462,0.01,3.89,7649,0.01,3.75,B2,noun
obamacare,8463,0.01,3.89,,,,,
onion,8464,0.01,3.89,7608,0.01,3.76,A2,noun
perspectives,8465,0.01,3.89,,,,,
peru,8466,0.01,3.89,,,,,
phrases,8467,0.01,3.89,,,,,
plague,8468,0.01,3.89,5148,0.02,4.0,B2,noun
plains,8469,0.01,3.89,9782,0.01,3.59,,
positively,8470,0.01,3.89,8577,0.01,3.68,B1,adverb
powell,8471,0.01,3.89,8199,0.01,3.71,,
prevents,8472,0.01,3.89,,,,,
profiles,8473,0.01,3.89,,,,,
pursued,8474,0.01,3.89,,,,,
raids,8475,0.01,3.89,,,,,
recruit,8476,0.01,3.89,8225,0.01,3.7,B2,verb
resting,8477,0.01,3.89,5822,0.02,3.93,,
rex,8478,0.01,3.89,4513,0.03,4.08,,
rogue,8479,0.01,3.89,6368,0.02,3.88,,
roosevelt,8480,0.01,3.89,6602,0.02,3.85,,
salaries,8481,0.01,3.89,,,,,
sd,8482,0.01,3.89,,,,,
seated,8483,0.01,3.89,5758,0.02,3.93,,
sharply,8484,0.01,3.89,6502,0.02,3.86,B2,adverb
showers,8485,0.01,3.89,8017,0.01,3.72,,
sincerely,8486,0.01,3.89,7351,0.01,3.78,,
sings,8487,0.01,3.89,4630,0.03,4.07,,
solidarity,8488,0.01,3.89,,,,,
specialty,8489,0.01,3.89,7618,0.01,3.76,B2,noun
supernatural,8490,0.01,3.89,8149,0.01,3.71,B2,adjective
surprises,8491,0.01,3.89,4791,0.03,4.05,,
td,8492,0.01,3.89,,,,,
tens,8493,0.01,3.89,8600,0.01,3.67,,
thirteen,8494,0.01,3.89,7654,0.01,3.75,A1,number
tomb,8495,0.01,3.89,5063,0.02,4.01,B2,noun
touring,8496,0.01,3.89,,,,,
traces,8497,0.01,3.89,5265,0.02,3.99,,
trademark,8498,0.01,3.89,,,,,
trim,8499,0.01,3.89,9586,0.01,3.6,B1,noun
umbrella,8500,0.01,3.89,5740,0.02,3.93,A1,noun
utilities,8501,0.01,3.89,,,,,
voyage,8502,0.01,3.89,6927,0.01,3.82,B1,noun
weaker,8503,0.01,3.89,9776,0.01,3.59,,
willie,8504,0.01,3.89,4005,0.03,4.15,,
yields,8505,0.01,3.89,,,,,
abbey,8506,0.01,3.88,9137,0.01,3.63,,
accepts,8507,0.01,3.88,,,,,
adjustment,8508,0.01,3.88,,,,B2,noun
andrea,8509,0.01,3.88,4647,0.03,4.06,,
assignments,8510,0.01,3.88,,,,,
attachment,8511,0.01,3.88,,,,B1,noun
baron,8512,0.01,3.88,4253,0.03,4.11,,
beatles,8513,0.01,3.88,9379,0.01,3.62,,
belfast,8514,0.01,3.88,,,,,
blah,8515,0.01,3.88,3432,0.04,4.23,,
blaming,8516,0.01,3.88,5805,0.02,3.93,,
bomber,8517,0.01,3.88,7494,0.01,3.77,B2,noun
bt,8518,0.01,3.88,,,,,
bunny,8519,0.01,3.88,4248,0.03,4.12,,
candle,8520,0.01,3.88,5044,0.02,4.01,B1,noun
carved,8521,0.01,3.88,7886,0.01,3.73,,
choir,8522,0.01,3.88,5878,0.02,3.92,B1,noun
clutch,8523,0.01,3.88,,,,,
coconut,8524,0.01,3.88,6999,0.01,3.81,B2,noun
committing,8525,0.01,3.88,7481,0.01,3.77,,
comprising,8526,0.01,3.88,,,,,
confession,8527,0.01,3.88,3093,0.04,4.29,B2,noun
consume,8528,0.01,3.88,,,,B1,verb
corridor,8529,0.01,3.88,6161,0.02,3.89,B2,noun
credibility,8530,0.01,3.88,,,,,
credited,8531,0.01,3.88,,,,,
critically,8532,0.01,3.88,,,,B2,adverb
dem,8533,0.01,3.88,,,,,
distracted,8534,0.01,3.88,5290,0.02,3.98,,
dm,8535,0.01,3.88,,,,,
dolphins,8536,0.01,3.88,9073,0.01,3.64,,
estates,8537,0.01,3.88,,,,,
ferguson,8538,0.01,3.88,9664,0.01,3.6,,
ferrari,8539,0.01,3.88,8393,0.01,3.69,,
filters,8540,0.01,3.88,,,,,
fools,8541,0.01,3.88,3466,0.04,4.23,,
fourteen,8542,0.01,3.88,7869,0.01,3.73,A1,number
fu,8543,0.01,3.88,4181,0.03,4.12,,
geometry,8544,0.01,3.88,,,,,
gf,8545,0.01,3.88,,,,,
ghosts,8546,0.01,3.88,2931,0.05,4.32,,
gossip,8547,0.01,3.88,4515,0.03,4.08,B2,"noun, verb"
gp,8548,0.01,3.88,,,,,
grandparents,8549,0.01,3.88,7859,0.01,3.73,,
group's,8550,0.01,3.88,,,,,
haul,8551,0.01,3.88,6498,0.02,3.86,,
header,8552,0.01,3.88,,,,,
headphones,8553,0.01,3.88,,,,,
highways,8554,0.01,3.88,,,,,
holly,8555,0.01,3.88,3115,0.04,4.29,,
immense,8556,0.01,3.88,9142,0.01,3.63,,
imports,8557,0.01,3.88,,,,,
incentives,8558,0.01,3.88,,,,,
interfere,8559,0.01,3.88,4277,0.03,4.11,B2,verb
intersection,8560,0.01,3.88,,,,B2,noun
investigators,8561,0.01,3.88,9714,0.01,3.59,,
juvenile,8562,0.01,3.88,8283,0.01,3.7,,
karma,8563,0.01,3.88,6673,0.02,3.85,,
ki,8564,0.01,3.88,,,,,
knocking,8565,0.01,3.88,1930,0.08,4.56,,
kurt,8566,0.01,3.88,4921,0.02,4.03,,
leaks,8567,0.01,3.88,,,,,
leverage,8568,0.01,3.88,9177,0.01,3.63,,
lil,8569,0.01,3.88,8739,0.01,3.66,,
lining,8570,0.01,3.88,7782,0.01,3.74,,
luther,8571,0.01,3.88,7023,0.01,3.81,,
manila,8572,0.01,3.88,,,,,
mankind,8573,0.01,3.88,4529,0.03,4.08,B1,noun
mapping,8574,0.01,3.88,,,,,
masks,8575,0.01,3.88,6918,0.01,3.82,,
med,8576,0.01,3.88,7125,0.01,3.8,,
metric,8577,0.01,3.88,,,,B2,adjective
militia,8578,0.01,3.88,,,,,
naming,8579,0.01,3.88,,,,,
ncaa,8580,0.01,3.88,,,,,
night's,8581,0.01,3.88,,,,,
nike,8582,0.01,3.88,,,,,
node,8583,0.01,3.88,,,,,
obstacles,8584,0.01,3.88,,,,,
opener,8585,0.01,3.88,,,,,
overwhelmed,8586,0.01,3.88,7765,0.01,3.74,,
performers,8587,0.01,3.88,,,,,
pg,8588,0.01,3.88,,,,,
pl,8589,0.01,3.88,,,,,
pointless,8590,0.01,3.88,6635,0.02,3.85,B2,adjective
poles,8591,0.01,3.88,8340,0.01,3.7,,
preferences,8592,0.01,3.88,,,,,
prompted,8593,0.01,3.88,,,,,
proximity,8594,0.01,3.88,,,,B2,noun
qualification,8595,0.01,3.88,,,,B2,noun
qualifications,8596,0.01,3.88,,,,,
ranger,8597,0.01,3.88,5142,0.02,4.0,B2,noun
rendered,8598,0.01,3.88,,,,,
rented,8599,0.01,3.88,5325,0.02,3.98,,
reversed,8600,0.01,3.88,,,,,
robbed,8601,0.01,3.88,3407,0.04,4.24,,
sadness,8602,0.01,3.88,6017,0.02,3.91,B1,noun
scenarios,8603,0.01,3.88,,,,,
selective,8604,0.01,3.88,,,,,
seniors,8605,0.01,3.88,,,,,
sf,8606,0.01,3.88,,,,,
shiny,8607,0.01,3.88,5977,0.02,3.91,B1,adjective
socialism,8608,0.01,3.88,,,,,
son's,8609,0.01,3.88,,,,,
sour,8610,0.01,3.88,6453,0.02,3.87,B1,adjective
spoon,8611,0.01,3.88,5771,0.02,3.93,A2,noun
stressful,8612,0.01,3.88,9259,0.01,3.62,B1,adjective
stretched,8613,0.01,3.88,9542,0.01,3.6,,
sucking,8614,0.01,3.88,6167,0.02,3.89,,
teddy,8615,0.01,3.88,2938,0.05,4.32,,
tenants,8616,0.01,3.88,9681,0.01,3.6,,
terrace,8617,0.01,3.88,7658,0.01,3.75,B2,noun
thief,8618,0.01,3.88,1914,0.08,4.57,A2,noun
transported,8619,0.01,3.88,,,,,
tribunal,8620,0.01,3.88,,,,,
undoubtedly,8621,0.01,3.88,,,,B2,adverb
uniforms,8622,0.01,3.88,5868,0.02,3.92,,
verify,8623,0.01,3.88,8187,0.01,3.71,,
villain,8624,0.01,3.88,5722,0.02,3.94,,
whats,8625,0.01,3.88,9843,0.01,3.58,,
whistle,8626,0.01,3.88,2719,0.05,4.37,B2,"noun, verb"
wife's,8627,0.01,3.88,,,,,
workshops,8628,0.01,3.88,,,,,
yale,8629,0.01,3.88,8384,0.01,3.69,,
yearly,8630,0.01,3.88,,,,,
yemen,8631,0.01,3.88,,,,,
⠀,8632,0.01,3.88,,,,,
abusive,8633,0.01,3.87,,,,,
alley,8634,0.01,3.87,3668,0.04,4.19,,
announcing,8635,0.01,3.87,,,,,
appetite,8636,0.01,3.87,4972,0.02,4.02,B1,noun
backyard,8637,0.01,3.87,5971,0.02,3.91,B2,noun
beth,8638,0.01,3.87,3225,0.04,4.27,,
beverly,8639,0.01,3.87,5748,0.02,3.93,,
bids,8640,0.01,3.87,,,,,
billboard,8641,0.01,3.87,,,,,
blades,8642,0.01,3.87,8007,0.01,3.72,,
boris,8643,0.01,3.87,5933,0.02,3.92,,
bully,8644,0.01,3.87,5307,0.02,3.98,B2,verb
burke,8645,0.01,3.87,6027,0.02,3.91,,
cables,8646,0.01,3.87,,,,,
calculate,8647,0.01,3.87,,,,B1,verb
calculations,8648,0.01,3.87,8843,0.01,3.65,,
chicks,8649,0.01,3.87,4209,0.03,4.12,,
conceived,8650,0.01,3.87,,,,,
consult,8651,0.01,3.87,6762,0.02,3.83,B2,verb
crashes,8652,0.01,3.87,8045,0.01,3.72,,
crowds,8653,0.01,3.87,8551,0.01,3.68,,
cunt,8654,0.01,3.87,4996,0.02,4.02,,
damned,8655,0.01,3.87,2781,0.05,4.35,,
dissolved,8656,0.01,3.87,,,,,
distinguish,8657,0.01,3.87,,,,B1,verb
dominate,8658,0.01,3.87,,,,B2,verb
dynasty,8659,0.01,3.87,7875,0.01,3.73,B1,noun
economist,8660,0.01,3.87,,,,B2,noun
endorsed,8661,0.01,3.87,,,,,
europeans,8662,0.01,3.87,,,,,
examining,8663,0.01,3.87,,,,,
extensively,8664,0.01,3.87,,,,B1,adverb
fda,8665,0.01,3.87,,,,,
festivals,8666,0.01,3.87,,,,,
forehead,8667,0.01,3.87,5615,0.02,3.95,B1,noun
foreigners,8668,0.01,3.87,7193,0.01,3.8,,
forgiveness,8669,0.01,3.87,4274,0.03,4.11,,
gem,8670,0.01,3.87,8964,0.01,3.65,,
glen,8671,0.01,3.87,7180,0.01,3.8,,
graves,8672,0.01,3.87,6971,0.01,3.81,,
gregory,8673,0.01,3.87,7231,0.01,3.79,,
haunted,8674,0.01,3.87,5289,0.02,3.98,,
hayes,8675,0.01,3.87,7402,0.01,3.77,,
heather,8676,0.01,3.87,4327,0.03,4.1,,
hiking,8677,0.01,3.87,,,,A2,noun
hypothesis,8678,0.01,3.87,,,,,
illegally,8679,0.01,3.87,9584,0.01,3.6,B1,adverb
illustrations,8680,0.01,3.87,,,,,
inclined,8681,0.01,3.87,9919,0.01,3.58,,
informal,8682,0.01,3.87,,,,B2,adjective
jew,8683,0.01,3.87,4668,0.03,4.06,,
learnt,8684,0.01,3.87,5733,0.02,3.94,,
lending,8685,0.01,3.87,,,,,
marker,8686,0.01,3.87,8960,0.01,3.65,,
marsh,8687,0.01,3.87,6269,0.02,3.88,,
marshal,8688,0.01,3.87,4256,0.03,4.11,,
maturity,8689,0.01,3.87,,,,,
maya,8690,0.01,3.87,3632,0.04,4.2,,
messy,8691,0.01,3.87,5762,0.02,3.93,B1,adjective
mia,8692,0.01,3.87,4017,0.03,4.15,,
minneapolis,8693,0.01,3.87,,,,,
molly,8694,0.01,3.87,2727,0.05,4.36,,
morrison,8695,0.01,3.87,9831,0.01,3.58,,
mtv,8696,0.01,3.87,,,,,
muhammad,8697,0.01,3.87,9367,0.01,3.62,,
neighboring,8698,0.01,3.87,,,,,
neighbours,8699,0.01,3.87,6151,0.02,3.89,,
ninja,8700,0.01,3.87,5071,0.02,4.01,,
optimistic,8701,0.01,3.87,9190,0.01,3.63,B2,adjective
outlined,8702,0.01,3.87,,,,,
owl,8703,0.01,3.87,6824,0.02,3.83,B2,noun
parenting,8704,0.01,3.87,,,,,
peaks,8705,0.01,3.87,,,,,
pharmacy,8706,0.01,3.87,8510,0.01,3.68,B1,noun
pools,8707,0.01,3.87,,,,,
preparations,8708,0.01,3.87,8922,0.01,3.65,,
problematic,8709,0.01,3.87,,,,,
proceeded,8710,0.01,3.87,,,,,
processor,8711,0.01,3.87,,,,,
promotional,8712,0.01,3.87,,,,,
pros,8713,0.01,3.87,,,,,
prospective,8714,0.01,3.87,,,,,
psychiatric,8715,0.01,3.87,7891,0.01,3.73,,
regulate,8716,0.01,3.87,,,,B2,verb
renaissance,8717,0.01,3.87,,,,,
repeal,8718,0.01,3.87,,,,,
reuters,8719,0.01,3.87,,,,,
riots,8720,0.01,3.87,,,,,
roast,8721,0.01,3.87,5275,0.02,3.99,A2,"adjective, verb"
robertson,8722,0.01,3.87,,,,,
rubbish,8723,0.01,3.87,3659,0.04,4.2,B1,noun
saga,8724,0.01,3.87,,,,,
salon,8725,0.01,3.87,7118,0.01,3.8,B2,noun
seventeen,8726,0.01,3.87,8758,0.01,3.66,A1,number
shields,8727,0.01,3.87,7377,0.01,3.78,,
sliding,8728,0.01,3.87,,,,,
sodium,8729,0.01,3.87,,,,,
surplus,8730,0.01,3.87,,,,,
swallow,8731,0.01,3.87,4293,0.03,4.11,A2,verb
systematic,8732,0.01,3.87,,,,B1,adjective
theaters,8733,0.01,3.87,,,,,
transmitted,8734,0.01,3.87,,,,,
tuned,8735,0.01,3.87,9174,0.01,3.63,,
unacceptable,8736,0.01,3.87,8316,0.01,3.7,B2,adjective
unaware,8737,0.01,3.87,9441,0.01,3.61,B2,adjective
uncommon,8738,0.01,3.87,,,,B2,adjective
underway,8739,0.01,3.87,,,,,
unified,8740,0.01,3.87,,,,,
unstable,8741,0.01,3.87,6798,0.02,3.83,,
upstairs,8742,0.01,3.87,1209,0.14,4.81,B1,"adjective, adverb, noun"
vague,8743,0.01,3.87,8582,0.01,3.68,B1,adjective
wee,8744,0.01,3.87,4800,0.02,4.04,,
woo,8745,0.01,3.87,3242,0.04,4.27,,
xd,8746,0.01,3.87,,,,,
zip,8747,0.01,3.87,6622,0.02,3.85,B2,noun
a00,8748,0.01,3.86,,,,,
abs,8749,0.01,3.86,,,,,
abundance,8750,0.01,3.86,,,,B1,noun
advancing,8751,0.01,3.86,,,,,
ahh,8752,0.01,3.86,2245,0.07,4.48,,
alberta,8753,0.01,3.86,,,,,
ant,8754,0.01,3.86,7367,0.01,3.78,B1,noun
antique,8755,0.01,3.86,7385,0.01,3.78,B1,"adjective, noun"
autonomy,8756,0.01,3.86,,,,,
baptist,8757,0.01,3.86,,,,,
behavioral,8758,0.01,3.86,,,,,
biden,8759,0.01,3.86,,,,,
booking,8760,0.01,3.86,,,,B1,noun
breeze,8761,0.01,3.86,5150,0.02,4.0,A2,noun
brett,8762,0.01,3.86,6902,0.01,3.82,,
browns,8763,0.01,3.86,,,,,
canadians,8764,0.01,3.86,,,,,
carnival,8765,0.01,3.86,6764,0.02,3.83,B2,noun
commodity,8766,0.01,3.86,,,,,
congressman,8767,0.01,3.86,6577,0.02,3.85,,
containers,8768,0.01,3.86,,,,,
cooperative,8769,0.01,3.86,,,,B2,adjective
coral,8770,0.01,3.86,9060,0.01,3.64,B2,noun
correlation,8771,0.01,3.86,,,,,
correspondent,8772,0.01,3.86,,,,B2,noun
coupon,8773,0.01,3.86,,,,,
covid,8774,0.01,3.86,,,,,
crosses,8775,0.01,3.86,8637,0.01,3.67,,
curtain,8776,0.01,3.86,5214,0.02,3.99,B1,noun
curves,8777,0.01,3.86,,,,,
defines,8778,0.01,3.86,,,,,
delivers,8779,0.01,3.86,,,,,
demonstrates,8780,0.01,3.86,,,,,
dentist,8781,0.01,3.86,5268,0.02,3.99,A2,noun
dodgers,8782,0.01,3.86,,,,,
dough,8783,0.01,3.86,4465,0.03,4.09,,
dug,8784,0.01,3.86,4808,0.02,4.04,,
endangered,8785,0.01,3.86,,,,A2,adjective
envelope,8786,0.01,3.86,4733,0.03,4.05,A2,noun
exhibited,8787,0.01,3.86,,,,,
fade,8788,0.01,3.86,7011,0.01,3.81,B1,verb
fatigue,8789,0.01,3.86,,,,,
fellowship,8790,0.01,3.86,,,,,
fictional,8791,0.01,3.86,,,,B2,adjective
fragile,8792,0.01,3.86,5897,0.02,3.92,,
fringe,8793,0.01,3.86,,,,,
fulfill,8794,0.01,3.86,5820,0.02,3.93,,
gaps,8795,0.01,3.86,,,,,
granite,8796,0.01,3.86,,,,,
greens,8797,0.01,3.86,,,,,
handbook,8798,0.01,3.86,,,,,
hardy,8799,0.01,3.86,9013,0.01,3.64,,
honors,8800,0.01,3.86,9490,0.01,3.61,,
india's,8801,0.01,3.86,,,,,
insights,8802,0.01,3.86,,,,,
instinct,8803,0.01,3.86,5156,0.02,4.0,B2,noun
inviting,8804,0.01,3.86,5551,0.02,3.96,,
irony,8805,0.01,3.86,8038,0.01,3.72,,
ivan,8806,0.01,3.86,4182,0.03,4.12,,
joyce,8807,0.01,3.86,6145,0.02,3.89,,
judgement,8808,0.01,3.86,8741,0.01,3.66,,
judiciary,8809,0.01,3.86,,,,,
jumps,8810,0.01,3.86,7887,0.01,3.73,,
lads,8811,0.01,3.86,3704,0.03,4.19,,
legion,8812,0.01,3.86,9759,0.01,3.59,,
lethal,8813,0.01,3.86,6706,0.02,3.84,,
lime,8814,0.01,3.86,8956,0.01,3.65,,
lively,8815,0.01,3.86,7173,0.01,3.8,A2,adjective
logistics,8816,0.01,3.86,,,,,
lowered,8817,0.01,3.86,9946,0.01,3.58,,
lynn,8818,0.01,3.86,6686,0.02,3.84,,
maid,8819,0.01,3.86,2680,0.05,4.38,,
manning,8820,0.01,3.86,9426,0.01,3.61,,
manuel,8821,0.01,3.86,7198,0.01,3.8,,
maple,8822,0.01,3.86,,,,B1,noun
mickey,8823,0.01,3.86,3476,0.04,4.23,,
midfielder,8824,0.01,3.86,,,,,
mindset,8825,0.01,3.86,,,,,
mistress,8826,0.01,3.86,3121,0.04,4.29,,
moms,8827,0.01,3.86,7302,0.01,3.79,,
mon,8828,0.01,3.86,6738,0.02,3.84,,
monkeys,8829,0.01,3.86,5397,0.02,3.97,,
morality,8830,0.01,3.86,9312,0.01,3.62,B2,noun
mortal,8831,0.01,3.86,5226,0.02,3.99,B2,adjective
mounting,8832,0.01,3.86,,,,,
nonprofit,8833,0.01,3.86,,,,,
nsa,8834,0.01,3.86,9069,0.01,3.64,,
oils,8835,0.01,3.86,,,,,
operative,8836,0.01,3.86,9679,0.01,3.6,,
outs,8837,0.01,3.86,,,,,
owed,8838,0.01,3.86,5910,0.02,3.92,,
panama,8839,0.01,3.86,,,,,
patches,8840,0.01,3.86,,,,,
pickup,8841,0.01,3.86,7610,0.01,3.76,,
portraits,8842,0.01,3.86,,,,,
pouring,8843,0.01,3.86,5983,0.02,3.91,,
prestigious,8844,0.01,3.86,,,,B2,adjective
prompt,8845,0.01,3.86,,,,B2,"adjective, noun, verb"
quantities,8846,0.01,3.86,,,,,
radius,8847,0.01,3.86,8186,0.01,3.71,,
referee,8848,0.01,3.86,,,,B1,noun
relay,8849,0.01,3.86,9654,0.01,3.6,B2,noun
rig,8850,0.01,3.86,5798,0.02,3.93,,
risen,8851,0.01,3.86,,,,,
rows,8852,0.01,3.86,,,,,
sacramento,8853,0.01,3.86,,,,,
scroll,8854,0.01,3.86,,,,,
searches,8855,0.01,3.86,,,,,
sh,8856,0.01,3.86,7326,0.01,3.78,,
smiled,8857,0.01,3.86,7622,0.01,3.76,,
snacks,8858,0.01,3.86,7194,0.01,3.8,,
snakes,8859,0.01,3.86,5181,0.02,4.0,,
sovereignty,8860,0.01,3.86,,,,,
strips,8861,0.01,3.86,,,,,
stunt,8862,0.01,3.86,5879,0.02,3.92,,
subjected,8863,0.01,3.86,,,,,
sucked,8864,0.01,3.86,4975,0.02,4.02,,
sunlight,8865,0.01,3.86,6930,0.01,3.82,A2,noun
surf,8866,0.01,3.86,6861,0.02,3.82,A2,"noun, verb"
symbolic,8867,0.01,3.86,,,,B2,adjective
sync,8868,0.01,3.86,3662,0.04,4.2,,
taxpayer,8869,0.01,3.86,,,,,
tempted,8870,0.01,3.86,8594,0.01,3.67,,
thrust,8871,0.01,3.86,8217,0.01,3.71,,
trevor,8872,0.01,3.86,4656,0.03,4.06,,
trilogy,8873,0.01,3.86,,,,,
url,8874,0.01,3.86,,,,,
weights,8875,0.01,3.86,,,,,
wheelchair,8876,0.01,3.86,6324,0.02,3.88,A2,noun
whore,8877,0.01,3.86,2160,0.07,4.5,,
wiped,8878,0.01,3.86,4843,0.02,4.04,,
yahoo,8879,0.01,3.86,,,,,
youre,8880,0.01,3.86,,,,,
yourselves,8881,0.01,3.86,2086,0.07,4.52,,
accompanying,8882,0.01,3.85,,,,,
accusations,8883,0.01,3.85,8408,0.01,3.69,,
acids,8884,0.01,3.85,,,,,
administrators,8885,0.01,3.85,,,,,
aired,8886,0.01,3.85,,,,,
allowance,8887,0.01,3.85,8789,0.01,3.66,B1,noun
andre,8888,0.01,3.85,5379,0.02,3.98,,
apologies,8889,0.01,3.85,4584,0.03,4.07,,
arbitrary,8890,0.01,3.85,,,,,
atm,8891,0.01,3.85,,,,,
autonomous,8892,0.01,3.85,,,,,
averaged,8893,0.01,3.85,,,,,
bait,8894,0.01,3.85,4507,0.03,4.08,,
bark,8895,0.01,3.85,6575,0.02,3.86,B2,"noun, verb"
bets,8896,0.01,3.85,5480,0.02,3.96,,
blogger,8897,0.01,3.85,,,,B1,noun
bra,8898,0.01,3.85,5326,0.02,3.98,A2,noun
brighton,8899,0.01,3.85,,,,,
brotherhood,8900,0.01,3.85,8439,0.01,3.69,B1,noun
buddhist,8901,0.01,3.85,,,,,
builder,8902,0.01,3.85,,,,B1,noun
cakes,8903,0.01,3.85,5709,0.02,3.94,,
carriage,8904,0.01,3.85,5213,0.02,3.99,B1,noun
celebrations,8905,0.01,3.85,,,,,
censorship,8906,0.01,3.85,,,,,
cf,8907,0.01,3.85,,,,,
cl,8908,0.01,3.85,,,,,
clarify,8909,0.01,3.85,,,,B2,verb
climbed,8910,0.01,3.85,6796,0.02,3.83,,
comp,8911,0.01,3.85,,,,,
compilation,8912,0.01,3.85,,,,,
composer,8913,0.01,3.85,,,,A2,noun
comprises,8914,0.01,3.85,,,,,
constitute,8915,0.01,3.85,,,,B1,verb
correspondence,8916,0.01,3.85,,,,B2,noun
cowboy,8917,0.01,3.85,4084,0.03,4.14,,
defendants,8918,0.01,3.85,,,,,
desirable,8919,0.01,3.85,,,,B2,adjective
devastating,8920,0.01,3.85,8856,0.01,3.65,B1,adjective
diagram,8921,0.01,3.85,,,,B1,noun
dismiss,8922,0.01,3.85,7979,0.01,3.72,B2,verb
editions,8923,0.01,3.85,,,,,
erected,8924,0.01,3.85,,,,,
explorer,8925,0.01,3.85,,,,B2,noun
farther,8926,0.01,3.85,6995,0.01,3.81,B1,adverb
favorable,8927,0.01,3.85,,,,,
feminism,8928,0.01,3.85,,,,,
flaws,8929,0.01,3.85,,,,,
forums,8930,0.01,3.85,,,,,
freed,8931,0.01,3.85,6941,0.01,3.82,,
galleries,8932,0.01,3.85,,,,,
gasoline,8933,0.01,3.85,7947,0.01,3.73,,
genesis,8934,0.01,3.85,,,,,
geographical,8935,0.01,3.85,,,,B1,adjective
governed,8936,0.01,3.85,,,,,
governmental,8937,0.01,3.85,,,,B2,adjective
grandson,8938,0.01,3.85,4215,0.03,4.12,A2,noun
guy's,8939,0.01,3.85,,,,,
halls,8940,0.01,3.85,8715,0.01,3.67,,
handles,8941,0.01,3.85,9159,0.01,3.63,,
heavier,8942,0.01,3.85,9473,0.01,3.61,,
herbert,8943,0.01,3.85,8677,0.01,3.67,,
hints,8944,0.01,3.85,,,,,
husband's,8945,0.01,3.85,,,,,
incomplete,8946,0.01,3.85,,,,,
incorporate,8947,0.01,3.85,,,,,
interrupted,8948,0.01,3.85,7739,0.01,3.75,,
ivory,8949,0.01,3.85,,,,B1,noun
kerry,8950,0.01,3.85,,,,,
kirk,8951,0.01,3.85,5332,0.02,3.98,,
lang,8952,0.01,3.85,8155,0.01,3.71,,
lengthy,8953,0.01,3.85,,,,B2,adjective
levy,8954,0.01,3.85,,,,,
lp,8955,0.01,3.85,,,,,
manipulation,8956,0.01,3.85,,,,,
merchants,8957,0.01,3.85,,,,,
misses,8958,0.01,3.85,5995,0.02,3.91,,
mlb,8959,0.01,3.85,,,,,
mock,8960,0.01,3.85,7116,0.01,3.8,B2,adjective
necklace,8961,0.01,3.85,3621,0.04,4.2,B1,noun
niche,8962,0.01,3.85,,,,,
nina,8963,0.01,3.85,3090,0.04,4.29,,
o'brien,8964,0.01,3.85,,,,,
obscure,8965,0.01,3.85,,,,,
ot,8966,0.01,3.85,,,,,
para,8967,0.01,3.85,,,,,
peterson,8968,0.01,3.85,7477,0.01,3.77,,
popped,8969,0.01,3.85,5895,0.02,3.92,,
porch,8970,0.01,3.85,7073,0.01,3.81,B2,noun
portrayed,8971,0.01,3.85,,,,,
possessed,8972,0.01,3.85,5600,0.02,3.95,B2,adjective
princeton,8973,0.01,3.85,,,,,
proposition,8974,0.01,3.85,7060,0.01,3.81,,
railways,8975,0.01,3.85,,,,,
readings,8976,0.01,3.85,8603,0.01,3.67,,
recession,8977,0.01,3.85,,,,B2,noun
richards,8978,0.01,3.85,9048,0.01,3.64,,
rim,8979,0.01,3.85,,,,B2,noun
seals,8980,0.01,3.85,8606,0.01,3.67,,
secondly,8981,0.01,3.85,8928,0.01,3.65,B2,adverb
sequences,8982,0.01,3.85,,,,,
settling,8983,0.01,3.85,8314,0.01,3.7,,
sherman,8984,0.01,3.85,7837,0.01,3.74,,
spinal,8985,0.01,3.85,9692,0.01,3.59,,
spiral,8986,0.01,3.85,,,,B1,adjective
spit,8987,0.01,3.85,3153,0.04,4.28,,
splash,8988,0.01,3.85,7743,0.01,3.75,A2,"noun, verb"
stretching,8989,0.01,3.85,,,,,
successive,8990,0.01,3.85,,,,B2,adjective
superhero,8991,0.01,3.85,7888,0.01,3.73,,
taxpayers,8992,0.01,3.85,,,,,
therapeutic,8993,0.01,3.85,,,,,
threads,8994,0.01,3.85,,,,,
ti,8995,0.01,3.85,,,,,
timely,8996,0.01,3.85,,,,B1,adjective
tomato,8997,0.01,3.85,6542,0.02,3.86,A1,noun
tub,8998,0.01,3.85,4923,0.02,4.03,B2,noun
ufc,8999,0.01,3.85,,,,,
undergraduate,9000,0.01,3.85,,,,B2,noun
undertaken,9001,0.01,3.85,,,,,
uranium,9002,0.01,3.85,,,,,
utter,9003,0.01,3.85,7736,0.01,3.75,B2,verb
vietnamese,9004,0.01,3.85,7846,0.01,3.73,,
volleyball,9005,0.01,3.85,,,,A1,noun
walsh,9006,0.01,3.85,8457,0.01,3.69,,
wires,9007,0.01,3.85,6588,0.02,3.85,,
yell,9008,0.01,3.85,3444,0.04,4.23,B2,"noun, verb"
2d,9009,0.01,3.84,,,,,
advertisement,9010,0.01,3.84,,,,A2,noun
analysts,9011,0.01,3.84,,,,,
analyze,9012,0.01,3.84,9516,0.01,3.61,,
atmospheric,9013,0.01,3.84,,,,,
bangkok,9014,0.01,3.84,,,,,
batting,9015,0.01,3.84,,,,,
bb,9016,0.01,3.84,,,,,
bitches,9017,0.01,3.84,3799,0.03,4.17,,
bracket,9018,0.01,3.84,,,,B2,noun
branded,9019,0.01,3.84,,,,,
bryant,9020,0.01,3.84,,,,,
cairo,9021,0.01,3.84,,,,,
cardiac,9022,0.01,3.84,9282,0.01,3.62,,
catholics,9023,0.01,3.84,,,,,
commanding,9024,0.01,3.84,8561,0.01,3.68,,
confirms,9025,0.01,3.84,9780,0.01,3.59,,
confronted,9026,0.01,3.84,9339,0.01,3.62,,
crashing,9027,0.01,3.84,4325,0.03,4.1,,
crawford,9028,0.01,3.84,7958,0.01,3.73,,
creep,9029,0.01,3.84,5093,0.02,4.01,,
daylight,9030,0.01,3.84,5128,0.02,4.0,A2,noun
dee,9031,0.01,3.84,5447,0.02,3.97,,
dems,9032,0.01,3.84,,,,,
devon,9033,0.01,3.84,6704,0.02,3.84,,
disclose,9034,0.01,3.84,,,,,
doe,9035,0.01,3.84,6836,0.02,3.83,,
donna,9036,0.01,3.84,2871,0.05,4.33,,
elbow,9037,0.01,3.84,7651,0.01,3.75,B1,noun
encourages,9038,0.01,3.84,,,,,
enthusiastic,9039,0.01,3.84,,,,B1,adjective
envy,9040,0.01,3.84,4856,0.02,4.04,B2,"noun, verb"
establishments,9041,0.01,3.84,,,,,
exile,9042,0.01,3.84,7745,0.01,3.75,B2,noun
exploitation,9043,0.01,3.84,,,,,
felix,9044,0.01,3.84,4099,0.03,4.14,,
futures,9045,0.01,3.84,,,,,
gel,9046,0.01,3.84,,,,,
genetics,9047,0.01,3.84,,,,B1,noun
goose,9048,0.01,3.84,4894,0.02,4.03,,
grill,9049,0.01,3.84,6936,0.01,3.82,B1,"noun, verb"
grounded,9050,0.01,3.84,6827,0.02,3.83,,
hating,9051,0.01,3.84,8846,0.01,3.65,,
heel,9052,0.01,3.84,6965,0.01,3.82,B1,noun
heroic,9053,0.01,3.84,7343,0.01,3.78,,
hut,9054,0.01,3.84,4542,0.03,4.08,B1,noun
inmates,9055,0.01,3.84,8143,0.01,3.71,,
instructed,9056,0.01,3.84,8693,0.01,3.67,,
ira,9057,0.01,3.84,7780,0.01,3.74,,
jenkins,9058,0.01,3.84,7355,0.01,3.78,,
johns,9059,0.01,3.84,,,,,
knives,9060,0.01,3.84,6032,0.02,3.91,,
louisville,9061,0.01,3.84,,,,,
malaysian,9062,0.01,3.84,,,,,
margins,9063,0.01,3.84,,,,,
marina,9064,0.01,3.84,6044,0.02,3.9,,
mat,9065,0.01,3.84,8354,0.01,3.69,,
melissa,9066,0.01,3.84,4757,0.03,4.05,,
milton,9067,0.01,3.84,9230,0.01,3.63,,
miranda,9068,0.01,3.84,4956,0.02,4.02,,
ml,9069,0.01,3.84,,,,,
monopoly,9070,0.01,3.84,,,,,
nash,9071,0.01,3.84,8456,0.01,3.69,,
nationally,9072,0.01,3.84,,,,,
nobel,9073,0.01,3.84,,,,,
norfolk,9074,0.01,3.84,,,,,
outrage,9075,0.01,3.84,,,,B2,noun
owning,9076,0.01,3.84,,,,,
pains,9077,0.01,3.84,6627,0.02,3.85,,
paperwork,9078,0.01,3.84,3941,0.03,4.16,B2,noun
pdf,9079,0.01,3.84,,,,,
pitched,9080,0.01,3.84,,,,,
poets,9081,0.01,3.84,,,,,
poisoning,9082,0.01,3.84,6040,0.02,3.9,,
promptly,9083,0.01,3.84,,,,B2,adverb
que,9084,0.01,3.84,5609,0.02,3.95,,
rains,9085,0.01,3.84,6565,0.02,3.86,,
recovering,9086,0.01,3.84,9120,0.01,3.63,,
renewal,9087,0.01,3.84,,,,,
repeating,9088,0.01,3.84,7398,0.01,3.77,,
rifles,9089,0.01,3.84,8300,0.01,3.7,,
robbie,9090,0.01,3.84,5571,0.02,3.95,,
ruler,9091,0.01,3.84,7707,0.01,3.75,A1,noun
school's,9092,0.01,3.84,,,,,
screams,9093,0.01,3.84,1503,0.11,4.7,,
sellers,9094,0.01,3.84,,,,,
sights,9095,0.01,3.84,7829,0.01,3.74,,
sincere,9096,0.01,3.84,6081,0.02,3.9,B2,adjective
skating,9097,0.01,3.84,9206,0.01,3.63,A2,noun
skiing,9098,0.01,3.84,9232,0.01,3.63,A2,noun
slaughter,9099,0.01,3.84,6656,0.02,3.85,B2,noun
smashed,9100,0.01,3.84,5291,0.02,3.98,,
sox,9101,0.01,3.84,,,,,
sperm,9102,0.01,3.84,5635,0.02,3.95,,
spill,9103,0.01,3.84,5334,0.02,3.98,A2,verb
steadily,9104,0.01,3.84,,,,B1,adverb
stripped,9105,0.01,3.84,8731,0.01,3.66,,
supplier,9106,0.01,3.84,,,,B2,noun
swamp,9107,0.01,3.84,5785,0.02,3.93,,
swan,9108,0.01,3.84,6707,0.02,3.84,B2,noun
switches,9109,0.01,3.84,,,,,
synthesis,9110,0.01,3.84,,,,,
tasty,9111,0.01,3.84,5440,0.02,3.97,B1,adjective
tattoos,9112,0.01,3.84,7655,0.01,3.75,,
teammate,9113,0.01,3.84,,,,B1,noun
testify,9114,0.01,3.84,3611,0.04,4.2,B2,verb
tolerate,9115,0.01,3.84,5859,0.02,3.92,B2,verb
tournaments,9116,0.01,3.84,,,,,
travelers,9117,0.01,3.84,,,,,
treason,9118,0.01,3.84,6595,0.02,3.85,,
trustees,9119,0.01,3.84,,,,,
typing,9120,0.01,3.84,8005,0.01,3.72,,
urine,9121,0.01,3.84,6949,0.01,3.82,,
vanilla,9122,0.01,3.84,8422,0.01,3.69,,
vermont,9123,0.01,3.84,,,,,
vic,9124,0.01,3.84,3443,0.04,4.23,,
vii,9125,0.01,3.84,,,,,
violet,9126,0.01,3.84,5683,0.02,3.94,,
weighing,9127,0.01,3.84,,,,,
wendy,9128,0.01,3.84,4038,0.03,4.14,,
activation,9129,0.01,3.83,,,,,
afghan,9130,0.01,3.83,,,,,
afterward,9131,0.01,3.83,,,,B1,adverb
agreeing,9132,0.01,3.83,,,,,
ahmed,9133,0.01,3.83,,,,,
allocated,9134,0.01,3.83,,,,,
appealed,9135,0.01,3.83,,,,,
applause,9136,0.01,3.83,1257,0.14,4.79,B1,noun
bald,9137,0.01,3.83,5183,0.02,4.0,B1,adjective
barrels,9138,0.01,3.83,,,,,
boil,9139,0.01,3.83,7077,0.01,3.81,A2,verb
borough,9140,0.01,3.83,,,,,
boyd,9141,0.01,3.83,5542,0.02,3.96,,
bp,9142,0.01,3.83,8995,0.01,3.64,,
breakthrough,9143,0.01,3.83,8542,0.01,3.68,B1,noun
calif,9144,0.01,3.83,,,,,
ce,9145,0.01,3.83,,,,,
charities,9146,0.01,3.83,,,,,
cheering,9147,0.01,3.83,1359,0.13,4.75,,
chooses,9148,0.01,3.83,9346,0.01,3.62,,
churchill,9149,0.01,3.83,7838,0.01,3.73,,
combinations,9150,0.01,3.83,,,,,
commenting,9151,0.01,3.83,,,,,
competitions,9152,0.01,3.83,,,,,
cone,9153,0.01,3.83,,,,B2,noun
connects,9154,0.01,3.83,,,,,
convey,9155,0.01,3.83,9904,0.01,3.58,B1,verb
critique,9156,0.01,3.83,,,,,
crushing,9157,0.01,3.83,9517,0.01,3.61,,
curved,9158,0.01,3.83,,,,,
cyrus,9159,0.01,3.83,7265,0.01,3.79,,
decay,9160,0.01,3.83,,,,B2,verb
declining,9161,0.01,3.83,,,,,
depressing,9162,0.01,3.83,7316,0.01,3.78,B1,adjective
dessert,9163,0.01,3.83,3962,0.03,4.15,A2,noun
destinations,9164,0.01,3.83,,,,,
diagnostic,9165,0.01,3.83,,,,,
diane,9166,0.01,3.83,3753,0.03,4.18,,
differential,9167,0.01,3.83,,,,,
discourse,9168,0.01,3.83,,,,,
distances,9169,0.01,3.83,,,,,
dominance,9170,0.01,3.83,,,,,
donors,9171,0.01,3.83,,,,,
downloaded,9172,0.01,3.83,,,,,
earth's,9173,0.01,3.83,,,,,
economically,9174,0.01,3.83,,,,,
entertain,9175,0.01,3.83,6789,0.02,3.83,B1,verb
evaluated,9176,0.01,3.83,,,,,
exploit,9177,0.01,3.83,9766,0.01,3.59,B2,verb
fireworks,9178,0.01,3.83,5702,0.02,3.94,,
flown,9179,0.01,3.83,7656,0.01,3.75,,
floyd,9180,0.01,3.83,8230,0.01,3.7,,
founders,9181,0.01,3.83,,,,,
freeman,9182,0.01,3.83,7784,0.01,3.74,,
game's,9183,0.01,3.83,,,,,
gandhi,9184,0.01,3.83,9736,0.01,3.59,,
gateway,9185,0.01,3.83,,,,B2,noun
ge,9186,0.01,3.83,,,,,
guarantees,9187,0.01,3.83,,,,,
humidity,9188,0.01,3.83,,,,,
humour,9189,0.01,3.83,8044,0.01,3.72,,
imagery,9190,0.01,3.83,,,,B2,noun
imply,9191,0.01,3.83,,,,B2,verb
indicators,9192,0.01,3.83,,,,,
inherent,9193,0.01,3.83,,,,,
inland,9194,0.01,3.83,,,,,
inning,9195,0.01,3.83,,,,,
innocence,9196,0.01,3.83,5558,0.02,3.96,,
investigator,9197,0.01,3.83,6261,0.02,3.89,B2,noun
isle,9198,0.01,3.83,,,,B1,noun
ivy,9199,0.01,3.83,5657,0.02,3.94,,
justification,9200,0.01,3.83,,,,,
ka,9201,0.01,3.83,,,,,
katherine,9202,0.01,3.83,5232,0.02,3.99,,
lego,9203,0.01,3.83,,,,,
licenses,9204,0.01,3.83,,,,,
livestock,9205,0.01,3.83,,,,,
liz,9206,0.01,3.83,3493,0.04,4.22,,
llc,9207,0.01,3.83,,,,,
mafia,9208,0.01,3.83,6174,0.02,3.89,,
manners,9209,0.01,3.83,4051,0.03,4.14,,
merry,9210,0.01,3.83,2452,0.06,4.43,A1,adjective
mick,9211,0.01,3.83,4949,0.02,4.03,,
missionary,9212,0.01,3.83,,,,,
nationalism,9213,0.01,3.83,,,,,
naughty,9214,0.01,3.83,3750,0.03,4.18,B2,adjective
nepal,9215,0.01,3.83,,,,,
newman,9216,0.01,3.83,,,,,
notified,9217,0.01,3.83,9851,0.01,3.58,,
notorious,9218,0.01,3.83,8694,0.01,3.67,B1,adjective
obey,9219,0.01,3.83,3644,0.04,4.2,B2,verb
olivia,9220,0.01,3.83,3559,0.04,4.21,,
organizational,9221,0.01,3.83,,,,,
outfits,9222,0.01,3.83,,,,,
outright,9223,0.01,3.83,,,,,
overly,9224,0.01,3.83,,,,B2,adverb
oversight,9225,0.01,3.83,,,,,
panthers,9226,0.01,3.83,,,,,
persian,9227,0.01,3.83,,,,,
phases,9228,0.01,3.83,,,,,
photographers,9229,0.01,3.83,,,,,
polling,9230,0.01,3.83,,,,,
popping,9231,0.01,3.83,6993,0.01,3.81,,
prisons,9232,0.01,3.83,,,,,
prototype,9233,0.01,3.83,9905,0.01,3.58,,
pumpkin,9234,0.01,3.83,6530,0.02,3.86,B2,noun
pumps,9235,0.01,3.83,,,,,
punched,9236,0.01,3.83,6713,0.02,3.84,,
ramp,9237,0.01,3.83,,,,B2,noun
rand,9238,0.01,3.83,,,,,
reactor,9239,0.01,3.83,8912,0.01,3.65,,
reef,9240,0.01,3.83,9130,0.01,3.63,B1,noun
refined,9241,0.01,3.83,,,,,
refreshing,9242,0.01,3.83,9375,0.01,3.62,,
refusal,9243,0.01,3.83,,,,B1,noun
reinforced,9244,0.01,3.83,,,,,
remedies,9245,0.01,3.83,,,,,
reset,9246,0.01,3.83,,,,,
sage,9247,0.01,3.83,7852,0.01,3.73,B2,noun
shave,9248,0.01,3.83,4609,0.03,4.07,B1,verb
sickness,9249,0.01,3.83,5576,0.02,3.95,B1,noun
simpler,9250,0.01,3.83,9002,0.01,3.64,,
sinking,9251,0.01,3.83,7331,0.01,3.78,,
slots,9252,0.01,3.83,,,,,
sorted,9253,0.01,3.83,6514,0.02,3.86,,
sq,9254,0.01,3.83,,,,,
staged,9255,0.01,3.83,,,,,
startup,9256,0.01,3.83,,,,,
statute,9257,0.01,3.83,,,,,
stems,9258,0.01,3.83,,,,,
straightforward,9259,0.01,3.83,,,,B2,adjective
strengths,9260,0.01,3.83,,,,,
suffers,9261,0.01,3.83,9388,0.01,3.62,,
superstar,9262,0.01,3.83,8839,0.01,3.65,A2,noun
telecommunications,9263,0.01,3.83,,,,B1,noun
thieves,9264,0.01,3.83,3727,0.03,4.18,,
thoughtful,9265,0.01,3.83,6782,0.02,3.83,B2,adjective
thru,9266,0.01,3.83,,,,,
tissues,9267,0.01,3.83,,,,,
toddler,9268,0.01,3.83,,,,,
utilized,9269,0.01,3.83,,,,,
vicious,9270,0.01,3.83,5603,0.02,3.95,,
victories,9271,0.01,3.83,,,,,
vikings,9272,0.01,3.83,,,,,
vodka,9273,0.01,3.83,4136,0.03,4.13,,
vr,9274,0.01,3.83,,,,,
wholly,9275,0.01,3.83,,,,,
zoom,9276,0.01,3.83,8036,0.01,3.72,B2,noun
accidental,9277,0.01,3.82,9902,0.01,3.58,B1,adjective
accounted,9278,0.01,3.82,,,,,
addicted,9279,0.01,3.82,8064,0.01,3.72,B2,adjective
adjustments,9280,0.01,3.82,,,,,
apollo,9281,0.01,3.82,6800,0.02,3.83,,
archbishop,9282,0.01,3.82,,,,,
assassination,9283,0.01,3.82,7554,0.01,3.76,,
athletics,9284,0.01,3.82,,,,B2,noun
basics,9285,0.01,3.82,,,,,
bats,9286,0.01,3.82,7403,0.01,3.77,,
belgian,9287,0.01,3.82,,,,,
bibliography,9288,0.01,3.82,,,,,
bot,9289,0.01,3.82,,,,,
broadly,9290,0.01,3.82,,,,B2,adverb
calcium,9291,0.01,3.82,,,,,
calvin,9292,0.01,3.82,6723,0.02,3.84,,
candles,9293,0.01,3.82,4872,0.02,4.04,,
capita,9294,0.01,3.82,,,,,
certainty,9295,0.01,3.82,,,,B1,noun
cheeks,9296,0.01,3.82,6981,0.01,3.81,,
chickens,9297,0.01,3.82,4977,0.02,4.02,,
christina,9298,0.01,3.82,4470,0.03,4.09,,
citation,9299,0.01,3.82,,,,,
clues,9300,0.01,3.82,5215,0.02,3.99,,
collectively,9301,0.01,3.82,,,,,
commercials,9302,0.01,3.82,9966,0.01,3.58,,
commissions,9303,0.01,3.82,,,,,
compression,9304,0.01,3.82,,,,B2,noun
comprised,9305,0.01,3.82,,,,,
confess,9306,0.01,3.82,2811,0.05,4.34,B2,verb
confined,9307,0.01,3.82,9380,0.01,3.62,,
congregation,9308,0.01,3.82,,,,,
consolidated,9309,0.01,3.82,,,,,
coordinate,9310,0.01,3.82,,,,,
coordinates,9311,0.01,3.82,5735,0.02,3.94,,
cube,9312,0.01,3.82,9799,0.01,3.59,B2,noun
dana,9313,0.01,3.82,4333,0.03,4.1,,
declaring,9314,0.01,3.82,,,,,
decoration,9315,0.01,3.82,,,,B2,noun
decree,9316,0.01,3.82,,,,,
definitions,9317,0.01,3.82,,,,,
deliberate,9318,0.01,3.82,,,,B2,adjective
despair,9319,0.01,3.82,5975,0.02,3.91,B1,noun
discovering,9320,0.01,3.82,,,,,
dividend,9321,0.01,3.82,,,,,
dragging,9322,0.01,3.82,6025,0.02,3.91,,
drift,9323,0.01,3.82,7309,0.01,3.78,,
dye,9324,0.01,3.82,9828,0.01,3.58,B2,noun
eden,9325,0.01,3.82,7866,0.01,3.73,,
educators,9326,0.01,3.82,,,,,
electron,9327,0.01,3.82,,,,B1,noun
endure,9328,0.01,3.82,6257,0.02,3.89,B1,verb
enzyme,9329,0.01,3.82,,,,,
evolutionary,9330,0.01,3.82,,,,,
exhibits,9331,0.01,3.82,,,,,
extensions,9332,0.01,3.82,,,,,
fellows,9333,0.01,3.82,5328,0.02,3.98,,
fragments,9334,0.01,3.82,8993,0.01,3.64,,
fraser,9335,0.01,3.82,,,,,
fuels,9336,0.01,3.82,,,,,
geological,9337,0.01,3.82,,,,,
globally,9338,0.01,3.82,,,,B2,adverb
grams,9339,0.01,3.82,8475,0.01,3.68,,
guru,9340,0.01,3.82,8782,0.01,3.66,,
hacked,9341,0.01,3.82,7458,0.01,3.77,,
hans,9342,0.01,3.82,5029,0.02,4.02,,
hatch,9343,0.01,3.82,5890,0.02,3.92,B1,noun
hindi,9344,0.01,3.82,,,,,
historians,9345,0.01,3.82,,,,,
hm,9346,0.01,3.82,2074,0.07,4.52,,
hormone,9347,0.01,3.82,,,,,
inadequate,9348,0.01,3.82,,,,B2,adjective
indianapolis,9349,0.01,3.82,,,,,
infinity,9350,0.01,3.82,,,,,
intentionally,9351,0.01,3.82,,,,B1,adverb
joints,9352,0.01,3.82,,,,,
kilometers,9353,0.01,3.82,6862,0.02,3.82,,
labs,9354,0.01,3.82,8250,0.01,3.7,,
lace,9355,0.01,3.82,9454,0.01,3.61,,
libya,9356,0.01,3.82,,,,,
losers,9357,0.01,3.82,5057,0.02,4.01,,
louder,9358,0.01,3.82,4550,0.03,4.08,,
maiden,9359,0.01,3.82,6572,0.02,3.86,,
marching,9360,0.01,3.82,6215,0.02,3.89,,
marketplace,9361,0.01,3.82,,,,,
membrane,9362,0.01,3.82,,,,,
messing,9363,0.01,3.82,3488,0.04,4.22,,
metallic,9364,0.01,3.82,,,,,
methodology,9365,0.01,3.82,,,,,
modifications,9366,0.01,3.82,,,,,
monitors,9367,0.01,3.82,,,,,
murderer,9368,0.01,3.82,1879,0.08,4.57,B1,noun
nap,9369,0.01,3.82,4438,0.03,4.09,B1,noun
nickel,9370,0.01,3.82,8095,0.01,3.71,,
niece,9371,0.01,3.82,4205,0.03,4.12,B1,noun
nm,9372,0.01,3.82,,,,,
nominations,9373,0.01,3.82,,,,,
numbered,9374,0.01,3.82,,,,,
offerings,9375,0.01,3.82,,,,,
overlooked,9376,0.01,3.82,,,,,
pardon,9377,0.01,3.82,1450,0.12,4.72,B1,"noun, verb"
partnerships,9378,0.01,3.82,,,,,
persuade,9379,0.01,3.82,5900,0.02,3.92,B1,verb
pier,9380,0.01,3.82,7031,0.01,3.81,,
poured,9381,0.01,3.82,7431,0.01,3.77,,
practiced,9382,0.01,3.82,9539,0.01,3.6,,
predecessor,9383,0.01,3.82,,,,,
premise,9384,0.01,3.82,,,,,
quiz,9385,0.01,3.82,8615,0.01,3.67,A2,noun
rainfall,9386,0.01,3.82,,,,B1,noun
recipients,9387,0.01,3.82,,,,,
reckless,9388,0.01,3.82,6560,0.02,3.86,,
redemption,9389,0.01,3.82,9063,0.01,3.64,,
relates,9390,0.01,3.82,,,,,
relied,9391,0.01,3.82,,,,,
remedy,9392,0.01,3.82,9836,0.01,3.58,B1,noun
replay,9393,0.01,3.82,,,,,
revision,9394,0.01,3.82,,,,B1,noun
rooted,9395,0.01,3.82,,,,,
scent,9396,0.01,3.82,5126,0.02,4.0,B2,noun
slate,9397,0.01,3.82,,,,,
spells,9398,0.01,3.82,7611,0.01,3.76,,
stimulus,9399,0.01,3.82,,,,,
strengthening,9400,0.01,3.82,,,,,
structured,9401,0.01,3.82,,,,,
sunrise,9402,0.01,3.82,7148,0.01,3.8,B1,noun
surge,9403,0.01,3.82,,,,B2,noun
tagged,9404,0.01,3.82,,,,,
tags,9405,0.01,3.82,,,,,
tapes,9406,0.01,3.82,4801,0.02,4.04,,
tee,9407,0.01,3.82,,,,,
testified,9408,0.01,3.82,9596,0.01,3.6,,
timothy,9409,0.01,3.82,8674,0.01,3.67,,
token,9410,0.01,3.82,7768,0.01,3.74,,
tornado,9411,0.01,3.82,9958,0.01,3.58,B1,noun
tracy,9412,0.01,3.82,4512,0.03,4.08,,
tunes,9413,0.01,3.82,9957,0.01,3.58,,
tunnels,9414,0.01,3.82,6639,0.02,3.85,,
twilight,9415,0.01,3.82,6916,0.01,3.82,,
unprecedented,9416,0.01,3.82,,,,,
vagina,9417,0.01,3.82,6336,0.02,3.88,,
verses,9418,0.01,3.82,,,,,
vocabulary,9419,0.01,3.82,,,,A2,noun
wellington,9420,0.01,3.82,,,,,
whoa,9421,0.01,3.82,498,0.47,5.32,,
willingness,9422,0.01,3.82,,,,B1,noun
woody,9423,0.01,3.82,5110,0.02,4.0,,
worthless,9424,0.01,3.82,4809,0.02,4.04,B2,adjective
yacht,9425,0.01,3.82,6780,0.02,3.83,B2,noun
a000,9426,0.01,3.81,,,,,
aberdeen,9427,0.01,3.81,,,,,
absorb,9428,0.01,3.81,,,,B1,verb
accompany,9429,0.01,3.81,5398,0.02,3.97,B1,verb
accord,9430,0.01,3.81,,,,,
advancement,9431,0.01,3.81,,,,B2,noun
albany,9432,0.01,3.81,,,,,
algorithms,9433,0.01,3.81,,,,,
alt,9434,0.01,3.81,,,,,
alternatively,9435,0.01,3.81,,,,B2,adverb
anglo,9436,0.01,3.81,,,,,
archer,9437,0.01,3.81,5548,0.02,3.96,,
asap,9438,0.01,3.81,8921,0.01,3.65,,
assurance,9439,0.01,3.81,,,,B2,noun
barber,9440,0.01,3.81,7459,0.01,3.77,A2,noun
bash,9441,0.01,3.81,7590,0.01,3.76,,
battalion,9442,0.01,3.81,7516,0.01,3.76,,
bidding,9443,0.01,3.81,8119,0.01,3.71,B2,noun
boycott,9444,0.01,3.81,,,,,
bricks,9445,0.01,3.81,8129,0.01,3.71,,
bruno,9446,0.01,3.81,5345,0.02,3.98,,
buddies,9447,0.01,3.81,4456,0.03,4.09,,
bulgarian,9448,0.01,3.81,,,,,
carpenter,9449,0.01,3.81,8244,0.01,3.7,,
ceased,9450,0.01,3.81,,,,,
chester,9451,0.01,3.81,6872,0.02,3.82,,
coding,9452,0.01,3.81,,,,,
competitor,9453,0.01,3.81,,,,B1,noun
creators,9454,0.01,3.81,,,,,
cuisine,9455,0.01,3.81,,,,,
detained,9456,0.01,3.81,,,,,
dioxide,9457,0.01,3.81,,,,B1,noun
dolls,9458,0.01,3.81,5902,0.02,3.92,,
doom,9459,0.01,3.81,7318,0.01,3.78,B2,noun
dubbed,9460,0.01,3.81,,,,,
ea,9461,0.01,3.81,,,,,
eclipse,9462,0.01,3.81,,,,,
eighteen,9463,0.01,3.81,7702,0.01,3.75,A1,number
eleanor,9464,0.01,3.81,6470,0.02,3.87,,
elephants,9465,0.01,3.81,6874,0.02,3.82,,
enjoyment,9466,0.01,3.81,,,,B1,noun
exhaust,9467,0.01,3.81,,,,B2,noun
expired,9468,0.01,3.81,,,,,
flee,9469,0.01,3.81,6137,0.02,3.9,B2,verb
forbes,9470,0.01,3.81,,,,,
forwards,9471,0.01,3.81,,,,,
fries,9472,0.01,3.81,5522,0.02,3.96,,
fundraising,9473,0.01,3.81,,,,,
gal,9474,0.01,3.81,5668,0.02,3.94,,
glimpse,9475,0.01,3.81,8175,0.01,3.71,B1,noun
hahaha,9476,0.01,3.81,,,,,
hawk,9477,0.01,3.81,5978,0.02,3.91,,
healthier,9478,0.01,3.81,,,,,
homemade,9479,0.01,3.81,8941,0.01,3.65,,
honorable,9480,0.01,3.81,5976,0.02,3.91,,
infectious,9481,0.01,3.81,,,,B2,adjective
inferior,9482,0.01,3.81,,,,,
injustice,9483,0.01,3.81,7687,0.01,3.75,,
inquiries,9484,0.01,3.81,,,,,
insulin,9485,0.01,3.81,,,,,
interpret,9486,0.01,3.81,,,,B2,verb
intro,9487,0.01,3.81,,,,,
jackets,9488,0.01,3.81,,,,,
jill,9489,0.01,3.81,4321,0.03,4.11,,
kindle,9490,0.01,3.81,,,,,
lid,9491,0.01,3.81,7051,0.01,3.81,B2,noun
lindsay,9492,0.01,3.81,5638,0.02,3.95,,
logs,9493,0.01,3.81,8771,0.01,3.66,,
manor,9494,0.01,3.81,9253,0.01,3.62,,
masterpiece,9495,0.01,3.81,8122,0.01,3.71,B2,noun
melody,9496,0.01,3.81,5936,0.02,3.91,B2,noun
memo,9497,0.01,3.81,8286,0.01,3.7,,
mic,9498,0.01,3.81,9039,0.01,3.64,,
mirrors,9499,0.01,3.81,7763,0.01,3.74,,
mom's,9500,0.01,3.81,,,,,
myanmar,9501,0.01,3.81,,,,,
narrator,9502,0.01,3.81,1173,0.15,4.82,B2,noun
nate,9503,0.01,3.81,3555,0.04,4.21,,
nets,9504,0.01,3.81,,,,,
nsw,9505,0.01,3.81,,,,,
obesity,9506,0.01,3.81,,,,,
partisan,9507,0.01,3.81,,,,B2,noun
planting,9508,0.01,3.81,,,,,
pony,9509,0.01,3.81,5663,0.02,3.94,,
posed,9510,0.01,3.81,,,,,
possessions,9511,0.01,3.81,9956,0.01,3.58,,
privileged,9512,0.01,3.81,,,,,
prolonged,9513,0.01,3.81,,,,,
promo,9514,0.01,3.81,,,,,
protestant,9515,0.01,3.81,,,,,
pumping,9516,0.01,3.81,8361,0.01,3.69,,
pupil,9517,0.01,3.81,9207,0.01,3.63,B1,noun
qb,9518,0.01,3.81,,,,,
recruited,9519,0.01,3.81,9897,0.01,3.58,,
reliance,9520,0.01,3.81,,,,,
relies,9521,0.01,3.81,,,,,
reluctant,9522,0.01,3.81,,,,B2,adjective
relying,9523,0.01,3.81,,,,,
respiratory,9524,0.01,3.81,,,,B2,adjective
retention,9525,0.01,3.81,,,,,
rewarded,9526,0.01,3.81,9288,0.01,3.62,,
ribbon,9527,0.01,3.81,8904,0.01,3.65,A1,noun
rochester,9528,0.01,3.81,,,,,
rodgers,9529,0.01,3.81,,,,,
roommate,9530,0.01,3.81,4629,0.03,4.07,B2,noun
rotten,9531,0.01,3.81,3313,0.04,4.25,B1,adjective
sands,9532,0.01,3.81,9729,0.01,3.59,,
schedules,9533,0.01,3.81,,,,,
selecting,9534,0.01,3.81,,,,,
shah,9535,0.01,3.81,,,,,
shawn,9536,0.01,3.81,3935,0.03,4.16,,
shotgun,9537,0.01,3.81,5297,0.02,3.98,,
singers,9538,0.01,3.81,9110,0.01,3.63,,
snapped,9539,0.01,3.81,7856,0.01,3.73,,
sofa,9540,0.01,3.81,6052,0.02,3.9,A1,noun
solomon,9541,0.01,3.81,8196,0.01,3.71,,
southampton,9542,0.01,3.81,,,,,
spoil,9543,0.01,3.81,4392,0.03,4.1,B1,verb
spoiled,9544,0.01,3.81,5486,0.02,3.96,,
stephanie,9545,0.01,3.81,5690,0.02,3.94,,
submarine,9546,0.01,3.81,7054,0.01,3.81,B1,noun
suburb,9547,0.01,3.81,,,,B2,noun
surgeons,9548,0.01,3.81,,,,,
sympathetic,9549,0.01,3.81,9634,0.01,3.6,B2,adjective
taxation,9550,0.01,3.81,,,,,
temper,9551,0.01,3.81,4164,0.03,4.13,B1,noun
undergo,9552,0.01,3.81,,,,B1,verb
venus,9553,0.01,3.81,6058,0.02,3.9,,
weighed,9554,0.01,3.81,,,,,
wu,9555,0.01,3.81,5107,0.02,4.0,,
acquiring,9556,0.01,3.8,,,,,
additions,9557,0.01,3.8,,,,,
admitting,9558,0.01,3.8,9675,0.01,3.6,,
afl,9559,0.01,3.8,,,,,
aligned,9560,0.01,3.8,,,,,
allan,9561,0.01,3.8,9456,0.01,3.61,,
altar,9562,0.01,3.8,6613,0.02,3.85,B2,noun
amp,9563,0.01,3.8,,,,,
arrows,9564,0.01,3.8,7977,0.01,3.72,,
atlas,9565,0.01,3.8,,,,,
austrian,9566,0.01,3.8,,,,,
automation,9567,0.01,3.8,,,,,
awe,9568,0.01,3.8,,,,B2,noun
balancing,9569,0.01,3.8,,,,,
banning,9570,0.01,3.8,,,,,
bishops,9571,0.01,3.8,,,,,
boeing,9572,0.01,3.8,,,,,
broncos,9573,0.01,3.8,,,,,
builders,9574,0.01,3.8,,,,,
burton,9575,0.01,3.8,7013,0.01,3.81,,
caesar,9576,0.01,3.8,4202,0.03,4.12,,
canada's,9577,0.01,3.8,,,,,
cans,9578,0.01,3.8,6282,0.02,3.88,,
carroll,9579,0.01,3.8,,,,,
cavalry,9580,0.01,3.8,7491,0.01,3.77,,
clara,9581,0.01,3.8,4520,0.03,4.08,,
coffin,9582,0.01,3.8,4546,0.03,4.08,B1,noun
collectors,9583,0.01,3.8,,,,,
colorful,9584,0.01,3.8,,,,,
combo,9585,0.01,3.8,,,,,
communism,9586,0.01,3.8,,,,,
conductor,9587,0.01,3.8,9081,0.01,3.64,B2,noun
confront,9588,0.01,3.8,6985,0.01,3.81,B2,verb
constraints,9589,0.01,3.8,,,,,
crow,9590,0.01,3.8,6199,0.02,3.89,B1,noun
dad's,9591,0.01,3.8,,,,,
davidson,9592,0.01,3.8,,,,,
decisive,9593,0.01,3.8,,,,B2,adjective
decorative,9594,0.01,3.8,,,,B2,adjective
definitive,9595,0.01,3.8,,,,,
disclosed,9596,0.01,3.8,,,,,
displaced,9597,0.01,3.8,,,,,
disturbed,9598,0.01,3.8,5020,0.02,4.02,,
diy,9599,0.01,3.8,,,,,
doin,9600,0.01,3.8,2021,0.08,4.54,,
epidemic,9601,0.01,3.8,,,,,
eternity,9602,0.01,3.8,5072,0.02,4.01,B1,noun
eugene,9603,0.01,3.8,7184,0.01,3.8,,
evolve,9604,0.01,3.8,,,,B2,verb
explode,9605,0.01,3.8,4400,0.03,4.09,B2,verb
extraction,9606,0.01,3.8,,,,,
fatty,9607,0.01,3.8,7598,0.01,3.76,,
filthy,9608,0.01,3.8,3195,0.04,4.27,,
fletcher,9609,0.01,3.8,5765,0.02,3.93,,
flush,9610,0.01,3.8,5996,0.02,3.91,,
font,9611,0.01,3.8,5731,0.02,3.94,,
freestyle,9612,0.01,3.8,,,,,
glue,9613,0.01,3.8,6074,0.02,3.9,,
grandpa,9614,0.01,3.8,1522,0.11,4.69,A1,noun
hairy,9615,0.01,3.8,6786,0.02,3.83,B2,adjective
homicide,9616,0.01,3.8,3454,0.04,4.23,,
horns,9617,0.01,3.8,5113,0.02,4.0,,
ie,9618,0.01,3.8,,,,,
inheritance,9619,0.01,3.8,7201,0.01,3.8,,
introduces,9620,0.01,3.8,,,,,
ironic,9621,0.01,3.8,6991,0.01,3.81,,
lacked,9622,0.01,3.8,,,,,
lin,9623,0.01,3.8,5327,0.02,3.98,,
luggage,9624,0.01,3.8,4450,0.03,4.09,B1,noun
lyon,9625,0.01,3.8,,,,,
m00,9626,0.01,3.8,,,,,
madame,9627,0.01,3.8,1937,0.08,4.56,B2,noun
maggie,9628,0.01,3.8,2525,0.06,4.41,,
marion,9629,0.01,3.8,7252,0.01,3.79,,
mel,9630,0.01,3.8,4161,0.03,4.13,,
melting,9631,0.01,3.8,8665,0.01,3.67,,
messaging,9632,0.01,3.8,,,,,
microwave,9633,0.01,3.8,8280,0.01,3.7,B2,noun
midwest,9634,0.01,3.8,,,,,
minimize,9635,0.01,3.8,,,,,
modi,9636,0.01,3.8,,,,,
morocco,9637,0.01,3.8,,,,,
natalie,9638,0.01,3.8,3977,0.03,4.15,,
ops,9639,0.01,3.8,8860,0.01,3.65,,
organisms,9640,0.01,3.8,,,,,
originated,9641,0.01,3.8,,,,,
ounce,9642,0.01,3.8,9684,0.01,3.6,B2,noun
pablo,9643,0.01,3.8,5496,0.02,3.96,,
peel,9644,0.01,3.8,7132,0.01,3.8,B2,"noun, verb"
pensions,9645,0.01,3.8,,,,,
performer,9646,0.01,3.8,,,,B1,noun
picnic,9647,0.01,3.8,5006,0.02,4.02,A1,noun
pins,9648,0.01,3.8,8997,0.01,3.64,,
practitioners,9649,0.01,3.8,,,,,
predominantly,9650,0.01,3.8,,,,,
primitive,9651,0.01,3.8,7182,0.01,3.8,B1,adjective
providence,9652,0.01,3.8,,,,,
psychic,9653,0.01,3.8,4892,0.02,4.03,,
psychologist,9654,0.01,3.8,8082,0.01,3.72,A2,noun
puppet,9655,0.01,3.8,6156,0.02,3.89,,
reproductive,9656,0.01,3.8,,,,,
requesting,9657,0.01,3.8,8667,0.01,3.67,,
responds,9658,0.01,3.8,,,,,
restrict,9659,0.01,3.8,,,,B1,verb
retiring,9660,0.01,3.8,,,,,
retrieved,9661,0.01,3.8,,,,,
ribs,9662,0.01,3.8,5642,0.02,3.95,,
righteous,9663,0.01,3.8,7606,0.01,3.76,,
rivalry,9664,0.01,3.8,,,,,
rosa,9665,0.01,3.8,4743,0.03,4.05,,
royalty,9666,0.01,3.8,9619,0.01,3.6,B2,noun
sandra,9667,0.01,3.8,4803,0.02,4.04,,
sausage,9668,0.01,3.8,5085,0.02,4.01,A2,noun
seize,9669,0.01,3.8,6195,0.02,3.89,B1,verb
sim,9670,0.01,3.8,,,,,
skeleton,9671,0.01,3.8,7799,0.01,3.74,B1,noun
spicy,9672,0.01,3.8,7357,0.01,3.78,B1,adjective
sticky,9673,0.01,3.8,7179,0.01,3.8,B1,adjective
sting,9674,0.01,3.8,6207,0.02,3.89,,
sufficiently,9675,0.01,3.8,,,,B2,adverb
thankfully,9676,0.01,3.8,,,,,
thrones,9677,0.01,3.8,,,,,
tick,9678,0.01,3.8,6399,0.02,3.87,B1,"noun, verb"
traced,9679,0.01,3.8,7339,0.01,3.78,,
trent,9680,0.01,3.8,7038,0.01,3.81,,
trusts,9681,0.01,3.8,8171,0.01,3.71,,
tutorial,9682,0.01,3.8,,,,,
twentieth,9683,0.01,3.8,,,,,
unpleasant,9684,0.01,3.8,6001,0.02,3.91,A2,adjective
unrelated,9685,0.01,3.8,,,,B1,adjective
ussr,9686,0.01,3.8,,,,,
vacant,9687,0.01,3.8,,,,B2,adjective
vent,9688,0.01,3.8,8540,0.01,3.68,,
vicinity,9689,0.01,3.8,,,,,
wan,9690,0.01,3.8,9526,0.01,3.61,,
wandering,9691,0.01,3.8,5023,0.02,4.02,,
wardrobe,9692,0.01,3.8,6519,0.02,3.86,B1,noun
warmth,9693,0.01,3.8,7284,0.01,3.79,B1,noun
weaknesses,9694,0.01,3.8,,,,,
wines,9695,0.01,3.8,,,,,
wired,9696,0.01,3.8,7270,0.01,3.79,,
amendments,9697,0.01,3.79,,,,,
analyses,9698,0.01,3.79,,,,,
asses,9699,0.01,3.79,5051,0.02,4.01,,
assessments,9700,0.01,3.79,,,,,
assisting,9701,0.01,3.79,,,,,
australia's,9702,0.01,3.79,,,,,
axe,9703,0.01,3.79,6559,0.02,3.86,,
backgrounds,9704,0.01,3.79,,,,,
baldwin,9705,0.01,3.79,,,,,
belle,9706,0.01,3.79,6064,0.02,3.9,,
bf,9707,0.01,3.79,,,,,
bites,9708,0.01,3.79,7241,0.01,3.79,,
bombers,9709,0.01,3.79,,,,,
bonuses,9710,0.01,3.79,,,,,
bred,9711,0.01,3.79,,,,,
brexit,9712,0.01,3.79,,,,,
bubbles,9713,0.01,3.79,6035,0.02,3.91,,
buddha,9714,0.01,3.79,5521,0.02,3.96,,
bulletin,9715,0.01,3.79,,,,B1,noun
capitalist,9716,0.01,3.79,,,,,
cautious,9717,0.01,3.79,8469,0.01,3.68,B1,adjective
clinics,9718,0.01,3.79,,,,,
commitments,9719,0.01,3.79,,,,,
companions,9720,0.01,3.79,9815,0.01,3.59,,
comparisons,9721,0.01,3.79,,,,,
constable,9722,0.01,3.79,5086,0.02,4.01,,
cooperate,9723,0.01,3.79,4806,0.02,4.04,B2,verb
coordinated,9724,0.01,3.79,,,,,
copied,9725,0.01,3.79,,,,,
counselor,9726,0.01,3.79,4590,0.03,4.07,,
cp,9727,0.01,3.79,,,,,
curb,9728,0.01,3.79,9771,0.01,3.59,,
dances,9729,0.01,3.79,6957,0.01,3.82,,
darren,9730,0.01,3.79,7213,0.01,3.79,,
deeds,9731,0.01,3.79,6224,0.02,3.89,,
destined,9732,0.01,3.79,6968,0.01,3.81,,
detached,9733,0.01,3.79,,,,,
devils,9734,0.01,3.79,8054,0.01,3.72,,
discounts,9735,0.01,3.79,,,,,
distribute,9736,0.01,3.79,,,,B1,verb
dong,9737,0.01,3.79,5154,0.02,4.0,,
edgar,9738,0.01,3.79,6042,0.02,3.9,,
efficiently,9739,0.01,3.79,,,,,
eliminating,9740,0.01,3.79,,,,,
elliott,9741,0.01,3.79,9256,0.01,3.62,,
encouragement,9742,0.01,3.79,,,,B1,noun
enforced,9743,0.01,3.79,,,,,
evan,9744,0.01,3.79,4128,0.03,4.13,,
explosives,9745,0.01,3.79,5681,0.02,3.94,,
faction,9746,0.01,3.79,,,,,
fascist,9747,0.01,3.79,9008,0.01,3.64,,
feathers,9748,0.01,3.79,6041,0.02,3.9,,
fixtures,9749,0.01,3.79,,,,,
flooded,9750,0.01,3.79,8747,0.01,3.66,,
fuller,9751,0.01,3.79,9900,0.01,3.58,,
gamble,9752,0.01,3.79,5626,0.02,3.95,,
goalkeeper,9753,0.01,3.79,,,,B1,noun
grandchildren,9754,0.01,3.79,7924,0.01,3.73,,
gt,9755,0.01,3.79,9199,0.01,3.63,,
guardians,9756,0.01,3.79,,,,,
harmless,9757,0.01,3.79,5601,0.02,3.95,B2,adjective
hearings,9758,0.01,3.79,,,,,
hesitate,9759,0.01,3.79,5889,0.02,3.92,B1,verb
hid,9760,0.01,3.79,3439,0.04,4.23,,
hips,9761,0.01,3.79,7411,0.01,3.77,,
hopeful,9762,0.01,3.79,,,,B1,adjective
horny,9763,0.01,3.79,5925,0.02,3.92,,
hungarian,9764,0.01,3.79,9677,0.01,3.6,,
hygiene,9765,0.01,3.79,,,,B2,noun
iceland,9766,0.01,3.79,,,,,
imaginary,9767,0.01,3.79,8032,0.01,3.72,B1,adjective
imprisoned,9768,0.01,3.79,8525,0.01,3.68,,
inconsistent,9769,0.01,3.79,,,,,
int,9770,0.01,3.79,,,,,
iso,9771,0.01,3.79,,,,,
jared,9772,0.01,3.79,6610,0.02,3.85,,
johnston,9773,0.01,3.79,,,,,
judy,9774,0.01,3.79,3219,0.04,4.27,,
kindergarten,9775,0.01,3.79,8851,0.01,3.65,,
latino,9776,0.01,3.79,,,,,
lopez,9777,0.01,3.79,8919,0.01,3.65,,
loudly,9778,0.01,3.79,5090,0.02,4.01,A2,adverb
master's,9779,0.01,3.79,,,,,
mechanic,9780,0.01,3.79,6663,0.02,3.85,B1,noun
megan,9781,0.01,3.79,4340,0.03,4.1,,
mls,9782,0.01,3.79,,,,,
modify,9783,0.01,3.79,,,,B1,verb
neglect,9784,0.01,3.79,,,,B2,noun
northwestern,9785,0.01,3.79,,,,B1,adjective
nz,9786,0.01,3.79,,,,,
offenders,9787,0.01,3.79,,,,,
oppression,9788,0.01,3.79,,,,B1,noun
patriotic,9789,0.01,3.79,,,,B2,adjective
phillip,9790,0.01,3.79,5937,0.02,3.91,,
pictured,9791,0.01,3.79,,,,,
pitcher,9792,0.01,3.79,9615,0.01,3.6,,
playground,9793,0.01,3.79,8093,0.01,3.71,A2,noun
populated,9794,0.01,3.79,,,,,
poses,9795,0.01,3.79,,,,,
positioned,9796,0.01,3.79,,,,,
prejudice,9797,0.01,3.79,,,,B1,noun
preston,9798,0.01,3.79,7764,0.01,3.74,,
probable,9799,0.01,3.79,,,,B2,adjective
probation,9800,0.01,3.79,6954,0.01,3.82,,
projection,9801,0.01,3.79,,,,B2,noun
promotes,9802,0.01,3.79,,,,,
pumped,9803,0.01,3.79,9293,0.01,3.62,,
rails,9804,0.01,3.79,,,,,
raven,9805,0.01,3.79,7340,0.01,3.78,,
receptor,9806,0.01,3.79,,,,,
rehab,9807,0.01,3.79,6071,0.02,3.9,,
remake,9808,0.01,3.79,,,,,
rendering,9809,0.01,3.79,,,,,
reproduction,9810,0.01,3.79,,,,,
res,9811,0.01,3.79,,,,,
reservations,9812,0.01,3.79,8624,0.01,3.67,,
rey,9813,0.01,3.79,,,,,
rhode,9814,0.01,3.79,,,,,
shrimp,9815,0.01,3.79,5585,0.02,3.95,B1,noun
similarities,9816,0.01,3.79,,,,,
skins,9817,0.01,3.79,,,,,
slopes,9818,0.01,3.79,,,,,
spelled,9819,0.01,3.79,,,,,
spokesman,9820,0.01,3.79,,,,B2,noun
springfield,9821,0.01,3.79,,,,,
stained,9822,0.01,3.79,,,,,
stall,9823,0.01,3.79,5830,0.02,3.92,B1,noun
starving,9824,0.01,3.79,3222,0.04,4.27,B2,adjective
strap,9825,0.01,3.79,8413,0.01,3.69,,
subjective,9826,0.01,3.79,,,,,
surround,9827,0.01,3.79,9026,0.01,3.64,B1,verb
surroundings,9828,0.01,3.79,,,,B2,noun
sweeping,9829,0.01,3.79,9974,0.01,3.57,,
swinging,9830,0.01,3.79,7329,0.01,3.78,,
tearing,9831,0.01,3.79,6431,0.02,3.87,,
traumatic,9832,0.01,3.79,,,,,
trillion,9833,0.01,3.79,,,,,
tucker,9834,0.01,3.79,5773,0.02,3.93,,
vatican,9835,0.01,3.79,9025,0.01,3.64,,
vendor,9836,0.01,3.79,,,,,
watts,9837,0.01,3.79,,,,,
yr,9838,0.01,3.79,,,,,
♪,9839,0.01,3.79,,,,,
abbott,9840,0.01,3.78,,,,,
aboriginal,9841,0.01,3.78,,,,B2,adjective
academics,9842,0.01,3.78,,,,,
adopting,9843,0.01,3.78,,,,,
alignment,9844,0.01,3.78,,,,,
allergic,9845,0.01,3.78,5483,0.02,3.96,B1,adjective
allison,9846,0.01,3.78,4661,0.03,4.06,,
amended,9847,0.01,3.78,,,,,
apparatus,9848,0.01,3.78,,,,,
assumes,9849,0.01,3.78,,,,,
avengers,9850,0.01,3.78,,,,,
backpack,9851,0.01,3.78,7321,0.01,3.78,B1,noun
balcony,9852,0.01,3.78,5924,0.02,3.92,A2,noun
banker,9853,0.01,3.78,7551,0.01,3.76,B2,noun
bliss,9854,0.01,3.78,8069,0.01,3.72,,
bodily,9855,0.01,3.78,,,,,
buffer,9856,0.01,3.78,,,,,
calgary,9857,0.01,3.78,,,,,
chapman,9858,0.01,3.78,,,,,
chopped,9859,0.01,3.78,8298,0.01,3.7,,
collaborative,9860,0.01,3.78,,,,,
commenced,9861,0.01,3.78,,,,,
compensate,9862,0.01,3.78,,,,B2,verb
compromised,9863,0.01,3.78,6826,0.02,3.83,,
constructive,9864,0.01,3.78,,,,,
conventions,9865,0.01,3.78,,,,,
cosmic,9866,0.01,3.78,7279,0.01,3.79,,
crystals,9867,0.01,3.78,,,,,
daisy,9868,0.01,3.78,4232,0.03,4.12,B1,noun
daughter's,9869,0.01,3.78,,,,,
definite,9870,0.01,3.78,7705,0.01,3.75,B1,adjective
demonstrations,9871,0.01,3.78,,,,,
departed,9872,0.01,3.78,,,,,
depths,9873,0.01,3.78,8501,0.01,3.68,,
developmental,9874,0.01,3.78,,,,,
disco,9875,0.01,3.78,6524,0.02,3.86,A2,noun
distraction,9876,0.01,3.78,7525,0.01,3.76,B2,noun
dom,9877,0.01,3.78,7868,0.01,3.73,,
dorothy,9878,0.01,3.78,4506,0.03,4.08,,
doses,9879,0.01,3.78,,,,,
drawer,9880,0.01,3.78,4429,0.03,4.09,A2,noun
driver's,9881,0.01,3.78,,,,,
drones,9882,0.01,3.78,,,,,
durham,9883,0.01,3.78,,,,,
ecological,9884,0.01,3.78,,,,B1,adjective
ecosystem,9885,0.01,3.78,,,,B1,noun
elvis,9886,0.01,3.78,5429,0.02,3.97,,
euros,9887,0.01,3.78,5084,0.02,4.01,,
exclude,9888,0.01,3.78,,,,B2,verb
exempt,9889,0.01,3.78,,,,,
exposing,9890,0.01,3.78,,,,,
faint,9891,0.01,3.78,4876,0.02,4.04,B2,"adjective, verb"
fertility,9892,0.01,3.78,,,,,
ff,9893,0.01,3.78,,,,,
fines,9894,0.01,3.78,,,,,
finn,9895,0.01,3.78,5172,0.02,4.0,,
floods,9896,0.01,3.78,,,,,
flynn,9897,0.01,3.78,6211,0.02,3.89,,
foam,9898,0.01,3.78,8167,0.01,3.71,,
folded,9899,0.01,3.78,,,,,
foremost,9900,0.01,3.78,,,,,
forge,9901,0.01,3.78,8780,0.01,3.66,,
greenhouse,9902,0.01,3.78,,,,B1,noun
hears,9903,0.01,3.78,5255,0.02,3.99,,
hierarchy,9904,0.01,3.78,,,,,
ideals,9905,0.01,3.78,9576,0.01,3.6,,
identities,9906,0.01,3.78,,,,,
installations,9907,0.01,3.78,,,,,
invalid,9908,0.01,3.78,,,,,
jade,9909,0.01,3.78,6217,0.02,3.89,B1,noun
jointly,9910,0.01,3.78,,,,,
jung,9911,0.01,3.78,5231,0.02,3.99,,
kits,9912,0.01,3.78,,,,,
lancaster,9913,0.01,3.78,,,,,
lightweight,9914,0.01,3.78,,,,,
lowering,9915,0.01,3.78,,,,,
mb,9916,0.01,3.78,,,,,
melted,9917,0.01,3.78,8247,0.01,3.7,,
metabolism,9918,0.01,3.78,,,,,
neglected,9919,0.01,3.78,9785,0.01,3.59,,
negotiated,9920,0.01,3.78,,,,,
negotiating,9921,0.01,3.78,9624,0.01,3.6,,
negotiation,9922,0.01,3.78,,,,B1,noun
newborn,9923,0.01,3.78,,,,B1,adjective
newport,9924,0.01,3.78,,,,,
nodes,9925,0.01,3.78,,,,,
notch,9926,0.01,3.78,9960,0.01,3.58,,
omega,9927,0.01,3.78,,,,,
onions,9928,0.01,3.78,7464,0.01,3.77,,
packers,9929,0.01,3.78,,,,,
paired,9930,0.01,3.78,,,,,
parental,9931,0.01,3.78,,,,B1,adjective
parody,9932,0.01,3.78,,,,,
parole,9933,0.01,3.78,5041,0.02,4.01,,
participant,9934,0.01,3.78,,,,B1,noun
penguin,9935,0.01,3.78,8091,0.01,3.71,B2,noun
phantom,9936,0.01,3.78,6831,0.02,3.83,B1,adjective
photoshop,9937,0.01,3.78,,,,,
pitt,9938,0.01,3.78,,,,,
precedent,9939,0.01,3.78,,,,,
prevalent,9940,0.01,3.78,,,,,
prom,9941,0.01,3.78,4152,0.03,4.13,B2,noun
promotions,9942,0.01,3.78,,,,,
python,9943,0.01,3.78,,,,,
qatar,9944,0.01,3.78,,,,,
questionable,9945,0.01,3.78,,,,,
queue,9946,0.01,3.78,9700,0.01,3.59,B2,"noun, verb"
quo,9947,0.01,3.78,,,,,
regrets,9948,0.01,3.78,6003,0.02,3.91,,
render,9949,0.01,3.78,,,,,
respondents,9950,0.01,3.78,,,,,
retaining,9951,0.01,3.78,,,,,
romania,9952,0.01,3.78,,,,,
sailor,9953,0.01,3.78,5003,0.02,4.02,A1,noun
seventy,9954,0.01,3.78,,,,A1,number
shouted,9955,0.01,3.78,8685,0.01,3.67,,
show's,9956,0.01,3.78,,,,,
simmons,9957,0.01,3.78,8915,0.01,3.65,,
sims,9958,0.01,3.78,,,,,
slides,9959,0.01,3.78,,,,,
sociology,9960,0.01,3.78,,,,,
somerset,9961,0.01,3.78,,,,,
soo,9962,0.01,3.78,6063,0.02,3.9,,
specify,9963,0.01,3.78,,,,B2,verb
splitting,9964,0.01,3.78,8686,0.01,3.67,,
stab,9965,0.01,3.78,4478,0.03,4.09,B2,verb
supermarket,9966,0.01,3.78,7029,0.01,3.81,A1,noun
sweater,9967,0.01,3.78,5036,0.02,4.01,A2,noun
tenant,9968,0.01,3.78,9807,0.01,3.59,,
tensions,9969,0.01,3.78,,,,,
thomson,9970,0.01,3.78,,,,,
tortured,9971,0.01,3.78,5223,0.02,3.99,,
traction,9972,0.01,3.78,,,,,
tractor,9973,0.01,3.78,8315,0.01,3.7,,
trout,9974,0.01,3.78,,,,,
turnover,9975,0.01,3.78,,,,,
uganda,9976,0.01,3.78,,,,,
university's,9977,0.01,3.78,,,,,
unwanted,9978,0.01,3.78,,,,B1,adjective
upgrades,9979,0.01,3.78,,,,,
valentine's,9980,0.01,3.78,,,,,
variant,9981,0.01,3.78,,,,,
vegetarian,9982,0.01,3.78,7940,0.01,3.73,B1,"adjective, noun"
vernon,9983,0.01,3.78,8192,0.01,3.71,,
visibility,9984,0.01,3.78,,,,,
warnings,9985,0.01,3.78,,,,,
wherein,9986,0.01,3.78,,,,,
whiskey,9987,0.01,3.78,3730,0.03,4.18,,
worms,9988,0.01,3.78,6724,0.02,3.84,,
wyoming,9989,0.01,3.78,,,,,
aaa,9990,0.01,3.77,,,,,
abundant,9991,0.01,3.77,,,,B1,adjective
africans,9992,0.01,3.77,,,,,
alexandria,9993,0.01,3.77,,,,,
algebra,9994,0.01,3.77,,,,,
analytics,9995,0.01,3.77,,,,,
antenna,9996,0.01,3.77,,,,,
attribute,9997,0.01,3.77,,,,B2,"noun, verb"
audition,9998,0.01,3.77,4265,0.03,4.11,B2,noun
bankers,9999,0.01,3.77,,,,,
biting,10000,0.01,3.77,7849,0.01,3.73,,
