learning_rank,word,wf_rank,wf_pct,wf_zipf,sub_rank,sub_pct,sub_zipf,ox_cefr,ox_pos,learning_score
1,to,2,50.09,7.43,3,59.4,7.42,A1,"infinitive-to, preposition",0.000181
2,is,8,21.79,7.07,8,25.71,7.06,A1,be-verb,0.0002
3,was,16,12.31,6.82,21,15.29,6.83,A1,be-verb,0.000215
4,work,116,1.7,5.96,142,2.12,5.97,A1,"noun, verb",0.000281
5,those,133,1.48,5.9,163,1.84,5.91,A1,"determiner, pronoun",0.000287
6,every,158,1.15,5.79,204,1.35,5.78,A1,determiner,0.000299
7,another,176,1.02,5.74,224,1.27,5.75,A2,"determiner, pronoun",0.000303
8,next,190,0.93,5.7,236,1.17,5.71,B2,"adverb, determiner, pronoun",0.000307
9,means,349,0.51,5.44,405,0.61,5.43,B2,noun,0.000339
10,started,405,0.46,5.39,455,0.54,5.38,,,0.000345
11,question,448,0.42,5.35,484,0.49,5.34,B2,"noun, verb",0.00035
12,six,519,0.36,5.29,534,0.43,5.28,A1,number,0.000358
13,longer,713,0.27,5.16,641,0.32,5.15,,,0.000376
14,worked,725,0.27,5.16,643,0.32,5.15,,,0.000376
15,step,779,0.25,5.13,676,0.29,5.12,A1,"noun, verb",0.000381
16,amazing,821,0.23,5.1,703,0.28,5.09,B1,adjective,0.000385
17,george,969,0.2,5.04,782,0.24,5.03,,,0.000394
18,rock,1002,0.2,5.03,801,0.23,5.02,B2,"noun, verb",0.000396
19,station,1061,0.19,5.01,788,0.24,5.02,A1,noun,0.000398
20,fair,1104,0.18,4.99,823,0.23,5.0,B1,"adjective, noun",0.000401
21,driving,1335,0.15,4.9,1021,0.18,4.89,,,0.000417
22,mrs,1372,0.14,4.89,1049,0.17,4.88,,,0.000419
23,seconds,1467,0.13,4.86,1070,0.17,4.87,,,0.000423
24,paris,1609,0.12,4.82,1145,0.15,4.83,,,0.00043
25,be,17,11.49,6.79,24,14.63,6.81,A1,be-verb,0.000433
26,waste,1652,0.12,4.81,1223,0.14,4.8,B1,"adjective, noun, verb",0.000433
27,shooting,1737,0.11,4.78,1317,0.13,4.77,B2,noun,0.000439
28,van,1742,0.11,4.78,1306,0.13,4.77,B1,noun,0.000439
29,beauty,1809,0.1,4.75,1330,0.13,4.76,A2,noun,0.000442
30,driver,1821,0.1,4.75,1331,0.13,4.76,A1,noun,0.000442
31,corner,1817,0.1,4.75,1387,0.12,4.74,A1,noun,0.000444
32,fantastic,1995,0.1,4.71,1502,0.11,4.7,A2,adjective,0.000452
33,crew,2033,0.09,4.7,1472,0.12,4.71,B2,noun,0.000452
34,soldiers,2054,0.09,4.7,1510,0.11,4.69,,,0.000454
35,chair,2067,0.09,4.69,1561,0.11,4.68,A1,noun,0.000456
36,comfortable,2194,0.09,4.66,1582,0.1,4.67,A2,adjective,0.00046
37,whenever,2375,0.08,4.63,1672,0.1,4.64,B1,"adverb, conjunction",0.000465
38,slowly,2368,0.08,4.63,1719,0.09,4.62,A2,adverb,0.000467
39,mayor,2396,0.08,4.62,1701,0.1,4.63,B1,noun,0.000467
40,tiny,2413,0.08,4.62,1683,0.1,4.63,B1,adjective,0.000467
41,signal,2406,0.08,4.62,1754,0.09,4.61,B1,noun,0.00047
42,brings,2428,0.08,4.61,1727,0.09,4.62,,,0.00047
43,tickets,2507,0.07,4.6,1842,0.09,4.59,,,0.000474
44,crash,2722,0.07,4.55,1932,0.08,4.56,B1,"noun, verb",0.000482
45,depends,2828,0.06,4.53,2014,0.08,4.54,,,0.000486
46,pounds,2849,0.06,4.53,2010,0.08,4.54,,,0.000486
47,tall,2921,0.06,4.52,2052,0.08,4.53,A1,adjective,0.000488
48,neighborhood,3012,0.06,4.5,2128,0.07,4.51,,,0.000493
49,riding,3082,0.06,4.49,2250,0.07,4.48,,,0.000497
50,rescue,3131,0.06,4.48,2207,0.07,4.49,B1,"noun, verb",0.000497
51,bone,3148,0.05,4.47,2240,0.07,4.48,A1,noun,0.000499
52,tied,3201,0.05,4.47,2241,0.07,4.48,,,0.000499
53,egg,3227,0.05,4.46,2288,0.07,4.47,A1,noun,0.000502
54,files,3232,0.05,4.46,2342,0.06,4.45,,,0.000504
55,spoken,3336,0.05,4.45,2386,0.06,4.44,,,0.000506
56,been,62,3.46,6.27,86,4.39,6.29,A2,be-verb,0.000507
57,anger,3466,0.05,4.42,2474,0.06,4.43,B1,noun,0.000511
58,trash,3534,0.05,4.42,2548,0.06,4.41,B1,noun,0.000513
59,jean,3889,0.04,4.36,2763,0.05,4.35,,,0.000527
60,crossed,3936,0.04,4.35,2823,0.05,4.34,,,0.00053
61,voices,3993,0.04,4.35,2809,0.05,4.34,,,0.00053
62,bruce,4004,0.04,4.34,2796,0.05,4.35,,,0.00053
63,impressed,4022,0.04,4.34,2795,0.05,4.35,B2,adjective,0.00053
64,punishment,4040,0.04,4.34,2788,0.05,4.35,B1,noun,0.00053
65,only,79,2.46,6.12,108,3.08,6.14,A1,"adjective, adverb",0.000532
66,boots,4063,0.04,4.33,2833,0.05,4.34,,,0.000532
67,jokes,4097,0.04,4.33,2850,0.05,4.34,,,0.000532
68,blast,4140,0.04,4.32,2899,0.05,4.33,B2,"noun, verb",0.000535
69,wounded,4204,0.04,4.32,2900,0.05,4.33,,,0.000535
70,painful,4179,0.04,4.32,3025,0.05,4.31,B1,adjective,0.000537
71,survived,4192,0.04,4.32,2982,0.05,4.31,,,0.000537
72,arranged,4208,0.04,4.31,2950,0.05,4.32,,,0.000537
73,bat,4286,0.04,4.3,2981,0.05,4.31,B1,"noun, verb",0.00054
74,sauce,4330,0.04,4.3,2991,0.05,4.31,A2,noun,0.00054
75,seal,4331,0.04,4.3,3073,0.04,4.29,B2,noun,0.000542
76,toy,4342,0.04,4.3,3109,0.04,4.29,A1,noun,0.000542
77,satisfied,4485,0.04,4.28,3220,0.04,4.27,B1,adjective,0.000547
78,tokyo,4558,0.03,4.27,3180,0.04,4.28,,,0.000547
79,these,94,2.05,6.04,130,2.37,6.02,A1,"determiner, pronoun",0.00055
80,cooper,4593,0.03,4.26,3336,0.04,4.25,,,0.000552
81,exam,4598,0.03,4.26,3319,0.04,4.25,A2,noun,0.000552
82,pipe,4696,0.03,4.25,3297,0.04,4.26,B1,noun,0.000552
83,habit,4764,0.03,4.24,3328,0.04,4.25,A1,noun,0.000555
84,landed,4770,0.03,4.24,3341,0.04,4.25,,,0.000555
85,beneath,4739,0.03,4.24,3477,0.04,4.23,B1,preposition,0.000558
86,pat,4785,0.03,4.24,3437,0.04,4.23,,,0.000558
87,shed,4894,0.03,4.23,3508,0.04,4.22,B2,noun,0.00056
88,beats,4919,0.03,4.22,3570,0.04,4.21,,,0.000563
89,chips,5012,0.03,4.21,3520,0.04,4.22,,,0.000563
90,cia,5013,0.03,4.21,3501,0.04,4.22,,,0.000563
91,hood,5051,0.03,4.21,3489,0.04,4.22,B2,noun,0.000563
92,snap,5084,0.03,4.21,3487,0.04,4.22,B2,verb,0.000563
93,before,123,1.58,5.93,148,2.01,5.95,A1,"adverb, conjunction, preposition",0.000567
94,sandy,5262,0.03,4.19,3652,0.04,4.2,A2,adjective,0.000568
95,stanley,5270,0.03,4.19,3626,0.04,4.2,,,0.000568
96,corn,5206,0.03,4.19,3764,0.03,4.18,A1,noun,0.000571
97,assignment,5291,0.03,4.18,3857,0.03,4.17,B1,noun,0.000574
98,shoulders,5362,0.03,4.18,3804,0.03,4.17,,,0.000574
99,dressing,5414,0.03,4.17,3733,0.03,4.18,,,0.000574
100,jam,5426,0.03,4.17,3724,0.03,4.18,B2,"noun, verb",0.000574
101,sends,5627,0.03,4.15,3932,0.03,4.16,,,0.000579
102,farmer,5596,0.03,4.15,4031,0.03,4.14,A1,noun,0.000582
103,finest,5597,0.03,4.15,4098,0.03,4.14,,,0.000582
104,suspected,5634,0.03,4.15,4085,0.03,4.14,,,0.000582
105,norman,5716,0.03,4.14,3959,0.03,4.15,,,0.000582
106,complaining,5867,0.02,4.12,4303,0.03,4.11,,,0.000591
107,prayers,5900,0.02,4.12,4295,0.03,4.11,,,0.000591
108,sealed,5917,0.02,4.12,4258,0.03,4.11,,,0.000591
109,nowadays,5989,0.02,4.11,4233,0.03,4.12,A2,adverb,0.000591
110,hunger,6058,0.02,4.1,4405,0.03,4.09,B1,noun,0.000596
111,safer,6177,0.02,4.09,4323,0.03,4.1,,,0.000596
112,advise,6111,0.02,4.09,4561,0.03,4.08,A2,verb,0.000599
113,approve,6208,0.02,4.08,4468,0.03,4.09,B1,verb,0.000599
114,lo,6373,0.02,4.07,4566,0.03,4.08,,,0.000602
115,scan,6412,0.02,4.07,4500,0.03,4.08,B2,"noun, verb",0.000602
116,flame,6357,0.02,4.07,4652,0.03,4.06,B2,noun,0.000605
117,adorable,6433,0.02,4.06,4579,0.03,4.07,B1,adjective,0.000605
118,insisted,6483,0.02,4.06,4599,0.03,4.07,,,0.000605
119,bailey,6439,0.02,4.06,4770,0.03,4.05,,,0.000608
120,heels,6478,0.02,4.06,4772,0.03,4.05,,,0.000608
121,collar,6665,0.02,4.04,4749,0.03,4.05,B1,noun,0.000611
122,anyways,6650,0.02,4.04,4931,0.02,4.03,,,0.000614
123,flames,6787,0.02,4.03,4824,0.02,4.04,,,0.000614
124,lloyd,6805,0.02,4.03,4820,0.02,4.04,,,0.000614
125,ritual,6958,0.02,4.02,4928,0.02,4.03,B2,noun,0.000617
126,thumb,7071,0.02,4.01,5182,0.02,4.0,B1,noun,0.000623
127,wrist,7088,0.02,4.01,5160,0.02,4.0,B1,noun,0.000623
128,slice,7180,0.02,4.0,5075,0.02,4.01,B2,"noun, verb",0.000623
129,cracked,7211,0.02,3.99,5118,0.02,4.0,,,0.000627
130,alfred,7196,0.02,3.99,5310,0.02,3.98,,,0.00063
131,negotiate,7252,0.02,3.99,5294,0.02,3.98,B1,verb,0.00063
132,buttons,7317,0.02,3.98,5418,0.02,3.97,,,0.000633
133,expose,7338,0.02,3.98,5385,0.02,3.97,B1,verb,0.000633
134,bachelor,7418,0.02,3.97,5288,0.02,3.98,,,0.000633
135,fortunate,7446,0.02,3.97,5380,0.02,3.98,B1,adjective,0.000633
136,glenn,7453,0.02,3.97,5375,0.02,3.98,,,0.000633
137,theirs,7623,0.02,3.96,5405,0.02,3.97,A2,pronoun,0.000636
138,days,218,0.76,5.61,304,0.88,5.59,,,0.000638
139,called,231,0.72,5.59,281,0.92,5.61,,,0.000638
140,florence,7563,0.02,3.96,5581,0.02,3.95,,,0.000639
141,flu,7564,0.02,3.96,5622,0.02,3.95,B1,noun,0.000639
142,sharks,7607,0.02,3.96,5583,0.02,3.95,,,0.000639
143,cough,7668,0.02,3.95,5545,0.02,3.96,B1,"noun, verb",0.000639
144,messenger,7715,0.02,3.95,5536,0.02,3.96,B2,noun,0.000639
145,businessman,7657,0.02,3.95,5665,0.02,3.94,A2,noun,0.000643
146,pencil,7720,0.02,3.95,5734,0.02,3.94,A1,noun,0.000643
147,terrifying,7753,0.02,3.95,5719,0.02,3.94,B2,adjective,0.000643
148,float,7793,0.02,3.94,5595,0.02,3.95,B1,"noun, verb",0.000643
149,hunters,7801,0.02,3.94,5620,0.02,3.95,,,0.000643
150,leap,7808,0.02,3.94,5647,0.02,3.95,B1,"noun, verb",0.000643
151,jar,7934,0.02,3.93,5652,0.02,3.94,B1,noun,0.000646
152,collapsed,8016,0.02,3.92,5736,0.02,3.93,,,0.000649
153,quicker,8077,0.02,3.92,5949,0.02,3.91,,,0.000652
154,nickname,8176,0.02,3.91,5874,0.02,3.92,B1,noun,0.000652
155,shuttle,8349,0.01,3.9,5947,0.02,3.91,,,0.000656
156,music,279,0.62,5.52,356,0.72,5.5,A1,noun,0.000659
157,griffin,8297,0.01,3.9,6219,0.02,3.89,,,0.000659
158,awhile,8387,0.01,3.89,6051,0.02,3.9,,,0.000659
159,later,304,0.58,5.49,353,0.73,5.51,A1,"adjective, adverb",0.000661
160,garcia,8428,0.01,3.89,6316,0.02,3.88,,,0.000663
161,rogue,8479,0.01,3.89,6368,0.02,3.88,,,0.000663
162,corridor,8529,0.01,3.88,6161,0.02,3.89,B2,noun,0.000663
163,sucking,8614,0.01,3.88,6167,0.02,3.89,,,0.000663
164,sour,8610,0.01,3.88,6453,0.02,3.87,B1,adjective,0.000666
165,marsh,8687,0.01,3.87,6269,0.02,3.88,,,0.000666
166,working,342,0.53,5.45,367,0.67,5.47,B1,adjective,0.000671
167,congressman,8767,0.01,3.86,6577,0.02,3.85,,,0.000673
168,bark,8895,0.01,3.85,6575,0.02,3.86,B2,"noun, verb",0.000673
169,tomato,8997,0.01,3.85,6542,0.02,3.86,A1,noun,0.000673
170,pains,9077,0.01,3.84,6627,0.02,3.85,,,0.000676
171,slaughter,9099,0.01,3.84,6656,0.02,3.85,B2,noun,0.000676
172,treason,9118,0.01,3.84,6595,0.02,3.85,,,0.000676
173,doe,9035,0.01,3.84,6836,0.02,3.83,,,0.00068
174,grounded,9050,0.01,3.84,6827,0.02,3.83,,,0.00068
175,punched,9236,0.01,3.83,6713,0.02,3.84,,,0.00068
176,body,382,0.47,5.4,413,0.59,5.42,A1,noun,0.000683
177,apollo,9281,0.01,3.82,6800,0.02,3.83,,,0.000683
178,yacht,9425,0.01,3.82,6780,0.02,3.83,B2,noun,0.000683
179,cheeks,9296,0.01,3.82,6981,0.01,3.81,,,0.000687
180,pier,9380,0.01,3.82,7031,0.01,3.81,,,0.000687
181,chester,9451,0.01,3.81,6872,0.02,3.82,,,0.000687
182,elephants,9465,0.01,3.81,6874,0.02,3.82,,,0.000687
183,burton,9575,0.01,3.8,7013,0.01,3.81,,,0.000691
184,confront,9588,0.01,3.8,6985,0.01,3.81,B2,verb,0.000691
185,ironic,9621,0.01,3.8,6991,0.01,3.81,,,0.000691
186,trent,9680,0.01,3.8,7038,0.01,3.81,,,0.000691
187,marion,9629,0.01,3.8,7252,0.01,3.79,,,0.000694
188,warmth,9693,0.01,3.8,7284,0.01,3.79,B1,noun,0.000694
189,wired,9696,0.01,3.8,7270,0.01,3.79,,,0.000694
190,playing,424,0.44,5.37,471,0.51,5.35,,,0.000696
191,raven,9805,0.01,3.79,7340,0.01,3.78,,,0.000698
192,swinging,9830,0.01,3.79,7329,0.01,3.78,,,0.000698
193,cosmic,9866,0.01,3.78,7279,0.01,3.79,,,0.000698
194,onions,9928,0.01,3.78,7464,0.01,3.77,,,0.000702
195,sometimes,533,0.36,5.28,518,0.45,5.3,B1,adverb,0.000715
196,will,40,5.25,6.45,56,6.84,6.48,B2,"modal auxiliary, noun",0.000718
197,himself,561,0.33,5.25,570,0.38,5.23,A2,pronoun,0.000728
198,parents,622,0.3,5.21,568,0.38,5.23,,,0.000734
199,sense,665,0.29,5.19,623,0.34,5.17,B2,"noun, verb",0.000745
200,finally,690,0.28,5.17,607,0.35,5.19,A2,adverb,0.000745
201,were,52,4.08,6.34,81,4.57,6.31,A1,be-verb,0.00075
202,picture,777,0.25,5.13,684,0.29,5.11,B2,"noun, verb",0.000763
203,decided,846,0.23,5.09,722,0.27,5.07,,,0.000775
204,ones,909,0.22,5.07,704,0.28,5.09,,,0.000775
205,pass,952,0.21,5.05,724,0.27,5.07,A2,"noun, verb",0.000781
206,dark,966,0.2,5.04,745,0.26,5.06,A1,adjective,0.000784
207,expect,1050,0.19,5.01,779,0.24,5.03,A2,verb,0.000794
208,peace,1024,0.2,5.02,840,0.22,5.0,A1,noun,0.000797
209,message,1089,0.19,5.0,795,0.24,5.02,A1,noun,0.000797
210,normal,1054,0.19,5.01,844,0.22,4.99,A2,adjective,0.0008
211,miles,1090,0.19,5.0,858,0.22,4.98,,,0.000803
212,quickly,1094,0.19,5.0,866,0.22,4.98,A1,adverb,0.000803
213,two,86,2.35,6.1,124,2.66,6.07,A1,number,0.00081
214,scene,1149,0.17,4.97,925,0.2,4.95,A2,noun,0.000813
215,interested,1192,0.17,4.95,880,0.21,4.97,A1,adjective,0.000813
216,brain,1215,0.16,4.94,905,0.21,4.96,A1,noun,0.000816
217,judge,1193,0.17,4.95,960,0.19,4.93,A1,"noun, verb",0.00082
218,machine,1346,0.15,4.9,975,0.19,4.92,A1,noun,0.00083
219,carry,1360,0.14,4.89,997,0.18,4.91,A1,verb,0.000833
220,holy,1396,0.14,4.88,1011,0.18,4.9,B1,adjective,0.000836
221,shop,1408,0.14,4.88,1020,0.18,4.9,B1,"noun, verb",0.000836
222,on,13,15.14,6.91,17,16.75,6.87,A1,"adverb, preposition",0.000843
223,day,120,1.66,5.95,140,2.15,5.98,A1,noun,0.000843
224,lots,1399,0.14,4.88,1091,0.16,4.86,,,0.000843
225,putting,1465,0.13,4.86,1054,0.17,4.88,,,0.000843
226,learned,1486,0.13,4.85,1154,0.15,4.83,,,0.000854
227,begin,1519,0.13,4.84,1169,0.15,4.82,A1,verb,0.000857
228,indeed,1697,0.11,4.79,1218,0.14,4.81,A2,adverb,0.000868
229,apparently,1655,0.12,4.8,1290,0.13,4.78,A2,adverb,0.000872
230,camp,1685,0.11,4.79,1319,0.13,4.77,A2,"noun, verb",0.000875
231,richard,1703,0.11,4.79,1292,0.13,4.77,,,0.000875
232,raise,1836,0.1,4.75,1297,0.13,4.77,A2,verb,0.000883
233,fellow,1791,0.11,4.76,1400,0.12,4.74,B1,"adjective, noun",0.000886
234,knowing,1794,0.11,4.76,1382,0.12,4.74,,,0.000886
235,conversation,1816,0.1,4.75,1414,0.12,4.73,A1,noun,0.00089
236,excellent,1896,0.1,4.73,1351,0.13,4.75,A1,adjective,0.00089
237,dropped,1895,0.1,4.73,1478,0.11,4.71,,,0.000898
238,three,164,1.12,5.78,221,1.27,5.75,A1,number,0.000903
239,feed,2155,0.09,4.67,1535,0.11,4.69,B1,"noun, verb",0.000913
240,discuss,2197,0.09,4.66,1557,0.11,4.68,A1,verb,0.000917
241,strike,2234,0.09,4.66,1563,0.11,4.68,B1,"noun, verb",0.000917
242,falling,2203,0.09,4.66,1665,0.1,4.64,,,0.000925
243,letters,2216,0.09,4.66,1658,0.1,4.64,,,0.000925
244,daniel,2385,0.08,4.62,1659,0.1,4.64,,,0.000933
245,basically,2327,0.08,4.63,1752,0.09,4.61,A2,adverb,0.000937
246,sees,2558,0.07,4.59,1751,0.09,4.61,,,0.000945
247,painting,2494,0.07,4.6,1873,0.08,4.58,A1,noun,0.000949
248,cheese,2617,0.07,4.57,1825,0.09,4.59,A1,noun,0.000953
249,personally,2638,0.07,4.57,1835,0.09,4.59,B1,adverb,0.000953
250,matt,2744,0.07,4.55,1886,0.08,4.57,,,0.000962
251,deliver,2724,0.07,4.55,2031,0.08,4.53,B1,verb,0.00097
252,case,255,0.66,5.55,344,0.75,5.52,A1,noun,0.000979
253,license,2902,0.06,4.52,2162,0.07,4.5,,,0.000983
254,appointment,3039,0.06,4.49,2108,0.07,4.51,A2,noun,0.000988
255,hunt,3065,0.06,4.49,2097,0.07,4.51,B1,"noun, verb",0.000988
256,says,310,0.58,5.49,346,0.75,5.52,,,0.00099
257,mountains,3011,0.06,4.5,2246,0.07,4.48,,,0.000992
258,junior,3069,0.06,4.49,2284,0.07,4.47,A2,adjective,0.000996
259,had,54,3.99,6.33,84,4.43,6.29,A1,have-verb,0.001005
260,elizabeth,3161,0.05,4.47,2364,0.06,4.45,,,0.001005
261,silent,3335,0.05,4.45,2286,0.07,4.47,B1,adjective,0.001005
262,unusual,3343,0.05,4.45,2425,0.06,4.43,A2,adjective,0.001015
263,passion,3382,0.05,4.44,2511,0.06,4.42,B1,noun,0.001019
264,shadow,3395,0.05,4.44,2479,0.06,4.42,B1,"noun, verb",0.001019
265,studying,3531,0.05,4.42,2587,0.06,4.4,,,0.001028
266,hire,3628,0.05,4.4,2516,0.06,4.42,B1,verb,0.001028
267,hours,388,0.47,5.4,461,0.53,5.37,,,0.001035
268,almost,395,0.46,5.39,465,0.52,5.36,A1,adverb,0.001038
269,abandoned,3594,0.05,4.4,2672,0.05,4.38,B2,adjective,0.001038
270,disaster,3685,0.05,4.39,2687,0.05,4.37,B1,noun,0.001043
271,patrick,3832,0.04,4.37,2622,0.06,4.39,,,0.001043
272,prisoners,3834,0.04,4.37,2798,0.05,4.35,,,0.001052
273,dozen,3939,0.04,4.35,2705,0.05,4.37,B1,"determiner, noun",0.001052
274,virgin,3992,0.04,4.35,2699,0.05,4.37,,,0.001052
275,reason,479,0.39,5.32,474,0.5,5.35,A1,noun,0.001054
276,deny,4013,0.04,4.34,2723,0.05,4.36,B1,verb,0.001057
277,impression,3950,0.04,4.35,2883,0.05,4.33,B1,noun,0.001062
278,deserves,4014,0.04,4.34,2934,0.05,4.32,,,0.001067
279,favour,4235,0.04,4.31,2887,0.05,4.33,,,0.001072
280,sec,4268,0.04,4.31,2867,0.05,4.33,,,0.001072
281,living,503,0.37,5.3,541,0.42,5.27,B2,"adjective, noun",0.001074
282,walks,4203,0.04,4.32,3060,0.04,4.3,,,0.001077
283,plan,516,0.36,5.29,546,0.41,5.26,B1,"noun, verb",0.001078
284,ali,4205,0.04,4.31,3097,0.04,4.29,,,0.001082
285,chip,4219,0.04,4.31,3129,0.04,4.29,B2,noun,0.001082
286,running,596,0.32,5.23,552,0.41,5.26,A2,noun,0.001091
287,awkward,4349,0.04,4.29,3192,0.04,4.27,B1,adjective,0.001092
288,timing,4418,0.04,4.29,3232,0.04,4.27,B2,noun,0.001092
289,pit,4548,0.03,4.27,3312,0.04,4.25,B1,noun,0.001102
290,signature,4713,0.03,4.25,3430,0.04,4.23,B1,noun,0.001112
291,cock,4839,0.03,4.23,3320,0.04,4.25,,,0.001112
292,batman,4917,0.03,4.22,3392,0.04,4.24,,,0.001118
293,listened,5060,0.03,4.21,3441,0.04,4.23,,,0.001123
294,meeting,736,0.26,5.15,618,0.34,5.18,A1,noun,0.001125
295,lightning,4960,0.03,4.22,3600,0.04,4.2,B1,noun,0.001128
296,follow,747,0.26,5.14,622,0.34,5.17,A2,verb,0.001129
297,felt,770,0.25,5.13,635,0.33,5.16,,,0.001133
298,scientist,5080,0.03,4.21,3675,0.04,4.19,A1,noun,0.001134
299,bottles,5193,0.03,4.19,3551,0.04,4.21,,,0.001134
300,threatening,5275,0.03,4.19,3572,0.04,4.21,B1,adjective,0.001134
301,relatives,5162,0.03,4.2,3779,0.03,4.18,,,0.001139
302,cole,5308,0.03,4.18,3624,0.04,4.2,,,0.001139
303,liver,5337,0.03,4.18,3633,0.04,4.2,B1,noun,0.001139
304,looked,811,0.24,5.11,645,0.31,5.14,,,0.001142
305,fights,5220,0.03,4.19,3838,0.03,4.17,,,0.001145
306,turned,859,0.23,5.09,672,0.3,5.12,,,0.001151
307,cinema,5400,0.03,4.17,3967,0.03,4.15,A1,noun,0.001156
308,figure,904,0.22,5.07,698,0.28,5.1,A2,"noun, verb",0.00116
309,neil,5525,0.03,4.16,4054,0.03,4.14,,,0.001161
310,rocky,5543,0.03,4.16,4076,0.03,4.14,B2,adjective,0.001161
311,depressed,5672,0.03,4.14,3908,0.03,4.16,B1,adjective,0.001161
312,pile,5725,0.03,4.14,3883,0.03,4.16,A2,noun,0.001161
313,medication,5610,0.03,4.15,4124,0.03,4.13,B2,noun,0.001167
314,eagle,5785,0.03,4.13,4023,0.03,4.15,B2,noun,0.001167
315,missing,950,0.21,5.05,713,0.27,5.08,A2,adjective,0.001169
316,zoo,5750,0.03,4.14,4237,0.03,4.12,A1,noun,0.001173
317,dive,5875,0.02,4.12,4089,0.03,4.14,B1,"noun, verb",0.001173
318,juan,5891,0.02,4.12,4039,0.03,4.14,,,0.001173
319,understands,5847,0.03,4.13,4308,0.03,4.11,,,0.001178
320,table,958,0.21,5.05,798,0.24,5.02,A1,noun,0.001183
321,ace,5930,0.02,4.11,4436,0.03,4.09,,,0.00119
322,diary,6129,0.02,4.09,4262,0.03,4.11,A2,noun,0.00119
323,charge,1012,0.2,5.02,855,0.22,4.99,B1,"noun, verb",0.001198
324,basket,6333,0.02,4.07,4485,0.03,4.09,A2,noun,0.001201
325,burger,6339,0.02,4.07,4464,0.03,4.09,A1,noun,0.001201
326,radio,1059,0.19,5.01,859,0.22,4.98,A1,noun,0.001202
327,sun,1154,0.17,4.97,824,0.23,5.0,A1,noun,0.001207
328,fathers,6243,0.02,4.08,4649,0.03,4.06,,,0.001207
329,pale,6275,0.02,4.08,4701,0.03,4.06,B1,adjective,0.001207
330,realised,6290,0.02,4.08,4674,0.03,4.06,,,0.001207
331,motorcycle,6382,0.02,4.07,4784,0.03,4.05,B1,noun,0.001213
332,lamp,6586,0.02,4.05,4576,0.03,4.07,A2,noun,0.001213
333,martial,6492,0.02,4.06,4860,0.02,4.04,,,0.001219
334,crashed,6670,0.02,4.04,4695,0.03,4.06,,,0.001219
335,shitty,6735,0.02,4.04,4666,0.03,4.06,,,0.001219
336,hatred,6580,0.02,4.05,4910,0.02,4.03,B1,noun,0.001225
337,judging,6584,0.02,4.05,4936,0.02,4.03,,,0.001225
338,ladder,6804,0.02,4.03,4761,0.03,4.05,B1,noun,0.001225
339,tin,6847,0.02,4.03,4747,0.03,4.05,B1,noun,0.001225
340,found,197,0.89,5.68,235,1.17,5.72,B2,verb,0.001231
341,calls,1295,0.15,4.91,954,0.19,4.94,,,0.001237
342,without,193,0.91,5.69,263,1.01,5.65,A2,preposition,0.001244
343,bernard,6871,0.02,4.02,5189,0.02,4.0,,,0.001244
344,clerk,7108,0.02,4.0,5018,0.02,4.02,A2,noun,0.001244
345,cash,1264,0.15,4.92,1037,0.17,4.89,A2,noun,0.001247
346,reporters,7051,0.02,4.01,5227,0.02,3.99,,,0.00125
347,secretly,7056,0.02,4.01,5201,0.02,3.99,B1,adverb,0.00125
348,teacher,1411,0.14,4.88,993,0.18,4.91,A1,noun,0.001252
349,arnold,7094,0.02,4.0,5363,0.02,3.98,,,0.001256
350,furious,7341,0.02,3.98,5166,0.02,4.0,B2,adjective,0.001256
351,porter,7375,0.02,3.98,5158,0.02,4.0,,,0.001256
352,would,63,3.46,6.27,78,4.66,6.32,A1,modal auxiliary,0.001262
353,holding,1368,0.14,4.89,1088,0.16,4.86,,,0.001262
354,eating,1480,0.13,4.85,1047,0.17,4.88,,,0.001268
355,tree,1508,0.13,4.85,1050,0.17,4.88,A1,noun,0.001268
356,bicycle,7314,0.02,3.98,5549,0.02,3.96,A1,noun,0.001269
357,lawn,7358,0.02,3.98,5515,0.02,3.96,B2,noun,0.001269
358,cheek,7535,0.02,3.96,5358,0.02,3.98,A2,noun,0.001269
359,deceased,7552,0.02,3.96,5338,0.02,3.98,,,0.001269
360,foot,1426,0.14,4.87,1134,0.15,4.84,B1,noun,0.001273
361,partner,1532,0.13,4.84,1064,0.17,4.87,A1,noun,0.001273
362,wind,1547,0.13,4.84,1066,0.17,4.87,B2,"noun, verb",0.001273
363,curiosity,7439,0.02,3.97,5602,0.02,3.95,B1,noun,0.001275
364,sigh,7742,0.02,3.95,5401,0.02,3.97,B2,"noun, verb",0.001275
365,melt,7582,0.02,3.96,5712,0.02,3.94,B1,verb,0.001282
366,arms,1591,0.12,4.82,1116,0.16,4.85,,,0.001283
367,start,248,0.68,5.56,299,0.89,5.6,A1,"noun, verb",0.001285
368,elegant,7682,0.02,3.95,5788,0.02,3.93,B2,adjective,0.001288
369,chad,7895,0.02,3.93,5596,0.02,3.95,,,0.001288
370,isaac,7933,0.02,3.93,5591,0.02,3.95,,,0.001288
371,remembers,7966,0.02,3.93,5582,0.02,3.95,,,0.001288
372,twice,1546,0.13,4.84,1214,0.14,4.81,A2,adverb,0.001289
373,starts,1579,0.13,4.83,1234,0.14,4.8,,,0.001294
374,hobby,7800,0.02,3.94,5888,0.02,3.92,A1,noun,0.001295
375,locks,7810,0.02,3.94,5865,0.02,3.92,,,0.001295
376,hard,273,0.63,5.53,314,0.84,5.57,A1,"adjective, adverb",0.001299
377,seemed,1616,0.12,4.82,1251,0.14,4.79,,,0.001299
378,bloom,7888,0.02,3.93,6012,0.02,3.91,A2,noun,0.001302
379,buys,7892,0.02,3.93,6014,0.02,3.91,,,0.001302
380,es,7919,0.02,3.93,5993,0.02,3.91,,,0.001302
381,ni,7946,0.02,3.93,5980,0.02,3.91,,,0.001302
382,business,246,0.68,5.56,343,0.75,5.52,A1,noun,0.001303
383,memory,1641,0.12,4.81,1276,0.14,4.78,A1,noun,0.001305
384,helping,1722,0.11,4.78,1204,0.15,4.81,,,0.001305
385,beautifully,8010,0.02,3.92,6139,0.02,3.9,B1,adverb,0.001308
386,wax,8105,0.02,3.92,6114,0.02,3.9,B1,"noun, verb",0.001308
387,wild,1679,0.12,4.8,1310,0.13,4.77,A2,adjective,0.00131
388,fountain,8146,0.02,3.91,6201,0.02,3.89,B1,noun,0.001315
389,landlord,8445,0.01,3.89,5963,0.02,3.91,B1,noun,0.001315
390,costumes,8403,0.01,3.89,6449,0.02,3.87,,,0.001329
391,neighbours,8699,0.01,3.87,6151,0.02,3.89,,,0.001329
392,haul,8551,0.01,3.88,6498,0.02,3.86,,,0.001335
393,wheelchair,8876,0.01,3.86,6324,0.02,3.88,A2,noun,0.001335
394,file,1825,0.1,4.75,1441,0.12,4.72,B2,"noun, verb",0.001338
395,weapons,1848,0.1,4.75,1447,0.12,4.72,,,0.001338
396,over,88,2.23,6.08,110,3.06,6.13,A1,"adverb, preposition",0.001342
397,zip,8747,0.01,3.87,6622,0.02,3.85,B2,noun,0.001342
398,martin,1870,0.1,4.74,1465,0.12,4.71,,,0.001344
399,flying,1997,0.1,4.71,1379,0.13,4.74,,,0.001344
400,lethal,8813,0.01,3.86,6706,0.02,3.84,,,0.001349
401,lynn,8818,0.01,3.86,6686,0.02,3.84,,,0.001349
402,mon,8828,0.01,3.86,6738,0.02,3.84,,,0.001349
403,rains,9085,0.01,3.84,6565,0.02,3.86,,,0.001349
404,makes,330,0.54,5.46,408,0.6,5.42,,,0.001352
405,climbed,8910,0.01,3.85,6796,0.02,3.83,,,0.001356
406,taught,2136,0.09,4.68,1457,0.12,4.71,,,0.001361
407,important,347,0.51,5.44,428,0.57,5.4,A1,adjective,0.001362
408,least,348,0.51,5.44,434,0.57,5.4,B2,"adverb, determiner, pronoun",0.001362
409,grill,9049,0.01,3.84,6936,0.01,3.82,B1,"noun, verb",0.001363
410,heel,9052,0.01,3.84,6965,0.01,3.82,B1,noun,0.001363
411,urine,9121,0.01,3.84,6949,0.01,3.82,,,0.001363
412,calvin,9292,0.01,3.82,6723,0.02,3.84,,,0.001363
413,boil,9139,0.01,3.83,7077,0.01,3.81,A2,verb,0.001371
414,popping,9231,0.01,3.83,6993,0.01,3.81,,,0.001371
415,pack,2224,0.09,4.66,1509,0.11,4.69,A2,"noun, verb",0.001373
416,sunrise,9402,0.01,3.82,7148,0.01,3.8,B1,noun,0.001378
417,fake,2251,0.08,4.65,1537,0.11,4.68,B1,adjective,0.001379
418,comes,432,0.43,5.36,427,0.57,5.4,,,0.001382
419,destined,9732,0.01,3.79,6968,0.01,3.81,,,0.001385
420,weak,2237,0.09,4.66,1678,0.1,4.63,A2,adjective,0.00139
421,spicy,9672,0.01,3.8,7357,0.01,3.78,B1,adjective,0.001392
422,traced,9679,0.01,3.8,7339,0.01,3.78,,,0.001392
423,split,2270,0.08,4.65,1714,0.09,4.62,B2,"adjective, noun, verb",0.001396
424,hips,9761,0.01,3.79,7411,0.01,3.77,,,0.0014
425,banker,9853,0.01,3.78,7551,0.01,3.76,B2,noun,0.001407
426,distraction,9876,0.01,3.78,7525,0.01,3.76,B2,noun,0.001407
427,light,467,0.4,5.33,524,0.44,5.29,B1,"adjective, noun, verb",0.001419
428,front,529,0.36,5.28,504,0.47,5.32,A2,"adjective, noun",0.001424
429,harder,2626,0.07,4.57,1790,0.09,4.6,,,0.001427
430,warning,2564,0.07,4.59,1929,0.08,4.56,B1,noun,0.001433
431,great,138,1.41,5.88,162,1.9,5.93,A1,adjective,0.001434
432,clear,558,0.33,5.25,528,0.44,5.29,B1,"adjective, verb",0.00144
433,outside,563,0.33,5.25,523,0.44,5.29,A2,"adjective, adverb, noun, preposition",0.00144
434,doctors,2728,0.07,4.55,1875,0.08,4.58,,,0.00144
435,last,141,1.35,5.86,164,1.83,5.91,B1,"adverb, determiner, pronoun, verb",0.001444
436,assume,2611,0.07,4.57,2004,0.08,4.54,B1,verb,0.001446
437,da,2782,0.06,4.54,1906,0.08,4.57,,,0.001446
438,headed,2736,0.07,4.55,2087,0.07,4.52,,,0.001459
439,plate,2751,0.07,4.55,2070,0.07,4.52,A2,noun,0.001459
440,attacked,2874,0.06,4.52,1990,0.08,4.55,,,0.001459
441,perfect,639,0.29,5.2,565,0.39,5.24,A2,adjective,0.001468
442,chocolate,3047,0.06,4.49,2072,0.07,4.52,A1,noun,0.001478
443,mirror,3184,0.05,4.47,2173,0.07,4.5,A2,noun,0.001491
444,time,60,3.63,6.29,72,5.05,6.35,B2,"noun, verb",0.001502
445,curious,3289,0.05,4.45,2237,0.07,4.48,B1,adjective,0.001505
446,closing,3218,0.05,4.46,2455,0.06,4.43,,,0.001518
447,questions,739,0.26,5.15,688,0.29,5.11,,,0.00152
448,are,19,10.24,6.74,25,14.6,6.81,A1,be-verb,0.001525
449,ordinary,3517,0.05,4.42,2348,0.06,4.45,B1,adjective,0.001525
450,show,199,0.89,5.68,231,1.21,5.73,A1,"noun, verb",0.001536
451,wire,3460,0.05,4.43,2560,0.06,4.4,B2,"noun, verb",0.001539
452,chief,804,0.24,5.11,716,0.27,5.07,B2,"adjective, noun",0.001544
453,some,69,2.94,6.2,92,4.05,6.26,A1,"determiner, pronoun",0.001546
454,disappointed,3481,0.05,4.42,2635,0.05,4.39,A2,adjective,0.001546
455,saint,3584,0.05,4.41,2658,0.05,4.38,,,0.001553
456,pen,3775,0.04,4.38,2535,0.06,4.41,A1,noun,0.001553
457,michael,880,0.22,5.08,773,0.25,5.04,,,0.001562
458,seven,884,0.22,5.08,770,0.25,5.04,A1,number,0.001562
459,extraordinary,3879,0.04,4.36,2624,0.06,4.39,B1,adjective,0.001567
460,officer,995,0.2,5.03,727,0.26,5.07,A1,noun,0.001568
461,pain,996,0.2,5.03,720,0.27,5.07,B1,noun,0.001568
462,watching,1035,0.2,5.02,746,0.26,5.06,,,0.001575
463,swing,4051,0.04,4.34,2714,0.05,4.37,B2,"noun, verb",0.001582
464,box,962,0.2,5.04,833,0.23,5.0,A1,noun,0.001587
465,certainly,1069,0.19,5.0,764,0.25,5.04,A2,adverb,0.001587
466,eight,1016,0.2,5.02,876,0.21,4.98,A1,number,0.0016
467,play,222,0.76,5.61,324,0.81,5.56,A1,"noun, verb",0.001603
468,steady,4272,0.04,4.31,2821,0.05,4.34,B1,adjective,0.001604
469,spend,1152,0.17,4.97,812,0.23,5.01,A1,verb,0.001606
470,few,226,0.74,5.6,329,0.8,5.55,B1,"determiner, pronoun",0.001609
471,protecting,4322,0.04,4.3,2872,0.05,4.33,,,0.001611
472,underground,4200,0.04,4.32,3119,0.04,4.29,B2,"adjective, adverb",0.001619
473,bar,1213,0.16,4.94,868,0.22,4.98,B1,"noun, verb",0.001626
474,oscar,4256,0.04,4.31,3155,0.04,4.28,,,0.001626
475,fighting,1271,0.15,4.92,916,0.2,4.96,B2,noun,0.001639
476,clay,4358,0.04,4.29,3294,0.04,4.26,,,0.001642
477,judgment,4459,0.04,4.28,3347,0.04,4.25,,,0.001649
478,knight,4461,0.04,4.28,3326,0.04,4.25,,,0.001649
479,loaded,4687,0.03,4.25,3179,0.04,4.28,,,0.001649
480,much,105,1.86,6.0,126,2.57,6.06,A1,"adverb, determiner, pronoun",0.00165
481,one,38,5.49,6.47,50,7.86,6.54,A2,"determiner, number, pronoun",0.001654
482,water,284,0.62,5.52,368,0.67,5.47,B2,"noun, verb",0.001656
483,traveling,4561,0.03,4.27,3404,0.04,4.24,,,0.001657
484,angels,4573,0.03,4.26,3427,0.04,4.23,,,0.001665
485,offense,4619,0.03,4.26,3484,0.04,4.23,,,0.001665
486,lived,1398,0.14,4.88,985,0.19,4.92,,,0.001666
487,far,295,0.59,5.5,389,0.63,5.45,A2,"adjective, adverb",0.001668
488,oxygen,4695,0.03,4.25,3505,0.04,4.22,B1,noun,0.001673
489,ron,4978,0.03,4.22,3349,0.04,4.25,,,0.001673
490,young,364,0.5,5.43,365,0.68,5.48,A1,adjective,0.00168
491,glass,1485,0.13,4.85,1035,0.17,4.89,A1,noun,0.001687
492,slow,1504,0.13,4.85,1032,0.17,4.89,B1,"adjective, adverb, verb",0.001687
493,jumping,4867,0.03,4.23,3608,0.04,4.2,,,0.001689
494,resist,5163,0.03,4.2,3448,0.04,4.23,B1,verb,0.001689
495,wondered,5178,0.03,4.2,3446,0.04,4.23,,,0.001689
496,safely,4979,0.03,4.22,3701,0.03,4.19,B1,adverb,0.001697
497,story,341,0.53,5.45,431,0.57,5.4,A1,noun,0.001699
498,mission,1430,0.14,4.87,1141,0.15,4.83,B1,noun,0.0017
499,bus,1554,0.13,4.83,1081,0.17,4.87,A1,noun,0.0017
500,taking,406,0.46,5.39,397,0.62,5.44,,,0.001705
501,bitter,5008,0.03,4.21,3762,0.03,4.18,B1,adjective,0.001705
502,catching,5107,0.03,4.2,3859,0.03,4.17,,,0.001713
503,loyalty,5435,0.03,4.17,3622,0.04,4.2,B1,noun,0.001713
504,monsters,5439,0.03,4.17,3597,0.04,4.2,,,0.001713
505,keeping,1529,0.13,4.84,1220,0.14,4.8,,,0.001722
506,close,431,0.43,5.36,421,0.58,5.41,A1,"adjective, verb",0.001724
507,with,14,13.18,6.85,29,13.22,6.77,A1,preposition,0.001725
508,fresh,1563,0.13,4.83,1260,0.14,4.79,A2,adjective,0.001729
509,arrived,1682,0.11,4.79,1156,0.15,4.83,,,0.001729
510,bits,5299,0.03,4.18,3958,0.03,4.15,,,0.001729
511,lap,5335,0.03,4.18,3976,0.03,4.15,B2,noun,0.001729
512,rifle,5354,0.03,4.18,3970,0.03,4.15,,,0.001729
513,twins,5643,0.03,4.15,3743,0.03,4.18,,,0.001729
514,acting,1588,0.12,4.82,1278,0.14,4.78,,,0.001736
515,apart,1711,0.11,4.78,1187,0.15,4.82,A2,adverb,0.001736
516,dollars,1717,0.11,4.78,1181,0.15,4.82,,,0.001736
517,herself,1723,0.11,4.78,1174,0.15,4.82,A2,pronoun,0.001736
518,fires,5417,0.03,4.17,4073,0.03,4.14,,,0.001738
519,beans,5660,0.03,4.14,3850,0.03,4.17,,,0.001738
520,fifteen,5681,0.03,4.14,3817,0.03,4.17,A1,number,0.001738
521,animal,1623,0.12,4.81,1314,0.13,4.77,A1,noun,0.001743
522,stone,1676,0.12,4.8,1339,0.13,4.76,A1,noun,0.001751
523,wrapped,5651,0.03,4.15,4177,0.03,4.12,,,0.001755
524,unfortunate,5924,0.02,4.12,4009,0.03,4.15,B1,adjective,0.001755
525,roll,1838,0.1,4.75,1269,0.14,4.79,B2,"noun, verb",0.001758
526,treat,1844,0.1,4.75,1268,0.14,4.79,B2,"noun, verb",0.001758
527,months,446,0.42,5.35,516,0.45,5.3,,,0.001763
528,rage,6004,0.02,4.11,4047,0.03,4.14,B1,noun,0.001763
529,excited,1860,0.1,4.74,1291,0.13,4.78,A1,adjective,0.001765
530,possibly,1770,0.11,4.77,1429,0.12,4.73,A2,adverb,0.001773
531,lee,1905,0.1,4.73,1313,0.13,4.77,,,0.001773
532,plenty,1959,0.1,4.72,1346,0.13,4.76,B1,"noun, pronoun",0.00178
533,willing,1976,0.1,4.72,1347,0.13,4.76,B2,adjective,0.00178
534,ham,5885,0.02,4.12,4440,0.03,4.09,A2,noun,0.00178
535,jewelry,5889,0.02,4.12,4448,0.03,4.09,,,0.00178
536,colin,6120,0.02,4.09,4219,0.03,4.12,,,0.00178
537,smash,6185,0.02,4.09,4173,0.03,4.12,B2,verb,0.00178
538,humble,5973,0.02,4.11,4516,0.03,4.08,B2,adjective,0.001789
539,breaking,1854,0.1,4.74,1500,0.11,4.7,,,0.001795
540,dick,2036,0.09,4.7,1380,0.13,4.74,,,0.001795
541,disturbing,6562,0.02,4.05,4498,0.03,4.08,,,0.001816
542,foul,6574,0.02,4.05,4539,0.03,4.08,B2,adjective,0.001816
543,shooter,6619,0.02,4.05,4494,0.03,4.08,,,0.001816
544,turning,2023,0.1,4.71,1572,0.11,4.67,B1,noun,0.001819
545,planted,6724,0.02,4.04,4620,0.03,4.07,,,0.001824
546,singh,6736,0.02,4.04,4602,0.03,4.07,,,0.001824
547,command,2032,0.09,4.7,1619,0.1,4.66,B1,noun,0.001826
548,proof,2052,0.09,4.7,1620,0.1,4.66,B1,noun,0.001826
549,bodies,2064,0.09,4.69,1641,0.1,4.65,,,0.001834
550,observe,6495,0.02,4.06,4890,0.02,4.03,B1,verb,0.001834
551,crushed,6777,0.02,4.03,4670,0.03,4.06,,,0.001834
552,fill,2297,0.08,4.64,1565,0.11,4.68,A1,verb,0.001842
553,dresses,6565,0.02,4.05,4992,0.02,4.02,,,0.001843
554,retire,6613,0.02,4.05,4993,0.02,4.02,A2,verb,0.001843
555,cannon,6878,0.02,4.02,4795,0.03,4.05,,,0.001843
556,helmet,6917,0.02,4.02,4729,0.03,4.05,B1,noun,0.001843
557,pool,2171,0.09,4.67,1685,0.1,4.63,A1,noun,0.00185
558,shirt,2366,0.08,4.63,1581,0.1,4.67,A1,noun,0.00185
559,strings,6744,0.02,4.04,5060,0.02,4.01,,,0.001852
560,sunset,6745,0.02,4.04,5059,0.02,4.01,B1,noun,0.001852
561,upside,7078,0.02,4.01,4865,0.02,4.04,,,0.001852
562,sex,611,0.31,5.22,624,0.33,5.17,B1,noun,0.001853
563,cream,2383,0.08,4.62,1621,0.1,4.66,A1,"adjective, noun",0.001858
564,unfortunately,2416,0.08,4.62,1596,0.1,4.66,A2,adverb,0.001858
565,usual,2417,0.08,4.62,1608,0.1,4.66,A2,adjective,0.001858
566,kidney,6802,0.02,4.03,5103,0.02,4.0,,,0.001861
567,nicholas,6815,0.02,4.03,5119,0.02,4.0,,,0.001861
568,verdict,6855,0.02,4.03,5121,0.02,4.0,,,0.001861
569,confusing,6884,0.02,4.02,5194,0.02,3.99,B1,adjective,0.00187
570,return,663,0.29,5.19,651,0.31,5.14,A2,"noun, verb",0.001874
571,weeks,669,0.29,5.19,653,0.31,5.14,,,0.001874
572,civilization,6998,0.02,4.01,5319,0.02,3.98,,,0.00188
573,desires,7006,0.02,4.01,5287,0.02,3.98,,,0.00188
574,spinning,7399,0.02,3.98,5087,0.02,4.01,,,0.00188
575,takes,683,0.28,5.18,662,0.3,5.13,,,0.001882
576,fast,767,0.25,5.13,609,0.34,5.18,A1,"adjective, adverb",0.001882
577,fucked,2538,0.07,4.59,1679,0.1,4.63,,,0.001882
578,kinda,2542,0.07,4.59,1698,0.1,4.63,,,0.001882
579,learn,698,0.28,5.17,675,0.3,5.12,A1,verb,0.001889
580,contacted,7111,0.02,4.0,5448,0.02,3.97,,,0.001889
581,suspicion,7506,0.02,3.97,5185,0.02,4.0,B1,noun,0.001889
582,real,229,0.74,5.6,262,1.02,5.66,A1,"adjective, adverb",0.001893
583,bent,7199,0.02,3.99,5501,0.02,3.96,B1,adjective,0.001899
584,dock,7218,0.02,3.99,5502,0.02,3.96,B2,noun,0.001899
585,pirate,7593,0.02,3.96,5240,0.02,3.99,B2,noun,0.001899
586,tricky,7629,0.02,3.96,5206,0.02,3.99,B2,adjective,0.001899
587,giving,734,0.26,5.15,693,0.29,5.1,,,0.001904
588,pond,7374,0.02,3.98,5569,0.02,3.95,B1,noun,0.001908
589,ankle,7415,0.02,3.97,5715,0.02,3.94,A2,noun,0.001918
590,armor,7416,0.02,3.97,5704,0.02,3.94,,,0.001918
591,changed,897,0.22,5.07,667,0.3,5.12,,,0.001926
592,even,108,1.82,5.99,125,2.59,6.06,A2,"adjective, adverb",0.001928
593,butterfly,7891,0.02,3.93,5465,0.02,3.96,A1,noun,0.001928
594,drums,7916,0.02,3.93,5556,0.02,3.96,,,0.001928
595,painter,7955,0.02,3.93,5566,0.02,3.96,A2,noun,0.001928
596,bike,2819,0.06,4.53,1887,0.08,4.57,A1,noun,0.001932
597,yet,269,0.65,5.54,296,0.9,5.6,B1,"adverb, conjunction",0.001934
598,cracking,8020,0.02,3.92,5598,0.02,3.95,,,0.001937
599,receipt,8079,0.02,3.92,5643,0.02,3.95,A2,noun,0.001937
600,runway,8086,0.02,3.92,5570,0.02,3.95,B1,noun,0.001937
601,barnes,7773,0.02,3.94,6020,0.02,3.91,,,0.001947
602,ambition,8116,0.02,3.91,5708,0.02,3.94,A2,noun,0.001947
603,rode,8198,0.02,3.91,5707,0.02,3.94,,,0.001947
604,attack,842,0.23,5.09,776,0.25,5.04,A2,"noun, verb",0.001949
605,born,843,0.23,5.09,758,0.25,5.04,,,0.001949
606,chose,2719,0.07,4.55,2116,0.07,4.51,,,0.001949
607,canceled,8252,0.01,3.9,5755,0.02,3.93,,,0.001957
608,jeffrey,8305,0.01,3.9,5738,0.02,3.93,,,0.001957
609,suffering,2865,0.06,4.53,2212,0.07,4.49,B2,noun,0.001967
610,fought,3060,0.06,4.49,2029,0.08,4.53,,,0.001967
611,ji,8443,0.01,3.89,5904,0.02,3.92,,,0.001967
612,army,921,0.21,5.06,819,0.23,5.01,B1,noun,0.001972
613,still,127,1.55,5.92,135,2.22,5.99,A2,"adjective, adverb",0.001974
614,alcoholic,8114,0.02,3.91,6273,0.02,3.88,B2,"adjective, noun",0.001977
615,sadness,8602,0.01,3.88,6017,0.02,3.91,B1,noun,0.001977
616,shiny,8607,0.01,3.88,5977,0.02,3.91,B1,adjective,0.001977
617,completely,1070,0.19,5.0,752,0.25,5.05,B1,adverb,0.00198
618,vet,8376,0.01,3.9,6383,0.02,3.87,B1,noun,0.001988
619,sharply,8484,0.01,3.89,6502,0.02,3.86,B2,adverb,0.001998
620,joyce,8807,0.01,3.86,6145,0.02,3.89,,,0.001998
621,marks,3073,0.06,4.49,2374,0.06,4.45,,,0.002002
622,karma,8563,0.01,3.88,6673,0.02,3.85,,,0.002008
623,pointless,8590,0.01,3.88,6635,0.02,3.85,B2,adjective,0.002008
624,deeply,3358,0.05,4.44,2225,0.07,4.48,A2,adverb,0.002011
625,ice,1081,0.19,5.0,932,0.2,4.95,A1,noun,0.00202
626,fear,1184,0.17,4.95,839,0.22,5.0,B2,"noun, verb",0.00202
627,letter,1196,0.17,4.95,825,0.23,5.0,A1,noun,0.00202
628,defend,3159,0.05,4.47,2439,0.06,4.43,B1,verb,0.00202
629,parking,3188,0.05,4.47,2417,0.06,4.43,B1,noun,0.00202
630,carnival,8765,0.01,3.86,6764,0.02,3.83,B2,noun,0.002029
631,pumpkin,9234,0.01,3.83,6530,0.02,3.86,B2,noun,0.002029
632,sorted,9253,0.01,3.83,6514,0.02,3.86,,,0.002029
633,death,385,0.47,5.4,376,0.66,5.46,A2,noun,0.002035
634,pay,390,0.47,5.4,378,0.66,5.46,A1,"noun, verb",0.002035
635,clients,3284,0.05,4.45,2541,0.06,4.41,,,0.002038
636,freed,8931,0.01,3.85,6941,0.01,3.82,,,0.00204
637,tunnels,9414,0.01,3.82,6639,0.02,3.85,,,0.00204
638,wings,3404,0.05,4.44,2575,0.06,4.4,,,0.002047
639,pot,3647,0.05,4.4,2412,0.06,4.44,B1,noun,0.002047
640,long,150,1.2,5.81,172,1.72,5.88,A2,"adjective, adverb",0.002049
641,rich,1318,0.15,4.91,918,0.2,4.96,A1,adjective,0.002053
642,feels,1338,0.15,4.9,935,0.2,4.95,,,0.002061
643,hairy,9615,0.01,3.8,6786,0.02,3.83,B2,adjective,0.002061
644,belt,3471,0.05,4.42,2648,0.05,4.38,A2,noun,0.002066
645,sucks,3789,0.04,4.38,2494,0.06,4.42,,,0.002066
646,dances,9729,0.01,3.79,6957,0.01,3.82,,,0.002072
647,probation,9800,0.01,3.79,6954,0.01,3.82,,,0.002072
648,office,389,0.47,5.4,483,0.49,5.34,A1,noun,0.002081
649,doom,9459,0.01,3.81,7318,0.01,3.78,B2,noun,0.002083
650,supermarket,9966,0.01,3.78,7029,0.01,3.81,A1,noun,0.002083
651,glory,3884,0.04,4.36,2585,0.06,4.4,B1,noun,0.002085
652,old,174,1.05,5.75,187,1.5,5.82,A1,adjective,0.002092
653,cavalry,9580,0.01,3.8,7491,0.01,3.77,,,0.002094
654,queen,1466,0.13,4.86,992,0.18,4.91,A2,noun,0.002095
655,theater,3988,0.04,4.35,2619,0.06,4.39,,,0.002095
656,grow,1344,0.15,4.9,1100,0.16,4.85,A1,verb,0.002104
657,same,155,1.18,5.8,230,1.21,5.73,A1,"adjective, adverb, pronoun",0.002106
658,definite,9870,0.01,3.78,7705,0.01,3.75,B1,adjective,0.002116
659,house,186,0.96,5.71,203,1.35,5.78,A1,noun,0.002121
660,otherwise,1401,0.14,4.88,1158,0.15,4.83,B1,adverb,0.002121
661,nine,1431,0.14,4.87,1183,0.15,4.82,A1,number,0.00213
662,engine,1524,0.13,4.84,1253,0.14,4.79,B1,noun,0.002157
663,ian,4163,0.04,4.32,3186,0.04,4.28,,,0.002163
664,stones,4273,0.04,4.31,3233,0.04,4.27,,,0.002173
665,realise,4625,0.03,4.26,3038,0.05,4.3,,,0.002184
666,trigger,4723,0.03,4.25,3094,0.04,4.29,B1,noun,0.002194
667,correct,1689,0.11,4.79,1392,0.12,4.74,B2,"adjective, verb",0.002202
668,hoped,4456,0.04,4.28,3385,0.04,4.24,,,0.002204
669,odds,4471,0.04,4.28,3411,0.04,4.24,,,0.002204
670,who,53,4.08,6.34,64,6.03,6.43,A1,pronoun,0.002208
671,hour,675,0.28,5.18,562,0.39,5.24,A1,noun,0.00221
672,nor,1732,0.11,4.78,1417,0.12,4.73,B1,conjunction,0.002211
673,tells,1740,0.11,4.78,1415,0.12,4.73,,,0.002211
674,closer,1891,0.1,4.73,1285,0.14,4.78,,,0.002211
675,pays,4622,0.03,4.26,3503,0.04,4.22,,,0.002225
676,rain,2012,0.1,4.71,1333,0.13,4.76,A1,"noun, verb",0.00223
677,sound,742,0.26,5.15,586,0.37,5.21,A2,"adjective, noun, verb",0.002236
678,wheels,4728,0.03,4.25,3560,0.04,4.21,,,0.002236
679,fence,5037,0.03,4.21,3365,0.04,4.25,A2,noun,0.002236
680,sink,5081,0.03,4.21,3366,0.04,4.25,B1,"noun, verb",0.002236
681,souls,5086,0.03,4.21,3351,0.04,4.25,,,0.002236
682,investigation,1831,0.1,4.75,1506,0.11,4.7,B1,noun,0.00224
683,precisely,5154,0.03,4.2,3379,0.04,4.24,B2,adverb,0.002246
684,prepared,1875,0.1,4.74,1517,0.11,4.69,B1,adjective,0.002249
685,until,223,0.76,5.61,338,0.78,5.54,A1,"conjunction, preposition",0.002252
686,pole,4879,0.03,4.23,3673,0.04,4.19,B1,noun,0.002257
687,serial,4892,0.03,4.23,3721,0.03,4.19,B2,adjective,0.002257
688,restaurant,2125,0.09,4.68,1406,0.12,4.73,A1,noun,0.002259
689,pieces,1957,0.1,4.72,1585,0.1,4.67,,,0.002268
690,for,9,18.99,7.01,15,17.97,6.9,A1,"conjunction, preposition",0.002274
691,keith,5429,0.03,4.17,3595,0.04,4.21,,,0.002278
692,worth,726,0.27,5.16,690,0.29,5.1,B1,adjective,0.00228
693,stepped,5165,0.03,4.2,3891,0.03,4.16,,,0.002289
694,kicking,5513,0.03,4.16,3643,0.04,4.2,,,0.002289
695,open,314,0.56,5.48,333,0.8,5.55,A1,"adjective, verb",0.002301
696,ancient,2099,0.09,4.68,1703,0.1,4.63,A2,adjective,0.002307
697,snow,2231,0.09,4.66,1761,0.09,4.61,A2,"noun, verb",0.002327
698,destroyed,2437,0.08,4.61,1598,0.1,4.66,,,0.002327
699,ticket,2468,0.08,4.61,1609,0.1,4.66,A1,noun,0.002327
700,planes,5532,0.03,4.16,4247,0.03,4.12,,,0.002334
701,sunshine,5556,0.03,4.16,4168,0.03,4.12,A1,noun,0.002334
702,cookies,5868,0.02,4.12,3888,0.03,4.16,,,0.002334
703,birds,2474,0.07,4.6,1638,0.1,4.65,,,0.002337
704,bacon,5573,0.03,4.15,4269,0.03,4.11,B1,noun,0.002345
705,burst,5579,0.03,4.15,4275,0.03,4.11,B1,verb,0.002345
706,deserved,5673,0.03,4.14,4393,0.03,4.1,,,0.002356
707,pearl,5721,0.03,4.14,4353,0.03,4.1,B2,noun,0.002356
708,alike,5756,0.03,4.13,4460,0.03,4.09,B1,"adjective, adverb",0.002368
709,retreat,5833,0.03,4.13,4431,0.03,4.09,B2,"noun, verb",0.002368
710,familiar,2442,0.08,4.61,1955,0.08,4.56,A2,adjective,0.002378
711,gently,6249,0.02,4.08,4245,0.03,4.12,B2,adverb,0.00238
712,pockets,6281,0.02,4.08,4198,0.03,4.12,,,0.00238
713,tragic,6307,0.02,4.08,4185,0.03,4.12,B1,adjective,0.00238
714,ball,961,0.2,5.04,861,0.22,4.98,A1,noun,0.00239
715,unless,1131,0.18,4.98,768,0.25,5.04,B1,conjunction,0.00239
716,arrives,5933,0.02,4.11,4604,0.03,4.07,,,0.002391
717,petty,6394,0.02,4.07,4257,0.03,4.11,B2,adjective,0.002391
718,spencer,6418,0.02,4.07,4280,0.03,4.11,,,0.002391
719,sunny,6420,0.02,4.07,4283,0.03,4.11,A1,adjective,0.002391
720,his,34,6.03,6.51,68,5.79,6.41,A1,"determiner, pronoun",0.002396
721,hit,421,0.44,5.37,396,0.62,5.44,A2,"noun, verb",0.002396
722,make,87,2.23,6.08,105,3.35,6.17,A1,"noun, verb",0.002399
723,exciting,2790,0.06,4.54,1838,0.09,4.59,A1,adjective,0.002399
724,faithful,6050,0.02,4.1,4650,0.03,4.06,B1,adjective,0.002403
725,happier,6477,0.02,4.06,4359,0.03,4.1,,,0.002403
726,shadows,6518,0.02,4.06,4387,0.03,4.1,,,0.002403
727,able,352,0.5,5.43,468,0.51,5.36,B1,adjective,0.002405
728,factory,2735,0.07,4.55,2168,0.07,4.5,A1,noun,0.002442
729,duncan,6897,0.02,4.02,4703,0.03,4.06,,,0.002451
730,jury,3070,0.06,4.49,2015,0.08,4.54,B2,noun,0.002453
731,said,100,1.9,6.01,117,2.84,6.1,,,0.002455
732,child,500,0.37,5.3,459,0.53,5.37,A1,noun,0.002459
733,subway,6630,0.02,4.05,5092,0.02,4.01,A1,noun,0.002463
734,meal,3113,0.06,4.48,2030,0.08,4.53,A1,noun,0.002464
735,behind,509,0.36,5.29,464,0.52,5.36,A1,"adverb, preposition",0.002469
736,kindly,7150,0.02,4.0,4846,0.02,4.04,B1,"adjective, adverb",0.002475
737,kindness,7151,0.02,4.0,4811,0.02,4.04,B1,noun,0.002475
738,wise,2975,0.06,4.51,2317,0.06,4.46,A2,adjective,0.002486
739,lobby,6806,0.02,4.03,5195,0.02,3.99,B2,noun,0.002488
740,practicing,7264,0.02,3.99,4940,0.02,4.03,,,0.002488
741,broken,1387,0.14,4.88,949,0.2,4.94,A1,adjective,0.002489
742,cooking,3287,0.05,4.45,2163,0.07,4.5,A2,noun,0.002497
743,luke,3312,0.05,4.45,2154,0.07,4.5,,,0.002497
744,chairs,6881,0.02,4.02,5313,0.02,3.98,,,0.0025
745,mansion,6933,0.02,4.02,5284,0.02,3.98,B2,noun,0.0025
746,hearts,3367,0.05,4.44,2179,0.07,4.49,,,0.002508
747,walking,1472,0.13,4.86,976,0.19,4.92,A2,noun,0.002509
748,hats,7017,0.02,4.01,5399,0.02,3.97,,,0.002513
749,sympathy,7067,0.02,4.01,5389,0.02,3.97,B1,noun,0.002513
750,fortunately,7447,0.02,3.97,5061,0.02,4.01,A2,adverb,0.002513
751,handy,7456,0.02,3.97,5073,0.02,4.01,B1,adjective,0.002513
752,accept,1473,0.13,4.85,989,0.19,4.91,A2,verb,0.002519
753,bags,3407,0.05,4.43,2255,0.07,4.48,,,0.002519
754,lottery,7154,0.02,4.0,5462,0.02,3.96,B1,noun,0.002525
755,minus,7158,0.02,4.0,5527,0.02,3.96,B1,preposition,0.002525
756,publicity,7172,0.02,4.0,5464,0.02,3.96,B2,noun,0.002525
757,shakespeare,7178,0.02,4.0,5456,0.02,3.96,,,0.002525
758,survivor,7185,0.02,4.0,5540,0.02,3.96,B1,noun,0.002525
759,drake,7557,0.02,3.96,5122,0.02,4.0,,,0.002525
760,puzzle,7599,0.02,3.96,5136,0.02,4.0,B1,noun,0.002525
761,fishing,3164,0.05,4.47,2491,0.06,4.42,A1,noun,0.002531
762,flower,3493,0.05,4.42,2270,0.07,4.47,A1,noun,0.002531
763,hunting,3500,0.05,4.42,2285,0.07,4.47,B2,noun,0.002531
764,solve,3528,0.05,4.42,2273,0.07,4.47,A1,verb,0.002531
765,pirates,7262,0.02,3.99,5617,0.02,3.95,,,0.002538
766,whatsoever,7304,0.02,3.99,5645,0.02,3.95,,,0.002538
767,dust,3557,0.05,4.41,2304,0.07,4.46,A2,noun,0.002542
768,push,1612,0.12,4.82,1043,0.17,4.88,A1,"noun, verb",0.002551
769,bean,7313,0.02,3.98,5711,0.02,3.94,A1,noun,0.002551
770,life,134,1.45,5.89,137,2.17,5.98,A1,noun,0.002555
771,convincing,7437,0.02,3.97,5799,0.02,3.93,,,0.002564
772,sand,3392,0.05,4.44,2609,0.06,4.39,B1,noun,0.002565
773,settled,3394,0.05,4.44,2636,0.05,4.39,,,0.002565
774,years,118,1.7,5.96,173,1.67,5.87,,,0.002572
775,words,566,0.33,5.25,613,0.34,5.18,,,0.002574
776,rocks,3783,0.04,4.38,2444,0.06,4.43,,,0.002577
777,shoots,7608,0.02,3.96,5871,0.02,3.92,,,0.002577
778,gratitude,8041,0.02,3.92,5492,0.02,3.96,B1,noun,0.002577
779,collect,3802,0.04,4.37,2508,0.06,4.42,A1,verb,0.002589
780,cousins,7669,0.02,3.95,5957,0.02,3.91,,,0.00259
781,distress,7675,0.02,3.95,5984,0.02,3.91,,,0.00259
782,decide,1715,0.11,4.78,1129,0.16,4.84,A2,verb,0.002593
783,cleaner,8262,0.01,3.9,5664,0.02,3.94,A2,noun,0.002603
784,respects,8342,0.01,3.9,5677,0.02,3.94,,,0.002603
785,made,126,1.55,5.92,186,1.51,5.83,,,0.002608
786,wishes,3994,0.04,4.35,2558,0.06,4.4,,,0.002612
787,venice,7997,0.02,3.93,6186,0.02,3.89,,,0.002616
788,resting,8477,0.01,3.89,5822,0.02,3.93,,,0.002616
789,seated,8483,0.01,3.89,5758,0.02,3.93,,,0.002616
790,umbrella,8500,0.01,3.89,5740,0.02,3.93,A1,noun,0.002616
791,drive,764,0.25,5.13,597,0.36,5.2,A2,"noun, verb",0.002624
792,underwater,8101,0.02,3.92,6331,0.02,3.88,B2,"adjective, adverb",0.00263
793,choir,8522,0.01,3.88,5878,0.02,3.92,B1,noun,0.00263
794,uniforms,8622,0.01,3.88,5868,0.02,3.92,,,0.00263
795,person,257,0.66,5.55,369,0.67,5.47,A1,noun,0.002635
796,jay,3763,0.04,4.38,2885,0.05,4.33,,,0.002636
797,smiles,8206,0.02,3.91,6473,0.02,3.87,,,0.002643
798,backyard,8637,0.01,3.87,5971,0.02,3.91,B2,noun,0.002643
799,burke,8645,0.01,3.87,6027,0.02,3.91,,,0.002643
800,change,259,0.65,5.54,383,0.65,5.46,A1,"noun, verb",0.002645
801,leaves,1698,0.11,4.79,1405,0.12,4.73,,,0.002648
802,through,139,1.38,5.87,206,1.35,5.78,A1,"adverb, preposition",0.002652
803,cracks,8267,0.01,3.9,6505,0.02,3.86,,,0.002657
804,obsession,8324,0.01,3.9,6555,0.02,3.86,B2,noun,0.002657
805,script,3908,0.04,4.36,3022,0.05,4.31,A2,noun,0.002661
806,mask,4251,0.04,4.31,2744,0.05,4.36,B2,noun,0.002661
807,slave,4270,0.04,4.31,2739,0.05,4.36,A2,noun,0.002661
808,around,165,1.1,5.77,177,1.64,5.86,A1,"adverb, preposition",0.002662
809,copy,1752,0.11,4.77,1463,0.12,4.71,A2,"noun, verb",0.002671
810,warm,2025,0.1,4.71,1303,0.13,4.77,B1,"adjective, verb",0.002671
811,monroe,8457,0.01,3.89,6658,0.02,3.85,,,0.002671
812,roosevelt,8480,0.01,3.89,6602,0.02,3.85,,,0.002671
813,sign,885,0.22,5.08,636,0.32,5.15,B1,"noun, verb",0.002676
814,but,25,7.95,6.63,30,12.61,6.75,B1,"conjunction, preposition",0.002681
815,party,308,0.58,5.49,423,0.58,5.41,A1,noun,0.002693
816,criminal,1818,0.1,4.75,1526,0.11,4.69,B1,"adjective, noun",0.002693
817,paying,1834,0.1,4.75,1523,0.11,4.69,,,0.002693
818,consult,8651,0.01,3.87,6762,0.02,3.83,B2,verb,0.002699
819,owl,8703,0.01,3.87,6824,0.02,3.83,B2,noun,0.002699
820,unstable,8741,0.01,3.87,6798,0.02,3.83,,,0.002699
821,because,97,1.99,6.03,111,3.06,6.13,A1,conjunction,0.002705
822,frozen,4159,0.04,4.32,3235,0.04,4.27,B1,adjective,0.00271
823,brett,8762,0.01,3.86,6902,0.01,3.82,,,0.002713
824,sunlight,8865,0.01,3.86,6930,0.01,3.82,A2,noun,0.002713
825,surf,8866,0.01,3.86,6861,0.02,3.82,A2,"noun, verb",0.002713
826,maiden,9359,0.01,3.82,6572,0.02,3.86,,,0.002713
827,reckless,9388,0.01,3.82,6560,0.02,3.86,,,0.002713
828,audience,1888,0.1,4.73,1576,0.11,4.67,A2,noun,0.002716
829,mountain,1910,0.1,4.73,1567,0.11,4.67,A1,noun,0.002716
830,pulled,2172,0.09,4.67,1418,0.12,4.73,,,0.002716
831,piece,975,0.2,5.04,681,0.29,5.11,A1,noun,0.002718
832,first,81,2.4,6.11,132,2.28,6.01,A1,"adjective, adverb",0.002723
833,jonathan,4246,0.04,4.31,3282,0.04,4.26,,,0.002723
834,packed,4257,0.04,4.31,3257,0.04,4.26,B2,adjective,0.002723
835,farther,8926,0.01,3.85,6995,0.01,3.81,B1,adverb,0.002727
836,porch,8970,0.01,3.85,7073,0.01,3.81,B2,noun,0.002727
837,proposition,8974,0.01,3.85,7060,0.01,3.81,,,0.002727
838,matters,1954,0.1,4.72,1616,0.1,4.66,,,0.002728
839,milk,2223,0.09,4.66,1445,0.12,4.72,A1,noun,0.002728
840,entire,849,0.23,5.09,796,0.24,5.02,B1,adjective,0.002739
841,this,15,12.31,6.82,13,19.94,6.95,A1,"determiner, pronoun",0.002742
842,intelligent,4386,0.04,4.29,3399,0.04,4.24,A2,adjective,0.002749
843,neighbors,4780,0.03,4.24,3107,0.04,4.29,,,0.002749
844,arrested,2283,0.08,4.64,1495,0.11,4.7,,,0.002751
845,cyrus,9159,0.01,3.83,7265,0.01,3.79,,,0.002756
846,kept,1086,0.19,5.0,728,0.26,5.07,,,0.002761
847,incredible,2351,0.08,4.63,1521,0.11,4.69,B1,adjective,0.002763
848,might,207,0.85,5.66,220,1.28,5.75,A2,modal auxiliary,0.002765
849,drift,9323,0.01,3.82,7309,0.01,3.78,,,0.00277
850,half,374,0.48,5.41,491,0.48,5.33,A2,"adverb, determiner, noun, pronoun",0.002774
851,suicide,2409,0.08,4.62,1543,0.11,4.68,B1,noun,0.002775
852,chaos,4509,0.03,4.27,3514,0.04,4.22,B1,noun,0.002775
853,mars,4538,0.03,4.27,3546,0.04,4.22,,,0.002775
854,pleasant,4973,0.03,4.22,3209,0.04,4.27,A2,adjective,0.002775
855,mark,949,0.21,5.05,870,0.21,4.98,A2,"noun, verb",0.002783
856,barber,9440,0.01,3.81,7459,0.01,3.77,A2,noun,0.002785
857,backup,5006,0.03,4.21,3275,0.04,4.26,B2,noun,0.002788
858,blown,5009,0.03,4.21,3250,0.04,4.26,,,0.002788
859,owns,5071,0.03,4.21,3291,0.04,4.26,,,0.002788
860,streets,2233,0.09,4.66,1775,0.09,4.6,,,0.002799
861,fatty,9607,0.01,3.8,7598,0.01,3.76,,,0.002799
862,righteous,9663,0.01,3.8,7606,0.01,3.76,,,0.002799
863,powder,4699,0.03,4.25,3661,0.04,4.2,B2,"noun, verb",0.002801
864,ye,4729,0.03,4.25,3618,0.04,4.2,,,0.002801
865,loyal,5141,0.03,4.2,3302,0.04,4.25,B1,adjective,0.002801
866,punk,5159,0.03,4.2,3367,0.04,4.25,,,0.002801
867,along,410,0.45,5.38,520,0.45,5.3,A2,"adverb, preposition",0.002805
868,paul,997,0.2,5.03,921,0.2,4.96,,,0.002806
869,journey,2256,0.08,4.65,1804,0.09,4.59,A2,noun,0.002811
870,realized,2550,0.07,4.59,1633,0.1,4.65,,,0.002811
871,ryan,2556,0.07,4.59,1649,0.1,4.65,,,0.002811
872,cried,5207,0.03,4.19,3403,0.04,4.24,,,0.002814
873,uncomfortable,5280,0.03,4.19,3374,0.04,4.24,A2,adjective,0.002814
874,needs,422,0.44,5.37,525,0.44,5.29,,,0.002816
875,finished,1220,0.16,4.94,822,0.23,5.01,,,0.002828
876,floor,1221,0.16,4.94,809,0.23,5.01,A1,noun,0.002828
877,aaron,4815,0.03,4.23,3735,0.03,4.18,,,0.002828
878,obvious,2361,0.08,4.63,1888,0.08,4.57,B1,adjective,0.002836
879,cause,441,0.42,5.35,542,0.42,5.27,A2,"noun, verb",0.002837
880,plates,4972,0.03,4.22,3803,0.03,4.17,,,0.002841
881,biting,10000,0.01,3.77,7849,0.01,3.73,,,0.002844
882,not,23,9.12,6.69,23,14.81,6.82,A1,adverb,0.002849
883,taken,474,0.4,5.33,556,0.4,5.25,,,0.002859
884,finds,2443,0.08,4.61,1979,0.08,4.55,,,0.00286
885,humans,2446,0.08,4.61,1984,0.08,4.55,,,0.00286
886,roof,2760,0.07,4.55,1765,0.09,4.61,A2,noun,0.00286
887,people,66,3.31,6.25,109,3.08,6.14,A1,noun,0.002866
888,seems,578,0.32,5.24,496,0.47,5.32,,,0.00287
889,doors,2786,0.06,4.54,1778,0.09,4.6,,,0.002873
890,manage,2798,0.06,4.54,1787,0.09,4.6,A2,verb,0.002873
891,wet,2813,0.06,4.54,1782,0.09,4.6,A2,adjective,0.002873
892,trip,1356,0.15,4.9,899,0.21,4.97,B2,"noun, verb",0.002874
893,humor,5226,0.03,4.19,4074,0.03,4.14,,,0.002882
894,trauma,5747,0.03,4.14,3699,0.03,4.19,,,0.002882
895,faces,2536,0.07,4.59,2048,0.08,4.53,,,0.002886
896,saving,2557,0.07,4.59,2027,0.08,4.53,,,0.002886
897,hidden,2837,0.06,4.53,1832,0.09,4.59,B1,adjective,0.002886
898,once,275,0.63,5.53,278,0.94,5.62,B2,"adverb, conjunction",0.002896
899,bend,5762,0.03,4.13,3784,0.03,4.18,A2,"noun, verb",0.002896
900,killing,1397,0.14,4.88,926,0.2,4.95,B1,noun,0.002898
901,reach,1233,0.16,4.94,1065,0.17,4.87,A2,"noun, verb",0.00291
902,camera,1417,0.14,4.87,941,0.2,4.94,A1,noun,0.00291
903,cell,1419,0.14,4.87,938,0.2,4.94,B1,noun,0.00291
904,antonio,5386,0.03,4.17,4239,0.03,4.12,,,0.00291
905,contrary,5404,0.03,4.17,4174,0.03,4.12,B1,adjective,0.00291
906,heal,5886,0.02,4.12,3826,0.03,4.17,B1,verb,0.00291
907,stood,2645,0.07,4.57,2121,0.07,4.51,,,0.002911
908,tim,2971,0.06,4.51,1892,0.08,4.57,,,0.002911
909,men,289,0.6,5.51,297,0.89,5.6,,,0.002917
910,took,292,0.6,5.51,294,0.9,5.6,,,0.002917
911,burning,2982,0.06,4.5,1957,0.08,4.56,B1,adjective,0.002924
912,casino,5483,0.03,4.16,4268,0.03,4.11,,,0.002924
913,throne,6013,0.02,4.11,3904,0.03,4.16,,,0.002924
914,having,233,0.72,5.59,358,0.72,5.5,,,0.002927
915,passed,1281,0.15,4.92,1108,0.16,4.85,,,0.002933
916,celebrate,3045,0.06,4.49,1997,0.08,4.55,A1,verb,0.002937
917,repeat,3080,0.06,4.49,1977,0.08,4.55,A1,verb,0.002937
918,run,309,0.58,5.49,312,0.85,5.58,A1,"noun, verb",0.002938
919,cattle,5582,0.03,4.15,4375,0.03,4.1,B1,noun,0.002938
920,address,1291,0.15,4.91,1118,0.16,4.84,B1,"noun, verb",0.002945
921,choose,1296,0.15,4.91,1127,0.16,4.84,A1,verb,0.002945
922,grand,1306,0.15,4.91,1122,0.16,4.84,B2,adjective,0.002945
923,at,21,9.33,6.7,46,8.45,6.57,A1,preposition,0.002953
924,delighted,6126,0.02,4.09,4087,0.03,4.14,B1,adjective,0.002953
925,leak,6160,0.02,4.09,4055,0.03,4.14,B2,"noun, verb",0.002953
926,sent,722,0.27,5.16,560,0.4,5.24,,,0.002959
927,confused,3157,0.05,4.47,2053,0.08,4.53,A2,adjective,0.002963
928,infected,5803,0.03,4.13,4569,0.03,4.08,B2,adjective,0.002967
929,wears,6316,0.02,4.08,4148,0.03,4.13,,,0.002967
930,spot,1377,0.14,4.89,1170,0.15,4.82,B2,"noun, verb",0.00297
931,village,1621,0.12,4.82,1024,0.18,4.89,A2,noun,0.00297
932,smoking,2917,0.06,4.52,2321,0.06,4.46,A1,noun,0.002976
933,shock,3260,0.05,4.46,2056,0.08,4.52,B2,"noun, verb",0.002976
934,face,335,0.53,5.45,337,0.78,5.54,A2,"noun, verb",0.002981
935,blanket,6336,0.02,4.07,4195,0.03,4.12,A2,noun,0.002982
936,exact,2944,0.06,4.51,2366,0.06,4.45,B1,adjective,0.002989
937,mystery,3317,0.05,4.45,2091,0.07,4.51,A2,noun,0.002989
938,palace,3320,0.05,4.45,2125,0.07,4.51,A1,noun,0.002989
939,silk,6011,0.02,4.11,4654,0.03,4.06,B1,noun,0.002996
940,fried,6472,0.02,4.06,4297,0.03,4.11,A2,adjective,0.002996
941,packing,6496,0.02,4.06,4284,0.03,4.11,B1,noun,0.002996
942,into,83,2.4,6.11,133,2.28,6.0,A1,preposition,0.003
943,tower,3031,0.06,4.5,2393,0.06,4.44,A1,noun,0.003003
944,wheel,3035,0.06,4.5,2397,0.06,4.44,A1,noun,0.003003
945,should,109,1.82,5.99,115,2.86,6.1,A1,modal auxiliary,0.00301
946,ally,6021,0.02,4.1,4798,0.03,4.05,B2,noun,0.003011
947,honored,6057,0.02,4.1,4739,0.03,4.05,,,0.003011
948,beating,3408,0.05,4.43,2197,0.07,4.49,,,0.003016
949,ear,3425,0.05,4.43,2200,0.07,4.49,A1,noun,0.003016
950,sisters,3453,0.05,4.43,2213,0.07,4.49,,,0.003016
951,hand,375,0.48,5.41,357,0.72,5.5,A2,"noun, verb",0.003024
952,harper,6691,0.02,4.04,4430,0.03,4.09,,,0.003026
953,sharp,3136,0.06,4.48,2478,0.06,4.42,B2,"adjective, adverb",0.00303
954,animals,1517,0.13,4.84,1294,0.13,4.77,,,0.003032
955,drugs,1755,0.11,4.77,1138,0.15,4.84,,,0.003032
956,glorious,6250,0.02,4.08,4908,0.02,4.03,B1,adjective,0.003041
957,mob,6810,0.02,4.03,4554,0.03,4.08,,,0.003041
958,dragon,3555,0.05,4.41,2277,0.07,4.47,,,0.003044
959,dramatic,3556,0.05,4.41,2271,0.07,4.47,B1,adjective,0.003044
960,faith,1597,0.12,4.82,1354,0.13,4.75,B2,noun,0.003057
961,hitting,3238,0.05,4.46,2584,0.06,4.4,,,0.003057
962,convinced,3612,0.05,4.4,2300,0.07,4.46,B2,adjective,0.003057
963,children,318,0.55,5.47,449,0.54,5.38,,,0.003058
964,bigger,1853,0.1,4.74,1201,0.15,4.81,,,0.00307
965,cleaning,3677,0.05,4.39,2359,0.06,4.45,,,0.003071
966,proves,6506,0.02,4.06,5053,0.02,4.01,,,0.003071
967,visitor,7080,0.02,4.01,4632,0.03,4.06,A2,noun,0.003071
968,wolves,7087,0.02,4.01,4713,0.03,4.06,,,0.003071
969,them,71,2.89,6.19,79,4.61,6.31,A1,pronoun,0.003072
970,mention,1909,0.1,4.73,1239,0.14,4.8,B1,"noun, verb",0.003083
971,taste,1924,0.1,4.73,1228,0.14,4.8,B1,"noun, verb",0.003083
972,the,1,100.0,7.73,2,79.07,7.55,A1,determiner,0.003084
973,guarantee,3364,0.05,4.44,2675,0.05,4.38,B2,"noun, verb",0.003085
974,pushing,3387,0.05,4.44,2653,0.05,4.38,,,0.003085
975,fled,6573,0.02,4.05,5176,0.02,4.0,,,0.003086
976,wished,7191,0.02,4.0,4738,0.03,4.05,,,0.003086
977,sky,1968,0.1,4.72,1262,0.14,4.79,A1,noun,0.003096
978,gordon,3813,0.04,4.37,2423,0.06,4.43,,,0.003099
979,sin,3848,0.04,4.37,2422,0.06,4.43,,,0.003099
980,instrumental,7239,0.02,3.99,4823,0.02,4.04,,,0.003102
981,neat,7251,0.02,3.99,4888,0.02,4.04,B2,adjective,0.003102
982,fur,6789,0.02,4.03,5355,0.02,3.98,B1,noun,0.003117
983,prey,7377,0.02,3.98,4929,0.02,4.03,,,0.003117
984,our,76,2.57,6.14,87,4.14,6.26,A1,determiner,0.003122
985,bridge,1746,0.11,4.77,1493,0.11,4.7,A1,noun,0.003122
986,eye,1018,0.2,5.02,695,0.28,5.1,A1,noun,0.003125
987,moving,1022,0.2,5.02,697,0.28,5.1,B2,adjective,0.003125
988,joel,7466,0.02,3.97,4965,0.02,4.02,,,0.003133
989,therapist,7510,0.02,3.97,4959,0.02,4.02,B2,noun,0.003133
990,situation,857,0.23,5.09,813,0.23,5.01,A2,noun,0.003137
991,tail,4052,0.04,4.34,2569,0.06,4.4,B2,noun,0.003142
992,simple,886,0.22,5.08,829,0.23,5.0,A2,adjective,0.003149
993,concerned,1815,0.1,4.75,1553,0.11,4.68,B1,adjective,0.003149
994,cal,6995,0.02,4.01,5467,0.02,3.96,,,0.003149
995,den,7004,0.02,4.01,5484,0.02,3.96,,,0.003149
996,tan,7068,0.02,4.01,5457,0.02,3.96,B2,noun,0.003149
997,fire,501,0.37,5.3,445,0.55,5.39,B2,"noun, verb",0.00315
998,alert,4057,0.04,4.33,2639,0.05,4.39,B2,verb,0.003156
999,commit,4067,0.04,4.33,2621,0.06,4.39,B1,verb,0.003156
1000,reward,4116,0.04,4.33,2618,0.06,4.39,B2,"noun, verb",0.003156
1001,dry,1857,0.1,4.74,1586,0.1,4.67,A2,"adjective, verb",0.003162
1002,dudes,7680,0.02,3.95,5116,0.02,4.0,,,0.003164
1003,waking,7760,0.02,3.95,5115,0.02,4.0,,,0.003164
1004,wang,7762,0.02,3.95,5191,0.02,4.0,,,0.003164
1005,sell,1128,0.18,4.98,744,0.26,5.06,A1,verb,0.003175
1006,illusion,7803,0.02,3.94,5252,0.02,3.99,,,0.00318
1007,deep,945,0.21,5.05,881,0.21,4.97,A2,"adjective, adverb",0.003187
1008,offer,951,0.21,5.05,890,0.21,4.97,A2,"noun, verb",0.003187
1009,already,253,0.66,5.55,267,1.0,5.65,A1,adverb,0.003189
1010,stepping,7401,0.02,3.98,5752,0.02,3.93,,,0.003197
1011,bore,7889,0.02,3.93,5370,0.02,3.98,B1,verb,0.003197
1012,live,263,0.65,5.54,271,0.98,5.64,A1,"adjective, verb",0.0032
1013,definitely,1164,0.17,4.96,762,0.25,5.04,B1,adverb,0.0032
1014,train,1176,0.17,4.96,769,0.25,5.04,A2,"noun, verb",0.0032
1015,respect,999,0.2,5.03,930,0.2,4.95,B1,"noun, verb",0.003213
1016,exit,3943,0.04,4.35,3098,0.04,4.29,B1,"noun, verb",0.003215
1017,stopping,4412,0.04,4.29,2761,0.05,4.35,,,0.003215
1018,noticed,2359,0.08,4.63,1501,0.11,4.7,,,0.003217
1019,spent,1029,0.2,5.02,955,0.19,4.94,,,0.003226
1020,seriously,1235,0.16,4.94,789,0.24,5.02,A2,adverb,0.003226
1021,skies,8204,0.02,3.91,5565,0.02,3.96,,,0.003229
1022,head,288,0.6,5.51,280,0.93,5.61,A2,"noun, verb",0.003235
1023,moved,1053,0.19,5.01,965,0.19,4.93,,,0.003239
1024,soft,2130,0.09,4.68,1747,0.09,4.61,A2,adjective,0.003244
1025,perfectly,2458,0.08,4.61,1546,0.11,4.68,A2,adverb,0.003244
1026,russell,4119,0.04,4.33,3212,0.04,4.27,,,0.003245
1027,fog,8288,0.01,3.9,5621,0.02,3.95,A2,noun,0.003246
1028,gesture,8291,0.01,3.9,5636,0.02,3.95,B1,noun,0.003246
1029,peanut,8327,0.01,3.9,5624,0.02,3.95,B1,noun,0.003246
1030,rip,4630,0.03,4.26,2921,0.05,4.32,B2,verb,0.00326
1031,feared,7792,0.02,3.94,6218,0.02,3.89,,,0.003262
1032,prep,7833,0.02,3.94,6150,0.02,3.89,,,0.003262
1033,storm,2232,0.09,4.66,1833,0.09,4.59,A2,noun,0.003272
1034,universe,2563,0.07,4.59,1600,0.1,4.66,B1,noun,0.003272
1035,if,37,5.49,6.47,41,9.14,6.61,A1,conjunction,0.003273
1036,mouse,4255,0.04,4.31,3308,0.04,4.25,A1,noun,0.003275
1037,fish,1339,0.15,4.9,869,0.21,4.98,B1,"noun, verb",0.003278
1038,sullivan,7986,0.02,3.93,6375,0.02,3.88,,,0.003279
1039,blaming,8516,0.01,3.88,5805,0.02,3.93,,,0.003279
1040,spoon,8611,0.01,3.88,5771,0.02,3.93,A2,noun,0.003279
1041,robot,4793,0.03,4.24,3052,0.04,4.3,B1,noun,0.003291
1042,sacred,4794,0.03,4.24,3046,0.04,4.3,B1,adjective,0.003291
1043,fierce,8036,0.02,3.92,6462,0.02,3.87,B2,adjective,0.003296
1044,marines,8064,0.02,3.92,6444,0.02,3.87,,,0.003296
1045,boris,8643,0.01,3.87,5933,0.02,3.92,,,0.003296
1046,peter,1402,0.14,4.88,917,0.2,4.96,,,0.003305
1047,fifty,4376,0.04,4.29,3475,0.04,4.23,A1,number,0.003306
1048,king,697,0.28,5.17,545,0.41,5.26,A1,noun,0.003309
1049,pouring,8843,0.01,3.86,5983,0.02,3.91,,,0.003313
1050,hope,346,0.51,5.44,336,0.79,5.54,B1,"noun, verb",0.003318
1051,outfit,4968,0.03,4.22,3172,0.04,4.28,B2,noun,0.003322
1052,giant,2390,0.08,4.62,1966,0.08,4.55,B1,adjective,0.00333
1053,cardinal,8253,0.01,3.9,6612,0.02,3.85,,,0.00333
1054,chorus,8258,0.01,3.9,6675,0.02,3.85,,,0.00333
1055,rack,8336,0.01,3.9,6580,0.02,3.85,B2,noun,0.00333
1056,shocked,4553,0.03,4.27,3561,0.04,4.21,B1,adjective,0.003337
1057,nail,5064,0.03,4.21,3211,0.04,4.27,B1,noun,0.003337
1058,skip,5082,0.03,4.21,3238,0.04,4.27,B2,verb,0.003337
1059,worst,1259,0.16,4.93,1101,0.16,4.85,B1,"adjective, adverb, noun",0.003346
1060,lives,748,0.26,5.14,566,0.38,5.23,,,0.003348
1061,cleared,5111,0.03,4.2,3256,0.04,4.26,,,0.003353
1062,wrap,5179,0.03,4.2,3258,0.04,4.26,B1,"noun, verb",0.003353
1063,answers,2473,0.07,4.6,2032,0.08,4.53,,,0.003359
1064,switch,2504,0.07,4.6,2042,0.08,4.53,B1,"noun, verb",0.003359
1065,date,605,0.31,5.22,655,0.31,5.13,B1,"noun, verb",0.003361
1066,alpha,4651,0.03,4.25,3679,0.04,4.19,,,0.003369
1067,li,4685,0.03,4.25,3716,0.03,4.19,,,0.003369
1068,jennifer,5230,0.03,4.19,3331,0.04,4.25,,,0.003369
1069,divine,4754,0.03,4.24,3723,0.03,4.18,B1,adjective,0.003385
1070,cannot,802,0.24,5.11,590,0.36,5.2,,,0.003387
1071,gay,1340,0.15,4.9,1184,0.15,4.82,B1,adjective,0.003387
1072,notice,1347,0.15,4.9,1164,0.15,4.82,B1,"noun, verb",0.003387
1073,fade,8788,0.01,3.86,7011,0.01,3.81,B1,verb,0.0034
1074,invented,5424,0.03,4.17,3421,0.04,4.23,,,0.003401
1075,memories,3008,0.06,4.5,1905,0.08,4.57,,,0.003404
1076,needed,679,0.28,5.18,707,0.27,5.09,,,0.003413
1077,helped,1395,0.14,4.88,1224,0.14,4.8,,,0.003415
1078,mock,8960,0.01,3.85,7116,0.01,3.8,B2,adjective,0.003417
1079,altar,9562,0.01,3.8,6613,0.02,3.85,B2,noun,0.003417
1080,magical,4963,0.03,4.22,3947,0.03,4.16,B1,adjective,0.003418
1081,christ,1687,0.11,4.79,1078,0.17,4.87,,,0.003429
1082,stronger,2765,0.07,4.55,2223,0.07,4.48,,,0.003434
1083,bombs,5578,0.03,4.15,3585,0.04,4.21,,,0.003434
1084,voice,918,0.22,5.07,632,0.33,5.16,A2,noun,0.00344
1085,flip,5129,0.03,4.2,4028,0.03,4.14,B2,verb,0.00345
1086,patch,5149,0.03,4.2,4065,0.03,4.14,B2,noun,0.00345
1087,radar,5160,0.03,4.2,4091,0.03,4.14,B2,noun,0.00345
1088,depressing,9162,0.01,3.83,7316,0.01,3.78,B1,adjective,0.003454
1089,sinking,9251,0.01,3.83,7331,0.01,3.78,,,0.003454
1090,compromised,9863,0.01,3.78,6826,0.02,3.83,,,0.003454
1091,phantom,9936,0.01,3.78,6831,0.02,3.83,B1,adjective,0.003454
1092,losing,1487,0.13,4.85,1293,0.13,4.77,,,0.003458
1093,patient,1769,0.11,4.77,1104,0.16,4.85,A2,"adjective, noun",0.003458
1094,evidence,746,0.26,5.14,749,0.25,5.05,A2,noun,0.003467
1095,coin,5201,0.03,4.19,4104,0.03,4.13,A2,noun,0.003467
1096,slaves,5266,0.03,4.19,4106,0.03,4.13,,,0.003467
1097,have,20,9.55,6.71,18,16.55,6.87,A1,have-verb,0.00347
1098,famous,1526,0.13,4.84,1328,0.13,4.76,A1,adjective,0.003472
1099,turns,1804,0.11,4.76,1117,0.16,4.84,,,0.003472
1100,bats,9286,0.01,3.82,7403,0.01,3.77,,,0.003472
1101,hacked,9341,0.01,3.82,7458,0.01,3.77,,,0.003472
1102,poured,9381,0.01,3.82,7431,0.01,3.77,,,0.003472
1103,pilot,2904,0.06,4.52,2379,0.06,4.45,A2,noun,0.00348
1104,babies,3279,0.05,4.45,2088,0.07,4.52,,,0.00348
1105,suffer,3338,0.05,4.45,2067,0.07,4.52,B1,verb,0.00348
1106,seeing,978,0.2,5.04,656,0.31,5.13,,,0.003481
1107,straight,979,0.2,5.04,661,0.3,5.13,A1,"adjective, adverb",0.003481
1108,home,149,1.2,5.81,159,1.93,5.93,A1,"adverb, noun",0.003483
1109,bash,9441,0.01,3.81,7590,0.01,3.76,,,0.00349
1110,battalion,9442,0.01,3.81,7516,0.01,3.76,,,0.00349
1111,become,381,0.47,5.4,519,0.45,5.3,A1,verb,0.003494
1112,picking,3383,0.05,4.44,2092,0.07,4.51,,,0.003496
1113,rose,1614,0.12,4.82,1381,0.12,4.74,A1,noun,0.003501
1114,celebrating,5396,0.03,4.17,4312,0.03,4.11,,,0.003501
1115,unfair,5465,0.03,4.17,4288,0.03,4.11,A2,adjective,0.003501
1116,happily,5970,0.02,4.11,3846,0.03,4.17,A2,adverb,0.003501
1117,arm,1887,0.1,4.73,1210,0.14,4.81,B1,"noun, verb",0.003516
1118,ash,5477,0.03,4.16,4328,0.03,4.1,B2,noun,0.003518
1119,parade,5528,0.03,4.16,4346,0.03,4.1,B2,noun,0.003518
1120,preston,9798,0.01,3.79,7764,0.01,3.74,,,0.003527
1121,prince,1960,0.1,4.72,1235,0.14,4.8,A1,noun,0.003531
1122,statue,6186,0.02,4.09,3972,0.03,4.15,A2,noun,0.003535
1123,earn,3102,0.06,4.48,2547,0.06,4.41,A2,verb,0.003543
1124,howard,3108,0.06,4.48,2551,0.06,4.41,,,0.003543
1125,steve,2017,0.1,4.71,1250,0.14,4.79,,,0.003546
1126,dom,9877,0.01,3.78,7868,0.01,3.73,,,0.003546
1127,vegetarian,9982,0.01,3.78,7940,0.01,3.73,B1,"adjective, noun",0.003546
1128,lean,5705,0.03,4.14,4510,0.03,4.08,B2,"adjective, verb",0.003552
1129,lecture,5706,0.03,4.14,4563,0.03,4.08,B1,noun,0.003552
1130,torn,6306,0.02,4.08,4075,0.03,4.14,,,0.003552
1131,reputation,3193,0.05,4.47,2594,0.06,4.4,B1,noun,0.003559
1132,decent,3616,0.05,4.4,2260,0.07,4.47,B2,adjective,0.003559
1133,gets,560,0.33,5.25,472,0.51,5.35,,,0.00356
1134,paper,910,0.22,5.07,863,0.22,4.98,A1,noun,0.003564
1135,arrow,5758,0.03,4.13,4589,0.03,4.07,B1,noun,0.003569
1136,lip,5808,0.03,4.13,4613,0.03,4.07,A2,noun,0.003569
1137,nest,6384,0.02,4.07,4119,0.03,4.13,,,0.003569
1138,town,580,0.32,5.24,480,0.49,5.34,A1,noun,0.003573
1139,fallen,3690,0.05,4.39,2307,0.07,4.46,B1,adjective,0.003575
1140,charles,1748,0.11,4.77,1527,0.11,4.69,,,0.003576
1141,sea,933,0.21,5.06,883,0.21,4.97,A1,noun,0.003578
1142,rap,5907,0.02,4.12,4676,0.03,4.06,B1,"noun, verb",0.003587
1143,holmes,6479,0.02,4.06,4221,0.03,4.12,,,0.003587
1144,easier,1790,0.11,4.76,1559,0.11,4.68,,,0.003591
1145,minds,3315,0.05,4.45,2647,0.05,4.38,,,0.003591
1146,red,480,0.39,5.32,580,0.37,5.22,A2,"adjective, noun",0.003601
1147,everyone,319,0.55,5.47,311,0.85,5.58,A1,pronoun,0.003604
1148,drum,5958,0.02,4.11,4782,0.03,4.05,A1,noun,0.003604
1149,walked,2187,0.09,4.67,1366,0.13,4.75,,,0.003606
1150,hotel,1191,0.17,4.95,774,0.25,5.04,A1,noun,0.003607
1151,lung,6070,0.02,4.1,4862,0.02,4.04,B1,noun,0.003622
1152,nails,6711,0.02,4.04,4332,0.03,4.1,,,0.003622
1153,thanksgiving,6747,0.02,4.04,4335,0.03,4.1,,,0.003622
1154,searching,3909,0.04,4.36,2447,0.06,4.43,,,0.003624
1155,vegas,3536,0.05,4.42,2784,0.05,4.35,,,0.00364
1156,gorgeous,3946,0.04,4.35,2509,0.06,4.42,B1,adjective,0.00364
1157,destroying,6128,0.02,4.09,4903,0.02,4.03,,,0.00364
1158,tender,6192,0.02,4.09,4920,0.02,4.03,B2,adjective,0.00364
1159,servants,6836,0.02,4.03,4480,0.03,4.09,,,0.00364
1160,protect,1283,0.15,4.92,807,0.23,5.01,B1,verb,0.003651
1161,point,265,0.65,5.54,406,0.61,5.43,A2,"noun, verb",0.003656
1162,street,535,0.36,5.28,615,0.34,5.18,A1,noun,0.003656
1163,myth,6269,0.02,4.08,4967,0.02,4.02,B1,noun,0.003658
1164,dignity,6892,0.02,4.02,4508,0.03,4.08,B2,noun,0.003658
1165,marriage,1313,0.15,4.91,837,0.22,5.0,B1,noun,0.003666
1166,meat,2355,0.08,4.63,1475,0.11,4.71,A1,noun,0.003668
1167,recall,3650,0.05,4.4,2855,0.05,4.33,B1,verb,0.003674
1168,remembered,4113,0.04,4.33,2566,0.06,4.4,,,0.003674
1169,contact,1102,0.18,4.99,1007,0.18,4.9,A2,"noun, verb",0.003681
1170,entrance,3688,0.05,4.39,2923,0.05,4.32,A2,noun,0.003691
1171,anne,4136,0.04,4.32,2605,0.06,4.39,,,0.003691
1172,banana,7096,0.02,4.0,4660,0.03,4.06,A1,noun,0.003694
1173,experiment,3751,0.04,4.38,2992,0.05,4.31,B2,"noun, verb",0.003708
1174,grass,3758,0.04,4.38,2996,0.05,4.31,A1,noun,0.003708
1175,declare,6555,0.02,4.05,5202,0.02,3.99,B1,verb,0.003713
1176,wallace,6639,0.02,4.05,5219,0.02,3.99,,,0.003713
1177,sugar,2132,0.09,4.68,1773,0.09,4.6,A1,noun,0.003716
1178,clearing,6663,0.02,4.04,5378,0.02,3.98,,,0.003731
1179,spite,6741,0.02,4.04,5376,0.02,3.98,B2,noun,0.003731
1180,twisted,7406,0.02,3.98,4853,0.02,4.04,B2,adjective,0.003731
1181,whale,7410,0.02,3.98,4857,0.02,4.04,B1,noun,0.003731
1182,kim,2541,0.07,4.59,1571,0.11,4.67,,,0.003732
1183,standing,1470,0.13,4.86,927,0.2,4.95,,,0.003741
1184,surrounded,3912,0.04,4.36,3077,0.04,4.29,,,0.003742
1185,and,3,47.86,7.41,5,36.73,7.21,A1,conjunction,0.003743
1186,orbit,6816,0.02,4.03,5384,0.02,3.97,B1,noun,0.00375
1187,sweep,7507,0.02,3.97,4902,0.02,4.03,B2,verb,0.00375
1188,that,10,18.99,7.01,6,35.44,7.2,A1,"adverb, conjunction, determiner, pronoun",0.003764
1189,afford,2609,0.07,4.57,1625,0.1,4.65,B1,verb,0.003764
1190,ego,6898,0.02,4.02,5458,0.02,3.96,,,0.003769
1191,ease,4015,0.04,4.34,3216,0.04,4.27,B2,"noun, verb",0.003777
1192,pictures,1282,0.15,4.92,1159,0.15,4.83,,,0.003787
1193,realize,1573,0.13,4.83,972,0.19,4.92,,,0.003787
1194,simpson,7062,0.02,4.01,5632,0.02,3.95,,,0.003788
1195,stark,7065,0.02,4.01,5625,0.02,3.95,,,0.003788
1196,end,196,0.89,5.68,321,0.82,5.56,A2,"noun, verb",0.003799
1197,seem,883,0.22,5.08,611,0.34,5.18,A2,verb,0.0038
1198,deal,477,0.39,5.32,403,0.61,5.43,B1,"noun, verb",0.003807
1199,blair,7099,0.02,4.0,5732,0.02,3.94,,,0.003807
1200,answered,4137,0.04,4.32,3357,0.04,4.25,,,0.003812
1201,suits,4719,0.03,4.25,2951,0.05,4.32,,,0.003812
1202,walls,2422,0.08,4.62,2024,0.08,4.54,,,0.003814
1203,closed,1327,0.15,4.9,1206,0.15,4.81,A1,adjective,0.003818
1204,sailing,7283,0.02,3.99,5775,0.02,3.93,A2,noun,0.003826
1205,kay,7935,0.02,3.93,5237,0.02,3.99,,,0.003826
1206,footage,4237,0.04,4.31,3410,0.04,4.24,,,0.00383
1207,burns,4742,0.03,4.24,3010,0.05,4.31,,,0.00383
1208,world,136,1.45,5.89,218,1.29,5.76,A1,noun,0.003831
1209,always,167,1.07,5.76,170,1.75,5.89,A1,adverb,0.003831
1210,carrying,2430,0.08,4.61,2039,0.08,4.53,,,0.003831
1211,fun,502,0.37,5.3,424,0.58,5.41,A1,"adjective, noun",0.003836
1212,crowded,7329,0.02,3.98,5841,0.02,3.92,A2,adjective,0.003846
1213,dealing,2478,0.07,4.6,2078,0.07,4.52,,,0.003847
1214,chest,2883,0.06,4.52,1798,0.09,4.6,A2,noun,0.003847
1215,blessed,4826,0.03,4.23,3040,0.05,4.3,,,0.003848
1216,food,386,0.47,5.4,522,0.44,5.29,A1,noun,0.00385
1217,continues,1688,0.11,4.79,1044,0.17,4.88,,,0.00385
1218,seen,281,0.62,5.52,270,0.98,5.64,,,0.003854
1219,does,177,1.02,5.74,175,1.66,5.87,A1,do-verb,0.003858
1220,sung,8213,0.02,3.91,5432,0.02,3.97,,,0.003865
1221,blue,761,0.25,5.13,785,0.24,5.03,A1,"adjective, noun",0.003875
1222,bread,2981,0.06,4.5,1850,0.09,4.58,A1,noun,0.003881
1223,eggs,2988,0.06,4.5,1845,0.09,4.58,,,0.003881
1224,flight,1453,0.13,4.86,1295,0.13,4.77,A2,noun,0.003882
1225,showed,1468,0.13,4.86,1315,0.13,4.77,,,0.003882
1226,ken,5057,0.03,4.21,3148,0.04,4.28,,,0.003885
1227,place,187,0.96,5.71,180,1.55,5.84,B1,"noun, verb",0.003898
1228,whom,1513,0.13,4.85,1324,0.13,4.76,A2,pronoun,0.003898
1229,dna,3053,0.06,4.49,1911,0.08,4.57,B2,noun,0.003898
1230,rough,3083,0.06,4.49,1878,0.08,4.57,B1,adjective,0.003898
1231,brake,7655,0.02,3.95,6247,0.02,3.89,B2,"noun, verb",0.003905
1232,kane,7705,0.02,3.95,6255,0.02,3.89,,,0.003905
1233,plea,7725,0.02,3.95,6236,0.02,3.89,,,0.003905
1234,bottom,1521,0.13,4.84,1362,0.13,4.75,A1,noun,0.003914
1235,laid,2685,0.07,4.56,2214,0.07,4.48,,,0.003916
1236,they,35,5.88,6.5,36,10.63,6.67,A1,pronoun,0.00392
1237,beings,5189,0.03,4.19,3271,0.04,4.26,,,0.003921
1238,beside,5190,0.03,4.19,3268,0.04,4.26,A1,preposition,0.003921
1239,dealer,5209,0.03,4.19,3273,0.04,4.26,B1,noun,0.003921
1240,nazis,7818,0.02,3.94,6275,0.02,3.88,,,0.003925
1241,rescued,7841,0.02,3.94,6295,0.02,3.88,,,0.003925
1242,villain,8624,0.01,3.88,5722,0.02,3.94,,,0.003925
1243,tip,2767,0.07,4.55,2262,0.07,4.47,B2,"noun, verb",0.003933
1244,enjoy,848,0.23,5.09,847,0.22,4.99,A1,verb,0.003937
1245,special,460,0.41,5.34,567,0.38,5.23,A1,adjective,0.003938
1246,arguing,4653,0.03,4.25,3777,0.03,4.18,,,0.00394
1247,tracking,4721,0.03,4.25,3782,0.03,4.18,,,0.00394
1248,earl,5322,0.03,4.18,3322,0.04,4.25,,,0.00394
1249,seoul,7975,0.02,3.93,6396,0.02,3.87,,,0.003945
1250,beverly,8639,0.01,3.87,5748,0.02,3.93,,,0.003945
1251,messy,8691,0.01,3.87,5762,0.02,3.93,B1,adjective,0.003945
1252,guard,1900,0.1,4.73,1168,0.15,4.82,B2,"noun, verb",0.003947
1253,carefully,3214,0.05,4.46,2012,0.08,4.54,A1,adverb,0.003951
1254,marshall,4775,0.03,4.24,3830,0.03,4.17,,,0.003959
1255,kick,1950,0.1,4.72,1213,0.14,4.81,A1,"noun, verb",0.003964
1256,joshua,8054,0.02,3.92,6513,0.02,3.86,,,0.003965
1257,pasta,8072,0.02,3.92,6481,0.02,3.86,A2,noun,0.003965
1258,romans,8085,0.02,3.92,6512,0.02,3.86,,,0.003965
1259,fragile,8792,0.01,3.86,5897,0.02,3.92,,,0.003965
1260,owed,8838,0.01,3.86,5910,0.02,3.92,,,0.003965
1261,stunt,8862,0.01,3.86,5879,0.02,3.92,,,0.003965
1262,difficult,903,0.22,5.07,891,0.21,4.97,A1,adjective,0.003968
1263,temple,3339,0.05,4.45,2034,0.08,4.53,A1,noun,0.003968
1264,differently,4845,0.03,4.23,3894,0.03,4.16,A2,adverb,0.003978
1265,clouds,5485,0.03,4.16,3479,0.04,4.23,,,0.003978
1266,flew,5497,0.03,4.16,3457,0.04,4.23,,,0.003978
1267,hammer,5501,0.03,4.16,3453,0.04,4.23,B2,"noun, verb",0.003978
1268,friends,355,0.5,5.43,330,0.8,5.55,,,0.003981
1269,strength,1677,0.12,4.8,1481,0.11,4.71,A2,noun,0.003981
1270,misses,8958,0.01,3.85,5995,0.02,3.91,,,0.003986
1271,making,264,0.65,5.54,412,0.59,5.42,,,0.003996
1272,greatest,1694,0.11,4.79,1491,0.11,4.7,,,0.003997
1273,crowd,2034,0.09,4.7,1267,0.14,4.79,A2,noun,0.003997
1274,lovers,5607,0.03,4.15,3513,0.04,4.22,,,0.003997
1275,chances,2930,0.06,4.51,2420,0.06,4.43,,,0.004004
1276,checking,3413,0.05,4.43,2103,0.07,4.51,,,0.004004
1277,burial,8251,0.01,3.9,6685,0.02,3.84,B2,noun,0.004006
1278,ducks,8277,0.01,3.9,6705,0.02,3.84,,,0.004006
1279,marina,9064,0.01,3.84,6044,0.02,3.9,,,0.004006
1280,poisoning,9082,0.01,3.84,6040,0.02,3.9,,,0.004006
1281,sincere,9096,0.01,3.84,6081,0.02,3.9,B2,adjective,0.004006
1282,four,272,0.63,5.53,419,0.58,5.41,A1,number,0.004011
1283,ray,2087,0.09,4.69,1286,0.14,4.78,A2,noun,0.004014
1284,card,964,0.2,5.04,943,0.2,4.94,A1,noun,0.004016
1285,meters,5063,0.03,4.21,4069,0.03,4.14,,,0.004016
1286,shoulder,3025,0.06,4.5,2486,0.06,4.42,A1,noun,0.004022
1287,true,393,0.47,5.4,347,0.75,5.52,A1,adjective,0.004025
1288,investigator,9197,0.01,3.83,6261,0.02,3.89,B2,noun,0.004027
1289,mafia,9208,0.01,3.83,6174,0.02,3.89,,,0.004027
1290,onto,1768,0.11,4.77,1552,0.11,4.68,,,0.004031
1291,fascinating,5789,0.03,4.13,3603,0.04,4.2,A2,adjective,0.004035
1292,surgeon,5844,0.03,4.13,3636,0.04,4.2,B1,noun,0.004035
1293,dies,3554,0.05,4.41,2177,0.07,4.49,,,0.00404
1294,masks,8575,0.01,3.88,6918,0.01,3.82,,,0.004048
1295,vagina,9417,0.01,3.82,6336,0.02,3.88,,,0.004048
1296,side,297,0.59,5.5,450,0.54,5.38,A1,noun,0.004055
1297,though,298,0.59,5.5,453,0.54,5.38,A2,"adverb, conjunction",0.004055
1298,weakness,5282,0.03,4.19,4223,0.03,4.12,B1,noun,0.004055
1299,rape,3127,0.06,4.48,2574,0.06,4.4,B2,"noun, verb",0.004058
1300,dean,3615,0.05,4.4,2236,0.07,4.48,,,0.004058
1301,desert,3620,0.05,4.4,2227,0.07,4.48,A2,noun,0.004058
1302,throwing,3662,0.05,4.4,2231,0.07,4.48,,,0.004058
1303,bought,1294,0.15,4.91,821,0.23,5.01,,,0.004065
1304,believed,1810,0.1,4.75,1623,0.1,4.66,,,0.004066
1305,graves,8672,0.01,3.87,6971,0.01,3.81,,,0.004069
1306,eleanor,9464,0.01,3.81,6470,0.02,3.87,,,0.004069
1307,grows,5331,0.03,4.18,4309,0.03,4.11,,,0.004074
1308,cooked,5950,0.02,4.11,3745,0.03,4.18,,,0.004074
1309,eternal,5964,0.02,4.11,3738,0.03,4.18,B1,adjective,0.004074
1310,friendship,3694,0.05,4.39,2268,0.07,4.47,A2,noun,0.004076
1311,refuse,3718,0.05,4.39,2272,0.07,4.47,B1,"noun, verb",0.004076
1312,lively,8815,0.01,3.86,7173,0.01,3.8,A2,adjective,0.00409
1313,manuel,8821,0.01,3.86,7198,0.01,3.8,,,0.00409
1314,snacks,8858,0.01,3.86,7194,0.01,3.8,,,0.00409
1315,wardrobe,9692,0.01,3.8,6519,0.02,3.86,B1,noun,0.00409
1316,looking,242,0.69,5.57,240,1.13,5.7,,,0.004094
1317,lemon,6066,0.02,4.1,3825,0.03,4.17,A2,noun,0.004094
1318,sang,6094,0.02,4.1,3801,0.03,4.17,,,0.004094
1319,pa,3248,0.05,4.46,2665,0.05,4.38,B2,noun,0.004095
1320,violent,3269,0.05,4.46,2679,0.05,4.38,A2,adjective,0.004095
1321,clark,3744,0.04,4.38,2318,0.06,4.46,,,0.004095
1322,crime,1362,0.14,4.89,849,0.22,4.99,A2,noun,0.004098
1323,exist,1897,0.1,4.73,1653,0.1,4.64,A2,verb,0.0041
1324,jared,9772,0.01,3.79,6610,0.02,3.85,,,0.004112
1325,mechanic,9780,0.01,3.79,6663,0.02,3.85,B1,noun,0.004112
1326,mac,3313,0.05,4.45,2696,0.05,4.37,,,0.004114
1327,halloween,5500,0.03,4.16,4422,0.03,4.09,,,0.004114
1328,sheets,5549,0.03,4.16,4486,0.03,4.09,,,0.004114
1329,anxious,6112,0.02,4.09,3924,0.03,4.16,A2,adjective,0.004114
1330,bee,6114,0.02,4.09,3906,0.03,4.16,A1,noun,0.004114
1331,potatoes,6170,0.02,4.09,3909,0.03,4.16,,,0.004114
1332,war,332,0.54,5.46,477,0.5,5.34,A1,noun,0.004115
1333,better,168,1.07,5.76,165,1.81,5.9,A2,"adjective, adverb",0.004119
1334,land,608,0.31,5.22,685,0.29,5.11,A2,"noun, verb",0.004123
1335,computer,1136,0.17,4.97,1077,0.17,4.87,A1,noun,0.004131
1336,explanation,3360,0.05,4.44,2732,0.05,4.36,A2,noun,0.004132
1337,juice,3890,0.04,4.36,2391,0.06,4.44,A1,noun,0.004132
1338,heroic,9053,0.01,3.84,7343,0.01,3.78,,,0.004133
1339,jenkins,9058,0.01,3.84,7355,0.01,3.78,,,0.004133
1340,worms,9988,0.01,3.78,6724,0.02,3.84,,,0.004133
1341,search,1174,0.17,4.96,1084,0.16,4.86,B1,"noun, verb",0.004148
1342,swimming,3457,0.05,4.43,2764,0.05,4.35,A1,noun,0.004151
1343,reporter,3976,0.04,4.35,2430,0.06,4.43,A1,noun,0.004151
1344,beam,5659,0.03,4.14,4586,0.03,4.07,B2,noun,0.004154
1345,cookie,6349,0.02,4.07,4097,0.03,4.14,A1,noun,0.004154
1346,check,487,0.38,5.31,400,0.61,5.43,A2,"noun, verb",0.004161
1347,minutes,492,0.38,5.31,402,0.61,5.43,,,0.004161
1348,bull,4005,0.04,4.34,2504,0.06,4.42,B1,noun,0.00417
1349,cameras,4006,0.04,4.34,2499,0.06,4.42,,,0.00417
1350,embassy,5787,0.03,4.13,4706,0.03,4.06,B2,noun,0.004174
1351,keen,5804,0.03,4.13,4696,0.03,4.06,B2,adjective,0.004174
1352,murphy,5816,0.03,4.13,4686,0.03,4.06,,,0.004174
1353,profession,5826,0.03,4.13,4689,0.03,4.06,B1,noun,0.004174
1354,theft,5845,0.03,4.13,4643,0.03,4.06,B1,noun,0.004174
1355,asked,499,0.37,5.3,409,0.6,5.42,,,0.004177
1356,assassination,9283,0.01,3.82,7554,0.01,3.76,,,0.004177
1357,spells,9398,0.01,3.82,7611,0.01,3.76,,,0.004177
1358,hospital,905,0.22,5.07,614,0.34,5.18,A1,noun,0.004188
1359,quite,518,0.36,5.29,418,0.58,5.41,A2,adverb,0.004193
1360,climbing,5865,0.02,4.12,4756,0.03,4.05,A2,noun,0.004195
1361,eighteen,9463,0.01,3.81,7702,0.01,3.75,A1,number,0.004199
1362,injustice,9483,0.01,3.81,7687,0.01,3.75,,,0.004199
1363,guest,2579,0.07,4.58,1584,0.1,4.67,A1,noun,0.004207
1364,butter,3605,0.05,4.4,2969,0.05,4.32,A1,noun,0.004208
1365,grip,5968,0.02,4.11,4814,0.02,4.04,B2,"noun, verb",0.004215
1366,loses,5981,0.02,4.11,4826,0.02,4.04,,,0.004215
1367,backwards,6655,0.02,4.04,4251,0.03,4.11,,,0.004215
1368,bugs,6661,0.02,4.04,4317,0.03,4.11,,,0.004215
1369,questioning,6728,0.02,4.04,4287,0.03,4.11,,,0.004215
1370,awesome,1261,0.15,4.92,1165,0.15,4.82,B1,adjective,0.004216
1371,movie,715,0.27,5.16,750,0.25,5.05,A1,noun,0.004221
1372,skeleton,9671,0.01,3.8,7799,0.01,3.74,B1,noun,0.004222
1373,prefer,2640,0.07,4.57,1611,0.1,4.66,A2,verb,0.004226
1374,lifetime,3701,0.05,4.39,2987,0.05,4.31,B2,noun,0.004228
1375,ross,3722,0.05,4.39,2995,0.05,4.31,,,0.004228
1376,names,1314,0.15,4.91,1207,0.15,4.81,,,0.004234
1377,cam,6032,0.02,4.1,4911,0.02,4.03,,,0.004236
1378,kevin,2684,0.07,4.56,1646,0.1,4.65,,,0.004244
1379,grandchildren,9754,0.01,3.79,7924,0.01,3.73,,,0.004244
1380,bow,4287,0.04,4.3,2684,0.05,4.38,B2,"noun, verb",0.004247
1381,tiger,4340,0.04,4.3,2655,0.05,4.38,A1,noun,0.004247
1382,big,200,0.87,5.67,190,1.45,5.81,A1,adjective,0.004249
1383,round,754,0.26,5.14,778,0.24,5.03,B2,"adjective, adverb, noun, preposition, verb",0.004254
1384,cafe,6116,0.02,4.09,5022,0.02,4.02,,,0.004257
1385,fixing,6139,0.02,4.09,4958,0.02,4.02,,,0.004257
1386,gut,6915,0.02,4.02,4417,0.03,4.09,,,0.004257
1387,joy,2738,0.07,4.55,1669,0.1,4.64,A2,noun,0.004263
1388,bliss,9854,0.01,3.78,8069,0.01,3.72,,,0.004267
1389,david,763,0.25,5.13,791,0.24,5.02,,,0.004271
1390,about,43,4.67,6.4,44,8.64,6.58,A1,"adverb, preposition",0.004273
1391,gift,1721,0.11,4.78,1052,0.17,4.88,A1,noun,0.004287
1392,headquarters,3885,0.04,4.36,3145,0.04,4.28,B2,noun,0.004287
1393,paid,792,0.25,5.12,806,0.23,5.01,B1,adjective,0.004288
1394,in,6,34.64,7.27,9,25.49,7.05,A1,"adverb, preposition",0.004291
1395,drain,6353,0.02,4.07,5163,0.02,4.0,B2,"noun, verb",0.004299
1396,reed,6406,0.02,4.07,5120,0.02,4.0,B2,noun,0.004299
1397,has,47,4.36,6.37,100,3.6,6.2,A1,have-verb,0.004304
1398,pop,1435,0.14,4.87,1298,0.13,4.77,B2,"noun, verb",0.004304
1399,times,250,0.68,5.56,399,0.61,5.43,B2,preposition,0.004305
1400,attention,800,0.24,5.11,827,0.23,5.0,A2,noun,0.004305
1401,more,49,4.26,6.36,102,3.51,6.19,A1,"adverb, determiner, pronoun",0.004317
1402,paint,2903,0.06,4.52,1768,0.09,4.61,A1,"noun, verb",0.004319
1403,ago,365,0.49,5.42,332,0.8,5.55,A1,adverb,0.004321
1404,prosecution,6505,0.02,4.06,5260,0.02,3.99,,,0.004321
1405,boxes,4003,0.04,4.34,3292,0.04,4.26,,,0.004327
1406,very,106,1.86,6.0,106,3.28,6.16,A1,"adjective, adverb",0.004328
1407,threat,2506,0.07,4.6,2111,0.07,4.51,B1,noun,0.004338
1408,an,30,6.31,6.53,73,5.03,6.35,A1,determiner,0.00434
1409,hack,6578,0.02,4.05,5367,0.02,3.98,,,0.004342
1410,static,6629,0.02,4.05,5340,0.02,3.98,,,0.004342
1411,tide,6637,0.02,4.05,5324,0.02,3.98,B1,noun,0.004342
1412,dropping,4079,0.04,4.33,3306,0.04,4.25,,,0.004347
1413,foster,4085,0.04,4.33,3355,0.04,4.25,,,0.004347
1414,cover,867,0.22,5.08,878,0.21,4.97,A2,"noun, verb",0.004356
1415,aside,2513,0.07,4.59,2136,0.07,4.5,B1,adverb,0.004357
1416,moves,2546,0.07,4.59,2166,0.07,4.5,,,0.004357
1417,permission,3015,0.06,4.5,1839,0.09,4.59,A2,noun,0.004357
1418,agreed,1515,0.13,4.84,1385,0.12,4.74,,,0.004358
1419,noble,4783,0.03,4.24,2959,0.05,4.32,B2,adjective,0.004367
1420,tunnel,4809,0.03,4.24,2925,0.05,4.32,B2,noun,0.004367
1421,barely,3041,0.06,4.49,1844,0.09,4.58,B1,adverb,0.004376
1422,santa,3084,0.06,4.49,1866,0.09,4.58,,,0.004376
1423,orders,1912,0.1,4.73,1153,0.15,4.83,,,0.004377
1424,cloth,6772,0.02,4.03,5562,0.02,3.96,A1,noun,0.004386
1425,eager,6781,0.02,4.03,5473,0.02,3.96,B1,adjective,0.004386
1426,margaret,4872,0.03,4.23,2993,0.05,4.31,,,0.004388
1427,hearing,1602,0.12,4.82,1437,0.12,4.72,B1,noun,0.004395
1428,pocket,3123,0.06,4.48,1884,0.08,4.57,A1,noun,0.004395
1429,after,80,2.4,6.11,153,1.99,5.95,A1,"adverb, conjunction, preposition",0.0044
1430,school,188,0.96,5.71,318,0.83,5.57,A1,noun,0.004401
1431,getting,238,0.69,5.57,237,1.15,5.71,,,0.004401
1432,probably,425,0.44,5.37,359,0.7,5.5,A2,adverb,0.004401
1433,hot,711,0.27,5.16,535,0.43,5.28,A1,adjective,0.004404
1434,gates,4304,0.04,4.3,3545,0.04,4.22,,,0.004408
1435,reminds,4976,0.03,4.22,3059,0.04,4.3,,,0.004408
1436,touching,4990,0.03,4.22,3036,0.05,4.3,,,0.004408
1437,chi,7660,0.02,3.95,4989,0.02,4.02,,,0.004408
1438,chris,1628,0.12,4.81,1471,0.12,4.71,,,0.004414
1439,duty,1994,0.1,4.71,1189,0.15,4.81,B1,noun,0.004414
1440,complicated,3156,0.05,4.47,1942,0.08,4.56,B1,adjective,0.004415
1441,tears,3198,0.05,4.47,1951,0.08,4.56,,,0.004415
1442,visit,980,0.2,5.04,958,0.19,4.93,A1,"noun, verb",0.004427
1443,wall,981,0.2,5.04,968,0.19,4.93,A1,noun,0.004427
1444,furniture,4382,0.04,4.29,3578,0.04,4.21,A2,noun,0.004429
1445,succeed,4414,0.04,4.29,3590,0.04,4.21,A2,verb,0.004429
1446,worthy,4424,0.04,4.29,3568,0.04,4.21,B1,adjective,0.004429
1447,clinic,5015,0.03,4.21,3105,0.04,4.29,B1,noun,0.004429
1448,off,124,1.58,5.93,120,2.78,6.09,B1,"adjective, adverb, preposition",0.00443
1449,hugh,7018,0.02,4.01,5720,0.02,3.94,,,0.00443
1450,relaxed,7050,0.02,4.01,5698,0.02,3.94,A2,adjective,0.00443
1451,locate,7809,0.02,3.94,5038,0.02,4.01,B1,verb,0.00443
1452,rice,2758,0.07,4.55,2335,0.06,4.46,A1,noun,0.004435
1453,things,179,1.02,5.74,169,1.75,5.89,,,0.004436
1454,late,456,0.41,5.34,372,0.67,5.47,A1,"adjective, adverb",0.00445
1455,daughters,4439,0.04,4.28,3647,0.04,4.2,,,0.00445
1456,pin,4475,0.04,4.28,3614,0.04,4.2,B1,"noun, verb",0.00445
1457,bug,5105,0.03,4.2,3157,0.04,4.28,A2,noun,0.00445
1458,patience,5150,0.03,4.2,3176,0.04,4.28,B1,noun,0.00445
1459,camping,7102,0.02,4.0,5810,0.02,3.93,A2,noun,0.004453
1460,offended,7951,0.02,3.93,5173,0.02,4.0,,,0.004453
1461,wizard,7999,0.02,3.93,5141,0.02,4.0,B1,adjective,0.004453
1462,road,577,0.32,5.24,668,0.3,5.12,A2,noun,0.004472
1463,badly,3351,0.05,4.44,2051,0.08,4.53,A2,adverb,0.004474
1464,chase,3354,0.05,4.44,2044,0.08,4.53,B2,"noun, verb",0.004474
1465,luis,7247,0.02,3.99,5891,0.02,3.92,,,0.004475
1466,winston,8107,0.02,3.92,5198,0.02,3.99,,,0.004475
1467,hoping,2160,0.09,4.67,1323,0.13,4.77,,,0.004489
1468,keeps,2161,0.09,4.67,1318,0.13,4.77,,,0.004489
1469,engaged,2890,0.06,4.52,2470,0.06,4.43,B1,adjective,0.004494
1470,pizza,3445,0.05,4.43,2059,0.08,4.52,A1,noun,0.004494
1471,beginning,1066,0.19,5.0,1036,0.17,4.89,A2,noun,0.004498
1472,sensible,7393,0.02,3.98,6022,0.02,3.91,B2,adjective,0.004498
1473,news,350,0.51,5.44,511,0.46,5.31,A1,noun,0.0045
1474,could,92,2.14,6.06,95,3.86,6.23,A1,modal auxiliary,0.004502
1475,serious,836,0.23,5.1,573,0.38,5.22,B1,adjective,0.004507
1476,cards,1786,0.11,4.76,1594,0.1,4.66,,,0.004508
1477,kinds,2951,0.06,4.51,2490,0.06,4.42,,,0.004514
1478,enormous,4669,0.03,4.25,3835,0.03,4.17,A2,adjective,0.004514
1479,indians,4679,0.03,4.25,3839,0.03,4.17,,,0.004514
1480,up,44,4.56,6.39,45,8.54,6.58,A1,"adverb, preposition",0.004518
1481,rico,7492,0.02,3.97,6108,0.02,3.9,,,0.004521
1482,sworn,8362,0.01,3.9,5437,0.02,3.97,,,0.004521
1483,cook,2248,0.08,4.65,1365,0.13,4.75,A1,"noun, verb",0.004527
1484,actually,302,0.58,5.49,273,0.97,5.63,A2,adverb,0.004529
1485,immediately,1121,0.18,4.98,1069,0.17,4.87,B1,adverb,0.004535
1486,sons,3028,0.06,4.5,2522,0.06,4.41,,,0.004535
1487,lazy,4773,0.03,4.24,3943,0.03,4.16,A1,adjective,0.004535
1488,hair,876,0.22,5.08,598,0.35,5.2,A1,noun,0.004542
1489,cooler,7548,0.02,3.96,6231,0.02,3.89,A2,noun,0.004544
1490,shit,316,0.56,5.48,275,0.95,5.62,,,0.004545
1491,faster,2295,0.08,4.64,1396,0.12,4.74,,,0.004546
1492,lights,2303,0.08,4.64,1378,0.13,4.74,,,0.004546
1493,fact,371,0.48,5.41,531,0.43,5.28,A2,noun,0.00455
1494,wanting,3098,0.06,4.49,2556,0.06,4.4,,,0.004555
1495,baker,4824,0.03,4.23,3993,0.03,4.15,B1,noun,0.004557
1496,brush,4828,0.03,4.23,3980,0.03,4.15,A1,"noun, verb",0.004557
1497,burden,4829,0.03,4.23,3954,0.03,4.15,B2,"noun, verb",0.004557
1498,quarters,4881,0.03,4.23,3985,0.03,4.15,,,0.004557
1499,reception,4885,0.03,4.23,3971,0.03,4.15,B1,noun,0.004557
1500,so,33,6.16,6.52,32,11.93,6.72,A1,"adverb, conjunction",0.004564
1501,rushing,7736,0.02,3.95,6337,0.02,3.88,,,0.004567
1502,salvation,7737,0.02,3.95,6325,0.02,3.88,,,0.004567
1503,tracked,7755,0.02,3.95,6317,0.02,3.88,,,0.004567
1504,whole,333,0.54,5.46,298,0.89,5.6,B1,"adjective, noun",0.004578
1505,twist,4992,0.03,4.22,4053,0.03,4.14,B1,"noun, verb",0.004579
1506,invitation,5700,0.03,4.14,3526,0.04,4.22,B1,noun,0.004579
1507,tragedy,5746,0.03,4.14,3534,0.04,4.22,B1,noun,0.004579
1508,flat,1941,0.1,4.72,1735,0.09,4.62,A1,"adjective, adverb, noun",0.004585
1509,scam,7844,0.02,3.94,6463,0.02,3.87,,,0.00459
1510,learnt,8684,0.01,3.87,5733,0.02,3.94,,,0.00459
1511,sad,1536,0.13,4.84,937,0.2,4.95,A1,adjective,0.004591
1512,arrive,3739,0.04,4.38,2258,0.07,4.47,A1,verb,0.004596
1513,gravity,5046,0.03,4.21,4125,0.03,4.13,,,0.004601
1514,sorts,5085,0.03,4.21,4103,0.03,4.13,,,0.004601
1515,path,2006,0.1,4.71,1746,0.09,4.61,A2,noun,0.004605
1516,seas,7972,0.02,3.93,6576,0.02,3.86,,,0.004614
1517,thankful,7990,0.02,3.93,6534,0.02,3.86,B1,adjective,0.004614
1518,fulfill,8794,0.01,3.86,5820,0.02,3.93,,,0.004614
1519,rig,8850,0.01,3.86,5798,0.02,3.93,,,0.004614
1520,drew,3226,0.05,4.46,2717,0.05,4.37,,,0.004617
1521,paintings,5148,0.03,4.2,4200,0.03,4.12,,,0.004623
1522,left,215,0.78,5.62,210,1.32,5.77,A2,"adjective, adverb, noun",0.004625
1523,seat,1615,0.12,4.82,969,0.19,4.93,A1,noun,0.004629
1524,duke,3293,0.05,4.45,2737,0.05,4.36,,,0.004638
1525,donor,8026,0.02,3.92,6637,0.02,3.85,,,0.004638
1526,lounge,8060,0.02,3.92,6620,0.02,3.85,,,0.004638
1527,popped,8969,0.01,3.85,5895,0.02,3.92,,,0.004638
1528,expensive,2071,0.09,4.69,1841,0.09,4.59,A1,adjective,0.004645
1529,ram,5254,0.03,4.19,4314,0.03,4.11,B2,noun,0.004645
1530,ashley,5935,0.02,4.11,3691,0.03,4.19,,,0.004645
1531,shot,612,0.31,5.22,473,0.5,5.35,A2,noun,0.004654
1532,asks,3348,0.05,4.44,2762,0.05,4.35,,,0.004659
1533,bake,8121,0.02,3.91,6689,0.02,3.84,A2,verb,0.004662
1534,knives,9060,0.01,3.84,6032,0.02,3.91,,,0.004662
1535,cherry,5303,0.03,4.18,4369,0.03,4.1,B2,noun,0.004668
1536,blunt,8245,0.01,3.9,6759,0.02,3.83,,,0.004686
1537,gilbert,8295,0.01,3.9,6794,0.02,3.83,,,0.004686
1538,loved,1088,0.19,5.0,666,0.3,5.12,,,0.004687
1539,died,632,0.29,5.2,492,0.48,5.33,,,0.00469
1540,scandal,5451,0.03,4.17,4487,0.03,4.09,B2,noun,0.00469
1541,ceremony,3474,0.05,4.42,2905,0.05,4.33,B1,noun,0.004702
1542,diamond,3480,0.05,4.42,2895,0.05,4.33,A2,noun,0.004702
1543,robin,4118,0.04,4.33,2507,0.06,4.42,A2,noun,0.004702
1544,feet,1105,0.18,4.99,686,0.29,5.11,,,0.004705
1545,voyage,8502,0.01,3.89,6927,0.01,3.82,B1,noun,0.00471
1546,endure,9328,0.01,3.82,6257,0.02,3.89,B1,verb,0.00471
1547,marching,9360,0.01,3.82,6215,0.02,3.89,,,0.00471
1548,counsel,5487,0.03,4.16,4504,0.03,4.08,,,0.004713
1549,laying,5514,0.03,4.16,4545,0.03,4.08,,,0.004713
1550,obsessed,6272,0.02,4.08,3942,0.03,4.16,,,0.004713
1551,tooth,6305,0.02,4.08,3907,0.03,4.16,A1,noun,0.004713
1552,care,247,0.68,5.56,238,1.15,5.71,B1,"noun, verb",0.004724
1553,quick,1127,0.18,4.98,696,0.28,5.1,A2,adjective,0.004724
1554,comfort,3548,0.05,4.41,2943,0.05,4.32,B1,noun,0.004724
1555,brilliant,2716,0.07,4.55,1640,0.1,4.65,A2,adjective,0.004726
1556,noise,2746,0.07,4.55,1635,0.1,4.65,A1,noun,0.004726
1557,coconut,8524,0.01,3.88,6999,0.01,3.81,B2,noun,0.004735
1558,luther,8571,0.01,3.88,7023,0.01,3.81,,,0.004735
1559,bucket,6338,0.02,4.07,3995,0.03,4.15,A1,noun,0.004736
1560,magic,1796,0.11,4.76,1060,0.17,4.87,A2,"adjective, noun",0.004745
1561,harsh,5687,0.03,4.14,4646,0.03,4.06,,,0.004759
1562,blessing,6442,0.02,4.06,4046,0.03,4.14,B1,noun,0.004759
1563,foreigners,8668,0.01,3.87,7193,0.01,3.8,,,0.00476
1564,glen,8671,0.01,3.87,7180,0.01,3.8,,,0.00476
1565,salon,8725,0.01,3.87,7118,0.01,3.8,B2,noun,0.00476
1566,tick,9678,0.01,3.8,6399,0.02,3.87,B1,"noun, verb",0.00476
1567,mere,5812,0.03,4.13,4750,0.03,4.05,B1,adjective,0.004782
1568,moms,8827,0.01,3.86,7302,0.01,3.79,,,0.004784
1569,axe,9703,0.01,3.79,6559,0.02,3.86,,,0.004784
1570,meant,1228,0.16,4.94,743,0.26,5.06,,,0.0048
1571,eleven,5879,0.02,4.12,4830,0.02,4.04,A1,number,0.004806
1572,nut,6715,0.02,4.04,4196,0.03,4.12,B2,noun,0.004806
1573,routine,3844,0.04,4.37,3134,0.04,4.28,B1,noun,0.004811
1574,waves,3855,0.04,4.37,3140,0.04,4.28,,,0.004811
1575,wayne,3856,0.04,4.37,3183,0.04,4.28,,,0.004811
1576,song,553,0.34,5.26,663,0.3,5.13,A1,noun,0.004817
1577,best,145,1.29,5.84,251,1.07,5.68,A1,"adjective, adverb",0.004823
1578,picked,1956,0.1,4.72,1144,0.15,4.83,,,0.004824
1579,ranch,6826,0.02,4.03,4322,0.03,4.11,,,0.004829
1580,firing,4526,0.03,4.27,2758,0.05,4.36,,,0.004834
1581,repeating,9088,0.01,3.84,7398,0.01,3.77,,,0.004835
1582,way,101,1.9,6.01,103,3.47,6.19,A1,noun,0.004837
1583,imagine,1272,0.15,4.92,759,0.25,5.04,A1,verb,0.004839
1584,wear,1289,0.15,4.92,771,0.25,5.04,A1,verb,0.004839
1585,feelings,1996,0.1,4.71,1176,0.15,4.82,,,0.004845
1586,brutal,6030,0.02,4.1,4985,0.02,4.02,,,0.004853
1587,tire,6970,0.02,4.02,4344,0.03,4.1,B1,verb,0.004853
1588,ann,3923,0.04,4.35,3278,0.04,4.26,,,0.004856
1589,second,212,0.8,5.63,366,0.67,5.48,A2,"adjective, adverb, noun, pronoun",0.004861
1590,suit,2055,0.09,4.7,1191,0.15,4.81,A2,"noun, verb",0.004865
1591,load,2587,0.07,4.58,2243,0.07,4.48,B2,"noun, verb",0.004873
1592,rush,3133,0.06,4.48,1876,0.08,4.58,B1,"noun, verb",0.004873
1593,belonged,6990,0.02,4.01,4402,0.03,4.09,,,0.004877
1594,store,1030,0.2,5.02,1012,0.18,4.9,B2,"noun, verb",0.004878
1595,lion,4686,0.03,4.25,2844,0.05,4.34,A1,noun,0.004879
1596,brothers,2065,0.09,4.69,1233,0.14,4.8,,,0.004886
1597,strong,614,0.31,5.22,700,0.28,5.09,A1,adjective,0.004892
1598,poor,855,0.23,5.09,579,0.37,5.22,A1,adjective,0.004892
1599,nights,3186,0.05,4.47,1881,0.08,4.57,,,0.004895
1600,island,1052,0.19,5.01,1034,0.17,4.89,A1,noun,0.004897
1601,harrison,6252,0.02,4.08,5192,0.02,4.0,,,0.004901
1602,puppy,7174,0.02,4.0,4549,0.03,4.08,B1,noun,0.004901
1603,pussy,4790,0.03,4.24,2870,0.05,4.33,,,0.004902
1604,steven,4800,0.03,4.24,2897,0.05,4.33,,,0.004902
1605,someone,213,0.8,5.63,197,1.39,5.79,A1,pronoun,0.004907
1606,mirrors,9499,0.01,3.81,7763,0.01,3.74,,,0.004912
1607,rooms,2700,0.07,4.56,2327,0.06,4.46,,,0.004916
1608,bedroom,3210,0.05,4.46,1933,0.08,4.56,A1,noun,0.004916
1609,of,4,46.74,7.4,7,30.97,7.14,A1,preposition,0.004919
1610,rainbow,6403,0.02,4.07,5233,0.02,3.99,B2,noun,0.004926
1611,from,26,7.95,6.63,66,5.94,6.42,A1,preposition,0.004932
1612,rome,3332,0.05,4.45,1988,0.08,4.55,,,0.004938
1613,woods,3345,0.05,4.45,1968,0.08,4.55,,,0.004938
1614,being,119,1.66,5.95,207,1.34,5.78,A2,noun,0.004942
1615,guns,2205,0.09,4.66,1320,0.13,4.77,,,0.004948
1616,investigate,4243,0.04,4.31,3533,0.04,4.22,B2,verb,0.004948
1617,rocket,4264,0.04,4.31,3515,0.04,4.22,B2,noun,0.004948
1618,password,6498,0.02,4.06,5330,0.02,3.98,B1,noun,0.00495
1619,cut,569,0.32,5.24,454,0.54,5.38,A1,"noun, verb",0.004965
1620,devils,9734,0.01,3.79,8054,0.01,3.72,,,0.004965
1621,imaginary,9767,0.01,3.79,8032,0.01,3.72,B1,adjective,0.004965
1622,bowling,6548,0.02,4.05,5417,0.02,3.97,,,0.004975
1623,brass,6549,0.02,4.05,5433,0.02,3.97,B1,noun,0.004975
1624,since,175,1.05,5.75,302,0.88,5.59,A2,"adverb, conjunction, preposition",0.004977
1625,speaks,3454,0.05,4.43,2028,0.08,4.53,,,0.004982
1626,ends,1822,0.1,4.75,1667,0.1,4.64,,,0.00499
1627,responsibility,1837,0.1,4.75,1671,0.1,4.64,B1,noun,0.00499
1628,suggest,1840,0.1,4.75,1668,0.1,4.64,A2,verb,0.00499
1629,foam,9898,0.01,3.78,8167,0.01,3.71,,,0.004991
1630,penguin,9935,0.01,3.78,8091,0.01,3.71,B2,noun,0.004991
1631,vernon,9983,0.01,3.78,8192,0.01,3.71,,,0.004991
1632,out,45,4.47,6.38,43,8.72,6.59,A1,adverb,0.004993
1633,generous,5131,0.03,4.2,3112,0.04,4.29,B1,adjective,0.004994
1634,boarding,7530,0.02,3.96,4835,0.02,4.04,,,0.005
1635,skirt,7609,0.02,3.96,4817,0.02,4.04,A1,noun,0.005
1636,spike,7612,0.02,3.96,4828,0.02,4.04,,,0.005
1637,stuffed,7615,0.02,3.96,4837,0.02,4.04,B1,adjective,0.005
1638,past,437,0.43,5.36,581,0.37,5.22,A1,"adjective, adverb, preposition",0.005003
1639,problem,391,0.47,5.4,328,0.81,5.55,A1,noun,0.005004
1640,all,32,6.16,6.52,31,12.31,6.74,A1,"adverb, determiner, pronoun",0.005005
1641,fit,1185,0.17,4.95,1160,0.15,4.83,B1,"adjective, noun, verb",0.005018
1642,named,1199,0.17,4.95,1142,0.15,4.83,,,0.005018
1643,missed,1567,0.13,4.83,924,0.2,4.95,,,0.005018
1644,drives,4442,0.04,4.28,3714,0.03,4.19,,,0.005018
1645,peaceful,4472,0.04,4.28,3711,0.03,4.19,A2,adjective,0.005018
1646,philip,4473,0.04,4.28,3685,0.04,4.19,,,0.005018
1647,nerve,5237,0.03,4.19,3160,0.04,4.28,B2,noun,0.005018
1648,lost,400,0.46,5.39,339,0.77,5.54,A2,adjective,0.005022
1649,doubts,7677,0.02,3.95,4937,0.02,4.03,,,0.005025
1650,crack,3551,0.05,4.41,2110,0.07,4.51,B2,"noun, verb",0.005027
1651,medicine,1908,0.1,4.73,1732,0.09,4.62,A1,noun,0.005033
1652,spanish,1920,0.1,4.73,1725,0.09,4.62,,,0.005033
1653,battle,1214,0.16,4.94,1178,0.15,4.82,B1,noun,0.005039
1654,fits,4527,0.03,4.27,3766,0.03,4.18,,,0.005042
1655,opera,4544,0.03,4.27,3726,0.03,4.18,A1,noun,0.005042
1656,beat,1042,0.19,5.01,648,0.31,5.14,B1,"noun, verb",0.005047
1657,enemies,3623,0.05,4.4,2145,0.07,4.5,,,0.00505
1658,gods,3626,0.05,4.4,2169,0.07,4.5,,,0.00505
1659,vacation,3664,0.05,4.4,2149,0.07,4.5,A1,noun,0.00505
1660,bounce,6873,0.02,4.02,5661,0.02,3.94,B1,"noun, verb",0.00505
1661,palmer,6944,0.02,4.02,5703,0.02,3.94,,,0.00505
1662,idol,7802,0.02,3.94,5008,0.02,4.02,B1,noun,0.00505
1663,thrilled,7862,0.02,3.94,4999,0.02,4.02,B2,adjective,0.00505
1664,scott,1965,0.1,4.72,1745,0.09,4.61,,,0.005055
1665,spoke,2465,0.08,4.61,1440,0.12,4.72,,,0.005055
1666,couple,651,0.29,5.19,490,0.48,5.33,A2,noun,0.00506
1667,pistol,7959,0.02,3.93,5056,0.02,4.01,,,0.005076
1668,obviously,1668,0.12,4.8,987,0.19,4.92,B1,adverb,0.005081
1669,drop,1103,0.18,4.99,673,0.3,5.12,A1,"noun, verb",0.005087
1670,promises,4701,0.03,4.25,3928,0.03,4.16,,,0.00509
1671,toys,4720,0.03,4.25,3892,0.03,4.16,,,0.00509
1672,paradise,5529,0.03,4.16,3314,0.04,4.25,B1,noun,0.00509
1673,ignore,3109,0.06,4.48,2668,0.05,4.38,B1,verb,0.005096
1674,naturally,3116,0.06,4.48,2669,0.05,4.38,B1,adverb,0.005096
1675,forest,2043,0.09,4.7,1843,0.09,4.59,A2,noun,0.005098
1676,organs,7162,0.02,4.0,5929,0.02,3.92,,,0.005102
1677,affection,8003,0.02,3.92,5109,0.02,4.0,B1,noun,0.005102
1678,airplane,8004,0.02,3.92,5130,0.02,4.0,,,0.005102
1679,sharon,8091,0.02,3.92,5184,0.02,4.0,,,0.005102
1680,nelson,4781,0.03,4.24,3981,0.03,4.15,,,0.005114
1681,criminals,5590,0.03,4.15,3383,0.04,4.24,,,0.005114
1682,impressive,3173,0.05,4.47,2700,0.05,4.37,B1,adjective,0.005119
1683,thin,3200,0.05,4.47,2694,0.05,4.37,A1,adjective,0.005119
1684,trees,2093,0.09,4.69,1874,0.08,4.58,,,0.00512
1685,teeth,2600,0.07,4.58,1525,0.11,4.69,,,0.00512
1686,cat,1713,0.11,4.78,1019,0.18,4.9,A1,noun,0.005123
1687,liking,7245,0.02,3.99,6034,0.02,3.91,,,0.005127
1688,troubled,8222,0.02,3.91,5263,0.02,3.99,,,0.005127
1689,feel,201,0.87,5.67,182,1.54,5.84,A1,"noun, verb",0.005133
1690,job,296,0.59,5.5,259,1.04,5.66,A1,noun,0.005139
1691,pub,4880,0.03,4.23,4034,0.03,4.14,B1,noun,0.005139
1692,champ,8254,0.01,3.9,5295,0.02,3.98,,,0.005153
1693,ditch,8273,0.01,3.9,5360,0.02,3.98,,,0.005153
1694,snack,8351,0.01,3.9,5352,0.02,3.98,A2,noun,0.005153
1695,flash,3299,0.05,4.45,2794,0.05,4.35,B2,"adjective, noun, verb",0.005165
1696,he,22,9.12,6.69,14,19.16,6.93,A1,pronoun,0.005175
1697,feeling,769,0.25,5.13,540,0.42,5.27,A1,noun,0.005178
1698,billions,7420,0.02,3.97,6183,0.02,3.89,,,0.00518
1699,resign,7490,0.02,3.97,6191,0.02,3.89,B2,verb,0.00518
1700,drug,1422,0.14,4.87,1371,0.13,4.75,A2,noun,0.005187
1701,hall,1427,0.14,4.87,1369,0.13,4.75,A1,noun,0.005187
1702,prepare,2753,0.07,4.55,1601,0.1,4.66,A2,verb,0.005187
1703,surely,2766,0.07,4.55,1613,0.1,4.66,B1,adverb,0.005187
1704,assault,3349,0.05,4.44,2848,0.05,4.34,B2,noun,0.005189
1705,starting,915,0.22,5.07,953,0.19,4.94,,,0.00519
1706,dame,7551,0.02,3.96,6278,0.02,3.88,,,0.005206
1707,unto,7633,0.02,3.96,6367,0.02,3.88,B2,preposition,0.005206
1708,stars,1471,0.13,4.86,1395,0.12,4.74,,,0.005208
1709,henry,1864,0.1,4.74,1082,0.16,4.86,,,0.005208
1710,ship,1254,0.16,4.93,740,0.26,5.06,B1,"noun, verb",0.00521
1711,dumb,2788,0.06,4.54,1628,0.1,4.65,B2,adjective,0.00521
1712,easy,511,0.36,5.29,398,0.62,5.44,A1,adjective,0.005211
1713,believes,3409,0.05,4.43,2861,0.05,4.33,,,0.005213
1714,than,77,2.51,6.13,157,1.95,5.94,A1,"conjunction, preposition",0.005217
1715,both,157,1.15,5.79,276,0.94,5.62,A1,"adverb, determiner, pronoun",0.005223
1716,millions,2304,0.08,4.64,2036,0.08,4.53,,,0.005233
1717,stayed,2864,0.06,4.53,1664,0.1,4.64,,,0.005233
1718,ambitious,7644,0.02,3.95,6390,0.02,3.87,B1,adjective,0.005233
1719,hollow,7697,0.02,3.95,6464,0.02,3.87,B2,adjective,0.005233
1720,reagan,7729,0.02,3.95,6480,0.02,3.87,,,0.005233
1721,supervisor,7749,0.02,3.95,6428,0.02,3.87,B2,noun,0.005233
1722,forehead,8667,0.01,3.87,5615,0.02,3.95,B1,noun,0.005233
1723,afterwards,3463,0.05,4.42,2942,0.05,4.32,B1,adverb,0.005236
1724,enjoying,3487,0.05,4.42,2941,0.05,4.32,,,0.005236
1725,boot,5192,0.03,4.19,4365,0.03,4.1,B1,noun,0.005238
1726,washed,6109,0.02,4.1,3713,0.03,4.19,,,0.005238
1727,christmas,1297,0.15,4.91,775,0.25,5.04,,,0.005252
1728,shots,2367,0.08,4.63,2076,0.07,4.52,,,0.005255
1729,perhaps,854,0.23,5.09,571,0.38,5.23,A2,adverb,0.005258
1730,deck,3552,0.05,4.41,3020,0.05,4.31,B2,noun,0.00526
1731,different,232,0.72,5.59,404,0.61,5.43,A1,adjective,0.00527
1732,chance,548,0.34,5.26,416,0.58,5.41,A2,noun,0.00527
1733,word,555,0.34,5.26,426,0.57,5.41,A1,noun,0.00527
1734,confirm,3609,0.05,4.4,3054,0.04,4.3,B1,verb,0.005285
1735,crystal,3614,0.05,4.4,3053,0.04,4.3,,,0.005285
1736,shaking,6295,0.02,4.08,3870,0.03,4.17,,,0.005289
1737,solved,6298,0.02,4.08,3797,0.03,4.17,,,0.005289
1738,warehouse,6315,0.02,4.08,3812,0.03,4.17,,,0.005289
1739,enemy,2038,0.09,4.7,1177,0.15,4.82,B1,noun,0.005296
1740,moment,575,0.32,5.24,438,0.56,5.39,A1,noun,0.00531
1741,countryside,8019,0.02,3.92,6701,0.02,3.84,A2,noun,0.005314
1742,tolerate,9115,0.01,3.84,5859,0.02,3.92,B2,verb,0.005314
1743,difference,1048,0.19,5.01,1041,0.17,4.88,A1,noun,0.005316
1744,john,414,0.45,5.38,569,0.38,5.23,,,0.00533
1745,incredibly,3761,0.04,4.38,3151,0.04,4.28,B1,adverb,0.005334
1746,ten,959,0.21,5.05,605,0.35,5.19,A1,number,0.005341
1747,halfway,6476,0.02,4.06,3969,0.03,4.15,,,0.005341
1748,amazed,8115,0.02,3.91,6810,0.02,3.83,B1,adjective,0.005342
1749,exotic,8142,0.02,3.91,6846,0.02,3.83,B2,adjective,0.005342
1750,simon,3137,0.06,4.48,1830,0.09,4.59,,,0.005349
1751,goes,606,0.31,5.22,460,0.53,5.37,,,0.00535
1752,her,58,3.72,6.3,53,7.49,6.52,A1,"determiner, pronoun",0.005354
1753,counting,4518,0.03,4.27,2716,0.05,4.37,,,0.005358
1754,read,266,0.65,5.54,452,0.54,5.38,A1,verb,0.005367
1755,dining,5674,0.03,4.14,4764,0.03,4.05,,,0.005367
1756,pepper,5723,0.03,4.14,4725,0.03,4.05,A2,noun,0.005367
1757,booked,6546,0.02,4.05,4070,0.03,4.14,,,0.005367
1758,bosses,8247,0.01,3.9,6873,0.02,3.82,,,0.005369
1759,framed,8289,0.01,3.9,6914,0.01,3.82,,,0.005369
1760,ra,8335,0.01,3.9,6961,0.01,3.82,,,0.005369
1761,possible,438,0.43,5.36,583,0.37,5.21,A2,adjective,0.00537
1762,lesson,3177,0.05,4.47,1848,0.09,4.58,A1,noun,0.005372
1763,fell,1483,0.13,4.85,877,0.21,4.98,,,0.005381
1764,wearing,1511,0.13,4.85,872,0.21,4.98,,,0.005381
1765,write,1008,0.2,5.03,630,0.33,5.17,A1,verb,0.005383
1766,stays,4635,0.03,4.26,2729,0.05,4.36,,,0.005383
1767,aware,1712,0.11,4.78,1612,0.1,4.66,B1,adjective,0.005386
1768,human,444,0.42,5.35,596,0.36,5.2,B1,"adjective, noun",0.005391
1769,stuart,5843,0.03,4.13,4885,0.02,4.04,,,0.005393
1770,logan,6707,0.02,4.04,4121,0.03,4.13,,,0.005393
1771,stopped,1542,0.13,4.84,895,0.21,4.97,,,0.005403
1772,heroes,3948,0.04,4.35,3311,0.04,4.25,,,0.005408
1773,holes,3949,0.04,4.35,3332,0.04,4.25,,,0.005408
1774,roy,4708,0.03,4.25,2806,0.05,4.35,,,0.005408
1775,birth,1745,0.11,4.77,1631,0.1,4.65,A1,noun,0.005409
1776,expert,2677,0.07,4.56,2369,0.06,4.45,A2,"adjective, noun",0.00542
1777,aliens,6757,0.02,4.03,4224,0.03,4.12,,,0.00542
1778,bill,729,0.26,5.15,817,0.23,5.01,B1,"noun, verb",0.005425
1779,med,8576,0.01,3.88,7125,0.01,3.8,,,0.005425
1780,cans,9578,0.01,3.8,6282,0.02,3.88,,,0.005425
1781,flowers,2299,0.08,4.64,1327,0.13,4.76,,,0.005432
1782,lay,2302,0.08,4.64,1345,0.13,4.76,B1,verb,0.005432
1783,albert,4735,0.03,4.24,2835,0.05,4.34,,,0.005434
1784,ever,204,0.85,5.66,181,1.54,5.84,A2,adverb,0.005444
1785,bath,3352,0.05,4.44,1991,0.08,4.55,A1,noun,0.005444
1786,pleased,3384,0.05,4.44,1970,0.08,4.55,A2,adjective,0.005444
1787,superman,6966,0.02,4.02,4286,0.03,4.11,,,0.005447
1788,answer,687,0.28,5.17,506,0.47,5.32,A1,"noun, verb",0.005453
1789,gregory,8673,0.01,3.87,7231,0.01,3.79,,,0.005454
1790,tearing,9831,0.01,3.79,6431,0.02,3.87,,,0.005454
1791,incident,2795,0.06,4.54,2458,0.06,4.43,B1,noun,0.005468
1792,backs,6025,0.02,4.1,5100,0.02,4.01,,,0.005473
1793,rumors,7053,0.02,4.01,4338,0.03,4.1,,,0.005473
1794,discovered,1855,0.1,4.74,1737,0.09,4.62,,,0.005479
1795,ordered,1873,0.1,4.74,1718,0.09,4.62,,,0.005479
1796,ant,8754,0.01,3.86,7367,0.01,3.78,B1,noun,0.005482
1797,antique,8755,0.01,3.86,7385,0.01,3.78,B1,"adjective, noun",0.005482
1798,sh,8856,0.01,3.86,7326,0.01,3.78,,,0.005482
1799,disco,9875,0.01,3.78,6524,0.02,3.86,A2,noun,0.005482
1800,humanity,4162,0.04,4.32,3495,0.04,4.22,B1,noun,0.005485
1801,imagination,4954,0.03,4.22,2966,0.05,4.32,A2,noun,0.005485
1802,key,788,0.25,5.12,864,0.22,4.98,A1,"adjective, noun",0.00549
1803,absolutely,1114,0.18,4.98,677,0.29,5.12,B1,adverb,0.00549
1804,window,1680,0.12,4.8,961,0.19,4.93,A1,noun,0.005493
1805,odd,3515,0.05,4.42,2046,0.08,4.53,B2,adjective,0.005493
1806,sexy,3525,0.05,4.42,2047,0.08,4.53,B2,adjective,0.005493
1807,disagree,6130,0.02,4.09,5137,0.02,4.0,A2,verb,0.005501
1808,chan,7105,0.02,4.0,4439,0.03,4.09,,,0.005501
1809,engagement,4233,0.04,4.31,3565,0.04,4.21,B2,noun,0.00551
1810,beaten,5007,0.03,4.21,3018,0.05,4.31,,,0.00551
1811,clean,1135,0.17,4.97,680,0.29,5.11,A1,"adjective, verb",0.005511
1812,peterson,8968,0.01,3.85,7477,0.01,3.77,,,0.005511
1813,arthur,3542,0.05,4.41,2068,0.07,4.52,,,0.005518
1814,skinny,7285,0.02,3.99,4565,0.03,4.08,,,0.005528
1815,deeper,4295,0.04,4.3,3641,0.04,4.2,,,0.005536
1816,barbara,5100,0.03,4.2,3044,0.04,4.3,,,0.005536
1817,jet,4388,0.04,4.29,3682,0.04,4.19,A1,noun,0.005562
1818,gary,3695,0.05,4.39,2146,0.07,4.5,,,0.005567
1819,flown,9179,0.01,3.83,7656,0.01,3.75,,,0.005569
1820,dating,2035,0.09,4.7,1862,0.09,4.58,B1,noun,0.005574
1821,scout,7498,0.02,3.97,4694,0.03,4.06,,,0.005583
1822,tap,4496,0.04,4.28,3754,0.03,4.18,B2,"noun, verb",0.005589
1823,chill,5304,0.03,4.18,3152,0.04,4.28,,,0.005589
1824,costume,5315,0.03,4.18,3182,0.04,4.28,B2,noun,0.005589
1825,proceed,5349,0.03,4.18,3169,0.04,4.28,B1,verb,0.005589
1826,grew,2072,0.09,4.69,1890,0.08,4.57,,,0.005598
1827,token,9410,0.01,3.82,7768,0.01,3.74,,,0.005599
1828,responsible,1407,0.14,4.88,1357,0.13,4.75,B1,adjective,0.005607
1829,stroke,4555,0.03,4.27,3867,0.03,4.17,B2,"noun, verb",0.005615
1830,guitar,3106,0.06,4.48,2703,0.05,4.37,A1,noun,0.005618
1831,snapped,9539,0.01,3.81,7856,0.01,3.73,,,0.005629
1832,la,947,0.21,5.05,1002,0.18,4.91,,,0.005645
1833,grown,2158,0.09,4.67,1963,0.08,4.55,,,0.005647
1834,arrows,9564,0.01,3.8,7977,0.01,3.72,,,0.005659
1835,psychologist,9654,0.01,3.8,8082,0.01,3.72,A2,noun,0.005659
1836,harvest,6792,0.02,4.03,5696,0.02,3.94,A2,noun,0.005667
1837,marc,6807,0.02,4.03,5724,0.02,3.94,,,0.005667
1838,risky,7842,0.02,3.94,4907,0.02,4.03,B2,adjective,0.005667
1839,zombie,7876,0.02,3.94,4944,0.02,4.03,,,0.005667
1840,accused,3204,0.05,4.46,2774,0.05,4.35,,,0.005669
1841,bound,3212,0.05,4.46,2770,0.05,4.35,B1,adjective,0.005669
1842,sensitive,3258,0.05,4.46,2803,0.05,4.35,B2,adjective,0.005669
1843,tear,3985,0.04,4.35,2310,0.07,4.46,B1,"noun, verb",0.005669
1844,wolf,3995,0.04,4.35,2325,0.06,4.46,B2,noun,0.005669
1845,brick,4658,0.03,4.25,3974,0.03,4.15,B1,noun,0.005669
1846,poem,4698,0.03,4.25,4014,0.03,4.15,A1,noun,0.005669
1847,salad,5624,0.03,4.15,3301,0.04,4.25,A1,noun,0.005669
1848,week,251,0.68,5.56,440,0.55,5.39,A1,noun,0.005671
1849,fight,585,0.32,5.23,439,0.56,5.39,B1,"noun, verb",0.005675
1850,rest,594,0.32,5.23,443,0.55,5.39,B1,"noun, verb",0.005675
1851,powerful,1492,0.13,4.85,1446,0.12,4.72,A2,adjective,0.005678
1852,harry,1943,0.1,4.72,1099,0.16,4.85,,,0.005678
1853,playground,9793,0.01,3.79,8093,0.01,3.71,A2,noun,0.005689
1854,anyone,411,0.45,5.38,334,0.79,5.55,A1,pronoun,0.005692
1855,trail,3341,0.05,4.45,2853,0.05,4.34,B2,"noun, verb",0.005695
1856,patrol,5720,0.03,4.14,3412,0.04,4.24,B1,noun,0.005696
1857,ta,6968,0.02,4.02,5742,0.02,3.93,,,0.005696
1858,plays,1533,0.13,4.84,1460,0.12,4.71,,,0.005702
1859,drinking,1993,0.1,4.71,1131,0.16,4.84,,,0.005702
1860,tv,644,0.29,5.2,756,0.25,5.05,A1,noun,0.005711
1861,chopped,9859,0.01,3.78,8298,0.01,3.7,,,0.005719
1862,melted,9917,0.01,3.78,8247,0.01,3.7,,,0.005719
1863,tractor,9973,0.01,3.78,8315,0.01,3.7,,,0.005719
1864,palm,4876,0.03,4.23,4120,0.03,4.13,B1,noun,0.005723
1865,dishes,5783,0.03,4.13,3461,0.04,4.23,,,0.005723
1866,helicopter,5798,0.03,4.13,3460,0.04,4.23,B2,noun,0.005723
1867,musician,7032,0.02,4.01,5914,0.02,3.92,A1,noun,0.005725
1868,other,73,2.7,6.16,149,2.01,5.95,A2,"determiner, pronoun",0.005728
1869,ran,1437,0.14,4.87,810,0.23,5.01,,,0.005737
1870,each,191,0.91,5.69,351,0.74,5.51,A1,"determiner, pronoun",0.00574
1871,commissioner,3415,0.05,4.43,2920,0.05,4.32,,,0.005747
1872,crimes,3420,0.05,4.43,2932,0.05,4.32,,,0.005747
1873,gym,3431,0.05,4.43,2946,0.05,4.32,B1,noun,0.005747
1874,target,1619,0.12,4.82,1534,0.11,4.69,A2,noun,0.00575
1875,permit,4970,0.03,4.22,4230,0.03,4.12,B1,verb,0.005751
1876,cottage,7112,0.02,4.0,5970,0.02,3.91,B2,noun,0.005754
1877,prescription,7169,0.02,4.0,6030,0.02,3.91,B1,noun,0.005754
1878,then,91,2.18,6.07,83,4.43,6.29,A1,adverb,0.00576
1879,sitting,1469,0.13,4.86,836,0.22,5.0,,,0.00576
1880,fingers,2995,0.06,4.5,1743,0.09,4.62,,,0.005771
1881,hero,2114,0.09,4.68,1195,0.15,4.81,A2,noun,0.005774
1882,watch,461,0.41,5.34,355,0.72,5.51,A1,"noun, verb",0.005776
1883,cared,5942,0.02,4.11,3550,0.04,4.21,,,0.005778
1884,break,670,0.28,5.18,476,0.5,5.34,A1,"noun, verb",0.005783
1885,straw,7294,0.02,3.99,6066,0.02,3.9,B1,noun,0.005783
1886,weigh,7303,0.02,3.99,6082,0.02,3.9,A2,verb,0.005783
1887,capable,2429,0.08,4.61,2208,0.07,4.49,B1,adjective,0.005796
1888,desire,2436,0.08,4.61,2180,0.07,4.49,B2,"noun, verb",0.005796
1889,intact,7351,0.02,3.98,6177,0.02,3.89,,,0.005812
1890,touches,7403,0.02,3.98,6216,0.02,3.89,,,0.005812
1891,ana,8386,0.01,3.89,5311,0.02,3.98,,,0.005812
1892,cocktail,8398,0.01,3.89,5299,0.02,3.98,B2,noun,0.005812
1893,heading,3107,0.06,4.48,1774,0.09,4.6,,,0.005822
1894,movies,1699,0.11,4.79,1603,0.1,4.66,,,0.005823
1895,rather,478,0.39,5.32,634,0.33,5.16,A2,adverb,0.005827
1896,tried,724,0.27,5.16,503,0.47,5.32,,,0.005827
1897,smart,1578,0.13,4.83,892,0.21,4.97,A1,adjective,0.005831
1898,invisible,6153,0.02,4.09,3709,0.03,4.19,B2,adjective,0.005834
1899,used,156,1.18,5.8,282,0.92,5.61,A2,adjective,0.005838
1900,lot,219,0.76,5.61,191,1.43,5.8,A1,"adverb, noun, pronoun",0.005838
1901,explosive,7444,0.02,3.97,6365,0.02,3.88,B2,"adjective, noun",0.005842
1902,superintendent,7505,0.02,3.97,6369,0.02,3.88,B2,noun,0.005842
1903,tumor,7514,0.02,3.97,6303,0.02,3.88,,,0.005842
1904,gate,3167,0.05,4.47,1817,0.09,4.59,A2,noun,0.005848
1905,makeup,3703,0.05,4.39,3156,0.04,4.28,,,0.005853
1906,slip,4488,0.04,4.28,2634,0.05,4.39,B1,"noun, verb",0.005853
1907,like,42,4.79,6.41,37,10.36,6.66,A1,"conjunction, preposition, verb",0.005854
1908,fabulous,6241,0.02,4.08,3742,0.03,4.18,B2,adjective,0.005863
1909,save,755,0.26,5.14,517,0.45,5.3,A1,verb,0.005872
1910,triumph,7630,0.02,3.96,6440,0.02,3.87,B1,noun,0.005872
1911,thousands,1776,0.11,4.77,1674,0.1,4.64,,,0.005873
1912,jason,3241,0.05,4.46,1856,0.09,4.58,,,0.005874
1913,anonymous,5385,0.03,4.17,4618,0.03,4.07,B2,adjective,0.005891
1914,si,5453,0.03,4.17,4616,0.03,4.07,,,0.005891
1915,bird,2329,0.08,4.63,1325,0.13,4.76,A1,noun,0.005898
1916,shift,2644,0.07,4.57,2363,0.06,4.45,B1,"noun, verb",0.0059
1917,alan,3275,0.05,4.45,1895,0.08,4.57,,,0.0059
1918,compassion,7664,0.02,3.95,6545,0.02,3.86,B2,noun,0.005902
1919,execute,7687,0.02,3.95,6484,0.02,3.86,B2,verb,0.005902
1920,missiles,7717,0.02,3.95,6561,0.02,3.86,,,0.005902
1921,embrace,5494,0.03,4.16,4644,0.03,4.06,B2,noun,0.00592
1922,react,5538,0.03,4.16,4639,0.03,4.06,B1,verb,0.00592
1923,button,2658,0.07,4.56,2406,0.06,4.44,A1,noun,0.005926
1924,kelly,3374,0.05,4.44,1959,0.08,4.56,,,0.005926
1925,fare,7790,0.02,3.94,6672,0.02,3.85,A2,noun,0.005932
1926,cakes,8903,0.01,3.85,5709,0.02,3.94,,,0.005932
1927,strip,3911,0.04,4.36,3340,0.04,4.25,B2,"noun, verb",0.005935
1928,jumped,4683,0.03,4.25,2757,0.05,4.36,,,0.005935
1929,believing,5576,0.03,4.15,4740,0.03,4.05,,,0.005949
1930,freezing,6576,0.02,4.05,3957,0.03,4.15,B1,adjective,0.005949
1931,band,1262,0.15,4.92,1288,0.14,4.78,A1,noun,0.005952
1932,impossible,1724,0.11,4.78,986,0.19,4.92,A2,adjective,0.005952
1933,shoe,4796,0.03,4.24,2785,0.05,4.35,A1,noun,0.005963
1934,incoming,7932,0.02,3.93,6699,0.02,3.84,,,0.005963
1935,swamp,9107,0.01,3.84,5785,0.02,3.93,,,0.005963
1936,teenage,5743,0.03,4.14,4804,0.02,4.04,A2,adjective,0.005978
1937,empire,2789,0.06,4.54,2513,0.06,4.42,B1,noun,0.005979
1938,parker,4877,0.03,4.23,2843,0.05,4.34,,,0.005991
1939,baked,8008,0.02,3.92,6841,0.02,3.83,,,0.005994
1940,puts,2852,0.06,4.53,2518,0.06,4.41,,,0.006006
1941,charlotte,4926,0.03,4.22,2904,0.05,4.33,,,0.006019
1942,oliver,4967,0.03,4.22,2858,0.05,4.33,,,0.006019
1943,hay,8152,0.02,3.91,6898,0.01,3.82,B2,noun,0.006025
1944,despair,9319,0.01,3.82,5975,0.02,3.91,B1,noun,0.006025
1945,dragging,9322,0.01,3.82,6025,0.02,3.91,,,0.006025
1946,finish,1305,0.15,4.91,737,0.26,5.06,A1,"noun, verb",0.006036
1947,deer,5872,0.02,4.12,4990,0.02,4.02,B2,noun,0.006037
1948,ocean,2049,0.09,4.7,1910,0.08,4.57,B1,noun,0.006051
1949,earth,923,0.21,5.06,582,0.37,5.22,A2,noun,0.006056
1950,flee,9469,0.01,3.81,6137,0.02,3.9,B2,verb,0.006056
1951,sofa,9540,0.01,3.81,6052,0.02,3.9,A1,noun,0.006056
1952,venus,9553,0.01,3.81,6058,0.02,3.9,,,0.006056
1953,fed,2946,0.06,4.51,2617,0.06,4.39,,,0.00606
1954,respected,6007,0.02,4.11,5099,0.02,4.01,B2,adjective,0.006067
1955,leonard,7024,0.02,4.01,4318,0.03,4.11,,,0.006067
1956,massage,7028,0.02,4.01,4259,0.03,4.11,B2,noun,0.006067
1957,or,28,6.46,6.54,85,4.4,6.29,A1,conjunction,0.006075
1958,jazz,4244,0.04,4.31,3638,0.04,4.2,B1,noun,0.006076
1959,planned,2085,0.09,4.69,1921,0.08,4.56,,,0.006077
1960,wrote,984,0.2,5.04,1023,0.18,4.89,,,0.006085
1961,crow,9590,0.01,3.8,6199,0.02,3.89,B1,noun,0.006088
1962,puppet,9655,0.01,3.8,6156,0.02,3.89,,,0.006088
1963,seize,9669,0.01,3.8,6195,0.02,3.89,B1,verb,0.006088
1964,sting,9674,0.01,3.8,6207,0.02,3.89,,,0.006088
1965,film,633,0.29,5.2,765,0.25,5.04,B1,"noun, verb",0.006104
1966,security,641,0.29,5.2,763,0.25,5.04,B1,noun,0.006104
1967,conversations,4291,0.04,4.3,3706,0.03,4.19,,,0.006104
1968,talented,4338,0.04,4.3,3715,0.03,4.19,B1,adjective,0.006104
1969,distant,5212,0.03,4.19,3065,0.04,4.3,B1,adjective,0.006104
1970,wasted,5281,0.03,4.19,3049,0.04,4.3,,,0.006104
1971,hook,3816,0.04,4.37,2196,0.07,4.49,B2,"noun, verb",0.006115
1972,robert,1499,0.13,4.85,1458,0.12,4.71,,,0.006127
1973,cancel,5300,0.03,4.18,3100,0.04,4.29,B1,verb,0.006133
1974,cold,1013,0.2,5.02,610,0.34,5.18,A1,"adjective, noun",0.006151
1975,shields,8727,0.01,3.87,7377,0.01,3.78,,,0.006151
1976,ideas,1527,0.13,4.84,1505,0.11,4.7,,,0.006153
1977,butler,6219,0.02,4.08,5302,0.02,3.98,,,0.006157
1978,rebel,6291,0.02,4.08,5377,0.02,3.98,B2,"noun, verb",0.006157
1979,bump,7316,0.02,3.98,4524,0.03,4.08,B1,verb,0.006157
1980,cocaine,7321,0.02,3.98,4548,0.03,4.08,,,0.006157
1981,dale,7331,0.02,3.98,4535,0.03,4.08,,,0.006157
1982,gig,7344,0.02,3.98,4562,0.03,4.08,,,0.006157
1983,counts,4436,0.04,4.28,3808,0.03,4.17,,,0.006162
1984,rolling,3194,0.05,4.47,2805,0.05,4.35,B1,adjective,0.00617
1985,line,306,0.58,5.49,509,0.46,5.31,B2,"noun, verb",0.006173
1986,million,469,0.4,5.33,631,0.33,5.16,A2,number,0.00618
1987,committed,2246,0.08,4.65,2065,0.07,4.52,,,0.006184
1988,assured,6329,0.02,4.07,5450,0.02,3.97,,,0.006188
1989,intel,6370,0.02,4.07,5390,0.02,3.97,,,0.006188
1990,toe,6424,0.02,4.07,5388,0.02,3.97,A2,noun,0.006188
1991,warrior,5564,0.03,4.16,3227,0.04,4.27,B1,noun,0.006192
1992,argue,3206,0.05,4.46,2852,0.05,4.34,A2,verb,0.006198
1993,breaks,3213,0.05,4.46,2851,0.05,4.34,,,0.006198
1994,package,3249,0.05,4.46,2830,0.05,4.34,B1,noun,0.006198
1995,surprised,2135,0.09,4.68,1171,0.15,4.82,A2,adjective,0.006205
1996,sat,2314,0.08,4.64,2093,0.07,4.51,,,0.006211
1997,dan,2938,0.06,4.51,1651,0.1,4.64,,,0.006211
1998,intimate,6487,0.02,4.06,5472,0.02,3.96,B2,adjective,0.006219
1999,homeless,4607,0.03,4.26,4007,0.03,4.15,B1,adjective,0.006221
2000,harvey,5600,0.03,4.15,3269,0.04,4.26,,,0.006221
2001,ground,735,0.26,5.15,851,0.22,4.99,A1,noun,0.006224
2002,jesus,1106,0.18,4.99,640,0.32,5.15,,,0.006224
2003,bars,3280,0.05,4.45,2907,0.05,4.33,,,0.006227
2004,charity,3283,0.05,4.45,2868,0.05,4.33,B1,noun,0.006227
2005,legs,2163,0.09,4.67,1194,0.15,4.81,,,0.006231
2006,tom,1582,0.13,4.83,871,0.21,4.98,,,0.006235
2007,gang,2999,0.06,4.5,1692,0.1,4.63,B2,noun,0.006238
2008,shower,3026,0.06,4.5,1677,0.1,4.63,B2,"noun, verb",0.006238
2009,black,326,0.54,5.46,537,0.43,5.28,A1,"adjective, noun",0.006242
2010,elbow,9037,0.01,3.84,7651,0.01,3.75,B1,noun,0.006249
2011,exile,9042,0.01,3.84,7745,0.01,3.75,B2,noun,0.006249
2012,ruler,9091,0.01,3.84,7707,0.01,3.75,A1,noun,0.006249
2013,tattoos,9112,0.01,3.84,7655,0.01,3.75,,,0.006249
2014,withdraw,6644,0.02,4.05,5610,0.02,3.95,B2,verb,0.00625
2015,bargain,7651,0.02,3.95,4724,0.03,4.05,B2,"noun, verb",0.00625
2016,strangers,5737,0.03,4.14,3307,0.04,4.25,,,0.006251
2017,tattoo,5742,0.03,4.14,3364,0.04,4.25,B2,noun,0.006251
2018,legend,3375,0.05,4.44,2963,0.05,4.32,B2,noun,0.006255
2019,cure,4149,0.04,4.32,2385,0.06,4.44,B2,"noun, verb",0.006255
2020,hole,2206,0.09,4.66,1242,0.14,4.8,A1,noun,0.006258
2021,leg,2215,0.09,4.66,1247,0.14,4.8,A1,noun,0.006258
2022,today,258,0.66,5.55,222,1.27,5.75,A1,"adverb, noun",0.006265
2023,mud,5815,0.03,4.13,3414,0.04,4.24,B1,noun,0.006281
2024,curtis,7784,0.02,3.94,4848,0.02,4.04,,,0.006281
2025,dull,7788,0.02,3.94,4802,0.02,4.04,B1,adjective,0.006281
2026,freeman,9182,0.01,3.83,7784,0.01,3.74,,,0.006282
2027,agent,1622,0.12,4.81,919,0.2,4.96,A2,noun,0.006286
2028,soul,1649,0.12,4.81,915,0.2,4.96,B1,noun,0.006286
2029,set,234,0.72,5.59,429,0.57,5.4,A1,"noun, verb",0.006292
2030,hundreds,2447,0.08,4.61,2252,0.07,4.48,,,0.006293
2031,forward,785,0.25,5.12,912,0.21,4.96,A2,adverb,0.006299
2032,rangers,4883,0.03,4.23,4236,0.03,4.12,,,0.006311
2033,charm,5863,0.02,4.12,3463,0.04,4.23,B1,noun,0.006311
2034,virus,3537,0.05,4.42,3037,0.05,4.3,B1,noun,0.006313
2035,tribal,6849,0.02,4.03,5801,0.02,3.93,,,0.006313
2036,eden,9325,0.01,3.82,7866,0.01,3.73,,,0.006316
2037,brian,3149,0.05,4.47,1802,0.09,4.6,,,0.006321
2038,neck,2358,0.08,4.63,1301,0.13,4.77,A1,noun,0.006338
2039,presents,3576,0.05,4.41,3127,0.04,4.29,,,0.006342
2040,witnesses,4421,0.04,4.29,2546,0.06,4.41,,,0.006342
2041,ruins,6959,0.02,4.02,5908,0.02,3.92,,,0.006345
2042,yu,8109,0.02,3.92,5012,0.02,4.02,,,0.006345
2043,saying,426,0.44,5.37,322,0.82,5.56,,,0.006362
2044,landing,3634,0.05,4.4,3170,0.04,4.28,B2,noun,0.006371
2045,ralph,6090,0.02,4.1,3580,0.04,4.21,,,0.006372
2046,shark,6098,0.02,4.1,3587,0.04,4.21,,,0.006372
2047,none,1251,0.16,4.93,702,0.28,5.09,B1,pronoun,0.006374
2048,pulls,7047,0.02,4.01,5962,0.02,3.91,,,0.006377
2049,try,299,0.59,5.5,242,1.13,5.7,A2,"noun, verb",0.006378
2050,went,300,0.59,5.5,244,1.12,5.7,,,0.006378
2051,trusts,9681,0.01,3.8,8171,0.01,3.71,,,0.006383
2052,may,110,1.78,5.98,215,1.3,5.76,A1,"modal auxiliary, noun",0.006385
2053,neither,1767,0.11,4.77,988,0.19,4.92,B2,"adverb, conjunction, determiner, pronoun",0.00639
2054,papers,2457,0.08,4.61,1367,0.13,4.75,,,0.006392
2055,dismissed,5122,0.03,4.2,4419,0.03,4.09,,,0.006402
2056,drill,6132,0.02,4.09,3616,0.04,4.2,A2,noun,0.006402
2057,fruit,2625,0.07,4.57,2400,0.06,4.44,A1,noun,0.006406
2058,dash,7116,0.02,4.0,6133,0.02,3.9,B2,"noun, verb",0.006409
2059,exams,7133,0.02,4.0,6122,0.02,3.9,,,0.006409
2060,beers,8242,0.01,3.9,5177,0.02,4.0,,,0.006409
2061,liked,1795,0.11,4.76,1003,0.18,4.91,,,0.006417
2062,berlin,3741,0.04,4.38,3255,0.04,4.26,,,0.00643
2063,bishop,3742,0.04,4.38,3272,0.04,4.26,B1,noun,0.00643
2064,panic,4621,0.03,4.26,2646,0.05,4.38,B2,"noun, verb",0.00643
2065,excitement,5218,0.03,4.19,4528,0.03,4.08,B1,noun,0.006433
2066,lit,5231,0.03,4.19,4534,0.03,4.08,,,0.006433
2067,overnight,5241,0.03,4.19,4503,0.03,4.08,B1,"adjective, adverb",0.006433
2068,coke,6224,0.02,4.08,3674,0.04,4.19,A1,noun,0.006433
2069,elephant,6236,0.02,4.08,3718,0.03,4.19,A2,noun,0.006433
2070,grief,6251,0.02,4.08,3689,0.03,4.19,B2,noun,0.006433
2071,widow,6317,0.02,4.08,3683,0.04,4.19,B2,noun,0.006433
2072,boring,3411,0.05,4.43,1923,0.08,4.56,A1,adjective,0.006434
2073,romantic,3451,0.05,4.43,1947,0.08,4.56,A2,adjective,0.006434
2074,bernie,7200,0.02,3.99,6226,0.02,3.89,,,0.006442
2075,expedition,7222,0.02,3.99,6220,0.02,3.89,B2,noun,0.006442
2076,inappropriate,7235,0.02,3.99,6252,0.02,3.89,,,0.006442
2077,heir,8432,0.01,3.89,5264,0.02,3.99,,,0.006442
2078,traces,8497,0.01,3.89,5265,0.02,3.99,,,0.006442
2079,trying,322,0.55,5.47,255,1.05,5.67,,,0.006446
2080,use,153,1.2,5.81,300,0.89,5.6,A1,"noun, verb",0.006452
2081,huge,927,0.21,5.06,1010,0.18,4.9,B1,adjective,0.006452
2082,caught,1326,0.15,4.9,741,0.26,5.06,,,0.006452
2083,air,418,0.44,5.37,604,0.35,5.19,A2,noun,0.006457
2084,ward,3854,0.04,4.37,3358,0.04,4.25,B1,noun,0.00646
2085,guests,3495,0.05,4.42,1996,0.08,4.55,,,0.006463
2086,suck,3532,0.05,4.42,1981,0.08,4.55,B2,verb,0.006463
2087,carpet,5301,0.03,4.18,4591,0.03,4.07,B1,noun,0.006465
2088,floating,5326,0.03,4.18,4595,0.03,4.07,,,0.006465
2089,suite,5372,0.03,4.18,4583,0.03,4.07,,,0.006465
2090,beard,6334,0.02,4.07,3789,0.03,4.18,B1,noun,0.006465
2091,nicely,6386,0.02,4.07,3775,0.03,4.18,B2,adverb,0.006465
2092,cars,1361,0.14,4.89,1397,0.12,4.74,,,0.00647
2093,wine,1884,0.1,4.74,1028,0.18,4.89,A2,noun,0.00647
2094,need,112,1.74,5.97,98,3.61,6.21,A2,"modal auxiliary, noun, verb",0.006471
2095,assistant,1928,0.1,4.72,1870,0.08,4.58,B1,"adjective, noun",0.006475
2096,ill,1946,0.1,4.72,1855,0.09,4.58,A2,adjective,0.006475
2097,understood,2603,0.07,4.58,1442,0.12,4.72,,,0.006475
2098,cord,7328,0.02,3.98,6358,0.02,3.88,,,0.006475
2099,desperately,7336,0.02,3.98,6271,0.02,3.88,B2,adverb,0.006475
2100,mercedes,7362,0.02,3.98,6297,0.02,3.88,,,0.006475
2101,ol,7368,0.02,3.98,6372,0.02,3.88,,,0.006475
2102,vienna,7408,0.02,3.98,6362,0.02,3.88,,,0.006475
2103,distracted,8534,0.01,3.88,5290,0.02,3.98,,,0.006475
2104,rented,8599,0.01,3.88,5325,0.02,3.98,,,0.006475
2105,just,41,5.01,6.43,33,11.58,6.71,A1,adverb,0.006487
2106,advice,1382,0.14,4.88,1423,0.12,4.73,A2,noun,0.006497
2107,trial,1441,0.14,4.87,1432,0.12,4.72,B2,noun,0.006524
2108,buzz,6550,0.02,4.05,3919,0.03,4.16,B2,"noun, verb",0.006528
2109,gives,991,0.2,5.03,1072,0.17,4.87,,,0.00653
2110,brought,706,0.27,5.16,485,0.49,5.34,,,0.006531
2111,filled,2041,0.09,4.7,1958,0.08,4.56,,,0.006531
2112,many,131,1.51,5.91,247,1.09,5.69,A1,"determiner, pronoun",0.00654
2113,inviting,8804,0.01,3.86,5551,0.02,3.96,,,0.006541
2114,middle,678,0.28,5.18,804,0.23,5.01,A2,"adjective, noun",0.006549
2115,pink,2905,0.06,4.52,2641,0.05,4.39,A2,"adjective, noun",0.00655
2116,freedom,1454,0.13,4.86,1467,0.12,4.71,A2,noun,0.006551
2117,country,313,0.56,5.48,527,0.44,5.29,A2,noun,0.006552
2118,cool,731,0.26,5.15,493,0.48,5.33,B2,"adjective, verb",0.006556
2119,younger,2098,0.09,4.69,1982,0.08,4.55,,,0.006559
2120,pipes,7723,0.02,3.95,6659,0.02,3.85,,,0.006575
2121,possessed,8972,0.01,3.85,5600,0.02,3.95,B2,adjective,0.006575
2122,kids,530,0.36,5.28,371,0.67,5.47,,,0.006577
2123,serve,1502,0.13,4.85,1504,0.11,4.7,A2,verb,0.006579
2124,moon,2048,0.09,4.7,1115,0.16,4.85,A1,noun,0.006579
2125,childhood,2931,0.06,4.51,2682,0.05,4.38,A2,noun,0.00658
2126,kicked,3765,0.04,4.38,2122,0.07,4.51,,,0.00658
2127,creatures,5022,0.03,4.21,2877,0.05,4.33,,,0.006582
2128,blank,5662,0.03,4.14,4919,0.02,4.03,A1,adjective,0.006592
2129,remembering,7840,0.02,3.94,6721,0.02,3.84,,,0.006608
2130,violet,9126,0.01,3.84,5683,0.02,3.94,,,0.006608
2131,honour,3815,0.04,4.37,2164,0.07,4.5,,,0.006609
2132,spell,3849,0.04,4.37,2141,0.07,4.5,A2,"noun, verb",0.006609
2133,romance,4188,0.04,4.32,3606,0.04,4.2,A2,noun,0.006612
2134,cave,5108,0.03,4.2,2954,0.05,4.32,B1,noun,0.006612
2135,grant,2157,0.09,4.67,2026,0.08,4.53,B1,"noun, verb",0.006616
2136,letting,2840,0.06,4.53,1587,0.1,4.67,,,0.006616
2137,consciousness,5774,0.03,4.13,5024,0.02,4.02,B2,noun,0.006624
2138,remain,1574,0.13,4.83,1549,0.11,4.68,A2,verb,0.006634
2139,count,1557,0.13,4.83,853,0.22,4.99,A2,"noun, verb",0.006637
2140,regiment,7965,0.02,3.93,6858,0.02,3.83,,,0.006643
2141,practically,5249,0.03,4.19,3006,0.05,4.31,B2,adverb,0.006644
2142,sheep,5264,0.03,4.19,3016,0.05,4.31,A1,noun,0.006644
2143,balls,2876,0.06,4.52,1597,0.1,4.66,,,0.006645
2144,money,210,0.81,5.64,176,1.64,5.86,A1,noun,0.006654
2145,brandon,6992,0.02,4.01,4217,0.03,4.12,,,0.006657
2146,delicate,7003,0.02,4.01,4211,0.03,4.12,B1,adjective,0.006657
2147,roses,7052,0.02,4.01,4175,0.03,4.12,,,0.006657
2148,travis,7074,0.02,4.01,4197,0.03,4.12,,,0.006657
2149,matter,415,0.45,5.38,307,0.86,5.58,A2,"noun, verb",0.00666
2150,find,169,1.07,5.76,136,2.18,5.99,A1,verb,0.006664
2151,earlier,1118,0.18,4.98,1188,0.15,4.82,,,0.006664
2152,josh,3955,0.04,4.35,2232,0.07,4.48,,,0.006669
2153,pulling,3971,0.04,4.35,2230,0.07,4.48,,,0.006669
2154,tie,2970,0.06,4.51,1642,0.1,4.65,B1,"noun, verb",0.006674
2155,separated,4332,0.04,4.3,3787,0.03,4.18,,,0.006675
2156,book,353,0.5,5.43,559,0.4,5.24,B1,"noun, verb",0.006676
2157,hatch,9343,0.01,3.82,5890,0.02,3.92,B1,noun,0.006677
2158,persuade,9379,0.01,3.82,5900,0.02,3.92,B1,verb,0.006677
2159,lord,832,0.23,5.1,532,0.43,5.28,,,0.006682
2160,women,245,0.69,5.57,463,0.52,5.37,,,0.006684
2161,selling,1646,0.12,4.81,1622,0.1,4.66,,,0.00669
2162,intentions,5976,0.02,4.11,5147,0.02,4.0,,,0.00669
2163,pure,2308,0.08,4.64,2134,0.07,4.5,B1,adjective,0.006703
2164,talent,2318,0.08,4.64,2159,0.07,4.5,A2,noun,0.006703
2165,remarkable,4406,0.04,4.29,3873,0.03,4.17,B1,adjective,0.006707
2166,tale,4416,0.04,4.29,3809,0.03,4.17,B1,noun,0.006707
2167,gentle,5419,0.03,4.17,3080,0.04,4.29,A2,adjective,0.006707
2168,surveillance,5456,0.03,4.17,3131,0.04,4.29,B2,noun,0.006707
2169,looks,436,0.43,5.36,325,0.81,5.56,,,0.006709
2170,collector,8131,0.02,3.91,7046,0.01,3.81,B2,noun,0.006712
2171,glow,8151,0.02,3.91,7053,0.01,3.81,B2,noun,0.006712
2172,hawk,9477,0.01,3.81,5978,0.02,3.91,,,0.006712
2173,honorable,9480,0.01,3.81,5976,0.02,3.91,,,0.006712
2174,melody,9496,0.01,3.81,5936,0.02,3.91,B2,noun,0.006712
2175,fatal,6051,0.02,4.1,5261,0.02,3.99,B2,adjective,0.006723
2176,sore,7289,0.02,3.99,4373,0.03,4.1,B1,adjective,0.006723
2177,gear,3234,0.05,4.46,2893,0.05,4.33,B2,noun,0.00673
2178,precious,4104,0.04,4.33,2326,0.06,4.46,B1,adjective,0.00673
2179,uniform,4131,0.04,4.33,2332,0.06,4.46,A2,"adjective, noun",0.00673
2180,passing,2362,0.08,4.63,2209,0.07,4.49,,,0.006733
2181,eric,3055,0.06,4.49,1682,0.1,4.63,,,0.006733
2182,lose,879,0.22,5.08,544,0.41,5.26,A2,verb,0.006734
2183,feeding,4448,0.04,4.28,3884,0.03,4.16,,,0.006738
2184,michelle,5522,0.03,4.16,3136,0.04,4.28,,,0.006738
2185,spirits,5553,0.03,4.16,3159,0.04,4.28,,,0.006738
2186,worries,5566,0.03,4.16,3165,0.04,4.28,,,0.006738
2187,dancers,8269,0.01,3.9,7165,0.01,3.8,,,0.006747
2188,shaft,8347,0.01,3.9,7094,0.01,3.8,,,0.006747
2189,unlock,8374,0.01,3.9,7188,0.01,3.8,B2,verb,0.006747
2190,glue,9613,0.01,3.8,6074,0.02,3.9,,,0.006747
2191,cart,7318,0.02,3.98,4437,0.03,4.09,,,0.006756
2192,safe,914,0.22,5.07,557,0.4,5.25,A2,adjective,0.00676
2193,eve,4155,0.04,4.32,2350,0.06,4.45,,,0.006761
2194,finger,3104,0.06,4.48,1731,0.09,4.62,B1,noun,0.006762
2195,weed,4566,0.03,4.27,4018,0.03,4.15,B2,noun,0.00677
2196,too,121,1.66,5.95,101,3.55,6.2,A1,adverb,0.006774
2197,win,408,0.46,5.39,592,0.36,5.2,A1,"noun, verb",0.006777
2198,together,331,0.54,5.46,257,1.05,5.67,A1,adverb,0.006781
2199,deeds,9731,0.01,3.79,6224,0.02,3.89,,,0.006782
2200,police,471,0.4,5.33,340,0.77,5.53,A2,noun,0.006783
2201,french,850,0.23,5.09,981,0.19,4.92,,,0.006786
2202,fail,2441,0.08,4.61,2263,0.07,4.47,A2,verb,0.006792
2203,harm,3169,0.05,4.47,1748,0.09,4.61,A2,"noun, verb",0.006792
2204,done,236,0.71,5.58,192,1.42,5.8,A2,do-verb,0.006795
2205,prove,1771,0.11,4.77,966,0.19,4.93,B1,verb,0.006802
2206,garden,1757,0.11,4.77,1726,0.09,4.62,A1,noun,0.006805
2207,power,280,0.62,5.52,497,0.47,5.32,A2,noun,0.006808
2208,soon,482,0.39,5.32,350,0.74,5.52,A1,adverb,0.006808
2209,silence,3261,0.05,4.46,1777,0.09,4.6,A2,noun,0.006822
2210,plain,3446,0.05,4.43,3041,0.04,4.3,B1,adjective,0.006823
2211,ink,6368,0.02,4.07,5508,0.02,3.96,B1,noun,0.006824
2212,magazines,6375,0.02,4.07,5509,0.02,3.96,,,0.006824
2213,tremendous,6426,0.02,4.07,5468,0.02,3.96,B1,adjective,0.006824
2214,suggesting,4718,0.03,4.25,4153,0.03,4.13,,,0.006835
2215,castle,3282,0.05,4.45,1831,0.09,4.59,A2,noun,0.006853
2216,hayes,8675,0.01,3.87,7402,0.01,3.77,,,0.006853
2217,struck,3530,0.05,4.42,3078,0.04,4.29,,,0.006854
2218,my,27,6.93,6.57,16,17.16,6.88,A1,determiner,0.006855
2219,necessary,1315,0.15,4.91,1375,0.13,4.75,A2,adjective,0.006858
2220,skin,1319,0.15,4.91,1350,0.13,4.75,B1,noun,0.006858
2221,excuses,7686,0.02,3.95,4665,0.03,4.06,,,0.006858
2222,feast,7689,0.02,3.95,4685,0.03,4.06,B1,noun,0.006858
2223,never,132,1.51,5.91,107,3.23,6.16,A1,adverb,0.006864
2224,worrying,5927,0.02,4.12,3400,0.04,4.24,B2,adjective,0.006868
2225,how,67,3.24,6.24,54,7.44,6.52,A1,adverb,0.006879
2226,jackson,2585,0.07,4.58,2380,0.06,4.44,,,0.006883
2227,mood,3378,0.05,4.44,1857,0.09,4.58,A2,noun,0.006883
2228,order,307,0.58,5.49,529,0.44,5.29,A2,"noun, verb",0.006884
2229,appreciate,1852,0.1,4.74,1018,0.18,4.9,A2,verb,0.006887
2230,pickup,8841,0.01,3.86,7610,0.01,3.76,,,0.006889
2231,smiled,8857,0.01,3.86,7622,0.01,3.76,,,0.006889
2232,enough,260,0.65,5.54,212,1.31,5.76,A2,"adverb, determiner, pronoun",0.006892
2233,savage,6616,0.02,4.05,5655,0.02,3.94,,,0.006892
2234,chess,7776,0.02,3.94,4777,0.03,4.05,A2,noun,0.006892
2235,folks,2537,0.07,4.59,1398,0.12,4.74,,,0.006893
2236,keep,206,0.85,5.66,171,1.73,5.89,A1,verb,0.006896
2237,noon,5988,0.02,4.11,3459,0.04,4.23,A2,noun,0.006901
2238,clock,3414,0.05,4.43,1909,0.08,4.57,A1,noun,0.006914
2239,forth,3625,0.05,4.4,3228,0.04,4.27,B1,adverb,0.006918
2240,interrupted,8948,0.01,3.85,7739,0.01,3.75,,,0.006925
2241,splash,8988,0.01,3.85,7743,0.01,3.75,A2,"noun, verb",0.006925
2242,utter,9003,0.01,3.85,7736,0.01,3.75,B2,verb,0.006925
2243,echo,6679,0.02,4.04,5783,0.02,3.93,,,0.006927
2244,witnessed,6752,0.02,4.04,5824,0.02,3.93,,,0.006927
2245,dial,7908,0.02,3.93,4858,0.02,4.04,B1,"noun, verb",0.006927
2246,ginger,7921,0.02,3.93,4832,0.02,4.04,B1,noun,0.006927
2247,pierce,7958,0.02,3.93,4889,0.02,4.04,,,0.006927
2248,holidays,4952,0.03,4.22,4382,0.03,4.1,,,0.006934
2249,technically,6105,0.02,4.1,3497,0.04,4.22,B2,adverb,0.006934
2250,plane,1958,0.1,4.72,1042,0.17,4.88,A1,noun,0.006944
2251,pair,1955,0.1,4.72,1882,0.08,4.57,A1,noun,0.006952
2252,fuck,396,0.46,5.39,289,0.9,5.6,,,0.006955
2253,ira,9057,0.01,3.84,7780,0.01,3.74,,,0.006962
2254,sights,9095,0.01,3.84,7829,0.01,3.74,,,0.006962
2255,closest,5016,0.03,4.21,4406,0.03,4.09,,,0.006968
2256,franklin,5043,0.03,4.21,4416,0.03,4.09,,,0.006968
2257,vulnerable,5095,0.03,4.21,4424,0.03,4.09,,,0.006968
2258,hired,3562,0.05,4.41,1992,0.08,4.55,,,0.006975
2259,broke,1477,0.13,4.85,787,0.24,5.02,,,0.00698
2260,cheap,1989,0.1,4.71,1946,0.08,4.56,A2,adjective,0.006982
2261,needing,6938,0.02,4.02,6011,0.02,3.91,,,0.006997
2262,questioned,6954,0.02,4.02,5955,0.02,3.91,,,0.006997
2263,compliment,8132,0.02,3.91,4961,0.02,4.02,B1,noun,0.006997
2264,churchill,9149,0.01,3.83,7838,0.01,3.73,,,0.006999
2265,sage,9247,0.01,3.83,7852,0.01,3.73,B2,noun,0.006999
2266,exhausted,6239,0.02,4.08,3610,0.04,4.2,B1,adjective,0.007001
2267,investigating,6257,0.02,4.08,3617,0.04,4.2,,,0.007001
2268,hate,807,0.24,5.11,521,0.45,5.3,A2,"noun, verb",0.007013
2269,instructions,3820,0.04,4.37,3398,0.04,4.24,,,0.007015
2270,merely,3828,0.04,4.37,3382,0.04,4.24,B1,adverb,0.007015
2271,dirt,4752,0.03,4.24,2718,0.05,4.37,B1,noun,0.007015
2272,jump,2078,0.09,4.69,1094,0.16,4.85,A1,"noun, verb",0.007032
2273,pad,7039,0.02,4.01,6083,0.02,3.9,B2,noun,0.007032
2274,salmon,7055,0.02,4.01,6106,0.02,3.9,B1,noun,0.007032
2275,balloon,8241,0.01,3.9,5067,0.02,4.01,A2,noun,0.007032
2276,boobs,8246,0.01,3.9,5037,0.02,4.01,,,0.007032
2277,stiff,8357,0.01,3.9,5079,0.02,4.01,B2,adjective,0.007032
2278,spotted,5268,0.03,4.19,4594,0.03,4.07,,,0.007035
2279,addicted,9279,0.01,3.82,8064,0.01,3.72,B2,adjective,0.007036
2280,dog,826,0.23,5.1,526,0.44,5.29,A1,noun,0.00704
2281,attorney,2060,0.09,4.69,2018,0.08,4.54,,,0.007043
2282,betting,7098,0.02,4.0,6159,0.02,3.89,,,0.007068
2283,plague,8468,0.01,3.89,5148,0.02,4.0,B2,noun,0.007068
2284,elder,6465,0.02,4.06,3788,0.03,4.18,,,0.007069
2285,hollywood,2897,0.06,4.52,2650,0.05,4.38,,,0.00707
2286,invited,2839,0.06,4.53,1556,0.11,4.68,,,0.007073
2287,bidding,9443,0.01,3.81,8119,0.01,3.71,B2,noun,0.007073
2288,bricks,9445,0.01,3.81,8129,0.01,3.71,,,0.007073
2289,glimpse,9475,0.01,3.81,8175,0.01,3.71,B1,noun,0.007073
2290,masterpiece,9495,0.01,3.81,8122,0.01,3.71,B2,noun,0.007073
2291,solomon,9541,0.01,3.81,8196,0.01,3.71,,,0.007073
2292,stretch,3984,0.04,4.35,3541,0.04,4.22,B1,verb,0.00708
2293,terrorist,3987,0.04,4.35,3524,0.04,4.22,B1,"adjective, noun",0.00708
2294,twelve,3990,0.04,4.35,3490,0.04,4.22,A1,number,0.00708
2295,fever,4945,0.03,4.22,2792,0.05,4.35,A1,noun,0.00708
2296,can,39,5.36,6.46,28,13.29,6.77,A2,"modal auxiliary, noun",0.007084
2297,smoke,2181,0.09,4.67,1161,0.15,4.83,A2,"noun, verb",0.007091
2298,golden,2156,0.09,4.67,2062,0.08,4.52,A2,adjective,0.007104
2299,recognize,2908,0.06,4.52,1574,0.11,4.67,,,0.007104
2300,barrel,5391,0.03,4.17,4786,0.03,4.05,B1,noun,0.007104
2301,defeated,5412,0.03,4.17,4720,0.03,4.05,,,0.007104
2302,fears,5416,0.03,4.17,4758,0.03,4.05,,,0.007104
2303,bout,6547,0.02,4.05,3847,0.03,4.17,,,0.007104
2304,owen,6603,0.02,4.05,3822,0.03,4.17,,,0.007104
2305,microwave,9633,0.01,3.8,8280,0.01,3.7,B2,noun,0.007111
2306,control,384,0.47,5.4,594,0.36,5.2,B1,"noun, verb",0.00712
2307,favorite,1139,0.17,4.97,1226,0.14,4.8,,,0.007124
2308,sold,1150,0.17,4.97,1237,0.14,4.8,,,0.007124
2309,prison,1670,0.12,4.8,887,0.21,4.97,B1,noun,0.007124
2310,turn,484,0.39,5.32,342,0.76,5.53,A1,"noun, verb",0.007135
2311,italian,2211,0.09,4.66,2101,0.07,4.51,,,0.007135
2312,arriving,5476,0.03,4.16,4810,0.02,4.04,,,0.007139
2313,magnificent,6708,0.02,4.04,3895,0.03,4.16,B1,adjective,0.007139
2314,soda,6740,0.02,4.04,3885,0.03,4.16,A2,noun,0.007139
2315,bully,8644,0.01,3.87,5307,0.02,3.98,B2,verb,0.00714
2316,haunted,8674,0.01,3.87,5289,0.02,3.98,,,0.00714
2317,wonder,1258,0.16,4.93,687,0.29,5.11,A2,"noun, verb",0.007143
2318,strap,9825,0.01,3.79,8413,0.01,3.69,,,0.007149
2319,your,31,6.31,6.53,19,16.02,6.85,A1,determiner,0.00715
2320,heart,491,0.38,5.31,349,0.74,5.52,A1,noun,0.007162
2321,tone,3092,0.06,4.49,2808,0.05,4.35,A2,noun,0.007166
2322,carter,3929,0.04,4.35,2201,0.07,4.49,,,0.007166
2323,grateful,3947,0.04,4.35,2204,0.07,4.49,A2,adjective,0.007166
2324,rob,3979,0.04,4.35,2181,0.07,4.49,A2,verb,0.007166
2325,involved,829,0.23,5.1,982,0.19,4.92,B1,adjective,0.007171
2326,collins,5585,0.03,4.15,4951,0.02,4.03,,,0.007174
2327,pill,6821,0.02,4.03,3982,0.03,4.15,A2,noun,0.007174
2328,monkeys,8829,0.01,3.86,5397,0.02,3.97,,,0.007177
2329,fighter,4158,0.04,4.32,3676,0.04,4.19,A2,noun,0.00718
2330,tony,2321,0.08,4.64,1227,0.14,4.8,,,0.007182
2331,mary,1730,0.11,4.78,923,0.2,4.95,,,0.007183
2332,depths,9873,0.01,3.78,8501,0.01,3.68,,,0.007188
2333,rod,5731,0.03,4.14,4981,0.02,4.02,,,0.007209
2334,switched,5740,0.03,4.14,4988,0.02,4.02,,,0.007209
2335,lamb,6930,0.02,4.02,4040,0.03,4.14,B1,noun,0.007209
2336,sticking,6964,0.02,4.02,4088,0.03,4.14,,,0.007209
2337,canyon,7533,0.02,3.96,6578,0.02,3.85,,,0.007214
2338,mumbai,7585,0.02,3.96,6664,0.02,3.85,,,0.007214
2339,stir,7614,0.02,3.96,6598,0.02,3.85,B1,verb,0.007214
2340,bets,8896,0.01,3.85,5480,0.02,3.96,,,0.007214
2341,bad,270,0.63,5.53,219,1.29,5.76,A1,adjective,0.007218
2342,continue,865,0.22,5.08,1017,0.18,4.9,A2,verb,0.007229
2343,zero,2377,0.08,4.63,2235,0.07,4.48,,,0.00723
2344,weekend,1257,0.16,4.93,1343,0.13,4.76,A1,noun,0.007242
2345,whip,7085,0.02,4.01,4160,0.03,4.13,B2,verb,0.007244
2346,number,216,0.78,5.62,432,0.57,5.4,A1,noun,0.007246
2347,frost,7693,0.02,3.95,6739,0.02,3.84,B1,noun,0.007251
2348,que,9084,0.01,3.84,5609,0.02,3.95,,,0.007251
2349,robbie,9090,0.01,3.84,5571,0.02,3.95,,,0.007251
2350,sperm,9102,0.01,3.84,5635,0.02,3.95,,,0.007251
2351,whose,919,0.22,5.07,1040,0.17,4.89,A1,"determiner, pronoun",0.007258
2352,worse,1381,0.14,4.89,730,0.26,5.07,B2,"adjective, adverb, noun",0.007258
2353,theme,2411,0.08,4.62,2274,0.07,4.47,B2,noun,0.007261
2354,it,12,16.59,6.95,4,47.35,7.32,A1,"noun, pronoun",0.007268
2355,beach,1263,0.15,4.92,1353,0.13,4.75,A1,noun,0.007272
2356,demons,7119,0.02,4.0,4187,0.03,4.12,,,0.00728
2357,colleagues,4360,0.04,4.29,3948,0.03,4.16,,,0.007283
2358,fireworks,9178,0.01,3.83,5702,0.02,3.94,,,0.007288
2359,ivy,9199,0.01,3.83,5657,0.02,3.94,,,0.007288
2360,lead,636,0.29,5.2,820,0.23,5.01,B1,"adjective, noun, verb",0.007291
2361,loose,3243,0.05,4.46,1760,0.09,4.61,A2,adjective,0.007294
2362,gross,3305,0.05,4.45,2971,0.05,4.31,B2,adjective,0.007298
2363,pretty,416,0.45,5.38,292,0.9,5.6,A2,"adjective, adverb",0.007299
2364,evil,1859,0.1,4.74,1005,0.18,4.91,B2,"adjective, noun",0.007302
2365,name,220,0.76,5.61,179,1.58,5.85,B1,"noun, verb",0.00731
2366,future,466,0.4,5.33,664,0.3,5.13,A1,"adjective, noun",0.007312
2367,stake,5631,0.03,4.15,3162,0.04,4.28,B2,noun,0.007317
2368,test,667,0.29,5.19,832,0.23,5.0,B2,"noun, verb",0.007319
2369,gave,559,0.33,5.25,384,0.65,5.46,,,0.007323
2370,row,2498,0.07,4.6,2373,0.06,4.45,B2,"noun, verb",0.007326
2371,casualties,7893,0.02,3.93,6933,0.01,3.82,,,0.007326
2372,catches,7894,0.02,3.93,6956,0.01,3.82,,,0.007326
2373,sensors,7974,0.02,3.93,6909,0.01,3.82,,,0.007326
2374,us,95,2.05,6.04,77,4.68,6.32,A1,pronoun,0.007331
2375,darkness,4294,0.04,4.3,2381,0.06,4.44,B1,noun,0.007331
2376,likes,1907,0.1,4.73,1014,0.18,4.9,,,0.007333
2377,such,146,1.29,5.84,288,0.91,5.6,A2,"determiner, pronoun",0.007335
2378,thoughts,1843,0.1,4.75,1808,0.09,4.59,,,0.007336
2379,present,680,0.28,5.18,846,0.22,4.99,B2,"adjective, noun, verb",0.007348
2380,treating,4562,0.03,4.27,4026,0.03,4.14,,,0.007352
2381,nancy,5715,0.03,4.14,3203,0.04,4.27,,,0.007352
2382,hardest,6055,0.02,4.1,5337,0.02,3.98,,,0.007352
2383,survivors,6103,0.02,4.1,5381,0.02,3.98,,,0.007352
2384,wade,7409,0.02,3.98,4380,0.03,4.1,,,0.007352
2385,armed,2512,0.07,4.59,2387,0.06,4.44,A2,adjective,0.007358
2386,su,8094,0.02,3.92,7042,0.01,3.81,,,0.007364
2387,dolls,9458,0.01,3.81,5902,0.02,3.92,,,0.007364
2388,electricity,3426,0.05,4.43,3068,0.04,4.29,B1,noun,0.007365
2389,alien,4347,0.04,4.29,2435,0.06,4.43,,,0.007365
2390,send,817,0.24,5.11,510,0.46,5.31,A2,verb,0.007368
2391,river,1001,0.2,5.03,1102,0.16,4.85,A1,noun,0.007376
2392,gold,692,0.28,5.17,867,0.22,4.98,A2,"adjective, noun",0.007377
2393,warren,4643,0.03,4.26,4105,0.03,4.13,,,0.007387
2394,sentence,2599,0.07,4.58,2464,0.06,4.43,B2,"noun, verb",0.007391
2395,andy,3405,0.05,4.43,1851,0.09,4.58,,,0.007391
2396,challenge,1389,0.14,4.88,1473,0.11,4.71,B2,"noun, verb",0.007394
2397,bear,1985,0.1,4.71,1055,0.17,4.88,A2,"noun, verb",0.007394
2398,tight,2649,0.07,4.57,1413,0.12,4.73,B2,"adjective, adverb",0.0074
2399,ammunition,8117,0.02,3.91,7092,0.01,3.8,,,0.007402
2400,fury,8147,0.02,3.91,7174,0.01,3.8,,,0.007402
2401,flush,9610,0.01,3.8,5996,0.02,3.91,,,0.007402
2402,unpleasant,9684,0.01,3.8,6001,0.02,3.91,A2,adjective,0.007402
2403,bank,705,0.27,5.16,898,0.21,4.97,A2,"noun, verb",0.007406
2404,certain,707,0.27,5.16,879,0.21,4.97,A2,adjective,0.007406
2405,spider,4715,0.03,4.25,4234,0.03,4.12,B1,noun,0.007423
2406,works,522,0.36,5.29,705,0.28,5.09,,,0.007425
2407,oath,7587,0.02,3.96,4553,0.03,4.08,B2,noun,0.007426
2408,toes,7625,0.02,3.96,4492,0.03,4.08,,,0.007426
2409,shape,1967,0.1,4.72,1943,0.08,4.56,B1,"noun, verb",0.007432
2410,calling,1159,0.17,4.96,642,0.32,5.15,,,0.007436
2411,kenneth,8306,0.01,3.9,7222,0.01,3.79,,,0.00744
2412,sensation,8346,0.01,3.9,7224,0.01,3.79,B1,noun,0.00744
2413,belle,9706,0.01,3.79,6064,0.02,3.9,,,0.00744
2414,edgar,9738,0.01,3.79,6042,0.02,3.9,,,0.00744
2415,feathers,9748,0.01,3.79,6041,0.02,3.9,,,0.00744
2416,rehab,9807,0.01,3.79,6071,0.02,3.9,,,0.00744
2417,pick,881,0.22,5.08,539,0.43,5.28,A1,"noun, verb",0.007454
2418,suddenly,2089,0.09,4.69,1089,0.16,4.86,B1,adverb,0.007456
2419,object,2689,0.07,4.56,2533,0.06,4.41,B2,"noun, verb",0.007457
2420,telephone,3587,0.05,4.41,1956,0.08,4.56,A2,"noun, verb",0.007457
2421,avoiding,6332,0.02,4.07,5589,0.02,3.95,,,0.007463
2422,hint,6363,0.02,4.07,5623,0.02,3.95,B2,noun,0.007463
2423,corrected,7666,0.02,3.95,4596,0.03,4.07,,,0.007463
2424,relieved,7731,0.02,3.95,4570,0.03,4.07,B2,adjective,0.007463
2425,barry,4578,0.03,4.26,2588,0.06,4.4,,,0.007467
2426,sincerely,8486,0.01,3.89,7351,0.01,3.78,,,0.007479
2427,flynn,9897,0.01,3.78,6211,0.02,3.89,,,0.007479
2428,jade,9909,0.01,3.78,6217,0.02,3.89,B1,noun,0.007479
2429,circle,2720,0.07,4.55,2562,0.06,4.4,B1,"noun, verb",0.00749
2430,stops,3657,0.05,4.4,1974,0.08,4.55,,,0.00749
2431,assuming,4822,0.03,4.23,4331,0.03,4.1,,,0.007494
2432,fixed,2042,0.09,4.7,2007,0.08,4.54,B2,adjective,0.007496
2433,powers,2050,0.09,4.7,2002,0.08,4.54,,,0.007496
2434,checked,2779,0.06,4.54,1499,0.11,4.7,,,0.007496
2435,sight,2808,0.06,4.54,1490,0.11,4.7,A1,noun,0.007496
2436,chambers,6445,0.02,4.06,5673,0.02,3.94,,,0.0075
2437,gum,7799,0.02,3.94,4669,0.03,4.06,B2,noun,0.0075
2438,wish,685,0.28,5.18,437,0.56,5.39,A2,"noun, verb",0.007518
2439,bomber,8517,0.01,3.88,7494,0.01,3.77,B2,noun,0.007518
2440,committing,8525,0.01,3.88,7481,0.01,3.77,,,0.007518
2441,help,171,1.05,5.75,131,2.31,6.01,A1,"noun, verb",0.00752
2442,gifts,3757,0.04,4.38,3376,0.04,4.24,,,0.007537
2443,lessons,3766,0.04,4.38,3416,0.04,4.24,,,0.007537
2444,occasion,3771,0.04,4.38,3417,0.04,4.24,B1,"noun, verb",0.007537
2445,pope,3776,0.04,4.38,3397,0.04,4.24,,,0.007537
2446,gather,4762,0.03,4.24,2677,0.05,4.38,A2,verb,0.007537
2447,sophisticated,6623,0.02,4.05,5782,0.02,3.93,B2,adjective,0.007538
2448,satan,7970,0.02,3.93,4728,0.03,4.05,,,0.007538
2449,sonic,7980,0.02,3.93,4748,0.03,4.05,,,0.007538
2450,charges,2101,0.09,4.68,2080,0.07,4.52,,,0.007561
2451,as,18,10.97,6.77,60,6.23,6.44,A1,"conjunction, preposition",0.007564
2452,tastes,6302,0.02,4.08,3549,0.04,4.21,,,0.007566
2453,instead,573,0.32,5.24,761,0.25,5.04,A2,adverb,0.00757
2454,matthew,3827,0.04,4.37,3423,0.04,4.23,,,0.007572
2455,monitor,3829,0.04,4.37,3433,0.04,4.23,B1,"noun, verb",0.007572
2456,proud,1735,0.11,4.78,908,0.21,4.96,B1,adjective,0.00759
2457,phil,3833,0.04,4.37,2081,0.07,4.52,,,0.007592
2458,terrorists,5167,0.03,4.2,4574,0.03,4.07,,,0.007603
2459,imagined,6366,0.02,4.07,3615,0.04,4.2,,,0.007603
2460,gene,3883,0.04,4.36,3507,0.04,4.22,B1,noun,0.007607
2461,cease,6769,0.02,4.03,6019,0.02,3.91,B2,verb,0.007614
2462,draw,1629,0.12,4.81,1656,0.1,4.64,A1,"noun, verb",0.007615
2463,tough,1777,0.11,4.77,934,0.2,4.95,B2,adjective,0.007621
2464,lets,2952,0.06,4.51,2742,0.05,4.36,,,0.007626
2465,concern,2195,0.09,4.66,2165,0.07,4.5,B2,"noun, verb",0.007628
2466,studio,2235,0.09,4.66,2174,0.07,4.5,B1,noun,0.007628
2467,lift,3006,0.06,4.5,1617,0.1,4.66,B1,"noun, verb",0.007628
2468,sherman,8984,0.01,3.85,7837,0.01,3.74,,,0.007638
2469,emotion,5215,0.03,4.19,4662,0.03,4.06,B1,noun,0.00764
2470,filming,5222,0.03,4.19,4714,0.03,4.06,,,0.00764
2471,bit,419,0.44,5.37,293,0.9,5.6,A2,noun,0.007645
2472,fired,2346,0.08,4.63,1225,0.14,4.8,,,0.007647
2473,again,189,0.93,5.7,145,2.05,5.96,A1,adverb,0.00765
2474,bizarre,6872,0.02,4.02,6107,0.02,3.9,B2,adjective,0.007652
2475,deliberately,6888,0.02,4.02,6056,0.02,3.9,B2,adverb,0.007652
2476,shepherd,8348,0.01,3.9,4983,0.02,4.02,,,0.007652
2477,roman,3023,0.06,4.5,2779,0.05,4.35,,,0.007661
2478,lips,3958,0.04,4.35,2130,0.07,4.5,,,0.007661
2479,trust,780,0.25,5.13,481,0.49,5.34,A2,"noun, verb",0.007663
2480,watson,5381,0.03,4.18,4721,0.03,4.05,,,0.007677
2481,ruth,6615,0.02,4.05,3747,0.03,4.18,,,0.007677
2482,tent,6635,0.02,4.05,3767,0.03,4.18,B1,noun,0.007677
2483,cheating,5109,0.03,4.2,2810,0.05,4.34,,,0.007678
2484,germans,5132,0.03,4.2,2838,0.05,4.34,,,0.007678
2485,crawford,9028,0.01,3.84,7958,0.01,3.73,,,0.007678
2486,club,630,0.29,5.2,828,0.23,5.0,A1,noun,0.007689
2487,priests,7044,0.02,4.01,6263,0.02,3.89,,,0.007691
2488,allah,8384,0.01,3.89,5082,0.02,4.01,,,0.007691
2489,tomb,8495,0.01,3.89,5063,0.02,4.01,B2,noun,0.007691
2490,rules,932,0.21,5.06,1062,0.17,4.87,,,0.007708
2491,intention,4095,0.04,4.33,3694,0.03,4.19,B1,noun,0.007715
2492,knee,4098,0.04,4.33,3703,0.03,4.19,A1,noun,0.007715
2493,anytime,5187,0.03,4.19,2901,0.05,4.33,,,0.007715
2494,kent,5430,0.03,4.17,4805,0.02,4.04,,,0.007715
2495,blonde,6657,0.02,4.04,3858,0.03,4.17,A2,adjective,0.007715
2496,sins,6737,0.02,4.04,3843,0.03,4.17,,,0.007715
2497,clearly,1265,0.15,4.92,1383,0.12,4.74,A2,adverb,0.007716
2498,humour,9189,0.01,3.83,8044,0.01,3.72,,,0.007719
2499,zoom,9276,0.01,3.83,8036,0.01,3.72,B2,noun,0.007719
2500,false,2345,0.08,4.63,2282,0.07,4.47,A1,adjective,0.007729
2501,boom,4062,0.04,4.33,2247,0.07,4.48,B1,noun,0.00773
2502,pledge,7167,0.02,4.0,6319,0.02,3.88,,,0.00773
2503,wonders,7192,0.02,4.0,6327,0.02,3.88,,,0.00773
2504,ranger,8597,0.01,3.88,5142,0.02,4.0,B2,noun,0.00773
2505,bomb,2475,0.07,4.6,1300,0.13,4.77,B1,"noun, verb",0.007745
2506,pork,6822,0.02,4.03,3937,0.03,4.16,B1,noun,0.007752
2507,socks,6838,0.02,4.03,3920,0.03,4.16,,,0.007752
2508,really,113,1.74,5.97,90,4.08,6.26,A1,adverb,0.007755
2509,fucking,465,0.4,5.33,327,0.81,5.56,,,0.007758
2510,nickel,9370,0.01,3.82,8095,0.01,3.71,,,0.00776
2511,desperate,4151,0.04,4.32,2269,0.07,4.47,B1,adjective,0.007766
2512,punch,4182,0.04,4.32,2290,0.07,4.47,B2,"noun, verb",0.007766
2513,robots,7280,0.02,3.99,6388,0.02,3.87,,,0.00777
2514,spark,7290,0.02,3.99,6454,0.02,3.87,B2,noun,0.00777
2515,roast,8721,0.01,3.87,5275,0.02,3.99,A2,"adjective, verb",0.00777
2516,deserve,2529,0.07,4.59,1337,0.13,4.76,B1,verb,0.007778
2517,act,497,0.37,5.3,706,0.27,5.09,B1,"noun, verb",0.007781
2518,praise,4259,0.04,4.31,3837,0.03,4.17,B2,"noun, verb",0.007787
2519,symbol,4274,0.04,4.31,3878,0.03,4.17,A2,noun,0.007787
2520,tyler,5463,0.03,4.17,3004,0.05,4.31,,,0.007787
2521,abandon,6856,0.02,4.02,3975,0.03,4.15,B1,verb,0.00779
2522,badge,6870,0.02,4.02,3997,0.03,4.15,B2,noun,0.00779
2523,fridge,6909,0.02,4.02,3973,0.03,4.15,A2,noun,0.00779
2524,carpenter,9449,0.01,3.81,8244,0.01,3.7,,,0.007801
2525,memo,9497,0.01,3.81,8286,0.01,3.7,,,0.007801
2526,park,717,0.27,5.16,914,0.2,4.96,A2,"noun, verb",0.007811
2527,hundred,2000,0.1,4.71,1039,0.17,4.89,A2,number,0.007812
2528,slide,4335,0.04,4.3,3933,0.03,4.16,B2,"noun, verb",0.007824
2529,scratch,5547,0.03,4.16,3058,0.04,4.3,B2,"noun, verb",0.007824
2530,organ,5719,0.03,4.14,5049,0.02,4.01,B1,noun,0.007829
2531,plug,5726,0.03,4.14,5096,0.02,4.01,B2,"noun, verb",0.007829
2532,back,93,2.05,6.04,75,4.88,6.34,B1,"adjective, adverb, noun, verb",0.00783
2533,dave,3357,0.05,4.44,1800,0.09,4.6,,,0.007831
2534,beer,2029,0.09,4.7,1058,0.17,4.88,A2,noun,0.007845
2535,mall,4394,0.04,4.29,3989,0.03,4.15,A2,noun,0.007861
2536,polish,4399,0.04,4.29,4015,0.03,4.15,B2,noun,0.007861
2537,inform,5603,0.03,4.15,3079,0.04,4.29,B1,verb,0.007861
2538,jeremy,5605,0.03,4.15,3072,0.04,4.29,,,0.007861
2539,smiling,5628,0.03,4.15,3120,0.04,4.29,,,0.007861
2540,allow,1039,0.19,5.01,1182,0.15,4.82,A2,verb,0.007865
2541,circumstances,2520,0.07,4.59,2421,0.06,4.43,,,0.007866
2542,good,78,2.46,6.12,63,6.05,6.43,B2,"adjective, noun",0.007873
2543,sacrifice,4409,0.04,4.29,2404,0.06,4.44,,,0.007873
2544,truly,1442,0.14,4.87,1529,0.11,4.69,A2,adverb,0.007878
2545,cautious,9717,0.01,3.79,8469,0.01,3.68,B1,adjective,0.007885
2546,imprisoned,9768,0.01,3.79,8525,0.01,3.68,,,0.007885
2547,detention,7555,0.02,3.96,6687,0.02,3.84,,,0.00789
2548,lightly,7577,0.02,3.96,6694,0.02,3.84,B1,adverb,0.00789
2549,known,398,0.46,5.39,628,0.33,5.17,B2,adjective,0.007891
2550,girls,691,0.28,5.17,442,0.55,5.39,,,0.007891
2551,cross,1073,0.19,5.0,1215,0.14,4.81,A2,"noun, verb",0.007897
2552,attitude,2568,0.07,4.58,2493,0.06,4.42,A2,noun,0.007901
2553,praying,7265,0.02,3.99,4238,0.03,4.12,,,0.007906
2554,proper,1961,0.1,4.72,1987,0.08,4.55,A2,adjective,0.007913
2555,while,144,1.35,5.86,301,0.89,5.6,B1,"conjunction, noun",0.007919
2556,shouted,9955,0.01,3.78,8685,0.01,3.67,,,0.007928
2557,splitting,9964,0.01,3.78,8686,0.01,3.67,,,0.007928
2558,mike,1665,0.12,4.8,848,0.22,4.99,,,0.00793
2559,sickness,9249,0.01,3.83,5576,0.02,3.95,B1,noun,0.00793
2560,vicious,9270,0.01,3.83,5603,0.02,3.95,,,0.00793
2561,month,562,0.33,5.25,766,0.25,5.04,A1,noun,0.007933
2562,guilt,5796,0.03,4.13,3240,0.04,4.27,B1,noun,0.007937
2563,finding,1484,0.13,4.85,1580,0.1,4.67,B1,noun,0.007944
2564,prayer,3520,0.05,4.42,3237,0.04,4.27,B1,noun,0.007945
2565,ancestors,7310,0.02,3.98,4290,0.03,4.11,,,0.007945
2566,ruby,7386,0.02,3.98,4311,0.03,4.11,,,0.007945
2567,shining,7397,0.02,3.98,4250,0.03,4.11,,,0.007945
2568,speaking,1320,0.15,4.91,689,0.29,5.11,,,0.007968
2569,yesterday,1325,0.15,4.91,682,0.29,5.11,A1,adverb,0.007968
2570,generator,7794,0.02,3.94,6889,0.01,3.82,,,0.007971
2571,coordinates,9311,0.01,3.82,5735,0.02,3.94,,,0.007971
2572,loud,2841,0.06,4.53,1486,0.11,4.7,B1,"adjective, adverb",0.007982
2573,must,198,0.89,5.68,147,2.02,5.95,A1,modal auxiliary,0.007985
2574,tales,6104,0.02,4.1,5404,0.02,3.97,,,0.007985
2575,lungs,7470,0.02,3.97,4385,0.03,4.1,,,0.007985
2576,ships,2762,0.07,4.55,2625,0.06,4.39,,,0.008008
2577,newspapers,4693,0.03,4.25,4301,0.03,4.11,,,0.008013
2578,recovered,4706,0.03,4.25,4281,0.03,4.11,,,0.008013
2579,survive,2920,0.06,4.52,1532,0.11,4.69,A2,verb,0.008017
2580,annoying,3599,0.05,4.4,3346,0.04,4.25,A2,adjective,0.008019
2581,downtown,3621,0.05,4.4,3309,0.04,4.25,A2,adverb,0.008019
2582,hopes,3630,0.05,4.4,3363,0.04,4.25,,,0.008019
2583,jeans,6154,0.02,4.09,5517,0.02,3.96,A1,noun,0.008024
2584,passionate,6169,0.02,4.09,5513,0.02,3.96,B2,adjective,0.008024
2585,pillow,7592,0.02,3.96,4434,0.03,4.09,B1,noun,0.008024
2586,wreck,7638,0.02,3.96,4467,0.03,4.09,B2,noun,0.008024
2587,heavy,1170,0.17,4.96,1307,0.13,4.77,A1,adjective,0.008028
2588,decision,847,0.23,5.09,1029,0.18,4.89,B1,noun,0.008032
2589,put,209,0.85,5.66,161,1.92,5.93,A1,verb,0.00804
2590,smile,2316,0.08,4.64,1166,0.15,4.82,B1,"noun, verb",0.008045
2591,laughed,4771,0.03,4.24,4367,0.03,4.1,,,0.008051
2592,shopping,2129,0.09,4.68,2127,0.07,4.51,A1,noun,0.008052
2593,garlic,8039,0.02,3.92,7089,0.01,3.8,A2,noun,0.008054
2594,mint,8065,0.02,3.92,7195,0.01,3.8,B2,noun,0.008054
2595,lawyers,3700,0.05,4.39,3380,0.04,4.24,,,0.008056
2596,terry,4806,0.03,4.24,2629,0.05,4.39,,,0.008056
2597,ass,1065,0.19,5.0,588,0.36,5.21,,,0.008058
2598,dress,1789,0.11,4.76,922,0.2,4.95,A2,"noun, verb",0.008061
2599,chicken,2334,0.08,4.63,1200,0.15,4.81,A1,noun,0.00808
2600,scary,3845,0.04,4.37,2035,0.08,4.53,B1,adjective,0.00808
2601,unexpected,4907,0.03,4.23,4482,0.03,4.09,B1,adjective,0.00809
2602,flies,6142,0.02,4.09,3436,0.04,4.23,,,0.00809
2603,fly,1827,0.1,4.75,944,0.2,4.94,A1,"noun, verb",0.008094
2604,spin,3786,0.04,4.38,3462,0.04,4.23,B2,verb,0.008094
2605,inherited,8161,0.02,3.91,7292,0.01,3.79,,,0.008096
2606,bubbles,9713,0.01,3.79,6035,0.02,3.91,,,0.008096
2607,phillip,9790,0.01,3.79,5937,0.02,3.91,,,0.008096
2608,eyes,619,0.3,5.21,393,0.62,5.44,,,0.008111
2609,drove,3876,0.04,4.36,2085,0.07,4.52,,,0.008116
2610,christopher,4928,0.03,4.22,4491,0.03,4.08,,,0.008129
2611,gambling,6248,0.02,4.08,3528,0.04,4.22,B2,noun,0.008129
2612,lasts,8309,0.01,3.9,7317,0.01,3.78,,,0.008138
2613,unemployed,8372,0.01,3.9,7379,0.01,3.78,B1,adjective,0.008138
2614,soo,9962,0.01,3.78,6063,0.02,3.9,,,0.008138
2615,spectacular,6523,0.02,4.06,5779,0.02,3.93,B1,adjective,0.008145
2616,traveled,6533,0.02,4.06,5743,0.02,3.93,,,0.008145
2617,cows,7900,0.02,3.93,4640,0.03,4.06,,,0.008145
2618,breakfast,2426,0.08,4.61,1252,0.14,4.79,A1,noun,0.008148
2619,love,147,1.23,5.82,114,2.88,6.11,A1,"noun, verb",0.00815
2620,ride,1498,0.13,4.85,751,0.25,5.05,A1,"noun, verb",0.008162
2621,poet,5074,0.03,4.21,4587,0.03,4.07,B1,noun,0.008168
2622,grabbed,6361,0.02,4.07,3556,0.04,4.21,,,0.008168
2623,destruction,3871,0.04,4.36,3594,0.04,4.21,B1,noun,0.008169
2624,dish,5028,0.03,4.21,2755,0.05,4.36,A1,noun,0.008169
2625,full,262,0.65,5.54,515,0.45,5.3,A1,adjective,0.00817
2626,where,107,1.86,6.0,80,4.59,6.31,A1,"adverb, conjunction",0.008183
2627,dot,6564,0.02,4.05,5875,0.02,3.92,B1,noun,0.008186
2628,properly,2307,0.08,4.64,2276,0.07,4.47,B1,adverb,0.008194
2629,came,294,0.59,5.5,214,1.3,5.76,,,0.008203
2630,communicate,5112,0.03,4.2,4648,0.03,4.06,A2,verb,0.008208
2631,church,708,0.27,5.16,936,0.2,4.95,A1,noun,0.008218
2632,allowed,985,0.2,5.03,1152,0.15,4.83,,,0.008229
2633,falls,2344,0.08,4.63,2296,0.07,4.46,,,0.00823
2634,liberty,4029,0.04,4.34,3684,0.04,4.19,A2,noun,0.008246
2635,cargo,5197,0.03,4.19,4787,0.03,4.05,,,0.008248
2636,raid,5253,0.03,4.19,4763,0.03,4.05,,,0.008248
2637,penis,6605,0.02,4.05,3670,0.04,4.19,,,0.008248
2638,down,137,1.41,5.88,104,3.4,6.18,A2,"adjective, adverb, preposition",0.008251
2639,connection,1788,0.11,4.76,1869,0.08,4.58,,,0.008254
2640,guards,4160,0.04,4.32,2216,0.07,4.48,,,0.008264
2641,brakes,8248,0.01,3.9,4918,0.02,4.03,,,0.008269
2642,gloves,6690,0.02,4.04,3781,0.03,4.18,,,0.008288
2643,buying,1813,0.1,4.75,1907,0.08,4.57,,,0.008289
2644,farm,1824,0.1,4.75,1885,0.08,4.57,A1,noun,0.008289
2645,under,180,1.0,5.73,375,0.66,5.47,A1,preposition,0.008291
2646,gas,1051,0.19,5.01,1219,0.14,4.81,A2,noun,0.008296
2647,ring,1644,0.12,4.81,814,0.23,5.01,A1,"noun, verb",0.008296
2648,talks,2467,0.08,4.61,2403,0.06,4.44,,,0.008303
2649,idea,434,0.43,5.36,283,0.91,5.61,A1,noun,0.00831
2650,insects,6924,0.02,4.02,6192,0.02,3.89,,,0.008311
2651,crush,5409,0.03,4.17,2948,0.05,4.32,B1,noun,0.008324
2652,mysterious,5440,0.03,4.17,2922,0.05,4.32,A2,adjective,0.008324
2653,burnt,6765,0.02,4.03,3805,0.03,4.17,,,0.008328
2654,planet,2123,0.09,4.68,1079,0.17,4.87,A2,noun,0.008333
2655,stuck,2131,0.09,4.68,1059,0.17,4.87,B1,adjective,0.008333
2656,newspaper,2492,0.07,4.6,2463,0.06,4.43,A1,noun,0.008339
2657,drinks,3424,0.05,4.43,1799,0.09,4.6,,,0.008339
2658,fbi,3429,0.05,4.43,1791,0.09,4.6,,,0.008339
2659,cats,3215,0.05,4.46,3028,0.05,4.3,,,0.00834
2660,car,334,0.53,5.45,239,1.15,5.71,A1,noun,0.00835
2661,candle,8520,0.01,3.88,5044,0.02,4.01,B1,noun,0.008353
2662,thinking,579,0.32,5.24,364,0.68,5.48,,,0.008354
2663,gasoline,8933,0.01,3.85,7947,0.01,3.73,,,0.008354
2664,superhero,8991,0.01,3.85,7888,0.01,3.73,,,0.008354
2665,vietnamese,9004,0.01,3.85,7846,0.01,3.73,,,0.008354
2666,checks,4218,0.04,4.31,3886,0.03,4.16,,,0.008363
2667,condition,1450,0.13,4.86,1566,0.11,4.67,A2,noun,0.008368
2668,shoes,2180,0.09,4.67,1092,0.16,4.86,,,0.008368
2669,benjamin,5479,0.03,4.16,4997,0.02,4.02,,,0.008369
2670,strictly,5555,0.03,4.16,4974,0.02,4.02,B2,adverb,0.008369
2671,stomach,3529,0.05,4.42,1805,0.09,4.59,A2,noun,0.008376
2672,beast,4350,0.04,4.29,2340,0.06,4.45,B1,noun,0.008378
2673,drag,4370,0.04,4.29,2344,0.06,4.45,B1,verb,0.008378
2674,typing,9120,0.01,3.84,8005,0.01,3.72,,,0.008398
2675,everywhere,2201,0.09,4.66,1114,0.16,4.85,A1,adverb,0.008403
2676,listening,2218,0.09,4.66,1112,0.16,4.85,,,0.008403
2677,torture,5639,0.03,4.15,3039,0.05,4.3,B2,verb,0.008403
2678,morris,5612,0.03,4.15,5054,0.02,4.01,,,0.00841
2679,protocol,5619,0.03,4.15,5101,0.02,4.01,,,0.00841
2680,vegetables,5645,0.03,4.15,5083,0.02,4.01,,,0.00841
2681,sail,7054,0.02,4.01,3992,0.03,4.15,B2,verb,0.00841
2682,cake,2822,0.06,4.53,1466,0.12,4.71,A1,noun,0.008433
2683,curtain,8776,0.01,3.86,5214,0.02,3.99,B1,noun,0.008438
2684,dentist,8781,0.01,3.86,5268,0.02,3.99,A2,noun,0.008438
2685,mortal,8831,0.01,3.86,5226,0.02,3.99,B2,adjective,0.008438
2686,recover,4401,0.04,4.29,4052,0.03,4.14,B1,verb,0.008443
2687,normally,2633,0.07,4.57,2568,0.06,4.4,B1,adverb,0.008451
2688,tank,2647,0.07,4.57,2578,0.06,4.4,B1,noun,0.008451
2689,yard,2654,0.07,4.57,2596,0.06,4.4,A1,noun,0.008451
2690,muscles,5714,0.03,4.14,5102,0.02,4.0,,,0.008452
2691,jaw,7354,0.02,3.98,6630,0.02,3.85,B2,noun,0.008482
2692,rushed,7387,0.02,3.98,6651,0.02,3.85,,,0.008482
2693,andre,8888,0.01,3.85,5379,0.02,3.98,,,0.008482
2694,bra,8898,0.01,3.85,5326,0.02,3.98,A2,noun,0.008482
2695,kirk,8951,0.01,3.85,5332,0.02,3.98,,,0.008482
2696,pump,4480,0.04,4.28,4100,0.03,4.13,B1,noun,0.008483
2697,cage,5766,0.03,4.13,3188,0.04,4.28,B1,noun,0.008483
2698,labs,9354,0.01,3.82,8250,0.01,3.7,,,0.008488
2699,circles,5769,0.03,4.13,5217,0.02,3.99,,,0.008493
2700,behalf,3470,0.05,4.42,3260,0.04,4.26,B1,noun,0.008495
2701,german,1187,0.17,4.95,1363,0.13,4.75,,,0.008502
2702,opportunity,1201,0.17,4.95,1360,0.13,4.75,A2,noun,0.008502
2703,yellow,2097,0.09,4.69,2089,0.07,4.51,A1,"adjective, noun",0.008507
2704,inside,657,0.29,5.19,407,0.6,5.43,A1,"adjective, adverb, noun, preposition",0.008512
2705,gathered,4530,0.03,4.27,4190,0.03,4.12,,,0.008524
2706,problems,662,0.29,5.19,885,0.21,4.97,,,0.008525
2707,star,666,0.29,5.19,882,0.21,4.97,B1,"noun, verb",0.008525
2708,scattered,7497,0.02,3.97,6716,0.02,3.84,,,0.008525
2709,dee,9031,0.01,3.84,5447,0.02,3.97,,,0.008525
2710,tasty,9111,0.01,3.84,5440,0.02,3.97,B1,adjective,0.008525
2711,am,160,1.12,5.78,121,2.73,6.08,A1,be-verb,0.008531
2712,room,403,0.46,5.39,265,1.01,5.65,B1,"noun, verb",0.008533
2713,pumping,9516,0.01,3.81,8361,0.01,3.69,,,0.008533
2714,anthony,3541,0.05,4.41,3334,0.04,4.25,,,0.008534
2715,lauren,7357,0.02,3.98,4214,0.03,4.12,,,0.008535
2716,needle,7367,0.02,3.98,4208,0.03,4.12,B1,noun,0.008535
2717,enter,1632,0.12,4.81,1724,0.09,4.62,A2,verb,0.008547
2718,jim,2393,0.08,4.62,1190,0.15,4.81,,,0.008547
2719,menu,4613,0.03,4.26,4261,0.03,4.11,A2,noun,0.008564
2720,heavily,2793,0.06,4.54,2691,0.05,4.37,A2,adverb,0.008566
2721,supposedly,7619,0.02,3.96,6776,0.02,3.83,B1,adverb,0.008569
2722,boyd,9141,0.01,3.83,5542,0.02,3.96,,,0.008569
2723,innocence,9196,0.01,3.83,5558,0.02,3.96,,,0.008569
2724,knocked,4769,0.03,4.24,2586,0.06,4.4,,,0.008573
2725,vent,9688,0.01,3.8,8540,0.01,3.68,,,0.008579
2726,building,510,0.36,5.29,736,0.26,5.06,A1,noun,0.008588
2727,boats,4656,0.03,4.25,4345,0.03,4.1,,,0.008606
2728,khan,4684,0.03,4.25,4360,0.03,4.1,,,0.008606
2729,belly,6026,0.02,4.1,3353,0.04,4.25,A2,noun,0.008606
2730,citizen,3676,0.05,4.39,3485,0.04,4.23,A2,noun,0.008613
2731,discover,3686,0.05,4.39,3468,0.04,4.23,A2,verb,0.008613
2732,francis,3693,0.05,4.39,3426,0.04,4.23,,,0.008613
2733,holiday,2207,0.09,4.66,2249,0.07,4.48,A1,noun,0.008619
2734,ed,1691,0.11,4.79,1780,0.09,4.6,,,0.00862
2735,reservations,9812,0.01,3.79,8624,0.01,3.67,,,0.008625
2736,see,85,2.35,6.1,61,6.19,6.44,A1,verb,0.008649
2737,angle,3737,0.04,4.38,3525,0.04,4.22,B1,noun,0.008653
2738,thirty,3791,0.04,4.38,3530,0.04,4.22,A1,number,0.008653
2739,custody,4934,0.03,4.22,2667,0.05,4.38,,,0.008653
2740,danger,2526,0.07,4.59,1272,0.14,4.78,A2,noun,0.008656
2741,empty,2533,0.07,4.59,1274,0.14,4.78,A2,adjective,0.008656
2742,happy,443,0.42,5.35,286,0.91,5.61,A1,adjective,0.008658
2743,wishing,7874,0.02,3.94,7076,0.01,3.81,,,0.008658
2744,gal,9474,0.01,3.81,5668,0.02,3.94,,,0.008658
2745,pony,9509,0.01,3.81,5663,0.02,3.94,,,0.008658
2746,stephanie,9545,0.01,3.81,5690,0.02,3.94,,,0.008658
2747,relationship,740,0.26,5.15,964,0.19,4.93,B1,noun,0.008661
2748,troy,7757,0.02,3.95,4435,0.03,4.09,,,0.008663
2749,forge,9901,0.01,3.78,8780,0.01,3.66,,,0.008672
2750,stand,756,0.26,5.14,451,0.54,5.38,A2,"noun, verb",0.008674
2751,planning,1349,0.15,4.9,1498,0.11,4.7,B2,noun,0.008681
2752,mario,4873,0.03,4.23,4538,0.03,4.08,,,0.008689
2753,worlds,4910,0.03,4.23,4518,0.03,4.08,,,0.008689
2754,secret,1284,0.15,4.92,652,0.31,5.14,A2,"adjective, noun",0.008695
2755,battlefield,7885,0.02,3.93,7178,0.01,3.8,B2,noun,0.008703
2756,shells,7976,0.02,3.93,7206,0.01,3.8,,,0.008703
2757,spine,7983,0.02,3.93,7110,0.01,3.8,,,0.008703
2758,translate,7991,0.02,3.93,7169,0.01,3.8,B1,verb,0.008703
2759,fletcher,9609,0.01,3.8,5765,0.02,3.93,,,0.008703
2760,threaten,7861,0.02,3.94,4522,0.03,4.08,B2,verb,0.008706
2761,across,556,0.33,5.25,800,0.23,5.02,A2,"adverb, preposition",0.008723
2762,green,771,0.25,5.13,1001,0.18,4.91,A2,"adjective, noun",0.00873
2763,horses,3306,0.05,4.45,1700,0.1,4.63,,,0.008733
2764,begun,3863,0.04,4.36,3631,0.04,4.2,,,0.008734
2765,trusted,5172,0.03,4.2,2756,0.05,4.36,,,0.008734
2766,hesitate,9759,0.01,3.79,5889,0.02,3.92,B1,verb,0.008748
2767,horny,9763,0.01,3.79,5925,0.02,3.92,,,0.008748
2768,stall,9823,0.01,3.79,5830,0.02,3.92,B1,noun,0.008748
2769,kong,3071,0.06,4.49,2939,0.05,4.32,,,0.008761
2770,believe,286,0.6,5.51,195,1.4,5.79,A1,verb,0.008771
2771,painted,3968,0.04,4.35,3722,0.03,4.19,,,0.008775
2772,against,194,0.89,5.68,425,0.57,5.41,A2,preposition,0.008781
2773,mind,378,0.48,5.41,248,1.09,5.68,A2,"noun, verb",0.008781
2774,myself,493,0.38,5.31,317,0.84,5.57,A2,pronoun,0.008786
2775,meaning,1429,0.14,4.87,1583,0.1,4.67,A2,noun,0.00879
2776,space,598,0.32,5.23,831,0.23,5.0,A2,noun,0.008791
2777,regrets,9948,0.01,3.78,6003,0.02,3.91,,,0.008793
2778,luckily,8061,0.02,3.92,4680,0.03,4.06,A2,adverb,0.008794
2779,james,809,0.24,5.11,1027,0.18,4.89,,,0.0088
2780,explain,1365,0.14,4.89,679,0.29,5.11,A2,verb,0.0088
2781,lewis,3112,0.06,4.48,3000,0.05,4.31,,,0.008801
2782,sean,4267,0.04,4.31,2238,0.07,4.48,,,0.008801
2783,chosen,2431,0.08,4.61,2469,0.06,4.43,,,0.00881
2784,naked,3439,0.05,4.43,1771,0.09,4.61,B1,adjective,0.00881
2785,warned,5380,0.03,4.18,2820,0.05,4.34,,,0.008817
2786,phone,506,0.37,5.3,323,0.82,5.56,A1,"noun, verb",0.008818
2787,heat,1456,0.13,4.86,1607,0.1,4.66,B1,"noun, verb",0.008827
2788,extra,1119,0.18,4.98,1304,0.13,4.77,B1,"adjective, adverb, noun",0.008836
2789,nature,1125,0.18,4.98,1296,0.13,4.77,A2,noun,0.008836
2790,dip,6561,0.02,4.05,5988,0.02,3.91,B2,verb,0.008838
2791,smarter,8205,0.02,3.91,4774,0.03,4.05,,,0.008838
2792,ng,8322,0.01,3.9,7419,0.01,3.77,,,0.008839
2793,tomatoes,8367,0.01,3.9,7444,0.01,3.77,,,0.008839
2794,unite,8373,0.01,3.9,7395,0.01,3.77,B1,verb,0.008839
2795,get,61,3.56,6.28,38,10.02,6.65,A1,verb,0.008852
2796,shore,4122,0.04,4.33,3814,0.03,4.17,A2,noun,0.008858
2797,filling,5221,0.03,4.19,4873,0.02,4.04,B1,noun,0.008858
2798,jessica,5428,0.03,4.17,2890,0.05,4.33,,,0.008858
2799,opened,1490,0.13,4.85,1643,0.1,4.65,,,0.008864
2800,kitchen,2257,0.08,4.65,1105,0.16,4.85,A1,noun,0.008864
2801,stick,1802,0.11,4.76,889,0.21,4.97,B1,"noun, verb",0.008873
2802,report,481,0.39,5.32,711,0.27,5.08,B1,"noun, verb",0.008876
2803,somehow,2863,0.06,4.53,1436,0.12,4.72,B1,adverb,0.008882
2804,floors,6688,0.02,4.04,6078,0.02,3.9,,,0.008883
2805,invention,6699,0.02,4.04,6123,0.02,3.9,A2,noun,0.008883
2806,sketch,6738,0.02,4.04,6092,0.02,3.9,B2,verb,0.008883
2807,onion,8464,0.01,3.89,7608,0.01,3.76,A2,noun,0.008885
2808,specialty,8489,0.01,3.89,7618,0.01,3.76,B2,noun,0.008885
2809,prize,2549,0.07,4.59,2553,0.06,4.41,B1,noun,0.008889
2810,personal,640,0.29,5.2,893,0.21,4.97,A1,adjective,0.008895
2811,centuries,4143,0.04,4.32,3913,0.03,4.16,,,0.0089
2812,mothers,4173,0.04,4.32,3882,0.03,4.16,,,0.0089
2813,ceiling,5302,0.03,4.18,4939,0.02,4.03,B2,noun,0.008902
2814,sits,5364,0.03,4.18,4898,0.02,4.03,,,0.008902
2815,harold,6791,0.02,4.03,3770,0.03,4.18,,,0.008902
2816,she,64,3.39,6.26,39,9.65,6.63,A1,pronoun,0.008908
2817,fix,1826,0.1,4.75,906,0.21,4.96,B1,"noun, verb",0.008909
2818,bed,893,0.22,5.07,513,0.46,5.31,A1,noun,0.00891
2819,others,366,0.49,5.42,620,0.34,5.17,,,0.008917
2820,breath,2880,0.06,4.52,1469,0.12,4.71,B1,noun,0.008921
2821,pet,3323,0.05,4.45,3187,0.04,4.28,A1,noun,0.008922
2822,phones,3324,0.05,4.45,3147,0.04,4.28,,,0.008922
2823,tracks,3340,0.05,4.45,3154,0.04,4.28,,,0.008922
2824,fork,6788,0.02,4.03,6209,0.02,3.89,A2,noun,0.008928
2825,gps,6790,0.02,4.03,6170,0.02,3.89,,,0.008928
2826,hudson,6794,0.02,4.03,6175,0.02,3.89,,,0.008928
2827,fry,8427,0.01,3.89,4933,0.02,4.03,B1,"noun, verb",0.008928
2828,happens,1169,0.17,4.96,603,0.35,5.19,,,0.00893
2829,terrace,8617,0.01,3.88,7658,0.01,3.75,B2,noun,0.008932
2830,forced,1561,0.13,4.83,1687,0.1,4.63,,,0.008939
2831,visiting,3401,0.05,4.44,3196,0.04,4.27,,,0.008963
2832,andrew,2610,0.07,4.57,2638,0.05,4.39,,,0.008968
2833,chat,2616,0.07,4.57,2630,0.05,4.39,A2,"noun, verb",0.008968
2834,detail,2621,0.07,4.57,2640,0.05,4.39,A2,noun,0.008968
2835,fisher,6905,0.02,4.02,6323,0.02,3.88,,,0.008973
2836,possess,6949,0.02,4.02,6283,0.02,3.88,B1,verb,0.008973
2837,failed,1596,0.12,4.82,1734,0.09,4.62,,,0.008977
2838,alex,2378,0.08,4.62,1180,0.15,4.82,,,0.008977
2839,ourselves,2401,0.08,4.62,1179,0.15,4.82,A2,pronoun,0.008977
2840,thing,184,0.98,5.72,129,2.42,6.03,A1,noun,0.008981
2841,rule,1234,0.16,4.94,1427,0.12,4.73,B2,"noun, verb",0.008983
2842,honest,1901,0.1,4.73,951,0.2,4.94,B1,adjective,0.008983
2843,wisdom,4345,0.04,4.3,4027,0.03,4.14,A2,noun,0.008985
2844,goddess,7013,0.02,4.01,3922,0.03,4.16,B1,noun,0.008989
2845,there,57,3.8,6.31,34,10.94,6.69,A1,adverb,0.008994
2846,city,217,0.76,5.61,478,0.5,5.34,A1,noun,0.009007
2847,risk,955,0.21,5.05,1147,0.15,4.83,B2,"noun, verb",0.009015
2848,mouth,1569,0.13,4.83,753,0.25,5.05,A1,noun,0.009015
2849,totally,1583,0.13,4.83,754,0.25,5.05,B1,adverb,0.009015
2850,orchestra,7036,0.02,4.01,6391,0.02,3.87,B1,noun,0.009019
2851,ninja,8700,0.01,3.87,5071,0.02,4.01,,,0.009019
2852,jumps,8810,0.01,3.86,7887,0.01,3.73,,,0.009027
2853,convenient,5588,0.03,4.15,5152,0.02,4.0,A2,adjective,0.009033
2854,operation,1279,0.15,4.92,1470,0.12,4.71,B1,noun,0.009058
2855,breeze,8761,0.01,3.86,5150,0.02,4.0,A2,noun,0.009064
2856,instinct,8803,0.01,3.86,5156,0.02,4.0,B2,noun,0.009064
2857,snakes,8859,0.01,3.86,5181,0.02,4.0,,,0.009064
2858,acted,4425,0.04,4.28,4169,0.03,4.12,,,0.00907
2859,con,4434,0.04,4.28,4241,0.03,4.12,,,0.00907
2860,brad,5861,0.02,4.12,3142,0.04,4.28,,,0.00907
2861,sounded,5918,0.02,4.12,3158,0.04,4.28,,,0.00907
2862,tribe,5923,0.02,4.12,3141,0.04,4.28,B2,noun,0.00907
2863,became,728,0.26,5.15,984,0.19,4.92,,,0.009073
2864,dismiss,8922,0.01,3.85,7979,0.01,3.72,B2,verb,0.009074
2865,contacts,5667,0.03,4.14,5210,0.02,3.99,,,0.009078
2866,missile,5712,0.03,4.14,5204,0.02,3.99,B2,noun,0.009078
2867,barn,7198,0.02,3.99,4030,0.03,4.14,B2,noun,0.009078
2868,color,1298,0.15,4.91,1484,0.11,4.7,,,0.009096
2869,reynolds,7278,0.02,3.99,6634,0.02,3.85,,,0.009111
2870,carriage,8904,0.01,3.85,5213,0.02,3.99,B1,noun,0.009111
2871,inmates,9055,0.01,3.84,8143,0.01,3.71,,,0.009122
2872,track,1033,0.2,5.02,1244,0.14,4.8,B2,"noun, verb",0.009126
2873,smooth,3655,0.05,4.4,3447,0.04,4.23,A2,adjective,0.00913
2874,now,72,2.81,6.18,48,7.99,6.55,B2,"adverb, conjunction",0.009133
2875,threw,3266,0.05,4.46,1629,0.1,4.65,,,0.009157
2876,conspiracy,4590,0.03,4.26,4334,0.03,4.1,,,0.009157
2877,guardian,4605,0.03,4.26,4337,0.03,4.1,,,0.009157
2878,terror,4637,0.03,4.26,4342,0.03,4.1,B1,noun,0.009157
2879,worn,4644,0.03,4.26,4324,0.03,4.1,B1,adjective,0.009157
2880,booth,6027,0.02,4.1,3253,0.04,4.26,B2,noun,0.009157
2881,dennis,6042,0.02,4.1,3283,0.04,4.26,,,0.009157
2882,pour,6085,0.02,4.1,3254,0.04,4.26,A2,verb,0.009157
2883,moses,7364,0.02,3.98,6727,0.02,3.84,,,0.009157
2884,prophet,7378,0.02,3.98,6741,0.02,3.84,,,0.009157
2885,smashed,9100,0.01,3.84,5291,0.02,3.98,,,0.009157
2886,spill,9103,0.01,3.84,5334,0.02,3.98,A2,verb,0.009157
2887,double,1049,0.19,5.01,1270,0.14,4.79,B2,"adjective, noun, verb",0.009163
2888,pressure,1058,0.19,5.01,1259,0.14,4.79,A2,noun,0.009163
2889,dangerous,1690,0.11,4.79,816,0.23,5.01,A2,adjective,0.009163
2890,handle,1695,0.11,4.79,803,0.23,5.01,B1,"noun, verb",0.009163
2891,poker,7483,0.02,3.97,4176,0.03,4.12,,,0.009168
2892,bottle,2613,0.07,4.57,1305,0.13,4.77,B2,"noun, verb",0.009171
2893,floyd,9180,0.01,3.83,8230,0.01,3.7,,,0.009171
2894,joseph,2901,0.06,4.52,2845,0.05,4.34,,,0.009172
2895,intense,3698,0.05,4.39,3521,0.04,4.22,B1,adjective,0.009173
2896,force,587,0.32,5.23,842,0.22,4.99,B2,"noun, verb",0.009191
2897,met,853,0.23,5.09,482,0.49,5.34,,,0.009192
2898,grace,2680,0.07,4.56,1341,0.13,4.76,A2,noun,0.00921
2899,chains,5944,0.02,4.11,5526,0.02,3.96,,,0.009213
2900,defeat,2939,0.06,4.51,2896,0.05,4.33,B1,"noun, verb",0.009214
2901,happiness,3365,0.05,4.44,1681,0.1,4.63,A2,noun,0.009238
2902,deposit,4750,0.03,4.24,4556,0.03,4.08,B2,"noun, verb",0.009246
2903,mitchell,4776,0.03,4.24,4527,0.03,4.08,,,0.009246
2904,wives,6318,0.02,4.08,3394,0.04,4.24,,,0.009246
2905,max,2222,0.09,4.66,1068,0.17,4.87,A2,noun,0.009249
2906,curry,7550,0.02,3.96,6928,0.01,3.82,A2,noun,0.009252
2907,waist,7635,0.02,3.96,6923,0.01,3.82,B2,noun,0.009252
2908,emotions,3807,0.04,4.37,3630,0.04,4.2,,,0.009259
2909,shocking,6099,0.02,4.1,5611,0.02,3.95,B1,adjective,0.009259
2910,adrian,7641,0.02,3.95,4355,0.03,4.1,,,0.009259
2911,pierre,7722,0.02,3.95,4336,0.03,4.1,,,0.009259
2912,record,625,0.3,5.21,894,0.21,4.97,A2,"noun, verb",0.009264
2913,moments,2398,0.08,4.62,2432,0.06,4.43,,,0.009279
2914,rubber,4890,0.03,4.23,4580,0.03,4.07,B1,noun,0.00929
2915,burned,4216,0.04,4.31,2191,0.07,4.49,,,0.009298
2916,asking,1158,0.17,4.96,591,0.36,5.2,,,0.0093
2917,spends,7746,0.02,3.95,7019,0.01,3.81,,,0.0093
2918,lindsay,9492,0.01,3.81,5638,0.02,3.95,,,0.0093
2919,sells,6178,0.02,4.09,5671,0.02,3.94,,,0.009305
2920,lance,7807,0.02,3.94,4397,0.03,4.09,B2,noun,0.009305
2921,justice,1141,0.17,4.97,1368,0.13,4.75,B1,noun,0.009314
2922,melting,9631,0.01,3.8,8665,0.01,3.67,,,0.009319
2923,requesting,9657,0.01,3.8,8667,0.01,3.67,,,0.009319
2924,distance,1479,0.13,4.85,1670,0.1,4.64,B1,noun,0.009327
2925,escape,2292,0.08,4.64,1113,0.16,4.85,B1,"noun, verb",0.009327
2926,hardly,2834,0.06,4.53,1428,0.12,4.73,A2,adverb,0.00933
2927,bin,4920,0.03,4.22,4667,0.03,4.06,B1,noun,0.009335
2928,ripped,6516,0.02,4.06,3539,0.04,4.22,,,0.009335
2929,small,291,0.6,5.51,564,0.39,5.24,A1,adjective,0.009346
2930,white,293,0.6,5.51,561,0.39,5.24,A1,"adjective, noun",0.009346
2931,basement,5294,0.03,4.18,2766,0.05,4.35,B1,noun,0.009346
2932,virtue,7872,0.02,3.94,7119,0.01,3.8,B2,noun,0.009348
2933,font,9611,0.01,3.8,5731,0.02,3.94,,,0.009348
2934,impress,7930,0.02,3.93,4519,0.03,4.08,A2,verb,0.009352
2935,thomas,1544,0.13,4.84,1705,0.1,4.63,,,0.009367
2936,blame,2330,0.08,4.63,1136,0.15,4.84,A2,"noun, verb",0.009367
2937,flooded,9750,0.01,3.79,8747,0.01,3.66,,,0.009369
2938,watched,1975,0.1,4.72,2064,0.07,4.52,,,0.00937
2939,everyday,3162,0.05,4.47,3111,0.04,4.29,A1,adjective,0.009383
2940,shine,5452,0.03,4.17,2847,0.05,4.34,A2,verb,0.00939
2941,leader,1195,0.17,4.95,1404,0.12,4.73,A1,noun,0.009391
2942,stories,1208,0.17,4.95,1421,0.12,4.73,,,0.009391
2943,sleeve,7979,0.02,3.93,7255,0.01,3.79,B1,noun,0.009396
2944,tucker,9834,0.01,3.79,5773,0.02,3.93,,,0.009396
2945,leon,8059,0.02,3.92,4605,0.03,4.07,,,0.009398
2946,sudden,3659,0.05,4.4,1822,0.09,4.59,A2,adjective,0.009404
2947,master,1250,0.16,4.93,627,0.33,5.17,B2,noun,0.009411
2948,beautiful,604,0.31,5.22,360,0.7,5.49,A1,adjective,0.009416
2949,simmons,9957,0.01,3.78,8915,0.01,3.65,,,0.009419
2950,stranger,4493,0.04,4.28,2308,0.07,4.46,A2,noun,0.009426
2951,villa,5174,0.03,4.2,4871,0.02,4.04,B2,noun,0.009426
2952,think,89,2.23,6.08,59,6.39,6.45,A1,verb,0.009427
2953,balcony,9852,0.01,3.78,5924,0.02,3.92,A2,noun,0.009445
2954,guilty,2445,0.08,4.61,1186,0.15,4.82,B1,adjective,0.009446
2955,senator,2598,0.07,4.58,2613,0.06,4.39,B2,noun,0.009446
2956,biggest,1243,0.16,4.93,1459,0.12,4.71,,,0.00947
2957,turner,5279,0.03,4.19,4922,0.02,4.03,,,0.009472
2958,complaint,4145,0.04,4.32,3991,0.03,4.15,A2,noun,0.009479
2959,pound,4180,0.04,4.32,3963,0.03,4.15,B2,"noun, verb",0.009479
2960,tricks,5642,0.03,4.15,2960,0.05,4.32,,,0.009479
2961,travels,6638,0.02,4.05,6115,0.02,3.9,,,0.009493
2962,vault,8375,0.01,3.9,4719,0.03,4.05,,,0.009493
2963,hometown,8155,0.02,3.91,7428,0.01,3.77,A1,noun,0.009494
2964,lone,8168,0.02,3.91,7453,0.01,3.77,,,0.009494
2965,blood,823,0.23,5.1,467,0.51,5.36,A2,noun,0.009505
2966,older,1278,0.15,4.92,1508,0.11,4.7,,,0.009509
2967,their,56,3.99,6.33,143,2.09,5.97,A1,determiner,0.009518
2968,bare,5293,0.03,4.18,5028,0.02,4.02,B2,"adjective, verb",0.009518
2969,diana,6890,0.02,4.02,3791,0.03,4.18,,,0.009518
2970,goat,6913,0.02,4.02,3725,0.03,4.18,B2,noun,0.009518
2971,nerves,6939,0.02,4.02,3776,0.03,4.18,B2,noun,0.009518
2972,places,998,0.2,5.03,1230,0.14,4.8,,,0.009521
2973,happen,654,0.29,5.19,385,0.65,5.46,A1,verb,0.009522
2974,artist,1656,0.12,4.8,1836,0.09,4.59,B1,noun,0.009527
2975,crown,2665,0.07,4.56,2697,0.05,4.37,A2,noun,0.00953
2976,revolution,2699,0.07,4.56,2688,0.05,4.37,B2,noun,0.00953
2977,illegal,2115,0.09,4.68,2229,0.07,4.48,A2,adjective,0.009535
2978,dried,6677,0.02,4.04,6242,0.02,3.89,,,0.009541
2979,fist,8423,0.01,3.89,4836,0.02,4.04,,,0.009541
2980,frog,8426,0.01,3.89,4818,0.02,4.04,A1,noun,0.009541
2981,armies,8237,0.01,3.9,7614,0.01,3.76,,,0.009544
2982,scrap,8344,0.01,3.9,7571,0.01,3.76,,,0.009544
2983,confident,3417,0.05,4.43,3368,0.04,4.25,A2,adjective,0.009556
2984,emperor,4667,0.03,4.25,2457,0.06,4.43,B1,noun,0.009556
2985,garage,4674,0.03,4.25,2416,0.06,4.43,A2,noun,0.009556
2986,rude,4709,0.03,4.25,2446,0.06,4.43,A1,adjective,0.009556
2987,agents,2711,0.07,4.55,2740,0.05,4.36,,,0.009573
2988,walter,3917,0.04,4.36,1964,0.08,4.55,,,0.009573
2989,away,214,0.78,5.62,156,1.96,5.94,A1,adverb,0.009578
2990,walk,891,0.22,5.08,479,0.49,5.34,A1,"noun, verb",0.009579
2991,records,1352,0.15,4.9,1538,0.11,4.68,,,0.009589
2992,joke,2117,0.09,4.68,1008,0.18,4.9,B1,"noun, verb",0.009589
2993,chapel,6771,0.02,4.03,6270,0.02,3.88,,,0.00959
2994,modest,6811,0.02,4.03,6338,0.02,3.88,B2,adjective,0.00959
2995,kurt,8566,0.01,3.88,4921,0.02,4.03,,,0.00959
2996,nursery,8462,0.01,3.89,7649,0.01,3.75,B2,noun,0.009594
2997,thirteen,8494,0.01,3.89,7654,0.01,3.75,A1,number,0.009594
2998,plans,1055,0.19,5.01,1281,0.14,4.78,,,0.009599
2999,na,3512,0.05,4.42,3378,0.04,4.24,,,0.009601
3000,spy,4799,0.03,4.24,2477,0.06,4.42,A1,noun,0.009601
3001,warrant,4812,0.03,4.24,2480,0.06,4.42,,,0.009601
3002,move,447,0.42,5.35,268,0.99,5.64,A2,"noun, verb",0.009604
3003,night,221,0.76,5.61,160,1.93,5.93,A1,noun,0.009612
3004,decides,5490,0.03,4.16,5174,0.02,4.0,,,0.009612
3005,chin,7106,0.02,4.0,3923,0.03,4.16,A2,noun,0.009612
3006,karl,7149,0.02,4.0,3914,0.03,4.16,,,0.009612
3007,jungle,5893,0.02,4.12,3117,0.04,4.29,B1,noun,0.009614
3008,soldier,3262,0.05,4.46,1604,0.1,4.66,A2,noun,0.009618
3009,wash,3271,0.05,4.46,1605,0.1,4.66,A1,"noun, verb",0.009618
3010,hands,710,0.27,5.16,401,0.61,5.43,,,0.00963
3011,refuses,6955,0.02,4.02,6401,0.02,3.87,,,0.009638
3012,shelf,6960,0.02,4.02,6414,0.02,3.87,A1,noun,0.009638
3013,appetite,8636,0.01,3.87,4972,0.02,4.02,B1,noun,0.009638
3014,cunt,8654,0.01,3.87,4996,0.02,4.02,,,0.009638
3015,lining,8570,0.01,3.88,7782,0.01,3.74,,,0.009644
3016,overwhelmed,8586,0.01,3.88,7765,0.01,3.74,,,0.009644
3017,age,475,0.39,5.32,739,0.26,5.06,A1,noun,0.009652
3018,lesbian,5606,0.03,4.15,5270,0.02,3.99,,,0.009659
3019,hong,2838,0.06,4.53,2849,0.05,4.34,,,0.00966
3020,unknown,2870,0.06,4.53,2814,0.05,4.34,A2,adjective,0.00966
3021,twenty,2274,0.08,4.65,2375,0.06,4.45,A1,number,0.009661
3022,wants,581,0.32,5.24,345,0.75,5.52,,,0.009674
3023,consider,1101,0.18,4.99,1342,0.13,4.76,A2,verb,0.009678
3024,horse,1793,0.11,4.76,850,0.22,4.99,A1,noun,0.009678
3025,dynasty,8659,0.01,3.87,7875,0.01,3.73,B1,noun,0.009695
3026,psychiatric,8715,0.01,3.87,7891,0.01,3.73,,,0.009695
3027,singer,2916,0.06,4.52,2894,0.05,4.33,A1,noun,0.009703
3028,trap,4130,0.04,4.33,2079,0.07,4.52,A2,noun,0.009703
3029,radiation,4552,0.03,4.27,4381,0.03,4.1,B1,noun,0.009706
3030,cliff,6037,0.02,4.1,3210,0.04,4.27,B1,noun,0.009706
3031,nurses,5718,0.03,4.14,5374,0.02,3.98,,,0.009707
3032,surprise,1841,0.1,4.75,862,0.22,4.98,B1,"noun, verb",0.009718
3033,jefferson,7147,0.02,4.0,6674,0.02,3.85,,,0.009737
3034,vision,2374,0.08,4.63,2429,0.06,4.43,B1,noun,0.009746
3035,desk,3423,0.05,4.43,1684,0.1,4.63,A1,noun,0.009746
3036,jordan,2950,0.06,4.51,2956,0.05,4.32,,,0.009747
3037,plastic,2960,0.06,4.51,2911,0.05,4.32,B1,"adjective, noun",0.009747
3038,courage,4148,0.04,4.32,2096,0.07,4.51,B1,noun,0.009747
3039,rick,4187,0.04,4.32,2120,0.07,4.51,,,0.009747
3040,irony,8805,0.01,3.86,8038,0.01,3.72,,,0.009747
3041,announce,4575,0.03,4.26,4441,0.03,4.09,B1,verb,0.009753
3042,cigarettes,6119,0.02,4.09,3266,0.04,4.26,,,0.009753
3043,near,514,0.36,5.29,786,0.24,5.03,A1,"adjective, adverb, preposition",0.009765
3044,new,65,3.31,6.25,168,1.77,5.89,A1,adjective,0.009771
3045,say,135,1.45,5.89,93,4.01,6.25,A1,"noun, verb",0.009771
3046,hat,2835,0.06,4.53,1384,0.12,4.74,A1,noun,0.009775
3047,princess,2850,0.06,4.53,1377,0.13,4.74,A1,noun,0.009775
3048,blowing,5102,0.03,4.2,2649,0.05,4.38,,,0.00978
3049,dance,1246,0.16,4.93,617,0.34,5.18,A1,"noun, verb",0.009784
3050,reid,7275,0.02,3.99,6700,0.02,3.84,,,0.009787
3051,kingdom,2394,0.08,4.62,2482,0.06,4.42,A2,noun,0.009789
3052,wave,2423,0.08,4.62,2487,0.06,4.42,B1,"noun, verb",0.009789
3053,bob,2331,0.08,4.63,1111,0.16,4.85,,,0.009792
3054,scientists,3024,0.06,4.5,3017,0.05,4.31,,,0.009792
3055,midnight,4253,0.04,4.31,2131,0.07,4.5,A2,noun,0.009792
3056,piano,4258,0.04,4.31,2161,0.07,4.5,A1,noun,0.009792
3057,wedding,1586,0.13,4.83,717,0.27,5.07,A2,noun,0.009795
3058,part,162,1.12,5.78,370,0.67,5.47,B2,"noun, verb",0.009798
3059,tea,1925,0.1,4.73,909,0.21,4.96,A1,noun,0.009798
3060,lang,8952,0.01,3.85,8155,0.01,3.71,,,0.009798
3061,handled,4677,0.03,4.25,4551,0.03,4.08,,,0.0098
3062,fairy,6242,0.02,4.08,3321,0.04,4.25,A1,noun,0.0098
3063,funny,1019,0.2,5.02,536,0.43,5.28,A1,adjective,0.009803
3064,blind,2879,0.06,4.52,1409,0.12,4.73,B1,adjective,0.009817
3065,marie,5234,0.03,4.19,2720,0.05,4.37,,,0.009826
3066,alcohol,2424,0.08,4.61,2539,0.06,4.41,B1,noun,0.009833
3067,id,2448,0.08,4.61,2520,0.06,4.41,A2,noun,0.009833
3068,seek,2462,0.08,4.61,2545,0.06,4.41,A2,verb,0.009833
3069,abraham,7306,0.02,3.98,6805,0.02,3.83,,,0.009837
3070,satisfy,7389,0.02,3.98,6853,0.02,3.83,A2,verb,0.009837
3071,ahead,1038,0.19,5.01,543,0.42,5.27,A2,adverb,0.009841
3072,oldest,4784,0.03,4.24,4621,0.03,4.07,,,0.009847
3073,rifles,9089,0.01,3.84,8300,0.01,3.7,,,0.00985
3074,nearest,5986,0.02,4.11,5606,0.02,3.95,,,0.009852
3075,absurd,7639,0.02,3.95,4306,0.03,4.11,B2,adjective,0.009852
3076,sweet,1322,0.15,4.91,633,0.33,5.16,A2,"adjective, noun",0.009861
3077,salary,3906,0.04,4.36,3792,0.03,4.18,B2,noun,0.009872
3078,covered,1558,0.13,4.83,1758,0.09,4.61,,,0.009875
3079,lake,1564,0.13,4.83,1763,0.09,4.61,A2,noun,0.009875
3080,buried,3604,0.05,4.4,1801,0.09,4.6,,,0.009877
3081,nah,3638,0.05,4.4,1783,0.09,4.6,,,0.009877
3082,sort,1098,0.19,5.0,549,0.41,5.26,B2,"noun, verb",0.00988
3083,candy,4352,0.04,4.29,2239,0.07,4.48,A1,noun,0.009881
3084,breasts,7774,0.02,3.94,4376,0.03,4.1,,,0.009901
3085,unconscious,7866,0.02,3.94,4374,0.03,4.1,B2,adjective,0.009901
3086,dancing,2986,0.06,4.5,1462,0.12,4.71,A1,noun,0.009903
3087,build,963,0.2,5.04,1240,0.14,4.8,A1,verb,0.009915
3088,returned,1613,0.12,4.82,1789,0.09,4.6,,,0.009917
3089,couch,5407,0.03,4.17,2782,0.05,4.35,A1,noun,0.009919
3090,spa,7611,0.02,3.96,6970,0.01,3.81,B2,noun,0.009938
3091,archer,9437,0.01,3.81,5548,0.02,3.96,,,0.009938
3092,fries,9472,0.01,3.81,5522,0.02,3.96,,,0.009938
3093,spoiled,9544,0.01,3.81,5486,0.02,3.96,,,0.009938
3094,cruise,4933,0.03,4.22,4779,0.03,4.05,B2,"noun, verb",0.009943
3095,folk,4947,0.03,4.22,4767,0.03,4.05,B1,noun,0.009943
3096,perry,4971,0.03,4.22,4734,0.03,4.05,,,0.009943
3097,monster,3074,0.06,4.49,1485,0.11,4.7,B1,noun,0.009946
3098,bag,1683,0.11,4.79,783,0.24,5.03,A1,noun,0.009955
3099,grams,9339,0.01,3.82,8475,0.01,3.68,,,0.009956
3100,japanese,1639,0.12,4.81,1821,0.09,4.59,,,0.009959
3101,spread,1650,0.12,4.81,1819,0.09,4.59,B2,"noun, verb",0.009959
3102,bell,2515,0.07,4.59,1192,0.15,4.81,A1,noun,0.009959
3103,bears,4001,0.04,4.34,3887,0.03,4.16,,,0.009965
3104,thick,3265,0.05,4.46,3205,0.04,4.27,A1,adjective,0.009972
3105,trick,3145,0.06,4.48,1516,0.11,4.69,B2,"noun, verb",0.009989
3106,free,211,0.8,5.63,494,0.48,5.33,B2,"adjective, adverb, verb",0.00999
3107,hike,7696,0.02,3.95,7108,0.01,3.8,A2,noun,0.00999
3108,ribs,9662,0.01,3.8,5642,0.02,3.95,,,0.00999
3109,imperial,5054,0.03,4.21,4866,0.02,4.04,,,0.009991
3110,creepy,6671,0.02,4.04,3591,0.04,4.21,B2,adjective,0.009991
3111,sounds,1151,0.17,4.97,572,0.38,5.23,,,0.009996
3112,joe,1727,0.11,4.78,797,0.24,5.02,,,0.009996
3113,thinks,1741,0.11,4.78,794,0.24,5.02,,,0.009996
3114,fold,6245,0.02,4.08,5928,0.02,3.92,B1,"noun, verb",0.01
3115,pastor,6277,0.02,4.08,5901,0.02,3.92,B2,noun,0.01
3116,shaw,6296,0.02,4.08,5885,0.02,3.92,,,0.01
3117,heroin,8043,0.02,3.92,4511,0.03,4.08,,,0.01
3118,tongue,3853,0.04,4.37,1904,0.08,4.57,B1,noun,0.01001
3119,satellite,4120,0.04,4.33,4021,0.03,4.15,B1,noun,0.010012
3120,wallet,5648,0.03,4.15,2879,0.05,4.33,A2,noun,0.010012
3121,gray,3304,0.05,4.45,3298,0.04,4.26,,,0.010018
3122,convince,4592,0.03,4.26,2339,0.06,4.45,B1,verb,0.010018
3123,upon,798,0.25,5.12,1076,0.17,4.87,A2,preposition,0.01002
3124,america,603,0.31,5.22,901,0.21,4.96,,,0.010035
3125,depend,5119,0.03,4.2,4954,0.02,4.03,A2,verb,0.010039
3126,junk,6800,0.02,4.03,3623,0.04,4.2,A2,noun,0.010039
3127,overtime,7826,0.02,3.94,7303,0.01,3.79,B2,"adverb, noun",0.010041
3128,swept,7857,0.02,3.94,7207,0.01,3.79,,,0.010041
3129,explosives,9745,0.01,3.79,5681,0.02,3.94,,,0.010041
3130,lawyer,2162,0.09,4.67,1015,0.18,4.9,A2,noun,0.010045
3131,graduation,6362,0.02,4.07,6033,0.02,3.91,B1,noun,0.01005
3132,hostile,6365,0.02,4.07,5965,0.02,3.91,,,0.01005
3133,shorts,6415,0.02,4.07,5979,0.02,3.91,,,0.01005
3134,toss,8220,0.02,3.91,4611,0.03,4.07,B1,verb,0.01005
3135,aboard,5653,0.03,4.14,2928,0.05,4.32,B1,adverb,0.01006
3136,mason,5709,0.03,4.14,2944,0.05,4.32,,,0.01006
3137,sweat,5739,0.03,4.14,2929,0.05,4.32,A2,"noun, verb",0.01006
3138,given,372,0.48,5.41,658,0.3,5.13,A2,adjective,0.010082
3139,male,1371,0.14,4.89,1614,0.1,4.66,A2,"adjective, noun",0.010087
3140,dodge,7913,0.02,3.93,7394,0.01,3.78,,,0.010094
3141,queens,6510,0.02,4.06,6046,0.02,3.9,,,0.010101
3142,tourists,6531,0.02,4.06,6088,0.02,3.9,,,0.010101
3143,amongst,4206,0.04,4.31,4163,0.03,4.13,B2,preposition,0.010108
3144,cabin,5765,0.03,4.13,3012,0.05,4.31,B1,noun,0.010108
3145,homework,5799,0.03,4.13,2999,0.05,4.31,A1,noun,0.010108
3146,nathan,5817,0.03,4.13,2989,0.05,4.31,,,0.010108
3147,reveal,3450,0.05,4.43,3387,0.04,4.24,A2,verb,0.010111
3148,worker,3461,0.05,4.43,3396,0.04,4.24,A1,noun,0.010111
3149,share,642,0.29,5.2,940,0.2,4.94,A1,"noun, verb",0.010115
3150,kindergarten,9775,0.01,3.79,8851,0.01,3.65,,,0.010117
3151,lopez,9777,0.01,3.79,8919,0.01,3.65,,,0.010117
3152,mr,192,0.91,5.69,448,0.54,5.38,,,0.010119
3153,ll,2219,0.09,4.66,2362,0.06,4.45,,,0.010121
3154,shame,2761,0.07,4.55,1322,0.13,4.77,B1,noun,0.010131
3155,examine,5325,0.03,4.18,5042,0.02,4.01,B1,verb,0.010138
3156,spray,5368,0.03,4.18,5070,0.02,4.01,B2,"noun, verb",0.010138
3157,baseball,2773,0.06,4.54,2839,0.05,4.34,A1,noun,0.010145
3158,refused,2806,0.06,4.54,2846,0.05,4.34,,,0.010145
3159,glasses,4021,0.04,4.34,2005,0.08,4.54,A1,noun,0.010145
3160,milan,6593,0.02,4.05,6225,0.02,3.89,,,0.010152
3161,slim,6621,0.02,4.05,6141,0.02,3.89,A2,adjective,0.010152
3162,youngest,6646,0.02,4.05,6208,0.02,3.89,,,0.010152
3163,surprises,8491,0.01,3.89,4791,0.03,4.05,,,0.010152
3164,friend,420,0.44,5.37,250,1.07,5.68,A1,noun,0.010155
3165,english,653,0.29,5.19,957,0.19,4.93,,,0.010155
3166,private,661,0.29,5.19,967,0.19,4.93,A2,adjective,0.010155
3167,graham,4306,0.04,4.3,4179,0.03,4.12,,,0.010156
3168,mi,4315,0.04,4.3,4180,0.03,4.12,,,0.010156
3169,rounds,4327,0.04,4.3,4188,0.03,4.12,,,0.010156
3170,kit,3505,0.05,4.42,3470,0.04,4.23,A2,noun,0.010157
3171,taylor,2273,0.08,4.65,2414,0.06,4.44,,,0.010166
3172,thousand,2320,0.08,4.64,1071,0.17,4.87,A2,number,0.010172
3173,map,1798,0.11,4.76,1998,0.08,4.54,A1,noun,0.010175
3174,request,1801,0.11,4.76,2008,0.08,4.54,B1,"noun, verb",0.010175
3175,race,882,0.22,5.08,1146,0.15,4.83,B1,"noun, verb",0.010182
3176,boxing,5395,0.03,4.17,5178,0.02,4.0,B1,noun,0.010187
3177,bo,7100,0.02,4.0,3819,0.03,4.17,,,0.010187
3178,tits,7187,0.02,4.0,3876,0.03,4.17,,,0.010187
3179,ages,2816,0.06,4.53,2903,0.05,4.33,,,0.010191
3180,wilson,2871,0.06,4.53,2859,0.05,4.33,,,0.010191
3181,refuge,8193,0.02,3.91,7605,0.01,3.76,B2,noun,0.010199
3182,cope,6668,0.02,4.04,6289,0.02,3.88,B2,verb,0.010203
3183,emotionally,6682,0.02,4.04,6299,0.02,3.88,B1,adverb,0.010203
3184,climb,4929,0.03,4.22,2540,0.06,4.41,A2,"noun, verb",0.010205
3185,friendly,2300,0.08,4.64,2467,0.06,4.43,B2,adjective,0.010211
3186,opens,3441,0.05,4.43,1652,0.1,4.64,,,0.010211
3187,interview,1458,0.13,4.86,1696,0.1,4.63,B1,"noun, verb",0.010215
3188,dream,1303,0.15,4.91,629,0.33,5.17,A2,"noun, verb",0.010236
3189,suffered,2919,0.06,4.52,2918,0.05,4.32,,,0.010237
3190,bang,4139,0.04,4.32,2082,0.07,4.52,B1,"noun, verb",0.010237
3191,bubble,5481,0.03,4.16,5209,0.02,3.99,B1,noun,0.010237
3192,manhattan,5519,0.03,4.16,5257,0.02,3.99,,,0.010237
3193,travelling,5561,0.03,4.16,5273,0.02,3.99,,,0.010237
3194,wicked,7305,0.02,3.99,3910,0.03,4.16,,,0.010237
3195,afternoon,1927,0.1,4.72,904,0.21,4.96,A1,noun,0.010245
3196,hop,3629,0.05,4.4,3576,0.04,4.21,B1,noun,0.010252
3197,duck,5031,0.03,4.21,2593,0.06,4.4,A2,noun,0.010252
3198,sounding,8352,0.01,3.9,7695,0.01,3.75,,,0.010252
3199,expecting,3491,0.05,4.42,1697,0.1,4.63,,,0.010256
3200,signed,1503,0.13,4.85,1723,0.09,4.62,,,0.010259
3201,ways,939,0.21,5.06,1216,0.14,4.81,,,0.010265
3202,cap,2929,0.06,4.51,3003,0.05,4.31,A1,noun,0.010284
3203,plus,1202,0.17,4.95,1464,0.12,4.71,A2,"conjunction, noun, preposition",0.010288
3204,harbor,5599,0.03,4.15,5280,0.02,3.98,,,0.010288
3205,raymond,7379,0.02,3.98,4019,0.03,4.15,,,0.010288
3206,shell,3726,0.05,4.39,3602,0.04,4.2,B2,"noun, verb",0.0103
3207,flesh,5128,0.03,4.2,2604,0.06,4.39,B2,noun,0.0103
3208,gifted,8429,0.01,3.89,7833,0.01,3.74,B1,adjective,0.010306
3209,victory,1926,0.1,4.73,2119,0.07,4.51,B1,noun,0.010307
3210,anchor,6862,0.02,4.02,6533,0.02,3.86,B2,noun,0.010307
3211,sucked,8864,0.01,3.86,4975,0.02,4.02,,,0.010307
3212,stephen,3030,0.06,4.5,3029,0.05,4.3,,,0.010331
3213,touched,4341,0.04,4.3,2158,0.07,4.5,,,0.010331
3214,amber,7414,0.02,3.97,4093,0.03,4.14,,,0.010339
3215,clan,7429,0.02,3.97,4032,0.03,4.14,,,0.010339
3216,searched,7499,0.02,3.97,4045,0.03,4.14,,,0.010339
3217,by,24,8.51,6.66,97,3.79,6.23,A1,preposition,0.010352
3218,mail,1952,0.1,4.72,2138,0.07,4.5,B1,"noun, verb",0.010352
3219,carved,8521,0.01,3.88,7886,0.01,3.73,,,0.010361
3220,fourteen,8542,0.01,3.88,7869,0.01,3.73,A1,number,0.010361
3221,grandparents,8549,0.01,3.88,7859,0.01,3.73,,,0.010361
3222,hill,1603,0.12,4.82,1837,0.09,4.59,A1,noun,0.01039
3223,companion,5772,0.03,4.13,5461,0.02,3.96,B1,noun,0.01039
3224,precise,5825,0.03,4.13,5514,0.02,3.96,A2,adjective,0.01039
3225,salt,2499,0.07,4.6,2603,0.06,4.39,A2,noun,0.010393
3226,survival,3851,0.04,4.37,3780,0.03,4.18,B1,noun,0.010396
3227,daylight,9030,0.01,3.84,5128,0.02,4.0,A2,noun,0.010412
3228,blades,8642,0.01,3.87,8007,0.01,3.72,,,0.010415
3229,crashes,8652,0.01,3.87,8045,0.01,3.72,,,0.010415
3230,take,128,1.55,5.92,82,4.56,6.31,A1,"noun, verb",0.01043
3231,admit,2567,0.07,4.58,1205,0.15,4.81,A2,verb,0.010434
3232,we,29,6.46,6.54,11,23.47,7.02,A1,pronoun,0.010442
3233,transferred,3914,0.04,4.36,3874,0.03,4.17,,,0.010445
3234,approaching,5387,0.03,4.17,2751,0.05,4.36,,,0.010445
3235,pulse,6507,0.02,4.06,3419,0.04,4.24,B2,noun,0.010451
3236,teach,2183,0.09,4.67,998,0.18,4.91,A1,verb,0.01046
3237,asylum,7197,0.02,3.99,6758,0.02,3.83,,,0.010466
3238,katherine,9202,0.01,3.83,5232,0.02,3.99,,,0.010466
3239,kind,337,0.53,5.45,201,1.36,5.78,A1,"adjective, noun",0.010467
3240,radius,8847,0.01,3.86,8186,0.01,3.71,,,0.01047
3241,thrust,8871,0.01,3.86,8217,0.01,3.71,,,0.01047
3242,jews,3174,0.05,4.47,3197,0.04,4.27,,,0.010473
3243,boys,986,0.2,5.03,508,0.46,5.31,,,0.010476
3244,adam,2608,0.07,4.57,1232,0.14,4.8,,,0.010479
3245,regret,3838,0.04,4.37,1847,0.09,4.58,A2,"noun, verb",0.010487
3246,ambassador,3922,0.04,4.35,3881,0.03,4.16,B2,noun,0.010494
3247,shy,5551,0.03,4.16,2787,0.05,4.35,A1,adjective,0.010494
3248,arrangements,4820,0.03,4.23,4737,0.03,4.05,,,0.010502
3249,passport,6604,0.02,4.05,3451,0.04,4.23,B1,noun,0.010502
3250,rats,6612,0.02,4.05,3445,0.04,4.23,,,0.010502
3251,course,343,0.51,5.44,208,1.33,5.77,A1,noun,0.010504
3252,organize,7370,0.02,3.98,6908,0.01,3.82,,,0.010519
3253,fellows,9333,0.01,3.82,5328,0.02,3.98,,,0.010519
3254,adventure,3205,0.05,4.46,3285,0.04,4.26,A2,noun,0.010521
3255,machines,3244,0.05,4.46,3247,0.04,4.26,,,0.010521
3256,settling,8983,0.01,3.85,8314,0.01,3.7,,,0.010526
3257,thought,235,0.72,5.59,158,1.94,5.94,A2,noun,0.010531
3258,bring,537,0.35,5.27,309,0.86,5.58,A1,verb,0.010533
3259,meet,544,0.35,5.27,308,0.86,5.58,A1,verb,0.010533
3260,watches,6110,0.02,4.1,5770,0.02,3.93,,,0.010546
3261,ashes,7883,0.02,3.93,4341,0.03,4.1,,,0.010546
3262,halt,7924,0.02,3.93,4347,0.03,4.1,,,0.010546
3263,tension,4987,0.03,4.22,4844,0.02,4.04,B1,noun,0.010553
3264,actress,3273,0.05,4.45,3360,0.04,4.25,B1,noun,0.010569
3265,accompany,9429,0.01,3.81,5398,0.02,3.97,B1,verb,0.010574
3266,saw,459,0.41,5.34,260,1.04,5.66,B2,"noun, verb",0.010579
3267,jeff,3310,0.05,4.45,1590,0.1,4.67,,,0.01058
3268,hopefully,2681,0.07,4.56,2804,0.05,4.35,B1,adverb,0.010581
3269,mat,9065,0.01,3.84,8354,0.01,3.69,,,0.010582
3270,nash,9071,0.01,3.84,8456,0.01,3.69,,,0.010582
3271,vanilla,9122,0.01,3.84,8422,0.01,3.69,,,0.010582
3272,purpose,1405,0.14,4.88,1657,0.1,4.64,A2,noun,0.010592
3273,truck,2323,0.08,4.64,1053,0.17,4.88,A1,noun,0.010592
3274,drops,4080,0.04,4.33,4066,0.03,4.14,,,0.010594
3275,accent,5655,0.03,4.14,2860,0.05,4.33,B1,noun,0.010594
3276,vincent,5748,0.03,4.14,2881,0.05,4.33,,,0.010594
3277,importantly,6148,0.02,4.09,5911,0.02,3.92,A2,adverb,0.010598
3278,riot,6174,0.02,4.09,5833,0.02,3.92,,,0.010598
3279,teenager,6191,0.02,4.09,5836,0.02,3.92,A2,noun,0.010598
3280,gabriel,8038,0.02,3.92,4410,0.03,4.09,,,0.010598
3281,seth,8090,0.02,3.92,4409,0.03,4.09,,,0.010598
3282,beyond,1116,0.18,4.98,1426,0.12,4.73,A2,preposition,0.010606
3283,client,2780,0.06,4.54,1299,0.13,4.77,B2,noun,0.010614
3284,captured,3353,0.05,4.44,3415,0.04,4.24,,,0.010618
3285,most,104,1.86,6.0,269,0.98,5.64,A2,"adverb, determiner, pronoun",0.010628
3286,offence,7588,0.02,3.96,7124,0.01,3.8,,,0.010628
3287,pablo,9643,0.01,3.8,5496,0.02,3.96,,,0.010628
3288,delicious,4012,0.04,4.34,1985,0.08,4.55,A1,adjective,0.010629
3289,saturday,1438,0.14,4.87,1706,0.1,4.63,A1,noun,0.010637
3290,breakthrough,9143,0.01,3.83,8542,0.01,3.68,B1,noun,0.010638
3291,manager,1143,0.17,4.97,1449,0.12,4.72,A2,noun,0.01065
3292,broadway,6216,0.02,4.08,6007,0.02,3.91,,,0.010652
3293,killers,8162,0.02,3.91,4536,0.03,4.08,,,0.010652
3294,stare,8211,0.02,3.91,4540,0.03,4.08,B1,verb,0.010652
3295,trucks,5171,0.03,4.2,5009,0.02,4.02,,,0.010656
3296,changing,1787,0.11,4.76,2033,0.08,4.53,,,0.01066
3297,wondering,2872,0.06,4.53,1344,0.13,4.76,,,0.01066
3298,class,430,0.43,5.36,726,0.27,5.07,A1,noun,0.010663
3299,pitch,3444,0.05,4.43,3452,0.04,4.23,B2,"noun, verb",0.010667
3300,greg,4859,0.03,4.23,2465,0.06,4.43,,,0.010667
3301,snake,4895,0.03,4.23,2459,0.06,4.43,A1,noun,0.010667
3302,actor,2240,0.08,4.65,2462,0.06,4.43,A1,noun,0.010674
3303,degrees,2784,0.06,4.54,2886,0.05,4.33,,,0.010677
3304,leaving,1123,0.18,4.98,550,0.41,5.26,,,0.010681
3305,ellis,7684,0.02,3.95,7237,0.01,3.79,,,0.010683
3306,gamble,9752,0.01,3.79,5626,0.02,3.95,,,0.010683
3307,harmless,9757,0.01,3.79,5601,0.02,3.95,B2,adjective,0.010683
3308,shrimp,9815,0.01,3.79,5585,0.02,3.95,B1,noun,0.010683
3309,game,182,0.98,5.72,446,0.55,5.39,A1,noun,0.010694
3310,lincoln,4249,0.04,4.31,4193,0.03,4.12,,,0.010694
3311,quiz,9385,0.01,3.82,8615,0.01,3.67,A2,noun,0.010695
3312,timothy,9409,0.01,3.82,8674,0.01,3.67,,,0.010695
3313,kicks,6371,0.02,4.07,6131,0.02,3.9,,,0.010705
3314,walt,8379,0.01,3.9,4606,0.03,4.07,,,0.010705
3315,joan,7020,0.02,4.01,3665,0.04,4.19,,,0.010708
3316,liquor,7025,0.02,4.01,3681,0.04,4.19,,,0.010708
3317,capture,3472,0.05,4.42,3537,0.04,4.22,B1,"noun, verb",0.010717
3318,whatever,759,0.26,5.14,392,0.63,5.44,B1,"determiner, pronoun",0.01072
3319,jacket,4168,0.04,4.32,2041,0.08,4.53,A1,noun,0.010725
3320,speech,1506,0.13,4.85,1757,0.09,4.61,A1,noun,0.010727
3321,newton,7822,0.02,3.94,7350,0.01,3.78,,,0.010739
3322,swap,7856,0.02,3.94,7358,0.01,3.78,,,0.010739
3323,logs,9493,0.01,3.81,8771,0.01,3.66,,,0.010753
3324,hon,8436,0.01,3.89,4699,0.03,4.06,,,0.010759
3325,misery,8454,0.01,3.89,4642,0.03,4.06,B1,noun,0.010759
3326,endless,5323,0.03,4.18,5111,0.02,4.0,B1,adjective,0.01076
3327,admiral,7092,0.02,4.0,3790,0.03,4.18,,,0.01076
3328,little,173,1.05,5.75,112,3.02,6.13,B1,"adjective, adverb, determiner, pronoun",0.01077
3329,bills,2878,0.06,4.52,2985,0.05,4.31,,,0.010774
3330,edward,2889,0.06,4.52,2972,0.05,4.31,,,0.010774
3331,therapy,2924,0.06,4.52,2986,0.05,4.31,B2,noun,0.010774
3332,ben,2063,0.09,4.69,945,0.2,4.94,,,0.010783
3333,sure,202,0.87,5.67,128,2.46,6.04,A2,"adjective, adverb",0.010793
3334,henderson,7926,0.02,3.93,7433,0.01,3.77,,,0.010794
3335,celebration,4354,0.04,4.29,4372,0.03,4.1,A1,noun,0.010797
3336,hanging,3002,0.06,4.5,1419,0.12,4.73,B1,adjective,0.010799
3337,ops,9639,0.01,3.8,8860,0.01,3.65,,,0.01081
3338,beds,5392,0.03,4.17,5250,0.02,3.99,,,0.010813
3339,reminded,5448,0.03,4.17,5212,0.02,3.99,,,0.010813
3340,ignorant,6581,0.02,4.05,6318,0.02,3.88,B2,adjective,0.010813
3341,insult,7240,0.02,3.99,3821,0.03,4.17,B2,"noun, verb",0.010813
3342,nicole,7254,0.02,3.99,3842,0.03,4.17,,,0.010813
3343,something,152,1.2,5.81,99,3.61,6.2,A1,pronoun,0.010815
3344,cares,3606,0.05,4.4,1741,0.09,4.62,,,0.010816
3345,insane,3631,0.05,4.4,1740,0.09,4.62,B1,adjective,0.010816
3346,nick,2547,0.07,4.59,1157,0.15,4.83,,,0.010819
3347,valuable,2973,0.06,4.51,3064,0.04,4.3,B1,adjective,0.010822
3348,galaxy,4450,0.04,4.28,4444,0.03,4.09,,,0.010848
3349,stands,2466,0.08,4.61,2628,0.06,4.39,,,0.010864
3350,wonderful,1514,0.13,4.85,670,0.3,5.12,A1,adjective,0.010865
3351,counted,6669,0.02,4.04,6438,0.02,3.87,,,0.010868
3352,flavor,6687,0.02,4.04,6380,0.02,3.87,,,0.010868
3353,wee,8744,0.01,3.87,4800,0.02,4.04,,,0.010868
3354,fascist,9747,0.01,3.79,9008,0.01,3.64,,,0.010869
3355,surround,9827,0.01,3.79,9026,0.01,3.64,B1,verb,0.010869
3356,vatican,9835,0.01,3.79,9025,0.01,3.64,,,0.010869
3357,governor,1998,0.1,4.71,2215,0.07,4.48,B1,noun,0.010893
3358,remove,2013,0.1,4.71,2220,0.07,4.48,B1,verb,0.010893
3359,vessel,4565,0.03,4.27,4533,0.03,4.08,B1,noun,0.0109
3360,raped,6289,0.02,4.08,3217,0.04,4.27,,,0.0109
3361,massacre,8169,0.02,3.91,7636,0.01,3.75,B2,noun,0.010907
3362,bunch,2614,0.07,4.57,1198,0.15,4.81,B1,noun,0.010911
3363,connect,3746,0.04,4.38,3786,0.03,4.18,B1,verb,0.010918
3364,garbage,5327,0.03,4.18,2645,0.05,4.38,A1,noun,0.010918
3365,loves,2220,0.09,4.66,996,0.18,4.91,,,0.010919
3366,rub,7494,0.02,3.97,3988,0.03,4.15,B2,verb,0.01092
3367,davis,3052,0.06,4.49,3181,0.04,4.28,,,0.010921
3368,arabic,6760,0.02,4.03,6548,0.02,3.86,,,0.010923
3369,bennett,6763,0.02,4.03,6531,0.02,3.86,,,0.010923
3370,essence,6784,0.02,4.03,6518,0.02,3.86,B1,noun,0.010923
3371,intelligence,2044,0.09,4.7,2293,0.07,4.47,A2,noun,0.010941
3372,wounds,6428,0.02,4.07,3276,0.04,4.26,,,0.010953
3373,pregnant,2695,0.07,4.56,1222,0.14,4.8,B1,adjective,0.010958
3374,delivery,2528,0.07,4.59,2706,0.05,4.37,B1,noun,0.010961
3375,funeral,3810,0.04,4.37,1810,0.09,4.59,B1,noun,0.010961
3376,hospitality,8300,0.01,3.9,7791,0.01,3.74,B2,noun,0.010965
3377,fraud,3809,0.04,4.37,3844,0.03,4.17,B2,noun,0.010969
3378,bothered,7531,0.02,3.96,4048,0.03,4.14,B2,adjective,0.010974
3379,forbidden,7565,0.02,3.96,4064,0.03,4.14,B1,adjective,0.010974
3380,luck,1312,0.15,4.91,601,0.35,5.19,A1,noun,0.010979
3381,dimension,6893,0.02,4.02,6624,0.02,3.85,B2,noun,0.010979
3382,flowing,6907,0.02,4.02,6582,0.02,3.85,,,0.010979
3383,ordering,6943,0.02,4.02,6652,0.02,3.85,,,0.010979
3384,everything,261,0.65,5.54,166,1.81,5.9,A1,pronoun,0.011003
3385,told,268,0.65,5.54,167,1.8,5.9,,,0.011003
3386,laundry,6488,0.02,4.06,3348,0.04,4.25,B2,noun,0.011006
3387,tube,3915,0.04,4.36,3897,0.03,4.16,A1,noun,0.011021
3388,feeds,8422,0.01,3.89,7938,0.01,3.73,,,0.011022
3389,eats,7681,0.02,3.95,4134,0.03,4.13,,,0.011028
3390,lame,7707,0.02,3.95,4155,0.03,4.13,B2,adjective,0.011028
3391,dealers,7002,0.02,4.01,6695,0.02,3.84,,,0.011035
3392,creep,9029,0.01,3.84,5093,0.02,4.01,,,0.011035
3393,else,412,0.45,5.38,232,1.18,5.72,A1,adverb,0.011038
3394,weird,1653,0.12,4.81,708,0.27,5.08,B1,adjective,0.011042
3395,bathroom,2774,0.06,4.54,1283,0.14,4.78,A1,noun,0.011052
3396,do,50,4.17,6.35,20,15.35,6.83,A1,do-verb,0.011053
3397,no,51,4.17,6.35,22,15.2,6.83,A1,"adverb, determiner",0.011053
3398,navy,2632,0.07,4.57,2771,0.05,4.35,B2,noun,0.01106
3399,atmosphere,3208,0.05,4.46,3303,0.04,4.25,B1,noun,0.011072
3400,hills,3236,0.05,4.46,3318,0.04,4.25,,,0.011072
3401,colony,5866,0.02,4.12,5670,0.02,3.94,,,0.011083
3402,sober,7850,0.02,3.94,4201,0.03,4.12,,,0.011083
3403,towel,7863,0.02,3.94,4231,0.03,4.12,A1,noun,0.011083
3404,schedule,2178,0.09,4.67,2395,0.06,4.44,B2,"noun, verb",0.011085
3405,writing,920,0.22,5.07,1231,0.14,4.8,A2,noun,0.011086
3406,happening,1661,0.12,4.8,715,0.27,5.07,,,0.011086
3407,disposal,7122,0.02,4.0,6779,0.02,3.83,B2,noun,0.011091
3408,bald,9137,0.01,3.83,5183,0.02,4.0,B1,adjective,0.011091
3409,weather,1443,0.14,4.87,1742,0.09,4.62,A1,noun,0.011104
3410,stamp,6012,0.02,4.11,5812,0.02,3.93,B2,"noun, verb",0.011138
3411,early,354,0.5,5.43,678,0.29,5.12,A1,"adjective, adverb",0.011141
3412,coach,1160,0.17,4.96,1497,0.11,4.7,B2,"noun, verb",0.011145
3413,clues,9300,0.01,3.82,5215,0.02,3.99,,,0.011148
3414,concert,2721,0.07,4.55,2892,0.05,4.33,A1,noun,0.01116
3415,accidentally,4911,0.03,4.22,4895,0.02,4.03,B1,adverb,0.011166
3416,slight,4982,0.03,4.22,4925,0.02,4.03,B1,"adjective, noun",0.011166
3417,fleet,4084,0.04,4.33,4154,0.03,4.13,B2,noun,0.011178
3418,preparing,4107,0.04,4.33,4145,0.03,4.13,,,0.011178
3419,chain,2244,0.08,4.65,2503,0.06,4.42,A2,noun,0.011183
3420,ugly,3535,0.05,4.42,1648,0.1,4.65,A1,adjective,0.011183
3421,give,185,0.96,5.71,119,2.82,6.1,A1,verb,0.011185
3422,pose,6084,0.02,4.1,5903,0.02,3.92,B2,noun,0.011194
3423,forgetting,8037,0.02,3.92,4384,0.03,4.1,,,0.011194
3424,recognise,8080,0.02,3.92,4379,0.03,4.1,,,0.011194
3425,commander,2935,0.06,4.51,1370,0.13,4.75,B2,noun,0.011196
3426,coffee,1448,0.13,4.86,650,0.31,5.14,A1,noun,0.0112
3427,bruno,9446,0.01,3.81,5345,0.02,3.98,,,0.011206
3428,shotgun,9537,0.01,3.81,5297,0.02,3.98,,,0.011206
3429,messages,2799,0.06,4.54,2940,0.05,4.32,,,0.01121
3430,nasty,4966,0.03,4.22,2441,0.06,4.43,B1,adjective,0.011227
3431,want,96,2.05,6.04,58,6.78,6.48,A1,"noun, verb",0.011228
3432,troops,2322,0.08,4.64,2528,0.06,4.41,,,0.011233
3433,lately,3568,0.05,4.41,1663,0.1,4.64,B1,adverb,0.011233
3434,girlfriend,2113,0.09,4.68,946,0.2,4.94,A1,noun,0.011238
3435,morning,470,0.4,5.33,254,1.05,5.67,A1,noun,0.01124
3436,borrowed,8123,0.02,3.91,4442,0.03,4.09,,,0.01125
3437,carson,8124,0.02,3.91,4432,0.03,4.09,,,0.01125
3438,parked,8182,0.02,3.91,4443,0.03,4.09,,,0.01125
3439,yang,8229,0.02,3.91,4421,0.03,4.09,,,0.01125
3440,accusations,8883,0.01,3.85,8408,0.01,3.69,,,0.011257
3441,brotherhood,8900,0.01,3.85,8439,0.01,3.69,B1,noun,0.011257
3442,walsh,9006,0.01,3.85,8457,0.01,3.69,,,0.011257
3443,grave,4239,0.04,4.31,2043,0.08,4.53,B1,noun,0.011261
3444,brady,7421,0.02,3.97,7100,0.01,3.8,,,0.011263
3445,condemned,7434,0.02,3.97,7141,0.01,3.8,,,0.011263
3446,grasp,7455,0.02,3.97,7168,0.01,3.8,B2,noun,0.011263
3447,talents,7509,0.02,3.97,7191,0.01,3.8,,,0.011263
3448,malcolm,7027,0.02,4.01,3601,0.04,4.2,,,0.011275
3449,judges,3504,0.05,4.42,3577,0.04,4.21,,,0.011279
3450,catherine,5943,0.02,4.11,3007,0.05,4.31,,,0.011284
3451,selfish,6009,0.02,4.11,2977,0.05,4.31,B1,adjective,0.011284
3452,owner,1570,0.13,4.83,1858,0.09,4.58,A1,noun,0.011293
3453,favor,2576,0.07,4.58,1162,0.15,4.83,,,0.011293
3454,heaven,2581,0.07,4.58,1143,0.15,4.83,B1,noun,0.011293
3455,especially,618,0.3,5.21,974,0.19,4.92,A2,adverb,0.011304
3456,position,624,0.3,5.21,970,0.19,4.92,A2,noun,0.011304
3457,lodge,6264,0.02,4.08,6039,0.02,3.9,B1,noun,0.011306
3458,affair,4284,0.04,4.3,2054,0.08,4.52,A2,noun,0.011312
3459,frank,1828,0.1,4.75,792,0.24,5.02,A2,adjective,0.011314
3460,commanding,9024,0.01,3.84,8561,0.01,3.68,,,0.011317
3461,clearance,7540,0.02,3.96,7248,0.01,3.79,,,0.011322
3462,buddha,9714,0.01,3.79,5521,0.02,3.96,,,0.011322
3463,remote,3581,0.05,4.41,3646,0.04,4.2,A2,adjective,0.011331
3464,ended,1269,0.15,4.92,1599,0.1,4.66,,,0.011332
3465,begins,2380,0.08,4.62,2637,0.05,4.39,,,0.011333
3466,opposite,2399,0.08,4.62,2626,0.06,4.39,A2,"adjective, adverb, noun, preposition",0.011333
3467,throw,1581,0.13,4.83,683,0.29,5.11,A2,"noun, verb",0.011336
3468,exactly,733,0.26,5.15,374,0.66,5.47,A2,adverb,0.011349
3469,going,122,1.62,5.94,71,5.28,6.37,,,0.01135
3470,altogether,6324,0.02,4.07,6146,0.02,3.89,B1,adverb,0.011363
3471,sings,8487,0.01,3.89,4630,0.03,4.07,,,0.011363
3472,notorious,9218,0.01,3.83,8694,0.01,3.67,B1,adjective,0.011378
3473,apartment,2242,0.08,4.65,999,0.18,4.91,A2,noun,0.011379
3474,cute,2249,0.08,4.65,1004,0.18,4.91,A1,adjective,0.011379
3475,killed,607,0.31,5.22,335,0.79,5.55,,,0.01138
3476,cutting,2435,0.08,4.61,2673,0.05,4.38,,,0.011383
3477,alexander,3597,0.05,4.4,3702,0.03,4.19,,,0.011384
3478,nightmare,5239,0.03,4.19,2583,0.06,4.4,B2,noun,0.011384
3479,propose,7269,0.02,3.99,3771,0.03,4.18,B1,verb,0.011386
3480,silver,1648,0.12,4.81,1935,0.08,4.56,A2,"adjective, noun",0.01139
3481,carlos,6117,0.02,4.09,3132,0.04,4.29,,,0.011392
3482,lucas,6162,0.02,4.09,3104,0.04,4.29,,,0.011392
3483,speed,1099,0.19,5.0,1420,0.12,4.73,B1,"noun, verb",0.011408
3484,miller,3009,0.06,4.5,3167,0.04,4.28,,,0.011415
3485,andrea,8509,0.01,3.88,4647,0.03,4.06,,,0.011421
3486,thanks,362,0.5,5.43,199,1.37,5.79,A1,noun,0.011439
3487,jun,7805,0.02,3.94,7434,0.01,3.77,,,0.011439
3488,neighbourhood,7819,0.02,3.94,7401,0.01,3.77,,,0.011439
3489,rebellion,7837,0.02,3.94,7451,0.01,3.77,,,0.011439
3490,vegetable,7869,0.02,3.94,7406,0.01,3.77,A1,noun,0.011439
3491,guru,9340,0.01,3.82,8782,0.01,3.66,,,0.011439
3492,truth,960,0.21,5.05,466,0.52,5.36,A2,noun,0.011442
3493,colleague,7323,0.02,3.98,3811,0.03,4.17,B2,noun,0.011442
3494,him,82,2.4,6.11,47,8.44,6.57,A1,pronoun,0.011444
3495,me,36,5.62,6.48,12,22.39,7.0,A1,pronoun,0.011447
3496,ready,532,0.36,5.28,279,0.93,5.62,A1,adjective,0.011447
3497,underneath,6311,0.02,4.08,3137,0.04,4.28,B1,"adverb, preposition",0.011447
3498,woman,452,0.42,5.35,243,1.13,5.7,A1,noun,0.011466
3499,dying,2340,0.08,4.63,1038,0.17,4.89,,,0.011475
3500,knights,6585,0.02,4.05,6434,0.02,3.87,,,0.011478
3501,weekends,6643,0.02,4.05,6420,0.02,3.87,,,0.011478
3502,coat,3867,0.04,4.36,1823,0.09,4.59,A1,noun,0.011485
3503,divorce,3874,0.04,4.36,1809,0.09,4.59,B2,"noun, verb",0.011485
3504,ears,3877,0.04,4.36,1829,0.09,4.59,,,0.011485
3505,weapon,2812,0.06,4.54,1261,0.14,4.79,B1,noun,0.011488
3506,possession,3777,0.04,4.38,3800,0.03,4.17,B1,noun,0.011491
3507,admire,7412,0.02,3.97,3949,0.03,4.16,A2,verb,0.011498
3508,madness,7471,0.02,3.97,3950,0.03,4.16,B2,noun,0.011498
3509,steak,7503,0.02,3.97,3896,0.03,4.16,A2,noun,0.011498
3510,mentor,7940,0.02,3.93,7509,0.01,3.76,B2,noun,0.011499
3511,norm,7948,0.02,3.93,7596,0.01,3.76,,,0.011499
3512,sanctuary,7969,0.02,3.93,7558,0.01,3.76,,,0.011499
3513,asap,9438,0.01,3.81,8921,0.01,3.65,,,0.0115
3514,homemade,9479,0.01,3.81,8941,0.01,3.65,,,0.0115
3515,ribbon,9527,0.01,3.81,8904,0.01,3.65,A1,noun,0.0115
3516,accident,1979,0.1,4.71,874,0.21,4.98,A2,noun,0.011502
3517,boat,1986,0.1,4.71,865,0.22,4.98,A1,noun,0.011502
3518,answering,6326,0.02,4.07,3198,0.04,4.27,,,0.011502
3519,concentrate,6345,0.02,4.07,3199,0.04,4.27,A2,verb,0.011502
3520,ted,4636,0.03,4.26,2234,0.07,4.48,,,0.01152
3521,bolt,6659,0.02,4.04,6500,0.02,3.86,B2,"noun, verb",0.011537
3522,dug,8784,0.01,3.86,4808,0.02,4.04,,,0.011537
3523,wiped,8878,0.01,3.86,4843,0.02,4.04,,,0.011537
3524,photo,1145,0.17,4.97,1487,0.11,4.7,A1,noun,0.01155
3525,accomplished,5568,0.03,4.15,5488,0.02,3.96,,,0.011555
3526,compromise,5587,0.03,4.15,5497,0.02,3.96,B2,"noun, verb",0.011555
3527,janet,7572,0.02,3.96,3987,0.03,4.15,,,0.011555
3528,unhappy,6535,0.02,4.06,3252,0.04,4.26,A2,adjective,0.011557
3529,conductor,9587,0.01,3.8,9081,0.01,3.64,B2,noun,0.011562
3530,pins,9648,0.01,3.8,8997,0.01,3.64,,,0.011562
3531,pissed,4697,0.03,4.25,2265,0.07,4.47,,,0.011573
3532,usually,744,0.26,5.15,1090,0.16,4.86,A1,adverb,0.011577
3533,ate,3999,0.04,4.34,1889,0.08,4.57,,,0.011589
3534,team,203,0.87,5.67,505,0.47,5.32,A1,noun,0.011591
3535,route,2176,0.09,4.67,2438,0.06,4.43,B2,noun,0.011593
3536,tests,2185,0.09,4.67,2442,0.06,4.43,,,0.011593
3537,tub,8998,0.01,3.85,4923,0.02,4.03,B2,noun,0.011595
3538,privacy,3898,0.04,4.36,4024,0.03,4.15,B1,noun,0.011599
3539,urgent,5644,0.03,4.15,2724,0.05,4.36,B1,adjective,0.011599
3540,shane,7741,0.02,3.95,4090,0.03,4.14,,,0.011612
3541,gt,9755,0.01,3.79,9199,0.01,3.63,,,0.011624
3542,managed,1797,0.11,4.76,2105,0.07,4.51,,,0.011637
3543,partners,2690,0.07,4.56,2902,0.05,4.33,,,0.011641
3544,priest,4109,0.04,4.33,1944,0.08,4.56,B1,noun,0.011641
3545,lab,3506,0.05,4.42,1618,0.1,4.66,B1,noun,0.011644
3546,remember,417,0.45,5.38,227,1.24,5.74,A1,verb,0.011645
3547,miranda,9068,0.01,3.84,4956,0.02,4.02,,,0.011654
3548,match,774,0.25,5.13,1120,0.16,4.84,B1,"noun, verb",0.01167
3549,pops,7830,0.02,3.94,4140,0.03,4.13,,,0.01167
3550,terrified,7859,0.02,3.94,4142,0.03,4.13,B1,adjective,0.01167
3551,dome,8274,0.01,3.9,7848,0.01,3.73,,,0.01168
3552,hottest,8302,0.01,3.9,7865,0.01,3.73,,,0.01168
3553,violence,1847,0.1,4.75,2150,0.07,4.5,B1,noun,0.011687
3554,leads,2259,0.08,4.65,2519,0.06,4.41,,,0.011695
3555,sandwich,5835,0.03,4.13,2826,0.05,4.34,A1,noun,0.011709
3556,wheat,7084,0.02,4.01,6851,0.02,3.83,B2,noun,0.011714
3557,touch,1324,0.15,4.91,585,0.37,5.21,B1,"noun, verb",0.011717
3558,stuff,757,0.26,5.14,373,0.66,5.47,B2,"noun, verb",0.011726
3559,liam,7938,0.02,3.93,4184,0.03,4.12,,,0.011728
3560,procedure,3385,0.05,4.44,3531,0.04,4.22,B2,noun,0.011734
3561,producer,3386,0.05,4.44,3496,0.04,4.22,B1,noun,0.011734
3562,explosion,4944,0.03,4.22,2396,0.06,4.44,B1,noun,0.011734
3563,iron,1866,0.1,4.74,2178,0.07,4.49,B1,"noun, verb",0.011738
3564,showers,8485,0.01,3.89,8017,0.01,3.72,,,0.011742
3565,bible,2775,0.06,4.54,3005,0.05,4.31,,,0.011746
3566,print,2804,0.06,4.54,2983,0.05,4.31,A2,"noun, verb",0.011746
3567,forever,1861,0.1,4.74,790,0.24,5.02,A2,adverb,0.011758
3568,lovely,1867,0.1,4.74,802,0.23,5.02,A1,adjective,0.011758
3569,glad,1342,0.15,4.9,593,0.36,5.2,A1,adjective,0.011764
3570,computers,4070,0.04,4.33,4206,0.03,4.12,,,0.011764
3571,crossing,4073,0.04,4.33,4194,0.03,4.12,B1,noun,0.011764
3572,abused,7090,0.02,4.0,6865,0.02,3.82,,,0.011774
3573,scent,9396,0.01,3.82,5126,0.02,4.0,B2,noun,0.011774
3574,woody,9423,0.01,3.82,5110,0.02,4.0,,,0.011774
3575,hooked,8045,0.02,3.92,4320,0.03,4.11,,,0.011786
3576,polite,8074,0.02,3.92,4291,0.03,4.11,A2,adjective,0.011786
3577,senses,8088,0.02,3.92,4304,0.03,4.11,,,0.011786
3578,sunday,1287,0.15,4.92,1626,0.1,4.65,A1,noun,0.011792
3579,attractive,2818,0.06,4.53,3035,0.05,4.3,A2,adjective,0.0118
3580,contest,2826,0.06,4.53,3063,0.04,4.3,A1,noun,0.0118
3581,verify,8623,0.01,3.88,8187,0.01,3.71,,,0.011804
3582,heard,542,0.35,5.27,277,0.94,5.62,,,0.011805
3583,stage,837,0.23,5.1,1197,0.15,4.81,A1,noun,0.011812
3584,dude,1630,0.12,4.81,692,0.29,5.1,B1,noun,0.011812
3585,neighbor,5987,0.02,4.11,2927,0.05,4.32,,,0.01182
3586,caroline,6996,0.02,4.01,3586,0.04,4.21,,,0.01184
3587,walker,3538,0.05,4.42,3613,0.04,4.2,B2,noun,0.011843
3588,bored,5103,0.03,4.2,2498,0.06,4.42,A2,adjective,0.011843
3589,lifted,6068,0.02,4.1,6004,0.02,3.91,,,0.011845
3590,immunity,8159,0.02,3.91,4348,0.03,4.1,,,0.011845
3591,turtle,8223,0.02,3.91,4391,0.03,4.1,B1,noun,0.011845
3592,principal,2907,0.06,4.52,3102,0.04,4.29,B2,"adjective, noun",0.011853
3593,unacceptable,8736,0.01,3.87,8316,0.01,3.7,B2,adjective,0.011866
3594,treated,2022,0.1,4.71,2329,0.06,4.46,,,0.011892
3595,lin,9623,0.01,3.8,5327,0.02,3.98,,,0.011895
3596,convicted,5113,0.03,4.2,5186,0.02,4.0,,,0.011898
3597,laser,5140,0.03,4.2,5175,0.02,4.0,B2,noun,0.011898
3598,privilege,5156,0.03,4.2,5124,0.02,4.0,B2,noun,0.011898
3599,dragged,7126,0.02,4.0,3653,0.04,4.2,,,0.011898
3600,punished,7173,0.02,4.0,3599,0.04,4.2,,,0.011898
3601,wrong,409,0.46,5.39,217,1.29,5.76,A2,"adjective, adverb",0.011905
3602,catch,1418,0.14,4.87,621,0.34,5.17,A1,"noun, verb",0.011905
3603,remind,3840,0.04,4.37,1769,0.09,4.61,A2,verb,0.011905
3604,bombing,6115,0.02,4.09,6126,0.02,3.9,B2,noun,0.011905
3605,olive,6168,0.02,4.09,6059,0.02,3.9,B2,noun,0.011905
3606,sebastian,8345,0.01,3.9,4447,0.03,4.09,,,0.011905
3607,injured,2948,0.06,4.51,3184,0.04,4.28,B2,adjective,0.011907
3608,recording,2964,0.06,4.51,3177,0.04,4.28,B1,noun,0.011907
3609,physically,4321,0.04,4.3,4471,0.03,4.09,A2,adverb,0.011933
3610,yourself,496,0.38,5.31,258,1.05,5.67,A1,pronoun,0.011944
3611,string,3658,0.05,4.4,3761,0.03,4.18,A2,noun,0.011954
3612,built,895,0.22,5.07,1284,0.14,4.78,,,0.011956
3613,meals,5235,0.03,4.19,5241,0.02,3.99,,,0.011956
3614,julian,7243,0.02,3.99,3695,0.03,4.19,,,0.011956
3615,troubles,7298,0.02,3.99,3719,0.03,4.19,,,0.011956
3616,caution,7426,0.02,3.97,7236,0.01,3.79,B1,noun,0.011957
3617,delight,7440,0.02,3.97,7232,0.01,3.79,B2,"noun, verb",0.011957
3618,thorough,7512,0.02,3.97,7239,0.01,3.79,B1,adjective,0.011957
3619,dawn,4520,0.03,4.27,2139,0.07,4.5,B2,noun,0.011962
3620,throws,6303,0.02,4.08,6254,0.02,3.89,,,0.011965
3621,homer,8435,0.01,3.89,4489,0.03,4.08,,,0.011965
3622,rex,8478,0.01,3.89,4513,0.03,4.08,,,0.011965
3623,burn,2821,0.06,4.53,1265,0.14,4.79,B1,"noun, verb",0.011973
3624,prints,6287,0.02,4.08,3083,0.04,4.29,,,0.01199
3625,dollar,2531,0.07,4.59,2807,0.05,4.35,A1,noun,0.012011
3626,god,239,0.69,5.57,141,2.13,5.97,B2,noun,0.012015
3627,collapse,5309,0.03,4.18,5309,0.02,3.98,B2,"noun, verb",0.012015
3628,allergic,9845,0.01,3.78,5483,0.02,3.96,B1,adjective,0.012019
3629,rebels,6404,0.02,4.07,6279,0.02,3.88,,,0.012025
3630,tops,6425,0.02,4.07,6343,0.02,3.88,,,0.012025
3631,daughter,900,0.22,5.07,433,0.57,5.4,A1,noun,0.012041
3632,connected,2104,0.09,4.68,2449,0.06,4.43,,,0.012049
3633,birthday,1783,0.11,4.76,755,0.25,5.05,A1,noun,0.012054
3634,instructed,9056,0.01,3.84,8693,0.01,3.67,,,0.012057
3635,man,148,1.23,5.82,91,4.08,6.26,A1,noun,0.012061
3636,possibility,2589,0.07,4.58,2834,0.05,4.34,B1,noun,0.012065
3637,trained,2602,0.07,4.58,2831,0.05,4.34,,,0.012065
3638,suspect,2967,0.06,4.51,1302,0.13,4.77,B2,"noun, verb",0.012076
3639,annoyed,7646,0.02,3.95,7427,0.01,3.77,B1,adjective,0.012081
3640,sixteen,7743,0.02,3.95,7467,0.01,3.77,A1,number,0.012081
3641,treats,6534,0.02,4.06,6424,0.02,3.87,,,0.012086
3642,jew,8683,0.01,3.87,4668,0.03,4.06,,,0.012086
3643,dreams,2532,0.07,4.59,1086,0.16,4.86,,,0.012094
3644,saved,2177,0.09,4.67,928,0.2,4.95,,,0.012102
3645,squad,2182,0.09,4.67,2485,0.06,4.42,B2,noun,0.012102
3646,lane,2630,0.07,4.57,2898,0.05,4.33,A2,noun,0.01212
3647,genius,4089,0.04,4.33,1900,0.08,4.57,B2,noun,0.01212
3648,log,3826,0.04,4.37,4010,0.03,4.15,B1,noun,0.012123
3649,quietly,5620,0.03,4.15,2708,0.05,4.37,A2,adverb,0.012123
3650,profound,7835,0.02,3.94,7566,0.01,3.76,,,0.012144
3651,vibe,7871,0.02,3.94,7565,0.01,3.76,,,0.012144
3652,envelope,8786,0.01,3.86,4733,0.03,4.05,A2,noun,0.012147
3653,opinion,1230,0.16,4.94,1602,0.1,4.66,A2,noun,0.012153
3654,laugh,2214,0.09,4.66,947,0.2,4.94,A1,"noun, verb",0.012153
3655,stolen,3586,0.05,4.41,1610,0.1,4.66,,,0.012156
3656,coming,383,0.47,5.4,202,1.35,5.78,,,0.012161
3657,apology,6541,0.02,4.05,3288,0.04,4.26,B1,noun,0.012164
3658,dylan,6566,0.02,4.05,3289,0.04,4.26,,,0.012164
3659,el,2673,0.07,4.56,2937,0.05,4.32,,,0.012174
3660,golf,2679,0.07,4.56,2965,0.05,4.32,A2,noun,0.012174
3661,bones,4141,0.04,4.32,1926,0.08,4.56,,,0.012174
3662,cents,3866,0.04,4.36,4062,0.03,4.14,,,0.01218
3663,cloud,3219,0.05,4.46,3425,0.04,4.23,A1,noun,0.012183
3664,runs,1535,0.13,4.84,1883,0.08,4.57,,,0.012197
3665,square,1541,0.13,4.84,1897,0.08,4.57,A2,"adjective, noun",0.012197
3666,list,531,0.36,5.28,903,0.21,4.96,B2,"noun, verb",0.012207
3667,discharge,7911,0.02,3.93,7740,0.01,3.75,B2,noun,0.012207
3668,confidence,2247,0.08,4.65,2595,0.06,4.4,B1,noun,0.01221
3669,strikes,4717,0.03,4.25,4842,0.02,4.04,,,0.012223
3670,freaking,6689,0.02,4.04,3305,0.04,4.25,,,0.012223
3671,meantime,6710,0.02,4.04,3315,0.04,4.25,,,0.012223
3672,attend,2714,0.07,4.55,2998,0.05,4.31,B1,verb,0.012229
3673,secrets,4269,0.04,4.31,1975,0.08,4.55,,,0.012229
3674,edge,1858,0.1,4.74,2242,0.07,4.48,B1,noun,0.012234
3675,engines,3940,0.04,4.35,4166,0.03,4.13,,,0.012237
3676,closet,5770,0.03,4.13,2791,0.05,4.35,,,0.012237
3677,informed,3308,0.05,4.45,3494,0.04,4.22,,,0.012239
3678,math,3314,0.05,4.45,3516,0.04,4.22,,,0.012239
3679,did,114,1.7,5.96,62,6.05,6.43,A1,do-verb,0.012247
3680,mentioned,1566,0.13,4.83,1925,0.08,4.56,,,0.012249
3681,mic,9498,0.01,3.81,9039,0.01,3.64,,,0.012252
3682,buffalo,5663,0.03,4.14,5700,0.02,3.94,,,0.012254
3683,prosecutor,7836,0.02,3.94,4092,0.03,4.14,,,0.012254
3684,films,2298,0.08,4.64,2601,0.06,4.39,,,0.012264
3685,secure,2315,0.08,4.64,2606,0.06,4.39,B1,adjective,0.012264
3686,buyer,6766,0.02,4.03,6748,0.02,3.84,B1,noun,0.012271
3687,goose,9048,0.01,3.84,4894,0.02,4.03,,,0.012271
3688,gotten,3168,0.05,4.47,1412,0.12,4.73,,,0.012287
3689,understand,427,0.44,5.37,225,1.27,5.75,A2,verb,0.012292
3690,written,861,0.23,5.09,1254,0.14,4.79,B1,adjective,0.012293
3691,passengers,4035,0.04,4.34,4240,0.03,4.12,,,0.012295
3692,wife,601,0.32,5.23,303,0.88,5.59,A1,noun,0.0123
3693,besides,2328,0.08,4.63,991,0.18,4.91,B1,"adverb, preposition",0.012306
3694,breach,5764,0.03,4.13,5781,0.02,3.93,,,0.012315
3695,noah,7947,0.02,3.93,4127,0.03,4.13,,,0.012315
3696,evening,1452,0.13,4.86,626,0.33,5.17,A1,noun,0.012326
3697,au,6867,0.02,4.02,6765,0.02,3.83,,,0.012333
3698,paths,6945,0.02,4.02,6768,0.02,3.83,,,0.012333
3699,rider,6957,0.02,4.02,6845,0.02,3.83,B2,noun,0.012333
3700,slam,6961,0.02,4.02,6838,0.02,3.83,B2,verb,0.012333
3701,ronald,8199,0.02,3.91,7850,0.01,3.73,,,0.012335
3702,strict,4898,0.03,4.23,5015,0.02,4.02,A1,adjective,0.012342
3703,suggestion,4901,0.03,4.23,5001,0.02,4.02,A1,noun,0.012342
3704,diamonds,6889,0.02,4.02,3422,0.04,4.23,,,0.012342
3705,blocks,3410,0.05,4.43,3629,0.04,4.2,,,0.012353
3706,helpful,3432,0.05,4.43,3660,0.04,4.2,A2,adjective,0.012353
3707,rise,1645,0.12,4.81,2006,0.08,4.54,B1,"noun, verb",0.012354
3708,jail,2392,0.08,4.62,1013,0.18,4.9,,,0.012358
3709,introduce,3821,0.04,4.37,1712,0.09,4.62,A1,verb,0.012373
3710,strongest,5921,0.02,4.12,5845,0.02,3.92,,,0.012376
3711,elliott,9741,0.01,3.79,9256,0.01,3.62,,,0.012384
3712,pumped,9803,0.01,3.79,9293,0.01,3.62,,,0.012384
3713,less,305,0.58,5.49,646,0.31,5.14,A2,"adverb, determiner, pronoun",0.01239
3714,top,244,0.69,5.57,587,0.37,5.21,A1,"adjective, noun",0.012392
3715,signs,2014,0.1,4.71,2343,0.06,4.45,,,0.012395
3716,disappointment,7007,0.02,4.01,6925,0.01,3.82,B1,noun,0.012396
3717,losers,9357,0.01,3.82,5057,0.02,4.01,,,0.012396
3718,butt,4430,0.04,4.28,2084,0.07,4.52,,,0.012397
3719,rebuild,8337,0.01,3.9,7995,0.01,3.72,B1,verb,0.0124
3720,waiting,938,0.21,5.06,435,0.56,5.4,,,0.01243
3721,eat,765,0.25,5.13,363,0.69,5.48,A1,verb,0.012436
3722,mitch,8171,0.02,3.91,4266,0.03,4.11,,,0.012438
3723,well,99,1.99,6.03,52,7.5,6.52,A1,"adjective, adverb",0.012444
3724,horrible,3368,0.05,4.44,1496,0.11,4.7,B1,adjective,0.012449
3725,aim,2927,0.06,4.51,3202,0.04,4.27,B2,"noun, verb",0.012453
3726,television,1705,0.11,4.79,2055,0.08,4.52,A1,noun,0.01246
3727,wu,9555,0.01,3.81,5107,0.02,4.0,,,0.01246
3728,block,1386,0.14,4.88,1792,0.09,4.6,B1,"noun, verb",0.012462
3729,showing,1409,0.14,4.88,1793,0.09,4.6,,,0.012462
3730,escort,7132,0.02,4.0,3564,0.04,4.21,,,0.012462
3731,louise,7155,0.02,4.0,3567,0.04,4.21,,,0.012462
3732,bikes,8391,0.01,3.89,8161,0.01,3.71,,,0.012465
3733,dislike,8412,0.01,3.89,8209,0.01,3.71,B1,"noun, verb",0.012465
3734,powell,8471,0.01,3.89,8199,0.01,3.71,,,0.012465
3735,supernatural,8490,0.01,3.89,8149,0.01,3.71,B2,adjective,0.012465
3736,marcus,6163,0.02,4.09,2975,0.05,4.31,,,0.012472
3737,servant,6180,0.02,4.09,3002,0.05,4.31,B2,noun,0.012472
3738,skull,6183,0.02,4.09,2978,0.05,4.31,,,0.012472
3739,fancy,3945,0.04,4.35,1794,0.09,4.6,B1,"adjective, noun, verb",0.012484
3740,le,3005,0.06,4.5,3267,0.04,4.26,,,0.01251
3741,tradition,3032,0.06,4.5,3265,0.04,4.26,A2,noun,0.01251
3742,nose,2956,0.06,4.51,1280,0.14,4.78,A1,noun,0.012514
3743,major,504,0.37,5.3,888,0.21,4.97,B2,"adjective, noun",0.012515
3744,you,11,17.78,6.98,1,100.0,7.65,A1,pronoun,0.012521
3745,dealt,5115,0.03,4.2,5254,0.02,3.99,,,0.012523
3746,dancer,7213,0.02,3.99,3645,0.04,4.2,A2,noun,0.012523
3747,roller,7282,0.02,3.99,7086,0.01,3.8,,,0.012524
3748,stevens,7293,0.02,3.99,7083,0.01,3.8,,,0.012524
3749,beloved,5393,0.03,4.17,2597,0.06,4.4,B1,adjective,0.012526
3750,shield,4333,0.04,4.3,4493,0.03,4.08,B2,noun,0.012531
3751,juvenile,8562,0.01,3.88,8283,0.01,3.7,,,0.012531
3752,poles,8591,0.01,3.88,8340,0.01,3.7,,,0.012531
3753,maria,4031,0.04,4.34,1811,0.09,4.59,,,0.01254
3754,note,973,0.2,5.04,1389,0.12,4.74,A1,"noun, verb",0.012546
3755,vacuum,6197,0.02,4.09,6253,0.02,3.89,,,0.012563
3756,returning,3081,0.06,4.49,3356,0.04,4.25,,,0.012567
3757,speak,1004,0.2,5.03,462,0.52,5.37,A1,verb,0.012574
3758,president,340,0.53,5.45,694,0.28,5.1,B1,noun,0.012578
3759,pan,3712,0.05,4.39,3901,0.03,4.16,A2,noun,0.012585
3760,atomic,7312,0.02,3.98,7216,0.01,3.79,B1,adjective,0.012588
3761,rely,4405,0.04,4.29,4601,0.03,4.07,B1,verb,0.012591
3762,flag,2577,0.07,4.58,2873,0.05,4.33,A1,noun,0.012596
3763,france,1222,0.16,4.94,1630,0.1,4.65,,,0.012613
3764,device,2150,0.09,4.67,2527,0.06,4.41,B1,noun,0.012614
3765,susan,4803,0.03,4.24,2244,0.07,4.48,,,0.012625
3766,fabric,6240,0.02,4.08,6274,0.02,3.88,B2,noun,0.012626
3767,lords,6265,0.02,4.08,6290,0.02,3.88,,,0.012626
3768,pressing,6286,0.02,4.08,6342,0.02,3.88,,,0.012626
3769,subtle,6301,0.02,4.08,6355,0.02,3.88,B2,adjective,0.012626
3770,gossip,8547,0.01,3.88,4515,0.03,4.08,B2,"noun, verb",0.012626
3771,mankind,8573,0.01,3.88,4529,0.03,4.08,B1,noun,0.012626
3772,embarrassing,5595,0.03,4.15,2681,0.05,4.38,A2,adjective,0.012644
3773,collecting,5310,0.03,4.18,5424,0.02,3.97,,,0.012646
3774,lions,5336,0.03,4.18,5425,0.02,3.97,,,0.012646
3775,photographer,4474,0.04,4.28,4655,0.03,4.06,A2,noun,0.012652
3776,po,7482,0.02,3.97,7311,0.01,3.78,,,0.012653
3777,elvis,9886,0.01,3.78,5429,0.02,3.97,,,0.012653
3778,pray,3648,0.05,4.4,1595,0.1,4.66,A1,verb,0.01267
3779,airport,1516,0.13,4.84,1961,0.08,4.56,A1,noun,0.012675
3780,complete,825,0.23,5.1,1255,0.14,4.79,B1,"adjective, verb",0.012677
3781,stealing,4897,0.03,4.23,2256,0.07,4.47,,,0.012683
3782,freely,6359,0.02,4.07,6455,0.02,3.87,B1,adverb,0.01269
3783,anywhere,1982,0.1,4.71,815,0.23,5.01,A2,adverb,0.012701
3784,madison,5436,0.03,4.17,5544,0.02,3.96,,,0.012709
3785,describe,2671,0.07,4.56,2994,0.05,4.31,A1,verb,0.01271
3786,toilet,4276,0.04,4.31,1940,0.08,4.56,A1,noun,0.01271
3787,fan,1270,0.15,4.92,1710,0.1,4.63,A1,noun,0.012719
3788,photos,1571,0.13,4.83,1978,0.08,4.55,,,0.01273
3789,bullshit,3150,0.05,4.47,1399,0.12,4.74,,,0.012732
3790,halls,8940,0.01,3.85,8715,0.01,3.67,,,0.012732
3791,herbert,8943,0.01,3.85,8677,0.01,3.67,,,0.012732
3792,readings,8976,0.01,3.85,8603,0.01,3.67,,,0.012732
3793,seals,8980,0.01,3.85,8606,0.01,3.67,,,0.012732
3794,nearly,1091,0.19,5.0,1489,0.11,4.7,A2,adverb,0.012754
3795,batteries,6441,0.02,4.06,6574,0.02,3.86,,,0.012754
3796,corners,6454,0.02,4.06,6563,0.02,3.86,,,0.012754
3797,trevor,8872,0.01,3.86,4656,0.03,4.06,,,0.012754
3798,short,472,0.4,5.33,843,0.22,4.99,A1,"adjective, adverb",0.01277
3799,court,370,0.48,5.41,735,0.26,5.06,A2,noun,0.012771
3800,easily,1304,0.15,4.91,1736,0.09,4.62,A2,adverb,0.012772
3801,bold,4579,0.03,4.26,4849,0.02,4.04,B2,"adjective, noun",0.012774
3802,cameron,4582,0.03,4.26,4859,0.02,4.04,,,0.012774
3803,simply,887,0.22,5.08,1312,0.13,4.77,A2,adverb,0.012781
3804,presence,1914,0.1,4.73,2309,0.07,4.46,B1,noun,0.012788
3805,steps,1922,0.1,4.73,2337,0.06,4.46,,,0.012788
3806,press,719,0.27,5.16,1132,0.16,4.84,B1,"noun, verb",0.0128
3807,themselves,723,0.27,5.16,1128,0.16,4.84,A2,pronoun,0.0128
3808,stripped,9105,0.01,3.84,8731,0.01,3.66,,,0.0128
3809,hung,5052,0.03,4.21,2346,0.06,4.45,,,0.012801
3810,honor,2076,0.09,4.69,856,0.22,4.99,,,0.012807
3811,eliminated,6568,0.02,4.05,6643,0.02,3.85,,,0.012818
3812,tennis,3986,0.04,4.35,4207,0.03,4.12,A1,noun,0.012824
3813,wake,1807,0.11,4.76,729,0.26,5.07,B1,"noun, verb",0.012833
3814,gathering,4675,0.03,4.25,4947,0.02,4.03,,,0.012836
3815,settle,3847,0.04,4.37,1688,0.1,4.63,B1,verb,0.01284
3816,sword,3852,0.04,4.37,1676,0.1,4.63,B1,noun,0.01284
3817,houses,1945,0.1,4.72,2352,0.06,4.45,,,0.012844
3818,angel,3277,0.05,4.45,1443,0.12,4.72,A2,noun,0.012844
3819,why,125,1.58,5.93,65,5.98,6.42,A1,adverb,0.012851
3820,books,730,0.26,5.15,1148,0.15,4.83,,,0.012851
3821,spice,7851,0.02,3.94,7625,0.01,3.75,B1,noun,0.012852
3822,numbers,1126,0.18,4.98,1541,0.11,4.68,,,0.01286
3823,prisoner,5155,0.03,4.2,2408,0.06,4.44,B1,noun,0.01286
3824,reactor,9239,0.01,3.83,8912,0.01,3.65,,,0.012869
3825,superstar,9262,0.01,3.83,8839,0.01,3.65,A2,noun,0.012869
3826,envy,9040,0.01,3.84,4856,0.02,4.04,B2,"noun, verb",0.012884
3827,between,166,1.1,5.77,458,0.53,5.37,A1,preposition,0.012893
3828,struggle,2408,0.08,4.62,2754,0.05,4.36,B2,"noun, verb",0.012897
3829,fate,3880,0.04,4.36,1713,0.09,4.62,B2,noun,0.012897
3830,destination,4751,0.03,4.24,5004,0.02,4.02,B1,noun,0.012898
3831,graduated,5685,0.03,4.14,5825,0.02,3.93,,,0.012898
3832,logical,5708,0.03,4.14,5745,0.02,3.93,A2,adjective,0.012898
3833,pull,1611,0.12,4.82,647,0.31,5.14,A2,verb,0.012903
3834,triangle,7993,0.02,3.93,7760,0.01,3.74,B2,noun,0.012919
3835,trace,5277,0.03,4.19,2440,0.06,4.43,B2,"noun, verb",0.01292
3836,trapped,5278,0.03,4.19,2436,0.06,4.43,,,0.01292
3837,theory,1412,0.14,4.88,1814,0.09,4.59,B1,noun,0.012935
3838,william,1414,0.14,4.88,1818,0.09,4.59,,,0.012935
3839,singing,2559,0.07,4.59,1046,0.17,4.88,A2,noun,0.012935
3840,nothing,256,0.66,5.55,138,2.16,5.98,A1,pronoun,0.012938
3841,fragments,9334,0.01,3.82,8993,0.01,3.64,,,0.012938
3842,redemption,9389,0.01,3.82,9063,0.01,3.64,,,0.012938
3843,wherever,4567,0.03,4.27,2069,0.07,4.52,B1,conjunction,0.012943
3844,struggling,4125,0.04,4.33,4361,0.03,4.1,,,0.012946
3845,mighty,6072,0.02,4.1,2856,0.05,4.33,B2,adjective,0.012946
3846,mick,9211,0.01,3.83,4949,0.02,4.03,,,0.012949
3847,directions,4846,0.03,4.23,5050,0.02,4.01,,,0.012961
3848,rolls,4889,0.03,4.23,5088,0.02,4.01,,,0.012961
3849,damn,845,0.23,5.09,386,0.64,5.45,B2,"adjective, adverb, interjection",0.012962
3850,ba,5761,0.03,4.13,5918,0.02,3.92,,,0.012962
3851,courtesy,5778,0.03,4.13,5887,0.02,3.92,B2,noun,0.012962
3852,sexually,5839,0.03,4.13,5851,0.02,3.92,,,0.012962
3853,boo,8014,0.02,3.92,4123,0.03,4.13,,,0.012962
3854,angry,2191,0.09,4.66,913,0.2,4.96,A1,adjective,0.012967
3855,company,224,0.74,5.6,575,0.38,5.22,A2,noun,0.012983
3856,please,208,0.85,5.66,113,2.93,6.11,B1,"adverb, verb",0.012993
3857,advantage,1710,0.11,4.78,2133,0.07,4.5,A2,noun,0.013005
3858,wood,1743,0.11,4.78,2143,0.07,4.5,A2,noun,0.013005
3859,pupil,9517,0.01,3.81,9207,0.01,3.63,B1,noun,0.013007
3860,singers,9538,0.01,3.81,9110,0.01,3.63,,,0.013007
3861,surrender,6188,0.02,4.09,2945,0.05,4.32,B2,verb,0.013008
3862,kate,4027,0.04,4.34,1786,0.09,4.6,,,0.013012
3863,writer,2096,0.09,4.69,2512,0.06,4.42,A1,noun,0.013013
3864,diving,6895,0.02,4.02,6886,0.01,3.82,B1,noun,0.013015
3865,chickens,9297,0.01,3.82,4977,0.02,4.02,,,0.013015
3866,hans,9342,0.01,3.82,5029,0.02,4.02,,,0.013015
3867,mm,2262,0.08,4.65,929,0.2,4.95,,,0.013021
3868,winds,4998,0.03,4.22,5139,0.02,4.0,,,0.013024
3869,ask,453,0.41,5.34,228,1.23,5.74,A1,verb,0.013033
3870,murder,1462,0.13,4.86,602,0.35,5.19,B1,"noun, verb",0.013069
3871,announcement,4207,0.04,4.31,4552,0.03,4.08,B1,noun,0.01307
3872,vietnam,4281,0.04,4.31,4532,0.03,4.08,,,0.01307
3873,stop,283,0.62,5.52,151,1.99,5.95,A1,"noun, verb",0.013074
3874,opening,1229,0.16,4.94,1660,0.1,4.64,B1,noun,0.013075
3875,pigs,7261,0.02,3.99,3557,0.04,4.21,,,0.013087
3876,sneak,7287,0.02,3.99,3592,0.04,4.21,B2,verb,0.013087
3877,possibilities,5997,0.02,4.11,6113,0.02,3.9,,,0.013092
3878,wagon,8378,0.01,3.9,4264,0.03,4.11,B1,noun,0.013092
3879,student,1031,0.2,5.02,1479,0.11,4.71,A1,noun,0.013098
3880,reached,1495,0.13,4.85,1953,0.08,4.56,,,0.0131
3881,royal,1500,0.13,4.85,1945,0.08,4.56,A2,adjective,0.0131
3882,actors,3596,0.05,4.4,3945,0.03,4.16,,,0.013102
3883,poetry,3646,0.05,4.4,3915,0.03,4.16,B1,noun,0.013102
3884,hitler,5502,0.03,4.16,2559,0.06,4.4,,,0.013102
3885,baby,547,0.34,5.26,264,1.01,5.65,A1,noun,0.013106
3886,itself,830,0.23,5.1,1277,0.14,4.78,A2,pronoun,0.013113
3887,vehicle,1805,0.11,4.76,2228,0.07,4.48,B1,noun,0.013118
3888,pants,3119,0.06,4.48,1348,0.13,4.76,A1,noun,0.013118
3889,welcome,1113,0.18,4.99,487,0.49,5.34,A1,"adjective, interjection, noun, verb",0.01312
3890,colour,3049,0.06,4.49,3395,0.04,4.24,,,0.013121
3891,brigade,8249,0.01,3.9,8158,0.01,3.71,,,0.013123
3892,stern,8356,0.01,3.9,8104,0.01,3.71,B2,adjective,0.013123
3893,nowhere,3639,0.05,4.4,1569,0.11,4.67,B1,adverb,0.013128
3894,girl,413,0.45,5.38,196,1.4,5.79,A1,noun,0.013144
3895,horns,9617,0.01,3.8,5113,0.02,4.0,,,0.013149
3896,pointing,5152,0.03,4.2,5301,0.02,3.98,,,0.013152
3897,th,5168,0.03,4.2,5331,0.02,3.98,,,0.013152
3898,jin,7355,0.02,3.98,3656,0.04,4.2,,,0.013152
3899,mate,2743,0.07,4.55,1130,0.16,4.84,B2,noun,0.013156
3900,sleep,957,0.21,5.05,415,0.58,5.41,A1,"noun, verb",0.013161
3901,hates,5601,0.03,4.15,2616,0.06,4.39,,,0.013163
3902,lie,1530,0.13,4.84,625,0.33,5.17,A2,"noun, verb",0.013174
3903,emotional,2199,0.09,4.66,2610,0.06,4.39,B1,adjective,0.013186
3904,ruin,4265,0.04,4.31,1902,0.08,4.57,A2,"noun, verb",0.013189
3905,recruit,8476,0.01,3.89,8225,0.01,3.7,B2,verb,0.013193
3906,dated,4362,0.04,4.29,4664,0.03,4.06,B2,adjective,0.013195
3907,ton,4419,0.04,4.29,4681,0.03,4.06,B2,noun,0.013195
3908,travel,1100,0.19,5.0,1520,0.11,4.69,A1,"noun, verb",0.013206
3909,anything,254,0.66,5.55,134,2.22,5.99,A1,pronoun,0.013216
3910,confusion,5204,0.03,4.19,5419,0.02,3.97,B1,noun,0.013216
3911,spreading,5269,0.03,4.19,5408,0.02,3.97,,,0.013216
3912,headache,7459,0.02,3.97,3700,0.03,4.19,A1,noun,0.013216
3913,ideals,9905,0.01,3.78,9576,0.01,3.6,,,0.01322
3914,negotiating,9921,0.01,3.78,9624,0.01,3.6,,,0.01322
3915,whether,485,0.39,5.32,897,0.21,4.97,B1,conjunction,0.013222
3916,lasted,6158,0.02,4.09,6364,0.02,3.88,,,0.013224
3917,upset,2470,0.08,4.61,1000,0.18,4.91,B2,"adjective, verb",0.013241
3918,woke,4999,0.03,4.22,2292,0.07,4.47,,,0.013242
3919,task,2271,0.08,4.65,2660,0.05,4.38,A2,noun,0.013245
3920,fortune,4303,0.04,4.3,1950,0.08,4.56,A2,noun,0.013248
3921,invite,4311,0.04,4.3,1949,0.08,4.56,A2,verb,0.013248
3922,surprising,4495,0.04,4.28,4776,0.03,4.05,A2,adjective,0.013259
3923,doing,225,0.74,5.6,127,2.54,6.05,A1,do-verb,0.013262
3924,ferrari,8539,0.01,3.88,8393,0.01,3.69,,,0.013262
3925,yale,8629,0.01,3.88,8384,0.01,3.69,,,0.013262
3926,history,397,0.46,5.39,784,0.24,5.03,A1,noun,0.013263
3927,married,994,0.2,5.03,444,0.55,5.39,A2,adjective,0.013263
3928,gun,1168,0.17,4.96,507,0.46,5.31,A2,noun,0.013274
3929,busy,1812,0.1,4.75,731,0.26,5.07,A1,adjective,0.013274
3930,director,732,0.26,5.15,1167,0.15,4.82,A2,noun,0.01328
3931,monica,7584,0.02,3.96,3772,0.03,4.18,,,0.013281
3932,breed,6213,0.02,4.08,6477,0.02,3.87,B1,"noun, verb",0.013291
3933,frustrated,6247,0.02,4.08,6475,0.02,3.87,B1,adjective,0.013291
3934,inevitable,6256,0.02,4.08,6398,0.02,3.87,B1,adjective,0.013291
3935,damage,1329,0.15,4.9,1776,0.09,4.6,B1,"noun, verb",0.013296
3936,guys,373,0.48,5.41,183,1.54,5.83,,,0.013298
3937,anna,3798,0.04,4.37,1662,0.1,4.64,,,0.013304
3938,destroy,2887,0.06,4.52,1196,0.15,4.81,A2,verb,0.013326
3939,witness,2925,0.06,4.52,1208,0.15,4.81,B1,"noun, verb",0.013326
3940,sick,1410,0.14,4.88,574,0.38,5.22,A1,adjective,0.013332
3941,crowds,8653,0.01,3.87,8551,0.01,3.68,,,0.013333
3942,pharmacy,8706,0.01,3.87,8510,0.01,3.68,B1,noun,0.013333
3943,vague,8743,0.01,3.87,8582,0.01,3.68,B1,adjective,0.013333
3944,tense,7752,0.02,3.95,3854,0.03,4.17,B1,"adjective, noun",0.013347
3945,tape,3398,0.05,4.44,1444,0.12,4.72,B1,"noun, verb",0.013348
3946,chasing,5864,0.02,4.12,2735,0.05,4.36,,,0.01335
3947,cruel,5869,0.02,4.12,2743,0.05,4.36,B1,adjective,0.01335
3948,reality,1375,0.14,4.89,1813,0.09,4.59,B1,noun,0.013353
3949,which,59,3.72,6.3,189,1.47,5.81,A1,"determiner, pronoun",0.013365
3950,york,429,0.44,5.37,818,0.23,5.01,,,0.013365
3951,passes,3321,0.05,4.45,3664,0.04,4.2,,,0.013365
3952,healthy,1662,0.12,4.8,2117,0.07,4.51,A1,adjective,0.013383
3953,monday,1666,0.12,4.8,2109,0.07,4.51,A1,noun,0.013383
3954,winner,1681,0.12,4.8,2106,0.07,4.51,A2,noun,0.013383
3955,lock,2954,0.06,4.51,1246,0.14,4.8,B1,"noun, verb",0.013383
3956,trunk,6851,0.02,4.03,3262,0.04,4.26,B2,noun,0.013387
3957,call,287,0.6,5.51,152,1.99,5.95,A2,"noun, verb",0.013401
3958,crosses,8775,0.01,3.86,8637,0.01,3.67,,,0.013404
3959,tempted,8870,0.01,3.86,8594,0.01,3.67,,,0.013404
3960,spending,2015,0.1,4.71,2475,0.06,4.43,,,0.013407
3961,caused,1388,0.14,4.88,1859,0.09,4.58,,,0.013409
3962,squeeze,7852,0.02,3.94,3946,0.03,4.16,B2,verb,0.013413
3963,superb,7618,0.02,3.96,7601,0.01,3.76,B2,adjective,0.013423
3964,tab,7620,0.02,3.96,7581,0.01,3.76,,,0.013423
3965,demonstration,6459,0.02,4.06,6592,0.02,3.85,B1,noun,0.013425
3966,realm,6512,0.02,4.06,6600,0.02,3.85,,,0.013425
3967,destiny,5211,0.03,4.19,2384,0.06,4.44,B2,noun,0.013427
3968,helen,5225,0.03,4.19,2389,0.06,4.44,,,0.013427
3969,pie,5244,0.03,4.19,2409,0.06,4.44,B1,noun,0.013427
3970,anniversary,2817,0.06,4.53,3224,0.04,4.27,A2,noun,0.01343
3971,seats,2860,0.06,4.53,3191,0.04,4.27,,,0.01343
3972,minister,972,0.2,5.04,1455,0.12,4.72,B2,noun,0.013437
3973,clothes,1932,0.1,4.72,772,0.25,5.04,A1,noun,0.013437
3974,firm,1693,0.11,4.79,2155,0.07,4.5,B1,"adjective, noun",0.013441
3975,arrangement,4654,0.03,4.25,5032,0.02,4.02,B1,noun,0.013452
3976,brooklyn,4659,0.03,4.25,4991,0.02,4.02,,,0.013452
3977,dressed,3482,0.05,4.42,1494,0.11,4.7,A2,adjective,0.013466
3978,allowance,8887,0.01,3.85,8789,0.01,3.66,B1,noun,0.013475
3979,earthquake,5592,0.03,4.15,5774,0.02,3.93,A2,noun,0.013479
3980,eliminate,5594,0.03,4.15,5747,0.02,3.93,B1,verb,0.013479
3981,college,538,0.35,5.27,980,0.19,4.92,A1,noun,0.013483
3982,clue,5306,0.03,4.18,2448,0.06,4.43,A2,noun,0.013489
3983,terrible,2019,0.1,4.71,781,0.24,5.03,A1,adjective,0.013492
3984,teaches,7751,0.02,3.95,7699,0.01,3.75,,,0.013493
3985,accomplish,6538,0.02,4.05,6684,0.02,3.84,B1,verb,0.013494
3986,melissa,9066,0.01,3.84,4757,0.03,4.05,,,0.013494
3987,derek,7005,0.02,4.01,3389,0.04,4.24,,,0.013517
3988,wanted,439,0.43,5.36,200,1.36,5.78,,,0.013538
3989,di,4077,0.04,4.33,4404,0.03,4.09,,,0.013541
3990,hating,9051,0.01,3.84,8846,0.01,3.65,,,0.013547
3991,jamie,5427,0.03,4.17,2484,0.06,4.42,,,0.013552
3992,discipline,4847,0.03,4.23,5112,0.02,4.0,B2,noun,0.013583
3993,invasion,4865,0.03,4.23,5108,0.02,4.0,B1,noun,0.013583
3994,forgotten,3624,0.05,4.4,1548,0.11,4.68,,,0.013585
3995,chinese,1045,0.19,5.01,1528,0.11,4.69,,,0.013604
3996,shall,1003,0.2,5.03,430,0.57,5.4,A2,modal auxiliary,0.013605
3997,tissue,4195,0.04,4.32,4521,0.03,4.08,B1,noun,0.013605
3998,bud,6218,0.02,4.08,2917,0.05,4.32,B2,noun,0.013605
3999,cuba,5779,0.03,4.13,5999,0.02,3.91,,,0.013614
4000,christine,8128,0.02,3.91,4130,0.03,4.13,,,0.013614
4001,sack,8200,0.02,3.91,4109,0.03,4.13,B2,verb,0.013614
4002,greek,3001,0.06,4.5,3381,0.04,4.24,,,0.013615
4003,bp,9142,0.01,3.83,8995,0.01,3.64,,,0.01362
4004,simpler,9250,0.01,3.83,9002,0.01,3.64,,,0.01362
4005,reject,6829,0.02,4.03,6955,0.01,3.82,B1,verb,0.013631
4006,til,6846,0.02,4.03,6947,0.01,3.82,,,0.013631
4007,steering,7984,0.02,3.93,7932,0.01,3.73,,,0.013634
4008,guy,387,0.47,5.4,185,1.51,5.83,A1,noun,0.013639
4009,field,571,0.32,5.24,1026,0.18,4.89,A1,noun,0.013643
4010,accepted,2139,0.09,4.67,2643,0.05,4.39,,,0.013645
4011,credit,1072,0.19,5.0,1554,0.11,4.68,A2,noun,0.01366
4012,delay,3618,0.05,4.4,3984,0.03,4.15,B1,"noun, verb",0.013679
4013,year,117,1.7,5.96,354,0.72,5.51,A1,noun,0.013682
4014,law,329,0.54,5.46,709,0.27,5.08,A2,noun,0.013682
4015,pursuit,5906,0.02,4.12,6117,0.02,3.9,B2,noun,0.013682
4016,leslie,8311,0.01,3.9,4213,0.03,4.12,,,0.013682
4017,high,172,1.05,5.75,488,0.49,5.33,A2,"adjective, adverb",0.013685
4018,becomes,1552,0.13,4.83,2049,0.08,4.53,,,0.013697
4019,keeper,6929,0.02,4.02,7039,0.01,3.81,B2,noun,0.013701
4020,utterly,6974,0.02,4.02,6986,0.01,3.81,B2,adverb,0.013701
4021,debris,8022,0.02,3.92,8011,0.01,3.72,B1,noun,0.013706
4022,hawaii,5048,0.03,4.21,5341,0.02,3.98,,,0.013716
4023,legally,5058,0.03,4.21,5359,0.02,3.98,B1,adverb,0.013716
4024,wealthy,5096,0.03,4.21,5321,0.02,3.98,B2,adjective,0.013716
4025,knows,906,0.22,5.07,390,0.63,5.45,,,0.013734
4026,pretending,6502,0.02,4.06,3048,0.04,4.3,,,0.013736
4027,grey,3105,0.06,4.48,3522,0.04,4.22,,,0.01374
4028,stable,3139,0.06,4.48,3535,0.04,4.22,B1,adjective,0.01374
4029,sue,4985,0.03,4.22,2254,0.07,4.48,B2,verb,0.01374
4030,harmony,5971,0.02,4.11,6239,0.02,3.89,A2,noun,0.01375
4031,potter,5999,0.02,4.11,6260,0.02,3.89,,,0.01375
4032,promising,6001,0.02,4.11,6143,0.02,3.89,,,0.01375
4033,sexual,1617,0.12,4.82,2066,0.07,4.52,B2,adjective,0.013756
4034,advance,2241,0.08,4.65,2707,0.05,4.37,B1,"noun, verb",0.013766
4035,hits,2254,0.08,4.65,2721,0.05,4.37,,,0.013766
4036,identity,2255,0.08,4.65,2698,0.05,4.37,B1,noun,0.013766
4037,manor,9494,0.01,3.81,9253,0.01,3.62,,,0.013767
4038,rewarded,9526,0.01,3.81,9288,0.01,3.62,,,0.013767
4039,shifts,7061,0.02,4.01,7187,0.01,3.8,,,0.013771
4040,teenagers,7069,0.02,4.01,7114,0.01,3.8,,,0.013771
4041,eternity,9602,0.01,3.8,5072,0.02,4.01,B1,noun,0.013771
4042,sausage,9668,0.01,3.8,5085,0.02,4.01,A2,noun,0.013771
4043,lunch,2221,0.09,4.66,857,0.22,4.98,A1,noun,0.013774
4044,batch,8122,0.02,3.91,8134,0.01,3.71,A2,noun,0.013778
4045,forty,5130,0.03,4.2,5430,0.02,3.97,A1,number,0.013783
4046,nice,423,0.44,5.37,194,1.41,5.8,A1,adjective,0.013785
4047,identify,2682,0.07,4.56,3128,0.04,4.29,B2,verb,0.013789
4048,turkey,2706,0.07,4.56,3103,0.04,4.29,A1,noun,0.013789
4049,attacking,4348,0.04,4.29,4746,0.03,4.05,,,0.013802
4050,existed,4375,0.04,4.29,4775,0.03,4.05,,,0.013802
4051,tables,4415,0.04,4.29,4796,0.03,4.05,,,0.013802
4052,ellen,6569,0.02,4.05,3075,0.04,4.29,,,0.013802
4053,frankly,6575,0.02,4.05,3096,0.04,4.29,B2,adverb,0.013802
4054,hannah,6579,0.02,4.05,3110,0.04,4.29,,,0.013802
4055,murders,6596,0.02,4.05,3070,0.04,4.29,,,0.013802
4056,consequences,3158,0.05,4.47,3581,0.04,4.21,,,0.013804
4057,mo,3770,0.04,4.38,4117,0.03,4.13,,,0.013808
4058,les,6067,0.02,4.1,6315,0.02,3.88,,,0.013819
4059,mixed,2305,0.08,4.64,2728,0.05,4.36,,,0.013827
4060,allan,9561,0.01,3.8,9456,0.01,3.61,,,0.013841
4061,wan,9690,0.01,3.8,9526,0.01,3.61,,,0.013841
4062,nude,7161,0.02,4.0,7242,0.01,3.79,,,0.013842
4063,portal,7168,0.02,4.0,7215,0.01,3.79,,,0.013842
4064,dong,9737,0.01,3.79,5154,0.02,4.0,,,0.013842
4065,gibson,8293,0.01,3.9,8322,0.01,3.7,,,0.01385
4066,deputy,2726,0.07,4.55,3143,0.04,4.28,B2,noun,0.013852
4067,zone,1978,0.1,4.72,2453,0.06,4.43,A2,noun,0.013855
4068,look,151,1.2,5.81,76,4.68,6.32,A1,"noun, verb",0.013865
4069,hated,5133,0.03,4.2,2333,0.06,4.46,,,0.013867
4070,threats,4498,0.04,4.28,4850,0.02,4.04,,,0.013868
4071,volunteer,4501,0.04,4.28,4878,0.02,4.04,B1,"noun, verb",0.013868
4072,divorced,6674,0.02,4.04,3161,0.04,4.28,B1,adjective,0.013868
4073,gone,693,0.28,5.17,319,0.83,5.57,,,0.013871
4074,bowl,2332,0.08,4.63,2800,0.05,4.35,B1,"noun, verb",0.013889
4075,cult,6122,0.02,4.09,6411,0.02,3.87,,,0.013889
4076,sentenced,6179,0.02,4.09,6461,0.02,3.87,,,0.013889
4077,mine,971,0.2,5.04,411,0.59,5.42,A1,"noun, pronoun",0.013892
4078,injection,7238,0.02,3.99,7366,0.01,3.78,B2,noun,0.013914
4079,hears,9903,0.01,3.78,5255,0.02,3.99,,,0.013914
4080,jung,9911,0.01,3.78,5231,0.02,3.99,,,0.013914
4081,tortured,9971,0.01,3.78,5223,0.02,3.99,,,0.013914
4082,hungarian,9764,0.01,3.79,9677,0.01,3.6,,,0.013916
4083,pitcher,9792,0.01,3.79,9615,0.01,3.6,,,0.013916
4084,locker,7711,0.02,3.95,3756,0.03,4.18,,,0.013919
4085,punish,7726,0.02,3.95,3737,0.03,4.18,B1,verb,0.013919
4086,fort,3302,0.05,4.45,3666,0.04,4.19,,,0.013932
4087,waters,3344,0.05,4.45,3707,0.03,4.19,,,0.013932
4088,extremely,1692,0.11,4.79,2205,0.07,4.49,A2,adverb,0.013934
4089,son,534,0.36,5.28,241,1.13,5.7,A1,noun,0.013935
4090,executed,4525,0.03,4.27,4917,0.02,4.03,,,0.013935
4091,diego,3872,0.04,4.36,4270,0.03,4.11,,,0.013939
4092,pathetic,5995,0.02,4.11,2749,0.05,4.36,,,0.013939
4093,avoid,1416,0.14,4.87,1952,0.08,4.56,A2,verb,0.013944
4094,victim,2708,0.07,4.56,1075,0.17,4.87,B1,noun,0.013944
4095,lines,1197,0.17,4.95,1708,0.1,4.63,,,0.013947
4096,unit,1209,0.17,4.95,1709,0.1,4.63,A2,noun,0.013947
4097,thursday,2412,0.08,4.62,2832,0.05,4.34,A1,noun,0.013951
4098,architect,6209,0.02,4.08,6486,0.02,3.86,B1,noun,0.013959
4099,wow,1178,0.17,4.96,489,0.48,5.33,,,0.013978
4100,officially,2845,0.06,4.53,3245,0.04,4.26,B1,adverb,0.013978
4101,slower,7398,0.02,3.98,7468,0.01,3.77,,,0.013985
4102,neglected,9919,0.01,3.78,9785,0.01,3.59,,,0.013992
4103,queue,9946,0.01,3.78,9700,0.01,3.59,B2,"noun, verb",0.013992
4104,tenant,9968,0.01,3.78,9807,0.01,3.59,,,0.013992
4105,sarah,3134,0.06,4.48,1287,0.14,4.78,,,0.013995
4106,victoria,3400,0.05,4.44,3741,0.03,4.18,,,0.013996
4107,knees,5334,0.03,4.18,2415,0.06,4.44,,,0.013996
4108,victor,5378,0.03,4.18,2402,0.06,4.44,,,0.013996
4109,arrest,2713,0.07,4.55,1087,0.16,4.86,B1,"noun, verb",0.014004
4110,dirty,2727,0.07,4.55,1083,0.16,4.86,A1,adjective,0.014004
4111,staying,2764,0.07,4.55,1085,0.16,4.86,,,0.014004
4112,leather,3957,0.04,4.35,4329,0.03,4.1,A2,noun,0.014005
4113,customer,2434,0.08,4.61,2865,0.05,4.33,A2,noun,0.014013
4114,shake,4121,0.04,4.33,1759,0.09,4.61,B1,"noun, verb",0.014013
4115,adjust,6320,0.02,4.07,6583,0.02,3.85,A2,verb,0.014029
4116,apologies,8889,0.01,3.85,4584,0.03,4.07,,,0.014029
4117,knew,635,0.29,5.2,284,0.91,5.61,,,0.014034
4118,debt,2069,0.09,4.69,2557,0.06,4.4,B1,noun,0.014039
4119,bro,3602,0.05,4.4,1531,0.11,4.69,,,0.014039
4120,nurse,3640,0.05,4.4,1536,0.11,4.69,B1,"noun, verb",0.014039
4121,mercy,4691,0.03,4.25,2075,0.07,4.52,B2,noun,0.014042
4122,board,567,0.32,5.24,1056,0.17,4.88,B1,"noun, verb",0.014061
4123,crazy,898,0.22,5.07,379,0.66,5.46,A2,adjective,0.014069
4124,outer,4694,0.03,4.25,5052,0.02,4.01,B1,adjective,0.014071
4125,photographs,4036,0.04,4.34,4463,0.03,4.09,,,0.014072
4126,suspicious,6189,0.02,4.09,2816,0.05,4.34,B2,adjective,0.014072
4127,todd,6194,0.02,4.09,2818,0.05,4.34,,,0.014072
4128,offering,2493,0.07,4.6,2916,0.05,4.32,,,0.014076
4129,stupid,1237,0.16,4.94,512,0.46,5.31,B1,adjective,0.014087
4130,roger,3721,0.05,4.39,1564,0.11,4.68,,,0.014101
4131,code,863,0.22,5.08,1388,0.12,4.74,A1,noun,0.014103
4132,carl,4743,0.03,4.24,2118,0.07,4.51,,,0.014106
4133,wound,4814,0.03,4.24,2094,0.07,4.51,B2,"noun, verb",0.014106
4134,awful,3209,0.05,4.46,1334,0.13,4.76,A2,adjective,0.014116
4135,sometime,5552,0.03,4.16,2492,0.06,4.42,B1,adverb,0.014127
4136,bond,2517,0.07,4.59,3015,0.05,4.31,B1,noun,0.01414
4137,judgement,8808,0.01,3.86,8741,0.01,3.66,,,0.014147
4138,facing,2993,0.06,4.5,3483,0.04,4.23,,,0.014171
4139,leo,4870,0.03,4.23,2151,0.07,4.5,,,0.014171
4140,stack,6626,0.02,4.05,6850,0.02,3.83,B2,noun,0.014172
4141,warming,6641,0.02,4.05,6821,0.02,3.83,,,0.014172
4142,details,1301,0.15,4.91,1807,0.09,4.59,,,0.014183
4143,boyfriend,2518,0.07,4.59,990,0.18,4.91,A1,noun,0.014183
4144,talking,520,0.36,5.29,234,1.17,5.72,,,0.014189
4145,art,508,0.36,5.29,977,0.19,4.92,A1,noun,0.014197
4146,reading,753,0.26,5.14,1266,0.14,4.79,A1,noun,0.014198
4147,drawing,2575,0.07,4.58,3032,0.05,4.3,A2,noun,0.014203
4148,operator,4178,0.04,4.32,4600,0.03,4.07,B2,noun,0.014206
4149,purple,4183,0.04,4.32,4581,0.03,4.07,A1,"adjective, noun",0.014206
4150,discussing,4848,0.03,4.23,5239,0.02,3.99,,,0.014208
4151,laptop,4868,0.03,4.23,5230,0.02,3.99,B2,noun,0.014208
4152,recipe,4886,0.03,4.23,5196,0.02,3.99,B2,noun,0.014208
4153,deaf,7214,0.02,3.99,3482,0.04,4.23,B1,adjective,0.014208
4154,slipped,7286,0.02,3.99,3480,0.04,4.23,,,0.014208
4155,practice,931,0.21,5.06,1448,0.12,4.72,A1,noun,0.014219
4156,devastating,8920,0.01,3.85,8856,0.01,3.65,B1,adjective,0.014222
4157,secondly,8981,0.01,3.85,8928,0.01,3.65,B2,adverb,0.014222
4158,perform,2226,0.09,4.66,2693,0.05,4.37,A2,verb,0.014226
4159,information,357,0.5,5.43,760,0.25,5.04,A1,noun,0.014231
4160,bush,3043,0.06,4.49,3542,0.04,4.22,A2,noun,0.014236
4161,alone,703,0.27,5.16,316,0.84,5.57,A1,"adjective, adverb",0.014244
4162,shallow,6733,0.02,4.04,6885,0.01,3.82,B1,adjective,0.014244
4163,shanghai,6734,0.02,4.04,6910,0.01,3.82,,,0.014244
4164,candles,9293,0.01,3.82,4872,0.02,4.04,,,0.014244
4165,tapes,9406,0.01,3.82,4801,0.02,4.04,,,0.014244
4166,worthless,9424,0.01,3.82,4809,0.02,4.04,B2,adjective,0.014244
4167,miss,609,0.31,5.22,272,0.98,5.64,A1,"noun, verb",0.014245
4168,lisa,4392,0.04,4.29,1916,0.08,4.57,,,0.014268
4169,dope,8275,0.01,3.9,4118,0.03,4.13,,,0.014268
4170,attracted,4211,0.04,4.31,4687,0.03,4.06,,,0.014274
4171,cheat,6446,0.02,4.06,2997,0.05,4.31,B2,verb,0.014274
4172,loads,4961,0.03,4.22,5372,0.02,3.98,,,0.014277
4173,stay,473,0.4,5.33,209,1.32,5.77,A1,"noun, verb",0.014285
4174,jones,1904,0.1,4.73,2468,0.06,4.43,,,0.014302
4175,exists,3103,0.06,4.48,3573,0.04,4.21,,,0.014302
4176,meanwhile,3114,0.06,4.48,3554,0.04,4.21,B1,adverb,0.014302
4177,winter,1380,0.14,4.89,1903,0.08,4.57,A1,noun,0.014303
4178,prime,1642,0.12,4.81,2156,0.07,4.5,B2,adjective,0.014306
4179,abroad,3665,0.05,4.39,4129,0.03,4.13,A2,adverb,0.014327
4180,assumed,3669,0.05,4.39,4159,0.03,4.13,,,0.014327
4181,damaged,3684,0.05,4.39,4137,0.03,4.13,B1,adjective,0.014327
4182,rabbit,6609,0.02,4.05,3033,0.05,4.3,A1,noun,0.014343
4183,douglas,5029,0.03,4.21,5427,0.02,3.97,,,0.014347
4184,friday,1167,0.17,4.96,1694,0.1,4.63,A1,noun,0.014353
4185,speeches,7982,0.02,3.93,8066,0.01,3.72,,,0.014353
4186,chamber,3151,0.05,4.47,3604,0.04,4.2,,,0.014368
4187,joining,3175,0.05,4.47,3598,0.04,4.2,,,0.014368
4188,reef,9240,0.01,3.83,9130,0.01,3.63,B1,noun,0.014375
4189,towers,6972,0.02,4.02,7199,0.01,3.8,,,0.01439
4190,disturbed,9598,0.01,3.8,5020,0.02,4.02,,,0.01439
4191,picnic,9647,0.01,3.8,5006,0.02,4.02,A1,noun,0.01439
4192,wandering,9691,0.01,3.8,5023,0.02,4.02,,,0.01439
4193,general,320,0.55,5.47,719,0.27,5.07,B1,"adjective, noun",0.014403
4194,hold,655,0.29,5.19,285,0.91,5.61,A2,"noun, verb",0.014403
4195,baron,8512,0.01,3.88,4253,0.03,4.11,,,0.014411
4196,interfere,8559,0.01,3.88,4277,0.03,4.11,B2,verb,0.014411
4197,certificate,4356,0.04,4.29,4847,0.02,4.04,B2,noun,0.014412
4198,tuesday,2373,0.08,4.63,2842,0.05,4.34,A1,noun,0.014417
4199,experiments,5126,0.03,4.2,5507,0.02,3.96,,,0.014418
4200,opponent,5147,0.03,4.2,5525,0.02,3.96,B2,noun,0.014418
4201,choices,3217,0.05,4.46,3667,0.04,4.19,,,0.014434
4202,moral,3246,0.05,4.46,3686,0.04,4.19,B1,"adjective, noun",0.014434
4203,husband,1080,0.19,5.0,441,0.55,5.39,A1,noun,0.014451
4204,confined,9307,0.01,3.82,9380,0.01,3.62,,,0.014453
4205,forget,924,0.21,5.06,380,0.66,5.46,A1,verb,0.014457
4206,what,46,4.47,6.38,10,23.97,7.03,A1,"determiner, pronoun",0.014458
4207,reverse,3843,0.04,4.37,4300,0.03,4.11,B2,verb,0.014462
4208,hurting,5974,0.02,4.11,2713,0.05,4.37,,,0.014462
4209,waited,4642,0.03,4.26,2016,0.08,4.54,,,0.014463
4210,bradley,6991,0.02,4.01,7259,0.01,3.79,,,0.014464
4211,asses,9699,0.01,3.79,5051,0.02,4.01,,,0.014464
4212,constable,9722,0.01,3.79,5086,0.02,4.01,,,0.014464
4213,loudly,9778,0.01,3.79,5090,0.02,4.01,A2,adverb,0.014464
4214,drunk,2439,0.08,4.61,939,0.2,4.94,B1,adjective,0.014473
4215,orange,2400,0.08,4.62,2908,0.05,4.33,A1,"adjective, noun",0.014481
4216,brave,4064,0.04,4.33,1728,0.09,4.62,A2,adjective,0.014481
4217,civilians,6036,0.02,4.1,6384,0.02,3.87,,,0.014483
4218,heather,8676,0.01,3.87,4327,0.03,4.1,,,0.014483
4219,location,1461,0.13,4.86,2023,0.08,4.54,B1,noun,0.014486
4220,customs,5208,0.03,4.19,5580,0.02,3.95,B1,noun,0.014488
4221,border,2030,0.09,4.7,2591,0.06,4.4,B1,noun,0.014491
4222,glance,8150,0.02,3.91,8338,0.01,3.7,B1,"noun, verb",0.014505
4223,guess,694,0.28,5.17,305,0.87,5.59,A1,"noun, verb",0.014511
4224,brown,1043,0.19,5.01,1573,0.11,4.67,A2,"adjective, noun",0.014514
4225,francisco,2832,0.06,4.53,3310,0.04,4.25,,,0.014529
4226,sample,2859,0.06,4.53,3339,0.04,4.25,A2,noun,0.014529
4227,tries,2868,0.06,4.53,3354,0.04,4.25,,,0.014529
4228,interviewed,7145,0.02,4.0,7381,0.01,3.78,,,0.014539
4229,finn,9895,0.01,3.78,5172,0.02,4.0,,,0.014539
4230,wing,2471,0.08,4.61,2955,0.05,4.32,B1,noun,0.014546
4231,overcome,4545,0.03,4.27,4994,0.02,4.02,B1,verb,0.014551
4232,tanks,4557,0.03,4.27,4976,0.02,4.02,,,0.014551
4233,cleaned,6882,0.02,4.02,3193,0.04,4.27,,,0.014551
4234,ridiculous,3257,0.05,4.46,1311,0.13,4.77,B1,adjective,0.014555
4235,mice,6166,0.02,4.09,6529,0.02,3.86,,,0.014556
4236,dough,8783,0.01,3.86,4465,0.03,4.09,,,0.014556
4237,guessing,7798,0.02,3.94,3728,0.03,4.18,,,0.01456
4238,muscle,3379,0.05,4.44,3852,0.03,4.17,B1,noun,0.014569
4239,female,1076,0.19,5.0,1591,0.1,4.66,B2,"adjective, noun",0.014574
4240,bet,1684,0.11,4.79,639,0.32,5.15,B1,verb,0.014574
4241,armstrong,8238,0.01,3.9,8346,0.01,3.69,,,0.014581
4242,discretion,8272,0.01,3.9,8383,0.01,3.69,,,0.014581
4243,spring,1286,0.15,4.92,1827,0.09,4.59,A1,noun,0.014595
4244,cry,2525,0.07,4.59,983,0.19,4.92,A2,"noun, verb",0.014595
4245,masters,3962,0.04,4.35,4454,0.03,4.09,,,0.0146
4246,career,896,0.22,5.07,1454,0.12,4.72,B1,noun,0.014607
4247,admitting,9558,0.01,3.8,9675,0.01,3.6,,,0.014609
4248,ounce,9642,0.01,3.8,9684,0.01,3.6,B2,noun,0.014609
4249,royalty,9666,0.01,3.8,9619,0.01,3.6,B2,noun,0.014609
4250,raised,1534,0.13,4.84,2057,0.08,4.52,,,0.01461
4251,probe,7266,0.02,3.99,7447,0.01,3.77,B2,noun,0.014614
4252,belong,3740,0.04,4.38,1544,0.11,4.68,A2,verb,0.014619
4253,bait,8894,0.01,3.85,4507,0.03,4.08,,,0.01463
4254,revolutionary,5450,0.03,4.17,5796,0.02,3.93,B2,adjective,0.014632
4255,wa,5468,0.03,4.17,5797,0.02,3.93,,,0.014632
4256,han,7925,0.02,3.93,3863,0.03,4.17,,,0.014632
4257,positively,8470,0.01,3.89,8577,0.01,3.68,B1,adverb,0.014658
4258,disgusting,4849,0.03,4.23,2124,0.07,4.51,B1,adjective,0.014662
4259,emma,4853,0.03,4.23,2102,0.07,4.51,,,0.014662
4260,towards,936,0.21,5.06,1476,0.11,4.71,,,0.014667
4261,instant,4024,0.04,4.34,4495,0.03,4.08,A2,adjective,0.014669
4262,mile,2544,0.07,4.59,3056,0.04,4.3,B1,noun,0.014678
4263,youth,1850,0.1,4.75,2411,0.06,4.44,A2,noun,0.014682
4264,companions,9720,0.01,3.79,9815,0.01,3.59,,,0.014688
4265,curb,9728,0.01,3.79,9771,0.01,3.59,,,0.014688
4266,irrelevant,7353,0.02,3.98,7499,0.01,3.76,,,0.014689
4267,handed,3496,0.05,4.42,4016,0.03,4.15,,,0.014705
4268,soil,3527,0.05,4.42,3990,0.03,4.15,B1,"noun, verb",0.014705
4269,helps,1863,0.1,4.74,2437,0.06,4.43,,,0.014746
4270,magazine,1869,0.1,4.74,2443,0.06,4.43,A1,noun,0.014746
4271,notch,9926,0.01,3.78,9960,0.01,3.58,,,0.014768
4272,kings,3566,0.05,4.41,4060,0.03,4.14,,,0.014774
4273,thunder,5744,0.03,4.14,2532,0.06,4.41,B1,noun,0.014774
4274,scholarship,5625,0.03,4.15,5944,0.02,3.91,B1,noun,0.014778
4275,rides,6515,0.02,4.06,6769,0.02,3.83,,,0.014779
4276,plant,1374,0.14,4.89,1927,0.08,4.56,B1,"noun, verb",0.014781
4277,smith,1376,0.14,4.89,1920,0.08,4.56,A1,noun,0.014781
4278,sleeping,2702,0.07,4.56,1031,0.17,4.89,,,0.014781
4279,fred,5044,0.03,4.21,2183,0.07,4.49,,,0.014797
4280,swim,5089,0.03,4.21,2190,0.07,4.49,A1,"noun, verb",0.014797
4281,aggressive,4135,0.04,4.32,4700,0.03,4.06,B1,adjective,0.01481
4282,del,4150,0.04,4.32,4675,0.03,4.06,,,0.01481
4283,yup,6537,0.02,4.06,2949,0.05,4.32,,,0.01481
4284,ghost,3494,0.05,4.42,1410,0.12,4.73,A1,noun,0.014811
4285,seventeen,8726,0.01,3.87,8758,0.01,3.66,A1,number,0.014815
4286,expected,1166,0.17,4.96,1716,0.09,4.62,B2,adjective,0.014819
4287,bid,3601,0.05,4.4,4110,0.03,4.13,B2,verb,0.014843
4288,third,483,0.39,5.32,956,0.19,4.93,A2,adjective,0.014848
4289,heights,5688,0.03,4.14,6112,0.02,3.9,,,0.014851
4290,quinn,8334,0.01,3.9,4095,0.03,4.14,,,0.014851
4291,riley,8343,0.01,3.9,4042,0.03,4.14,,,0.014851
4292,got,130,1.51,5.91,57,6.84,6.48,,,0.014852
4293,latin,3111,0.06,4.48,3649,0.04,4.2,,,0.014865
4294,supplies,3141,0.06,4.48,3640,0.04,4.2,,,0.014865
4295,language,831,0.23,5.1,1394,0.12,4.74,A1,noun,0.014872
4296,valley,1974,0.1,4.72,2549,0.06,4.41,A2,noun,0.014876
4297,cousin,3550,0.05,4.41,1431,0.12,4.72,A1,noun,0.014876
4298,pattern,2691,0.07,4.56,3194,0.04,4.27,B1,noun,0.014878
4299,jon,4245,0.04,4.31,4768,0.03,4.05,,,0.014881
4300,lime,8814,0.01,3.86,8956,0.01,3.65,,,0.014894
4301,officers,1432,0.14,4.87,2009,0.08,4.54,,,0.014907
4302,blend,7653,0.02,3.95,7871,0.01,3.73,B1,"noun, verb",0.01492
4303,wilderness,7763,0.02,3.95,7841,0.01,3.73,B2,noun,0.01492
4304,dozens,5784,0.03,4.13,6158,0.02,3.89,,,0.014925
4305,observation,5818,0.03,4.13,6202,0.02,3.89,B1,noun,0.014925
4306,cast,1686,0.11,4.79,2283,0.07,4.47,B2,"noun, verb",0.014928
4307,contract,1216,0.16,4.94,1796,0.09,4.6,B2,noun,0.014943
4308,nearby,2745,0.07,4.55,3279,0.04,4.26,B1,"adjective, adverb",0.014945
4309,summer,599,0.32,5.23,1110,0.16,4.85,A1,noun,0.01496
4310,offered,1464,0.13,4.86,2037,0.08,4.53,,,0.014971
4311,richards,8978,0.01,3.85,9048,0.01,3.64,,,0.014973
4312,go,98,1.99,6.03,40,9.51,6.63,A1,"noun, verb",0.014974
4313,phoenix,5072,0.03,4.21,5460,0.02,3.96,B1,noun,0.014982
4314,wasting,6018,0.02,4.11,2683,0.05,4.38,,,0.014983
4315,cement,7775,0.02,3.94,8013,0.01,3.72,,,0.014998
4316,decorated,7785,0.02,3.94,7985,0.01,3.72,,,0.014998
4317,grove,7797,0.02,3.94,7988,0.01,3.72,,,0.014998
4318,divide,5876,0.02,4.12,6332,0.02,3.88,A2,"noun, verb",0.015
4319,easter,5877,0.02,4.12,6312,0.02,3.88,,,0.015
4320,bunny,8519,0.01,3.88,4248,0.03,4.12,,,0.015
4321,fu,8543,0.01,3.88,4181,0.03,4.12,,,0.015
4322,escaped,5324,0.03,4.18,2298,0.07,4.46,,,0.015003
4323,psychic,9653,0.01,3.8,4892,0.02,4.03,,,0.015006
4324,crisis,2384,0.08,4.62,2912,0.05,4.32,B1,noun,0.015014
4325,generations,4383,0.04,4.29,4945,0.02,4.03,,,0.015024
4326,kenny,6801,0.02,4.03,3088,0.04,4.29,,,0.015024
4327,vampire,6853,0.02,4.03,3133,0.04,4.29,,,0.015024
4328,appear,1475,0.13,4.85,2071,0.07,4.52,A2,verb,0.015035
4329,lands,3824,0.04,4.37,4326,0.03,4.1,,,0.015054
4330,milton,9067,0.01,3.84,9230,0.01,3.63,,,0.015054
4331,recovering,9086,0.01,3.84,9120,0.01,3.63,,,0.015054
4332,skating,9097,0.01,3.84,9206,0.01,3.63,A2,noun,0.015054
4333,skiing,9098,0.01,3.84,9232,0.01,3.63,A2,noun,0.015054
4334,tired,2021,0.1,4.71,725,0.27,5.07,A1,adjective,0.015055
4335,regards,5161,0.03,4.2,5644,0.02,3.95,,,0.015055
4336,carried,1747,0.11,4.77,2347,0.06,4.45,,,0.015057
4337,covering,3288,0.05,4.45,3848,0.03,4.17,,,0.015073
4338,forgiveness,8669,0.01,3.87,4274,0.03,4.11,,,0.015075
4339,marshal,8688,0.01,3.87,4256,0.03,4.11,,,0.015075
4340,swallow,8731,0.01,3.87,4293,0.03,4.11,A2,verb,0.015075
4341,merchandise,7941,0.02,3.93,8163,0.01,3.71,B2,noun,0.015076
4342,captain,1359,0.14,4.89,533,0.43,5.28,A2,noun,0.015083
4343,ferry,6904,0.02,4.02,7212,0.01,3.79,B1,noun,0.015083
4344,instructor,6925,0.02,4.02,7300,0.01,3.79,B1,noun,0.015083
4345,bass,4427,0.04,4.28,5005,0.02,4.02,,,0.015097
4346,kennedy,4460,0.04,4.28,4970,0.02,4.02,,,0.015097
4347,suspects,7855,0.02,3.94,3693,0.03,4.19,,,0.015129
4348,single,380,0.48,5.41,835,0.22,5.0,B1,"adjective, noun",0.015134
4349,chooses,9148,0.01,3.83,9346,0.01,3.62,,,0.015134
4350,refreshing,9242,0.01,3.83,9375,0.01,3.62,,,0.015134
4351,suffers,9261,0.01,3.83,9388,0.01,3.62,,,0.015134
4352,jack,1604,0.12,4.82,599,0.35,5.2,,,0.015139
4353,fantasy,2894,0.06,4.52,3450,0.04,4.23,B1,noun,0.015151
4354,sheer,7060,0.02,4.01,7360,0.01,3.78,B1,adjective,0.01516
4355,euros,9887,0.01,3.78,5084,0.02,4.01,,,0.01516
4356,parole,9933,0.01,3.78,5041,0.02,4.01,,,0.01516
4357,sweater,9967,0.01,3.78,5036,0.02,4.01,A2,noun,0.01516
4358,passage,4547,0.03,4.27,5047,0.02,4.01,A2,noun,0.01517
4359,trains,4560,0.03,4.27,5043,0.02,4.01,,,0.01517
4360,mexico,1832,0.1,4.75,2460,0.06,4.43,,,0.015189
4361,cotton,3935,0.04,4.35,4555,0.03,4.08,B1,noun,0.015197
4362,compound,5311,0.03,4.18,5789,0.02,3.93,B1,noun,0.015204
4363,stressed,5370,0.03,4.18,5768,0.02,3.93,B1,adjective,0.015204
4364,lace,9355,0.01,3.82,9454,0.01,3.61,,,0.015216
4365,enjoyed,2534,0.07,4.59,3116,0.04,4.29,,,0.015218
4366,motion,2545,0.07,4.59,3067,0.04,4.29,B2,noun,0.015218
4367,metal,1607,0.12,4.82,2202,0.07,4.49,A2,noun,0.015229
4368,locals,7153,0.02,4.0,7400,0.01,3.77,,,0.015239
4369,coins,4588,0.03,4.26,5162,0.02,4.0,,,0.015243
4370,telling,1288,0.15,4.92,501,0.47,5.32,,,0.015259
4371,samples,4048,0.04,4.34,4588,0.03,4.07,,,0.01527
4372,miserable,6378,0.02,4.07,2841,0.05,4.34,B1,adjective,0.01527
4373,crane,8021,0.02,3.92,3834,0.03,4.17,,,0.015279
4374,marco,8063,0.02,3.92,3866,0.03,4.17,,,0.015279
4375,entering,3488,0.05,4.42,4029,0.03,4.14,,,0.015285
4376,revenge,4484,0.04,4.28,1865,0.09,4.58,B2,noun,0.015287
4377,engineer,2991,0.06,4.5,3582,0.04,4.21,A1,noun,0.01529
4378,becoming,1627,0.12,4.81,2221,0.07,4.48,,,0.015295
4379,sympathetic,9549,0.01,3.81,9634,0.01,3.6,B2,adjective,0.015298
4380,hut,9054,0.01,3.84,4542,0.03,4.08,B1,noun,0.015305
4381,relaxing,8340,0.01,3.9,8562,0.01,3.68,B1,adjective,0.015316
4382,adams,4648,0.03,4.25,5245,0.02,3.99,,,0.015317
4383,perfection,7260,0.02,3.99,7505,0.01,3.76,,,0.015317
4384,eventually,1394,0.14,4.88,2000,0.08,4.54,B1,adverb,0.015326
4385,shout,6519,0.02,4.06,2880,0.05,4.33,B1,"noun, verb",0.015343
4386,illness,3563,0.05,4.41,4108,0.03,4.13,B1,noun,0.015357
4387,remains,1672,0.12,4.8,2259,0.07,4.47,B2,noun,0.015361
4388,studied,3089,0.06,4.49,3612,0.04,4.2,,,0.015361
4389,create,1014,0.2,5.02,1624,0.1,4.66,A2,verb,0.015368
4390,te,6422,0.02,4.07,6772,0.02,3.83,,,0.015382
4391,shave,9248,0.01,3.83,4609,0.03,4.07,B1,verb,0.015382
4392,de,582,0.32,5.23,1126,0.16,4.84,,,0.015384
4393,maybe,338,0.53,5.45,146,2.02,5.95,A1,adverb,0.015389
4394,facts,1938,0.1,4.72,2565,0.06,4.4,,,0.015389
4395,failure,1939,0.1,4.72,2582,0.06,4.4,B1,noun,0.015389
4396,circus,7319,0.02,3.98,3413,0.04,4.24,B1,noun,0.015392
4397,mistaken,7363,0.02,3.98,3370,0.04,4.24,,,0.015392
4398,midst,8453,0.01,3.89,8676,0.01,3.67,B2,noun,0.015397
4399,mosque,8458,0.01,3.89,8616,0.01,3.67,A2,noun,0.015397
4400,moss,8459,0.01,3.89,8663,0.01,3.67,B1,noun,0.015397
4401,tens,8493,0.01,3.89,8600,0.01,3.67,,,0.015397
4402,considering,2286,0.08,4.64,2869,0.05,4.33,B2,"conjunction, preposition",0.015411
4403,duties,4153,0.04,4.32,4773,0.03,4.05,,,0.015416
4404,trailer,4196,0.04,4.32,4794,0.03,4.05,B2,noun,0.015416
4405,ve,2707,0.07,4.56,3287,0.04,4.26,,,0.015426
4406,alice,4572,0.03,4.26,1960,0.08,4.56,,,0.015426
4407,lady,1194,0.17,4.95,469,0.51,5.36,A1,noun,0.015429
4408,super,889,0.22,5.08,1456,0.12,4.71,A1,adjective,0.015442
4409,lucky,1766,0.11,4.77,637,0.32,5.15,A1,adjective,0.015446
4410,fuller,9751,0.01,3.79,9900,0.01,3.58,,,0.015465
4411,hers,7460,0.02,3.97,3428,0.04,4.23,A1,pronoun,0.015467
4412,slap,7502,0.02,3.97,3464,0.04,4.23,B2,"noun, verb",0.015467
4413,lil,8569,0.01,3.88,8739,0.01,3.66,,,0.015479
4414,reasons,1252,0.16,4.93,1871,0.08,4.58,,,0.01548
4415,lawrence,4248,0.04,4.31,4799,0.02,4.04,,,0.01549
4416,focus,1077,0.19,5.0,1650,0.1,4.64,A1,"noun, verb",0.015496
4417,existence,2732,0.07,4.55,3352,0.04,4.25,B1,noun,0.015496
4418,corrupt,5669,0.03,4.14,6259,0.02,3.89,B2,adjective,0.015508
4419,traffic,1507,0.13,4.85,2095,0.07,4.51,A2,noun,0.015523
4420,pleasure,2639,0.07,4.57,978,0.19,4.92,A1,noun,0.015545
4421,champion,2381,0.08,4.62,2984,0.05,4.31,B1,noun,0.01555
4422,countless,7549,0.02,3.96,7878,0.01,3.73,B1,adjective,0.015557
4423,experience,541,0.35,5.27,1073,0.17,4.87,B1,"noun, verb",0.015561
4424,calculations,8648,0.01,3.87,8843,0.01,3.65,,,0.015561
4425,gem,8670,0.01,3.87,8964,0.01,3.65,,,0.015561
4426,marker,8686,0.01,3.87,8960,0.01,3.65,,,0.015561
4427,preparations,8708,0.01,3.87,8922,0.01,3.65,,,0.015561
4428,rare,1772,0.11,4.77,2388,0.06,4.44,B1,adjective,0.015562
4429,warriors,4344,0.04,4.3,4948,0.02,4.03,,,0.015564
4430,ski,5840,0.03,4.13,6378,0.02,3.88,B1,"noun, verb",0.015586
4431,competition,1300,0.15,4.91,1919,0.08,4.56,A2,noun,0.015611
4432,sandra,9667,0.01,3.8,4803,0.02,4.04,,,0.015618
4433,jewish,2450,0.08,4.61,3050,0.04,4.3,,,0.015619
4434,fighters,5039,0.03,4.21,5578,0.02,3.95,,,0.015619
4435,rolled,5079,0.03,4.21,5592,0.02,3.95,,,0.015619
4436,mad,1868,0.1,4.74,671,0.3,5.12,A2,adjective,0.015635
4437,execution,4374,0.04,4.29,4971,0.02,4.02,B2,noun,0.015639
4438,worship,4423,0.04,4.29,4962,0.02,4.02,B2,noun,0.015639
4439,idiots,6920,0.02,4.02,3114,0.04,4.29,,,0.015639
4440,coral,8770,0.01,3.86,9060,0.01,3.64,B2,noun,0.015644
4441,hardy,8799,0.01,3.86,9013,0.01,3.64,,,0.015644
4442,nsa,8834,0.01,3.86,9069,0.01,3.64,,,0.015644
4443,blake,5480,0.03,4.16,2338,0.06,4.45,,,0.015648
4444,creature,5488,0.03,4.16,2356,0.06,4.45,A2,noun,0.015648
4445,loan,2118,0.09,4.68,2753,0.05,4.36,B2,noun,0.015663
4446,resume,5911,0.02,4.12,6443,0.02,3.87,B2,verb,0.015664
4447,chicks,8649,0.01,3.87,4209,0.03,4.12,,,0.015664
4448,san,1148,0.17,4.97,1744,0.09,4.61,,,0.01569
4449,till,1706,0.11,4.79,619,0.34,5.18,A2,"conjunction, preposition",0.015694
4450,caring,5106,0.03,4.2,5656,0.02,3.94,B2,adjective,0.015696
4451,lying,2164,0.09,4.67,767,0.25,5.04,,,0.015697
4452,cup,805,0.24,5.11,1411,0.12,4.73,A1,noun,0.015698
4453,whoever,3539,0.05,4.42,1364,0.13,4.75,B1,pronoun,0.015698
4454,theatre,2923,0.06,4.52,3511,0.04,4.22,,,0.015709
4455,nazi,4469,0.04,4.28,5040,0.02,4.01,,,0.015715
4456,bail,6988,0.02,4.01,3174,0.04,4.28,,,0.015715
4457,nephew,7034,0.02,4.01,3166,0.04,4.28,B1,noun,0.015715
4458,tubes,7865,0.02,3.94,8092,0.01,3.71,,,0.01572
4459,harris,3366,0.05,4.44,4002,0.03,4.15,,,0.015721
4460,louis,1606,0.12,4.82,2217,0.07,4.48,,,0.015724
4461,handles,8941,0.01,3.85,9159,0.01,3.63,,,0.015728
4462,cups,5952,0.02,4.11,6552,0.02,3.86,,,0.015743
4463,handful,5969,0.02,4.11,6528,0.02,3.86,,,0.015743
4464,urge,6015,0.02,4.11,6537,0.02,3.86,B2,"noun, verb",0.015743
4465,quit,2805,0.06,4.54,1025,0.18,4.89,A2,"adjective, verb",0.015744
4466,interest,695,0.28,5.17,1279,0.14,4.78,B1,"noun, verb",0.015757
4467,larry,4462,0.04,4.28,1826,0.09,4.59,,,0.015761
4468,resignation,6956,0.02,4.02,7349,0.01,3.78,B2,noun,0.015779
4469,sailor,9953,0.01,3.78,5003,0.02,4.02,A1,noun,0.015779
4470,protected,2961,0.06,4.51,3596,0.04,4.21,,,0.015781
4471,stairs,5733,0.03,4.14,2427,0.06,4.43,,,0.015794
4472,staring,5734,0.03,4.14,2419,0.06,4.43,,,0.015794
4473,breast,3927,0.04,4.35,4622,0.03,4.07,B1,noun,0.015798
4474,andrews,7881,0.02,3.93,8334,0.01,3.7,,,0.015803
4475,sixty,7978,0.02,3.93,8341,0.01,3.7,A1,number,0.015803
4476,played,590,0.32,5.23,1163,0.15,4.83,,,0.01581
4477,price,592,0.32,5.23,1155,0.15,4.83,B2,"noun, verb",0.01581
4478,cardiac,9022,0.01,3.84,9282,0.01,3.62,,,0.015813
4479,confronted,9026,0.01,3.84,9339,0.01,3.62,,,0.015813
4480,medical,714,0.27,5.16,1321,0.13,4.77,A2,adjective,0.015821
4481,fitting,6053,0.02,4.1,6604,0.02,3.85,,,0.015822
4482,pine,6080,0.02,4.1,6585,0.02,3.85,B2,noun,0.015822
4483,replace,2593,0.07,4.58,3236,0.04,4.27,A2,verb,0.015832
4484,anymore,1212,0.16,4.94,470,0.51,5.36,A2,adverb,0.015836
4485,joined,1903,0.1,4.73,2570,0.06,4.4,,,0.015836
4486,devoted,5318,0.03,4.18,5870,0.02,3.92,B2,adjective,0.015851
4487,mines,5340,0.03,4.18,5839,0.02,3.92,,,0.015851
4488,sadly,5358,0.03,4.18,5909,0.02,3.92,A2,adverb,0.015851
4489,seo,7059,0.02,4.01,7486,0.01,3.77,,,0.01586
4490,void,7082,0.02,4.01,7466,0.01,3.77,,,0.01586
4491,cuts,3477,0.05,4.42,4133,0.03,4.13,,,0.015868
4492,moscow,3511,0.05,4.42,4112,0.03,4.13,,,0.015868
4493,fame,4017,0.04,4.34,4710,0.03,4.06,B2,noun,0.015873
4494,growing,1223,0.16,4.94,1854,0.09,4.58,B2,adjective,0.015889
4495,crushing,9157,0.01,3.83,9517,0.01,3.61,,,0.015898
4496,unlike,2652,0.07,4.57,3290,0.04,4.26,B2,"adjective, preposition",0.015904
4497,entirely,1937,0.1,4.72,2623,0.06,4.39,B1,adverb,0.015905
4498,johnson,1949,0.1,4.72,2620,0.06,4.39,,,0.015905
4499,highway,3063,0.06,4.49,3677,0.04,4.19,A2,noun,0.015927
4500,taxi,5273,0.03,4.19,2176,0.07,4.49,A1,noun,0.015927
4501,trophy,5461,0.03,4.17,5989,0.02,3.91,B2,noun,0.01593
4502,clicking,8129,0.02,3.91,3877,0.03,4.17,,,0.01593
4503,pause,7166,0.02,4.0,7533,0.01,3.76,B1,"noun, verb",0.015942
4504,proving,7171,0.02,4.0,7530,0.01,3.76,,,0.015942
4505,demands,3553,0.05,4.41,4229,0.03,4.12,,,0.015943
4506,repair,3582,0.05,4.41,4216,0.03,4.12,A2,"noun, verb",0.015943
4507,requested,4114,0.04,4.33,4778,0.03,4.05,,,0.015949
4508,embarrassed,6570,0.02,4.05,2863,0.05,4.33,B1,adjective,0.015949
4509,cancer,1244,0.16,4.93,1908,0.08,4.57,B1,noun,0.015956
4510,forgot,2347,0.08,4.63,841,0.22,5.0,,,0.015959
4511,danish,8137,0.02,3.91,8526,0.01,3.68,,,0.01597
4512,feminine,8144,0.02,3.91,8581,0.01,3.68,,,0.01597
4513,stamps,8210,0.02,3.91,8465,0.01,3.68,,,0.01597
4514,violated,8226,0.02,3.91,8539,0.01,3.68,,,0.01597
4515,wool,8228,0.02,3.91,8553,0.01,3.68,A2,noun,0.01597
4516,lined,6263,0.02,4.08,6809,0.02,3.83,,,0.015983
4517,particles,6276,0.02,4.08,6807,0.02,3.83,,,0.015983
4518,practiced,9382,0.01,3.82,9539,0.01,3.6,,,0.015984
4519,testified,9408,0.01,3.82,9596,0.01,3.6,,,0.015984
4520,reaches,5537,0.03,4.16,6111,0.02,3.9,,,0.016009
4521,roberts,5542,0.03,4.16,6140,0.02,3.9,,,0.016009
4522,rid,3022,0.06,4.5,1095,0.16,4.85,B1,verb,0.016014
4523,bite,4213,0.04,4.31,1693,0.1,4.63,B1,"noun, verb",0.016015
4524,sheet,3653,0.05,4.4,4296,0.03,4.11,B1,noun,0.016018
4525,suspended,4193,0.04,4.32,4854,0.02,4.04,,,0.016025
4526,bust,6662,0.02,4.04,2936,0.05,4.32,B1,verb,0.016025
4527,interference,7241,0.02,3.99,7664,0.01,3.75,,,0.016025
4528,earned,2729,0.07,4.55,3386,0.04,4.24,,,0.016049
4529,personality,2750,0.07,4.55,3391,0.04,4.24,A2,noun,0.016049
4530,relief,2754,0.07,4.55,3408,0.04,4.24,B2,noun,0.016049
4531,belongs,4738,0.03,4.24,1989,0.08,4.55,,,0.016049
4532,laura,4772,0.03,4.24,1976,0.08,4.55,,,0.016049
4533,die,902,0.22,5.07,348,0.74,5.52,A2,verb,0.01605
4534,continent,6348,0.02,4.07,6905,0.01,3.82,A2,noun,0.016064
4535,horizon,6364,0.02,4.07,6915,0.01,3.82,B1,noun,0.016064
4536,rises,6410,0.02,4.07,6863,0.02,3.82,,,0.016064
4537,sands,9532,0.01,3.81,9729,0.01,3.59,,,0.01607
4538,miami,3183,0.05,4.47,3816,0.03,4.17,,,0.016075
4539,chuck,5399,0.03,4.17,2279,0.07,4.47,,,0.016075
4540,songs,1538,0.13,4.84,2184,0.07,4.49,,,0.016083
4541,fond,8424,0.01,3.89,3968,0.03,4.15,B1,adjective,0.016089
4542,willie,8504,0.01,3.89,4005,0.03,4.15,,,0.016089
4543,afghanistan,4817,0.03,4.23,5493,0.02,3.96,,,0.016101
4544,campbell,4830,0.03,4.23,5505,0.02,3.96,,,0.016101
4545,healing,4860,0.03,4.23,5534,0.02,3.96,B1,adjective,0.016101
4546,casey,7534,0.02,3.96,3455,0.04,4.23,,,0.016101
4547,insist,6798,0.02,4.03,2974,0.05,4.31,B1,verb,0.016102
4548,behavior,2062,0.09,4.69,2726,0.05,4.36,,,0.016117
4549,doc,3875,0.04,4.36,1512,0.11,4.69,B1,noun,0.016117
4550,talk,368,0.49,5.42,155,1.97,5.94,A1,"noun, verb",0.016118
4551,nobody,1200,0.17,4.95,447,0.55,5.38,A2,pronoun,0.016119
4552,sister,1207,0.17,4.95,456,0.54,5.38,A1,noun,0.016119
4553,jane,3503,0.05,4.42,1340,0.13,4.76,,,0.016138
4554,expects,8419,0.01,3.89,8753,0.01,3.66,,,0.01614
4555,vote,820,0.24,5.11,1451,0.12,4.72,B1,"noun, verb",0.016144
4556,grocery,6473,0.02,4.06,7006,0.01,3.81,,,0.016145
4557,colors,3221,0.05,4.46,3926,0.03,4.16,,,0.01615
4558,superior,3263,0.05,4.46,3899,0.03,4.16,B1,adjective,0.01615
4559,safety,1147,0.17,4.97,1788,0.09,4.6,B1,noun,0.01616
4560,vital,3793,0.04,4.38,4426,0.03,4.09,B2,adjective,0.016169
4561,wrestling,5749,0.03,4.14,6292,0.02,3.88,,,0.016169
4562,intend,6152,0.02,4.09,2663,0.05,4.38,B1,verb,0.016169
4563,leaf,4958,0.03,4.22,5651,0.02,3.95,A1,noun,0.01618
4564,respond,2857,0.06,4.53,3529,0.04,4.22,B1,verb,0.016196
4565,knife,3567,0.05,4.41,1373,0.13,4.75,A1,noun,0.016209
4566,right,115,1.7,5.96,42,8.95,6.6,A2,"adjective, adverb, noun",0.016228
4567,blow,2516,0.07,4.59,920,0.2,4.96,A1,"noun, verb",0.016228
4568,detect,6557,0.02,4.05,7111,0.01,3.8,B2,verb,0.016228
4569,ne,6598,0.02,4.05,7098,0.01,3.8,,,0.016228
4570,shook,6618,0.02,4.05,7144,0.01,3.8,,,0.016228
4571,rosa,9665,0.01,3.8,4743,0.03,4.05,,,0.016228
4572,fields,2485,0.07,4.6,3175,0.04,4.28,,,0.016232
4573,department,583,0.32,5.23,1185,0.15,4.82,B1,noun,0.016237
4574,sweeping,9829,0.01,3.79,9974,0.01,3.57,,,0.016245
4575,protective,5828,0.03,4.13,6472,0.02,3.87,B1,adjective,0.01625
4576,buck,6994,0.02,4.01,3089,0.04,4.29,,,0.016258
4577,drama,2151,0.09,4.67,2815,0.05,4.34,A1,noun,0.01626
4578,correctly,5020,0.03,4.21,5718,0.02,3.94,A2,adverb,0.01626
4579,clever,5014,0.03,4.21,2073,0.07,4.52,A1,adjective,0.01627
4580,artillery,7524,0.02,3.96,8033,0.01,3.72,,,0.016276
4581,comedian,7543,0.02,3.96,8021,0.01,3.72,B1,noun,0.016276
4582,wit,7637,0.02,3.96,8067,0.01,3.72,B2,noun,0.016276
4583,secretary,1206,0.17,4.95,1864,0.09,4.58,A2,noun,0.016296
4584,grab,2896,0.06,4.52,1057,0.17,4.88,B1,verb,0.016297
4585,retired,3390,0.05,4.44,4059,0.03,4.14,A2,adjective,0.016301
4586,spain,2560,0.07,4.59,3190,0.04,4.27,,,0.016306
4587,cooperate,9723,0.01,3.79,4806,0.02,4.04,B2,verb,0.016311
4588,anderson,3858,0.04,4.36,4612,0.03,4.07,,,0.016323
4589,delta,5873,0.02,4.12,6487,0.02,3.86,,,0.016332
4590,ridge,5914,0.02,4.12,6557,0.02,3.86,B2,noun,0.016332
4591,ivan,8806,0.01,3.86,4182,0.03,4.12,,,0.016332
4592,italy,2212,0.09,4.66,2875,0.05,4.33,,,0.016333
4593,cries,7901,0.02,3.93,3625,0.04,4.2,,,0.01634
4594,bay,1889,0.1,4.73,2633,0.05,4.39,A2,noun,0.016351
4595,denying,7673,0.02,3.95,8221,0.01,3.71,,,0.016361
4596,frederick,7691,0.02,3.95,8208,0.01,3.71,,,0.016361
4597,lover,4611,0.03,4.26,1849,0.09,4.58,A2,noun,0.01638
4598,know,84,2.35,6.1,27,13.52,6.78,A1,verb,0.016396
4599,inches,3951,0.04,4.35,4636,0.03,4.06,,,0.016401
4600,cheer,6447,0.02,4.06,2783,0.05,4.35,A2,verb,0.016401
4601,linda,6491,0.02,4.06,2767,0.05,4.35,,,0.016401
4602,copper,4515,0.03,4.27,5262,0.02,3.99,B2,noun,0.016416
4603,samuel,5261,0.03,4.19,5837,0.02,3.92,,,0.01642
4604,scenario,5263,0.03,4.19,5877,0.02,3.92,,,0.01642
4605,useful,1973,0.1,4.72,2670,0.05,4.38,A2,adjective,0.016423
4606,above,629,0.29,5.2,1248,0.14,4.79,A1,"adjective, adverb, preposition",0.016433
4607,defense,1247,0.16,4.93,1938,0.08,4.56,,,0.016433
4608,favourite,2624,0.07,4.57,3300,0.04,4.25,,,0.016454
4609,mistake,2166,0.09,4.67,733,0.26,5.06,A2,noun,0.016478
4610,sum,4050,0.04,4.34,4759,0.03,4.05,A1,noun,0.016479
4611,twin,4054,0.04,4.34,4717,0.03,4.05,B1,noun,0.016479
4612,premises,6951,0.02,4.02,7417,0.01,3.77,,,0.016479
4613,defendant,7333,0.02,3.98,3274,0.04,4.26,,,0.016495
4614,martha,7360,0.02,3.98,3246,0.04,4.26,,,0.016495
4615,breakdown,6028,0.02,4.1,6690,0.02,3.84,B2,noun,0.016497
4616,dragons,6046,0.02,4.1,6747,0.02,3.84,,,0.016497
4617,crashing,9027,0.01,3.84,4325,0.03,4.1,,,0.016497
4618,grid,5330,0.03,4.18,6036,0.02,3.91,,,0.016502
4619,progress,1734,0.11,4.78,2424,0.06,4.43,B2,"noun, verb",0.016505
4620,protection,1494,0.13,4.85,2198,0.07,4.49,B1,noun,0.016507
4621,dutch,3558,0.05,4.41,4271,0.03,4.11,,,0.016531
4622,mexican,3571,0.05,4.41,4267,0.03,4.11,,,0.016531
4623,promotion,3578,0.05,4.41,4272,0.03,4.11,B1,noun,0.016531
4624,cuban,7902,0.02,3.93,8432,0.01,3.69,,,0.016533
4625,action,557,0.33,5.25,1151,0.15,4.83,A1,noun,0.016534
4626,base,942,0.21,5.05,1615,0.1,4.66,B1,"noun, verb",0.016546
4627,infection,4093,0.04,4.33,4841,0.02,4.04,B1,noun,0.016558
4628,wins,2056,0.09,4.7,2733,0.05,4.36,,,0.016568
4629,analyze,9012,0.01,3.84,9516,0.01,3.61,,,0.016576
4630,meter,6165,0.02,4.09,6793,0.02,3.83,,,0.01658
4631,rogers,6175,0.02,4.09,6801,0.02,3.83,,,0.01658
4632,dam,5410,0.03,4.17,6067,0.02,3.9,A2,noun,0.016584
4633,hostage,8301,0.01,3.9,3813,0.03,4.17,,,0.016584
4634,natural,813,0.24,5.11,1461,0.12,4.71,A2,adjective,0.016592
4635,altitude,8005,0.02,3.92,8512,0.01,3.68,B2,noun,0.01662
4636,charged,2382,0.08,4.62,3085,0.04,4.29,,,0.016627
4637,delivered,2386,0.08,4.62,3087,0.04,4.29,,,0.016627
4638,communist,4144,0.04,4.32,4904,0.02,4.03,,,0.016637
4639,mostly,1568,0.13,4.83,2278,0.07,4.47,A2,adverb,0.016649
4640,surface,1580,0.13,4.83,2281,0.07,4.47,B1,noun,0.016649
4641,shortly,3195,0.05,4.47,3918,0.03,4.16,B1,adverb,0.016649
4642,thou,5558,0.03,4.16,2287,0.07,4.47,,,0.016649
4643,flour,7135,0.02,4.0,7722,0.01,3.75,A2,noun,0.016649
4644,underwear,7632,0.02,3.96,3384,0.04,4.24,B2,noun,0.016657
4645,merchant,6266,0.02,4.08,6920,0.01,3.82,B1,noun,0.016664
4646,louder,9358,0.01,3.82,4550,0.03,4.08,,,0.016664
4647,tracy,9412,0.01,3.82,4512,0.03,4.08,,,0.016664
4648,absolute,2770,0.06,4.54,3532,0.04,4.22,B1,adjective,0.01668
4649,dates,2783,0.06,4.54,3543,0.04,4.22,,,0.01668
4650,useless,4996,0.03,4.22,2025,0.08,4.54,B1,adjective,0.01668
4651,subject,1175,0.17,4.96,1852,0.09,4.58,A1,noun,0.016701
4652,spare,4490,0.04,4.28,1756,0.09,4.61,B2,"adjective, verb",0.016702
4653,express,2110,0.09,4.68,2840,0.05,4.34,B1,"noun, verb",0.016716
4654,blocked,4214,0.04,4.31,5014,0.02,4.02,,,0.016717
4655,heck,6916,0.02,4.02,3019,0.05,4.31,,,0.016717
4656,hip,3237,0.05,4.46,3999,0.03,4.15,B1,noun,0.016727
4657,tons,3267,0.05,4.46,4020,0.03,4.15,,,0.016727
4658,civilian,4837,0.03,4.23,5577,0.02,3.95,,,0.016738
4659,responding,6408,0.02,4.07,7075,0.01,3.81,,,0.016749
4660,roommate,9530,0.01,3.81,4629,0.03,4.07,B2,noun,0.016749
4661,weight,1036,0.2,5.02,1690,0.1,4.63,A2,noun,0.016752
4662,using,324,0.55,5.47,808,0.23,5.01,,,0.016753
4663,cube,9312,0.01,3.82,9799,0.01,3.59,B2,noun,0.016755
4664,final,527,0.36,5.28,1109,0.16,4.85,A2,"adjective, noun",0.016761
4665,chick,6223,0.02,4.08,2685,0.05,4.38,,,0.016766
4666,somewhere,1879,0.1,4.74,638,0.32,5.15,A2,adverb,0.016767
4667,mess,2631,0.07,4.57,933,0.2,4.95,B2,"noun, verb",0.016771
4668,nation,1400,0.14,4.88,2114,0.07,4.51,A2,noun,0.016785
4669,pretend,4108,0.04,4.33,1578,0.1,4.67,A2,"adjective, verb",0.01679
4670,served,1647,0.12,4.81,2370,0.06,4.45,,,0.016793
4671,fucks,8290,0.01,3.9,8807,0.01,3.66,,,0.016797
4672,discovery,3291,0.05,4.45,4083,0.03,4.14,B1,noun,0.016805
4673,cow,5670,0.03,4.14,2341,0.06,4.45,A1,noun,0.016805
4674,portrait,4974,0.03,4.22,5729,0.02,3.94,A2,noun,0.01682
4675,type,546,0.35,5.27,1139,0.15,4.84,B1,"noun, verb",0.016828
4676,succeeded,5738,0.03,4.14,6392,0.02,3.87,,,0.016833
4677,filmed,6471,0.02,4.06,7153,0.01,3.8,,,0.016834
4678,possessions,9511,0.01,3.81,9956,0.01,3.58,,,0.016846
4679,recruited,9519,0.01,3.81,9897,0.01,3.58,,,0.016846
4680,reasonable,2551,0.07,4.59,3261,0.04,4.26,B1,adjective,0.016853
4681,jerry,4610,0.03,4.26,1840,0.09,4.59,,,0.016853
4682,ruined,4631,0.03,4.26,1816,0.09,4.59,,,0.016853
4683,mean,274,0.63,5.53,116,2.85,6.1,A1,"adjective, noun, verb",0.016857
4684,fox,2204,0.09,4.66,2967,0.05,4.32,B2,noun,0.016865
4685,began,894,0.22,5.07,1588,0.1,4.67,,,0.016866
4686,grade,1660,0.12,4.8,2390,0.06,4.44,B2,"noun, verb",0.016866
4687,ya,2189,0.09,4.67,723,0.27,5.07,,,0.016866
4688,solid,1919,0.1,4.73,2661,0.05,4.38,B1,adjective,0.016869
4689,leave,457,0.41,5.34,174,1.66,5.87,A1,"noun, verb",0.01687
4690,celebrity,4355,0.04,4.29,5143,0.02,4.0,B1,noun,0.016879
4691,eaten,5786,0.03,4.13,2413,0.06,4.44,,,0.016883
4692,aiming,8383,0.01,3.89,8961,0.01,3.65,,,0.016886
4693,cubs,8406,0.01,3.89,8886,0.01,3.65,,,0.016886
4694,cuz,8407,0.01,3.89,8861,0.01,3.65,,,0.016886
4695,dead,652,0.29,5.19,246,1.1,5.69,A2,adjective,0.016896
4696,licence,7469,0.02,3.97,8063,0.01,3.72,,,0.01691
4697,assure,6438,0.02,4.06,2730,0.05,4.36,B2,verb,0.016926
4698,frame,2578,0.07,4.58,3325,0.04,4.25,B2,"noun, verb",0.01693
4699,teaching,1969,0.1,4.72,2710,0.05,4.37,B1,noun,0.016943
4700,windows,1977,0.1,4.72,2701,0.05,4.37,,,0.016943
4701,las,4463,0.04,4.28,5197,0.02,3.99,,,0.016961
4702,mature,4467,0.04,4.28,5235,0.02,3.99,B2,adjective,0.016961
4703,digging,7217,0.02,3.99,3189,0.04,4.28,,,0.016961
4704,horror,3433,0.05,4.43,4171,0.03,4.12,A2,noun,0.016962
4705,julia,5892,0.02,4.12,2471,0.06,4.43,,,0.016962
4706,dolphins,8536,0.01,3.88,9073,0.01,3.64,,,0.016976
4707,also,70,2.89,6.19,291,0.9,5.6,A1,adverb,0.016978
4708,judged,7573,0.02,3.96,8118,0.01,3.71,,,0.016998
4709,marble,7580,0.02,3.96,8114,0.01,3.71,B1,noun,0.016998
4710,grandson,8938,0.01,3.85,4215,0.03,4.12,A2,noun,0.017002
4711,created,944,0.21,5.05,1632,0.1,4.65,,,0.017005
4712,grandfather,4763,0.03,4.24,1898,0.08,4.57,A1,noun,0.017007
4713,faint,9891,0.01,3.78,4876,0.02,4.04,B2,"adjective, verb",0.017007
4714,boy,688,0.28,5.17,256,1.05,5.67,A1,noun,0.01702
4715,skill,3526,0.05,4.42,4252,0.03,4.11,A1,noun,0.017042
4716,auction,4506,0.03,4.27,5286,0.02,3.98,,,0.017043
4717,murray,4542,0.03,4.27,5343,0.02,3.98,,,0.017043
4718,optimistic,8701,0.01,3.87,9190,0.01,3.63,B2,adjective,0.017067
4719,tuned,8735,0.01,3.87,9174,0.01,3.63,,,0.017067
4720,visitors,3097,0.06,4.49,3818,0.03,4.17,,,0.017068
4721,treasure,5460,0.03,4.17,2206,0.07,4.49,A2,noun,0.017068
4722,appears,1518,0.13,4.84,2257,0.07,4.47,,,0.017075
4723,brother,801,0.24,5.11,290,0.9,5.6,A1,noun,0.017087
4724,energy,584,0.32,5.23,1221,0.14,4.8,B2,noun,0.017097
4725,priority,3577,0.05,4.41,4356,0.03,4.1,B2,noun,0.017122
4726,root,3583,0.05,4.41,4362,0.03,4.1,A2,noun,0.017122
4727,encounter,4596,0.03,4.26,5394,0.02,3.97,B2,"noun, verb",0.017126
4728,americans,1550,0.13,4.83,2319,0.06,4.46,,,0.017149
4729,battles,5296,0.03,4.18,6101,0.02,3.9,,,0.017155
4730,conscious,5312,0.03,4.18,6053,0.02,3.9,B1,adjective,0.017155
4731,oak,5343,0.03,4.18,6047,0.02,3.9,A2,noun,0.017155
4732,stabbed,8355,0.01,3.9,3751,0.03,4.18,,,0.017155
4733,morality,8830,0.01,3.86,9312,0.01,3.62,B2,noun,0.017158
4734,apple,1781,0.11,4.76,2590,0.06,4.4,A1,noun,0.017162
4735,spots,4123,0.04,4.33,4900,0.02,4.03,,,0.01717
4736,alarm,4426,0.04,4.28,1720,0.09,4.62,B1,"noun, verb",0.01717
4737,enthusiasm,6899,0.02,4.02,7511,0.01,3.76,B1,noun,0.017182
4738,mother,576,0.32,5.24,216,1.3,5.76,A1,noun,0.01719
4739,alliance,3598,0.05,4.4,4455,0.03,4.09,B2,noun,0.017203
4740,spiritual,3656,0.05,4.4,4475,0.03,4.09,B1,adjective,0.017203
4741,hurt,1224,0.16,4.94,436,0.56,5.4,A1,"adjective, verb",0.01721
4742,wells,4727,0.03,4.25,5485,0.02,3.96,,,0.01721
4743,area,325,0.54,5.46,854,0.22,4.99,A2,noun,0.017216
4744,kid,1107,0.18,4.99,382,0.65,5.46,B1,"noun, verb",0.017216
4745,recently,1026,0.2,5.02,1715,0.09,4.62,A2,adverb,0.017217
4746,talked,2410,0.08,4.62,799,0.24,5.02,,,0.017217
4747,innocent,3309,0.05,4.45,1172,0.15,4.82,B1,adjective,0.017223
4748,mount,3185,0.05,4.47,3960,0.03,4.15,B2,"noun, verb",0.017226
4749,charging,5397,0.03,4.17,6196,0.02,3.89,,,0.01724
4750,metres,5438,0.03,4.17,6238,0.02,3.89,,,0.01724
4751,heavier,8942,0.01,3.85,9473,0.01,3.61,,,0.01725
4752,hear,588,0.32,5.23,226,1.25,5.75,A1,verb,0.017253
4753,christina,9298,0.01,3.82,4470,0.03,4.09,,,0.017261
4754,nap,9369,0.01,3.82,4438,0.03,4.09,B1,noun,0.017261
4755,activated,6981,0.02,4.01,7737,0.01,3.75,,,0.017271
4756,oz,7037,0.02,4.01,7696,0.01,3.75,,,0.017271
4757,russian,1060,0.19,5.01,1762,0.09,4.61,,,0.017289
4758,jimmy,3373,0.05,4.44,1212,0.14,4.81,,,0.017297
4759,kyle,5703,0.03,4.14,2305,0.07,4.46,,,0.017307
4760,insurance,1226,0.16,4.94,1967,0.08,4.55,B1,noun,0.017322
4761,territory,2505,0.07,4.6,3286,0.04,4.26,B2,noun,0.017325
4762,accidents,5470,0.03,4.16,6272,0.02,3.88,,,0.017326
4763,wipe,7086,0.02,4.01,3009,0.05,4.31,B2,verb,0.017335
4764,predict,6283,0.02,4.08,6982,0.01,3.81,A2,verb,0.017349
4765,promised,3079,0.06,4.49,1080,0.17,4.87,,,0.01735
4766,easiest,8027,0.02,3.92,8684,0.01,3.67,,,0.017359
4767,tenth,8097,0.02,3.92,8605,0.01,3.67,,,0.017359
4768,conclusions,7109,0.02,4.0,7777,0.01,3.74,,,0.01736
4769,donation,7125,0.02,4.0,7817,0.01,3.74,B2,noun,0.01736
4770,drone,7127,0.02,4.0,7752,0.01,3.74,,,0.01736
4771,allen,3735,0.04,4.38,4592,0.03,4.07,,,0.017366
4772,journalist,3764,0.04,4.38,4598,0.03,4.07,B1,noun,0.017366
4773,sixth,3785,0.04,4.38,4623,0.03,4.07,,,0.017366
4774,locked,3438,0.05,4.43,1229,0.14,4.8,,,0.017372
4775,bitch,1784,0.11,4.76,600,0.35,5.19,,,0.017373
4776,carries,4831,0.03,4.23,5660,0.02,3.94,,,0.017379
4777,complaints,4841,0.03,4.23,5692,0.02,3.94,,,0.017379
4778,direction,1248,0.16,4.93,2019,0.08,4.54,A2,noun,0.017395
4779,sooner,4714,0.03,4.25,1824,0.09,4.59,,,0.017403
4780,supposed,1321,0.15,4.91,457,0.53,5.37,,,0.017411
4781,mia,8692,0.01,3.87,4017,0.03,4.15,,,0.017413
4782,finishing,4302,0.04,4.3,5104,0.02,4.0,,,0.017419
4783,reign,6407,0.02,4.07,7183,0.01,3.8,,,0.017437
4784,exploit,9177,0.01,3.83,9766,0.01,3.59,B2,verb,0.017437
4785,gandhi,9184,0.01,3.83,9736,0.01,3.59,,,0.017437
4786,negative,1700,0.11,4.79,2495,0.06,4.42,A2,adjective,0.017448
4787,demon,6458,0.02,4.06,2690,0.05,4.37,,,0.017449
4788,stan,6524,0.02,4.06,2709,0.05,4.37,,,0.017449
4789,refusing,7273,0.02,3.99,7915,0.01,3.73,,,0.01745
4790,bearing,4918,0.03,4.22,5769,0.02,3.93,B2,noun,0.017464
4791,cancelled,4925,0.03,4.22,5750,0.02,3.93,,,0.017464
4792,shirts,4980,0.03,4.22,5739,0.02,3.93,,,0.017464
4793,clown,7896,0.02,3.93,3486,0.04,4.22,A2,noun,0.017464
4794,followed,946,0.21,5.05,1654,0.1,4.64,,,0.017466
4795,massive,1953,0.1,4.72,2748,0.05,4.36,B1,adjective,0.017466
4796,blew,5859,0.02,4.12,2401,0.06,4.44,,,0.017469
4797,nuts,4316,0.04,4.3,1636,0.1,4.65,,,0.017478
4798,character,803,0.24,5.11,1524,0.11,4.69,A1,noun,0.017493
4799,customers,1714,0.11,4.78,2524,0.06,4.41,,,0.017524
4800,qualities,6509,0.02,4.06,7211,0.01,3.79,,,0.017526
4801,accidental,9277,0.01,3.82,9902,0.01,3.58,B1,adjective,0.017531
4802,commercials,9302,0.01,3.82,9966,0.01,3.58,,,0.017531
4803,dye,9324,0.01,3.82,9828,0.01,3.58,B2,noun,0.017531
4804,remedy,9392,0.01,3.82,9836,0.01,3.58,B1,noun,0.017531
4805,tornado,9411,0.01,3.82,9958,0.01,3.58,B1,noun,0.017531
4806,tunes,9413,0.01,3.82,9957,0.01,3.58,,,0.017531
4807,bryan,7315,0.02,3.98,8051,0.01,3.72,,,0.017541
4808,patients,1316,0.15,4.91,2063,0.07,4.52,,,0.017543
4809,marriages,8314,0.01,3.9,8917,0.01,3.65,,,0.017543
4810,spotlight,8354,0.01,3.9,8889,0.01,3.65,,,0.017543
4811,often,379,0.48,5.41,952,0.19,4.94,A1,adverb,0.01755
4812,orleans,5070,0.03,4.21,5842,0.02,3.92,,,0.01755
4813,avenue,3406,0.05,4.43,4298,0.03,4.11,B1,noun,0.017551
4814,raising,3448,0.05,4.43,4260,0.03,4.11,,,0.017551
4815,freeze,5965,0.02,4.11,2456,0.06,4.43,A2,verb,0.017551
4816,argument,2282,0.08,4.64,3101,0.04,4.29,A2,noun,0.017556
4817,porn,3016,0.06,4.5,3815,0.03,4.17,,,0.01756
4818,piss,5443,0.03,4.17,2132,0.07,4.5,,,0.01756
4819,oil,834,0.23,5.1,1542,0.11,4.68,A2,noun,0.017564
4820,notes,1531,0.13,4.84,2320,0.06,4.46,,,0.017574
4821,east,709,0.27,5.16,1407,0.12,4.73,A2,"adjective, adverb, noun",0.017585
4822,demanding,5781,0.03,4.13,6641,0.02,3.85,B2,adjective,0.017588
4823,north,458,0.41,5.34,1048,0.17,4.88,A2,"adjective, adverb, noun",0.017616
4824,minute,1124,0.18,4.98,377,0.66,5.46,A1,noun,0.017616
4825,risks,3978,0.04,4.35,4807,0.02,4.04,,,0.017616
4826,ties,3989,0.04,4.35,4812,0.02,4.04,,,0.017616
4827,disease,1331,0.15,4.9,2104,0.07,4.51,B1,noun,0.017618
4828,broker,8394,0.01,3.89,9034,0.01,3.64,,,0.017636
4829,leaning,8449,0.01,3.89,9038,0.01,3.64,,,0.017636
4830,chicago,1556,0.13,4.83,2365,0.06,4.45,,,0.01765
4831,fourth,1562,0.13,4.83,2357,0.06,4.45,,,0.01765
4832,score,1576,0.13,4.83,2372,0.06,4.45,B1,"noun, verb",0.01765
4833,separate,1577,0.13,4.83,2358,0.06,4.45,B2,"adjective, verb",0.01765
4834,hilarious,4531,0.03,4.27,5410,0.02,3.97,B2,adjective,0.017674
4835,keys,3699,0.05,4.39,1332,0.13,4.76,,,0.017677
4836,london,543,0.35,5.27,1175,0.15,4.82,,,0.01768
4837,couples,4011,0.04,4.34,4953,0.02,4.03,,,0.0177
4838,ignoring,6694,0.02,4.04,7489,0.01,3.77,,,0.017706
4839,sponsor,6742,0.02,4.04,7445,0.01,3.77,B2,"noun, verb",0.017706
4840,bureau,3546,0.05,4.41,4428,0.03,4.09,B1,noun,0.017716
4841,hug,6147,0.02,4.09,2529,0.06,4.41,A2,"noun, verb",0.017716
4842,meetings,3115,0.06,4.48,4011,0.03,4.15,,,0.017724
4843,proved,3126,0.06,4.48,4008,0.03,4.15,,,0.017724
4844,canvas,7532,0.02,3.96,8287,0.01,3.7,,,0.017725
4845,abbey,8506,0.01,3.88,9137,0.01,3.63,,,0.01773
4846,immense,8556,0.01,3.88,9142,0.01,3.63,,,0.01773
4847,leverage,8568,0.01,3.88,9177,0.01,3.63,,,0.01773
4848,system,249,0.68,5.56,747,0.26,5.06,A2,noun,0.017733
4849,here,111,1.74,5.97,35,10.9,6.68,A1,adverb,0.017748
4850,instrument,4608,0.03,4.26,5533,0.02,3.96,A2,noun,0.01776
4851,conscience,7547,0.02,3.96,3244,0.04,4.26,B2,noun,0.01776
4852,christian,1391,0.14,4.88,2194,0.07,4.49,B1,adjective,0.017768
4853,angela,6863,0.02,4.02,2884,0.05,4.33,,,0.017785
4854,nope,4617,0.03,4.26,1755,0.09,4.61,,,0.017794
4855,container,6775,0.02,4.03,7543,0.01,3.76,A2,noun,0.017797
4856,semester,6834,0.02,4.03,7498,0.01,3.76,A2,noun,0.017797
4857,surviving,6843,0.02,4.03,7534,0.01,3.76,,,0.017797
4858,size,778,0.25,5.13,1482,0.11,4.7,A1,noun,0.0178
4859,families,1218,0.16,4.94,2020,0.08,4.54,,,0.017803
4860,proposal,3189,0.05,4.47,4043,0.03,4.14,B1,noun,0.017806
4861,restore,5353,0.03,4.18,6157,0.02,3.89,B1,verb,0.017812
4862,muhammad,8697,0.01,3.87,9367,0.01,3.62,,,0.017825
4863,seventh,4711,0.03,4.25,5587,0.02,3.95,,,0.017847
4864,facial,6049,0.02,4.1,6951,0.01,3.82,,,0.017855
4865,hurricane,6059,0.02,4.1,6962,0.01,3.82,,,0.017855
4866,dana,9313,0.01,3.82,4333,0.03,4.1,,,0.017855
4867,messed,7030,0.02,4.01,2924,0.05,4.32,,,0.01787
4868,science,795,0.25,5.12,1518,0.11,4.69,A1,noun,0.017873
4869,goods,2486,0.07,4.6,3299,0.04,4.25,B1,noun,0.017875
4870,stakes,6962,0.02,4.02,7643,0.01,3.75,,,0.017889
4871,grind,7795,0.02,3.94,8518,0.01,3.68,,,0.017911
4872,packs,7827,0.02,3.94,8566,0.01,3.68,,,0.017911
4873,storms,7853,0.02,3.94,8535,0.01,3.68,,,0.017911
4874,honors,8800,0.01,3.86,9490,0.01,3.61,,,0.017921
4875,manning,8820,0.01,3.86,9426,0.01,3.61,,,0.017921
4876,delivering,6127,0.02,4.09,6996,0.01,3.81,,,0.017946
4877,thoroughly,6193,0.02,4.09,7017,0.01,3.81,B2,adverb,0.017946
4878,buddies,9447,0.01,3.81,4456,0.03,4.09,,,0.017946
4879,wednesday,2566,0.07,4.59,3375,0.04,4.24,A1,noun,0.017956
4880,thank,317,0.56,5.48,122,2.69,6.08,A1,verb,0.01796
4881,attached,2873,0.06,4.52,3734,0.03,4.18,B2,adjective,0.017968
4882,brief,2881,0.06,4.52,3736,0.03,4.18,B1,adjective,0.017968
4883,doll,6462,0.02,4.06,2662,0.05,4.38,A1,noun,0.017969
4884,satisfaction,5546,0.03,4.16,6446,0.02,3.87,B1,noun,0.01799
4885,shade,5548,0.03,4.16,6389,0.02,3.87,A2,noun,0.01799
4886,quarter,1963,0.1,4.72,2768,0.05,4.35,A1,noun,0.017991
4887,transfer,1971,0.1,4.72,2775,0.05,4.35,B1,"noun, verb",0.017991
4888,ought,3966,0.04,4.35,1434,0.12,4.72,,,0.017991
4889,exchange,1481,0.13,4.85,2336,0.06,4.46,B1,"noun, verb",0.017998
4890,indian,1309,0.15,4.91,2098,0.07,4.51,,,0.018031
4891,represent,2594,0.07,4.58,3481,0.04,4.23,A2,verb,0.018037
4892,clara,9581,0.01,3.8,4520,0.03,4.08,,,0.018037
4893,coffin,9582,0.01,3.8,4546,0.03,4.08,B1,noun,0.018037
4894,comedy,2934,0.06,4.51,3865,0.03,4.17,B1,noun,0.018051
4895,exposed,2945,0.06,4.51,3860,0.03,4.17,,,0.018051
4896,wealth,2974,0.06,4.51,3798,0.03,4.17,A2,noun,0.018051
4897,rat,5446,0.03,4.17,2099,0.07,4.51,A1,noun,0.018051
4898,tag,3397,0.05,4.44,4313,0.03,4.11,B2,noun,0.018057
4899,thy,6014,0.02,4.11,2382,0.06,4.44,,,0.018057
4900,joint,2002,0.1,4.71,2828,0.05,4.34,B2,"adjective, noun",0.01807
4901,museum,2004,0.1,4.71,2813,0.05,4.34,A2,noun,0.01807
4902,promoted,5618,0.03,4.15,6570,0.02,3.86,,,0.01808
4903,responsibilities,5623,0.03,4.15,6556,0.02,3.86,,,0.01808
4904,strain,5633,0.03,4.15,6539,0.02,3.86,B2,"noun, verb",0.01808
4905,release,856,0.23,5.09,1592,0.1,4.66,B1,"noun, verb",0.018093
4906,temperature,2319,0.08,4.64,3139,0.04,4.28,A2,noun,0.018098
4907,baking,8009,0.02,3.92,8722,0.01,3.66,,,0.018101
4908,confirms,9025,0.01,3.84,9780,0.01,3.59,,,0.018114
4909,setting,1773,0.11,4.77,2611,0.06,4.39,B1,noun,0.018116
4910,skills,1774,0.11,4.77,2600,0.06,4.39,,,0.018116
4911,obligation,6390,0.02,4.07,7246,0.01,3.79,B2,noun,0.018129
4912,counselor,9726,0.01,3.79,4590,0.03,4.07,,,0.018129
4913,knowledge,1172,0.17,4.96,1994,0.08,4.55,A2,noun,0.018134
4914,grounds,3430,0.05,4.43,4330,0.03,4.1,,,0.018142
4915,conviction,5668,0.03,4.14,6617,0.02,3.85,,,0.01817
4916,inspection,5694,0.03,4.14,6608,0.02,3.85,B1,noun,0.01817
4917,cowboy,8917,0.01,3.85,4084,0.03,4.14,,,0.01817
4918,common,631,0.29,5.2,1361,0.13,4.75,A2,adjective,0.018181
4919,military,638,0.29,5.2,1358,0.13,4.75,A2,adjective,0.018181
4920,nixon,8177,0.02,3.91,8929,0.01,3.65,,,0.018197
4921,american,303,0.58,5.49,852,0.22,4.99,,,0.01821
4922,convey,9155,0.01,3.83,9904,0.01,3.58,B1,verb,0.018212
4923,notified,9217,0.01,3.83,9851,0.01,3.58,,,0.018212
4924,prototype,9233,0.01,3.83,9905,0.01,3.58,,,0.018212
4925,allison,9846,0.01,3.78,4661,0.03,4.06,,,0.018222
4926,launch,2079,0.09,4.69,2962,0.05,4.32,B1,verb,0.018231
4927,door,869,0.22,5.08,287,0.91,5.6,A1,noun,0.018236
4928,strange,2317,0.08,4.64,718,0.27,5.07,A1,adjective,0.018243
4929,mentally,5144,0.03,4.2,6136,0.02,3.9,B1,adverb,0.01829
4930,necessarily,3117,0.06,4.48,4067,0.03,4.14,B2,adverb,0.018303
4931,temporary,3143,0.06,4.48,4035,0.03,4.14,B1,adjective,0.018303
4932,scream,5732,0.03,4.14,2226,0.07,4.48,B1,"noun, verb",0.018303
4933,allies,4504,0.03,4.27,5567,0.02,3.96,,,0.018307
4934,principle,4037,0.04,4.34,4957,0.02,4.02,B1,noun,0.018315
4935,bullets,6876,0.02,4.02,2829,0.05,4.34,,,0.018315
4936,cost,568,0.32,5.24,1273,0.14,4.78,A2,"noun, verb",0.018327
4937,blocking,5860,0.02,4.12,6857,0.02,3.83,,,0.018354
4938,pressed,5902,0.02,4.12,6757,0.02,3.83,,,0.018354
4939,frustrating,7450,0.02,3.97,8276,0.01,3.7,,,0.018358
4940,driven,2787,0.06,4.54,3698,0.03,4.19,,,0.01837
4941,tour,1112,0.18,4.99,1913,0.08,4.57,B1,"noun, verb",0.018382
4942,access,940,0.21,5.05,1733,0.09,4.62,B2,"noun, verb",0.018394
4943,autumn,4576,0.03,4.26,5628,0.02,3.95,A1,noun,0.018397
4944,drank,7679,0.02,3.95,3280,0.04,4.26,,,0.018397
4945,drawings,6676,0.02,4.04,7556,0.01,3.76,,,0.018409
4946,sides,1918,0.1,4.73,2799,0.05,4.35,,,0.018436
4947,fine,586,0.32,5.23,198,1.39,5.79,B2,"adjective, adverb, noun, verb",0.018445
4948,poems,5996,0.02,4.11,6943,0.01,3.82,,,0.018446
4949,constantly,2825,0.06,4.53,3773,0.03,4.18,B1,adverb,0.018454
4950,polar,7594,0.02,3.96,8433,0.01,3.69,,,0.018454
4951,scholar,7606,0.02,3.96,8405,0.01,3.69,B1,noun,0.018454
4952,crying,2666,0.07,4.56,873,0.21,4.98,,,0.018459
4953,according,523,0.36,5.28,1199,0.15,4.81,,,0.018466
4954,grain,5329,0.03,4.18,6348,0.02,3.88,B2,noun,0.018472
4955,unnecessary,5376,0.03,4.18,6306,0.02,3.88,A2,adjective,0.018472
4956,reads,4705,0.03,4.25,5678,0.02,3.94,,,0.018486
4957,stewart,4716,0.03,4.25,5682,0.02,3.94,,,0.018486
4958,bench,3671,0.05,4.39,4690,0.03,4.06,A2,noun,0.018487
4959,liquid,3702,0.05,4.39,4682,0.03,4.06,B1,"adjective, noun",0.018487
4960,medal,3704,0.05,4.39,4653,0.03,4.06,A2,noun,0.018487
4961,beatles,8513,0.01,3.88,9379,0.01,3.62,,,0.018489
4962,stressful,8612,0.01,3.88,9259,0.01,3.62,B1,adjective,0.018489
4963,connections,4147,0.04,4.32,5123,0.02,4.0,,,0.018491
4964,arrange,7095,0.02,4.0,2957,0.05,4.32,B1,verb,0.018491
4965,receive,1496,0.13,4.85,2376,0.06,4.45,A2,verb,0.018499
4966,yo,3346,0.05,4.45,1096,0.16,4.85,,,0.018499
4967,phillips,6820,0.02,4.03,7701,0.01,3.75,,,0.018504
4968,seized,6833,0.02,4.03,7698,0.01,3.75,,,0.018504
4969,statement,1153,0.17,4.97,1980,0.08,4.55,A2,noun,0.018537
4970,father,549,0.34,5.26,184,1.52,5.83,A1,noun,0.018538
4971,holland,6056,0.02,4.1,6984,0.01,3.81,,,0.01854
4972,publish,6088,0.02,4.1,6977,0.01,3.81,A2,verb,0.01854
4973,spoil,9543,0.01,3.81,4392,0.03,4.1,B1,verb,0.01854
4974,equal,2250,0.08,4.65,3146,0.04,4.28,B2,"adjective, noun, verb",0.018559
4975,within,351,0.51,5.44,942,0.2,4.94,A2,preposition,0.018562
4976,controlling,5405,0.03,4.17,6479,0.02,3.87,,,0.018564
4977,solution,1537,0.13,4.84,2394,0.06,4.44,A2,noun,0.018579
4978,unaware,8737,0.01,3.87,9441,0.01,3.61,B2,adjective,0.018588
4979,study,554,0.34,5.26,1264,0.14,4.79,A1,"noun, verb",0.018613
4980,musical,2955,0.06,4.51,3931,0.03,4.16,B2,"adjective, noun",0.018625
4981,background,1744,0.11,4.77,2644,0.05,4.38,A2,noun,0.018633
4982,evolved,6137,0.02,4.09,7186,0.01,3.8,,,0.018634
4983,lawsuit,6159,0.02,4.09,7120,0.01,3.8,B2,noun,0.018634
4984,setup,6181,0.02,4.09,7102,0.01,3.8,,,0.018634
4985,explode,9605,0.01,3.8,4400,0.03,4.09,B2,verb,0.018634
4986,luggage,9624,0.01,3.8,4450,0.03,4.09,B1,noun,0.018634
4987,documents,2291,0.08,4.64,3223,0.04,4.27,,,0.018643
4988,happened,634,0.29,5.2,213,1.31,5.76,,,0.018648
4989,ideal,3369,0.05,4.44,4390,0.03,4.1,A1,adjective,0.018648
4990,masses,7814,0.02,3.94,8634,0.01,3.67,,,0.018649
4991,phrase,4320,0.04,4.3,5346,0.02,3.98,B1,noun,0.01867
4992,further,490,0.38,5.31,1149,0.15,4.83,B1,"adjective, adverb",0.018673
4993,academy,2605,0.07,4.57,3574,0.04,4.21,B1,noun,0.01868
4994,operative,8836,0.01,3.86,9679,0.01,3.6,,,0.018688
4995,relay,8849,0.01,3.86,9654,0.01,3.6,B2,noun,0.018688
4996,regular,1205,0.17,4.95,2038,0.08,4.53,A2,adjective,0.018694
4997,enters,7009,0.02,4.01,7960,0.01,3.73,,,0.018695
4998,racing,3017,0.06,4.5,3955,0.03,4.15,,,0.018711
4999,visited,3033,0.06,4.5,3964,0.03,4.15,,,0.018711
5000,disappeared,4594,0.03,4.26,1695,0.1,4.63,,,0.018727
5001,confirmation,6226,0.02,4.08,7263,0.01,3.79,B1,noun,0.018729
5002,overwhelming,6274,0.02,4.08,7290,0.01,3.79,B1,adjective,0.018729
5003,denied,3422,0.05,4.43,4458,0.03,4.09,,,0.018735
5004,understanding,1620,0.12,4.82,2501,0.06,4.42,B2,"adjective, noun",0.01874
5005,jo,6799,0.02,4.03,2752,0.05,4.36,,,0.018752
5006,amateur,4913,0.03,4.22,5972,0.02,3.91,,,0.01876
5007,evans,4943,0.03,4.22,6023,0.02,3.91,,,0.01876
5008,fluid,4946,0.03,4.22,5943,0.02,3.91,B2,adjective,0.01876
5009,image,1225,0.16,4.94,2060,0.08,4.52,A2,noun,0.018773
5010,anyway,1293,0.15,4.91,420,0.58,5.41,A2,adverb,0.018779
5011,spinal,8985,0.01,3.85,9692,0.01,3.59,,,0.018788
5012,wait,451,0.42,5.35,150,2.0,5.95,A1,"noun, verb",0.018796
5013,billion,1811,0.1,4.75,2736,0.05,4.36,B2,noun,0.018797
5014,unique,1845,0.1,4.75,2734,0.05,4.36,B1,adjective,0.018797
5015,vast,3096,0.06,4.49,4094,0.03,4.14,B1,adjective,0.018798
5016,screw,4710,0.03,4.25,1739,0.09,4.62,B2,"noun, verb",0.018811
5017,west,521,0.36,5.29,1193,0.15,4.81,A2,"adjective, adverb, noun",0.018822
5018,steal,3585,0.05,4.41,1211,0.14,4.81,A2,verb,0.018822
5019,explains,3492,0.05,4.42,4509,0.03,4.08,,,0.018824
5020,wanna,982,0.2,5.04,313,0.84,5.57,,,0.018832
5021,coast,1420,0.14,4.87,2328,0.06,4.46,B1,"noun, verb",0.01884
5022,therefore,1440,0.14,4.87,2313,0.07,4.46,A2,adverb,0.01884
5023,felix,9044,0.01,3.84,4099,0.03,4.14,,,0.018844
5024,wendy,9128,0.01,3.84,4038,0.03,4.14,,,0.018844
5025,ending,2108,0.09,4.68,3061,0.04,4.3,A2,noun,0.018849
5026,exercise,2109,0.09,4.68,3034,0.05,4.3,A1,"noun, verb",0.018849
5027,hurts,4309,0.04,4.3,1562,0.11,4.68,,,0.018849
5028,signals,4487,0.04,4.28,5500,0.02,3.96,,,0.018852
5029,thompson,4497,0.04,4.28,5478,0.02,3.96,,,0.018852
5030,robinson,5078,0.03,4.21,6062,0.02,3.9,,,0.018853
5031,swiss,5090,0.03,4.21,6084,0.02,3.9,,,0.018853
5032,johnny,3954,0.04,4.35,1386,0.12,4.74,,,0.01888
5033,posters,7263,0.02,3.99,8099,0.01,3.71,,,0.01889
5034,mom,789,0.25,5.12,252,1.06,5.67,A1,noun,0.018896
5035,genetic,4020,0.04,4.34,5089,0.02,4.01,B1,adjective,0.018932
5036,confirmed,2149,0.09,4.67,3092,0.04,4.29,,,0.018933
5037,jobs,1122,0.18,4.98,1962,0.08,4.55,,,0.018938
5038,vodka,9273,0.01,3.83,4136,0.03,4.13,,,0.018939
5039,corps,4517,0.03,4.27,5616,0.02,3.95,,,0.018944
5040,attract,5099,0.03,4.2,6147,0.02,3.89,B1,verb,0.018946
5041,headlines,8153,0.02,3.91,8978,0.01,3.64,,,0.018947
5042,plaza,8186,0.02,3.91,9015,0.01,3.64,,,0.018947
5043,technique,3199,0.05,4.47,4243,0.03,4.12,B1,noun,0.018973
5044,holds,2488,0.07,4.6,3456,0.04,4.23,,,0.018982
5045,chef,4835,0.03,4.23,1795,0.09,4.6,A2,noun,0.018982
5046,travelled,7405,0.02,3.98,8278,0.01,3.7,,,0.018989
5047,rope,6517,0.02,4.06,2592,0.06,4.4,A2,noun,0.019002
5048,sam,2313,0.08,4.64,701,0.28,5.09,,,0.019013
5049,hide,2794,0.06,4.54,896,0.21,4.97,A1,verb,0.019018
5050,surgical,6632,0.02,4.05,7559,0.01,3.76,,,0.019018
5051,defending,4075,0.04,4.33,5169,0.02,4.0,,,0.019023
5052,causing,2823,0.06,4.53,3824,0.03,4.17,,,0.019025
5053,drawn,2829,0.06,4.53,3875,0.03,4.17,,,0.019025
5054,motor,2844,0.06,4.53,3879,0.03,4.17,B1,noun,0.019025
5055,raw,2853,0.06,4.53,3851,0.03,4.17,A2,adjective,0.019025
5056,deadline,5871,0.02,4.12,6940,0.01,3.82,B1,noun,0.019034
5057,niece,9371,0.01,3.82,4205,0.03,4.12,B1,noun,0.019034
5058,mutual,4616,0.03,4.26,5684,0.02,3.94,B1,adjective,0.019036
5059,motive,7817,0.02,3.94,3270,0.04,4.26,B1,noun,0.019036
5060,poster,5247,0.03,4.19,6285,0.02,3.88,A1,noun,0.01904
5061,tobacco,5276,0.03,4.19,6330,0.02,3.88,B1,noun,0.01904
5062,dinner,1716,0.11,4.78,547,0.41,5.26,A1,noun,0.019047
5063,decisions,1933,0.1,4.72,2862,0.05,4.33,,,0.019047
5064,entered,1936,0.1,4.72,2882,0.05,4.33,,,0.019047
5065,witch,6019,0.02,4.11,2299,0.07,4.46,,,0.019062
5066,staff,888,0.22,5.08,1707,0.1,4.63,A2,noun,0.019091
5067,worried,2376,0.08,4.63,710,0.27,5.08,A2,adjective,0.019091
5068,assigned,3667,0.05,4.39,4742,0.03,4.05,,,0.019092
5069,aids,4649,0.03,4.25,5806,0.02,3.93,,,0.019129
5070,monk,7944,0.02,3.93,3343,0.04,4.25,B1,noun,0.019129
5071,jill,9489,0.01,3.81,4321,0.03,4.11,,,0.019131
5072,mix,2003,0.1,4.71,2964,0.05,4.32,A2,"noun, verb",0.019132
5073,rival,5355,0.03,4.18,6400,0.02,3.87,B2,noun,0.019135
5074,crews,8405,0.01,3.89,9277,0.01,3.62,,,0.019149
5075,dangers,8408,0.01,3.89,9243,0.01,3.62,,,0.019149
5076,jesse,6701,0.02,4.04,2659,0.05,4.38,,,0.019183
5077,determined,2289,0.08,4.64,3249,0.04,4.26,B2,adjective,0.019189
5078,soup,5629,0.03,4.15,2090,0.07,4.51,A1,noun,0.019201
5079,isolated,4767,0.03,4.24,5881,0.02,3.92,,,0.019223
5080,yay,8108,0.02,3.92,3369,0.04,4.24,,,0.019223
5081,magnetic,5437,0.03,4.17,6511,0.02,3.86,,,0.019231
5082,asleep,3860,0.04,4.36,1329,0.13,4.76,A2,adjective,0.019237
5083,arrival,3347,0.05,4.44,4483,0.03,4.09,B1,noun,0.019241
5084,julie,6156,0.02,4.09,2399,0.06,4.44,,,0.019241
5085,parent,2636,0.07,4.57,3655,0.04,4.2,A1,noun,0.019243
5086,estate,1595,0.12,4.82,2523,0.06,4.41,B2,noun,0.01925
5087,fashion,1598,0.12,4.82,2550,0.06,4.41,A2,noun,0.01925
5088,physical,1231,0.16,4.94,2113,0.07,4.51,A2,adjective,0.01926
5089,south,392,0.47,5.4,1030,0.17,4.89,A2,"adjective, adverb, noun",0.019266
5090,genuine,3811,0.04,4.37,4934,0.02,4.03,B2,adjective,0.019274
5091,lonely,4688,0.03,4.25,1680,0.1,4.63,A1,adjective,0.019276
5092,factories,7688,0.02,3.95,8629,0.01,3.67,,,0.019289
5093,inner,3003,0.06,4.5,4061,0.03,4.14,A2,adjective,0.01929
5094,awake,5658,0.03,4.14,2147,0.07,4.5,A1,adjective,0.01929
5095,grandmother,5686,0.03,4.14,2152,0.07,4.5,A1,noun,0.01929
5096,guide,1829,0.1,4.75,2773,0.05,4.35,B1,"noun, verb",0.019321
5097,approached,5475,0.03,4.16,6662,0.02,3.85,,,0.019327
5098,dump,6233,0.02,4.08,2445,0.06,4.43,B1,"noun, verb",0.019332
5099,authority,1625,0.12,4.81,2580,0.06,4.4,B1,noun,0.019334
5100,illegally,8679,0.01,3.87,9584,0.01,3.6,B1,adverb,0.019355
5101,virginia,2419,0.08,4.62,3393,0.04,4.24,,,0.019363
5102,meets,3893,0.04,4.36,4982,0.02,4.02,,,0.019366
5103,residence,3904,0.04,4.36,4963,0.02,4.02,B2,noun,0.019366
5104,carol,6879,0.02,4.02,2741,0.05,4.36,,,0.019366
5105,miracle,5813,0.03,4.13,2189,0.07,4.49,B1,noun,0.01938
5106,dialogue,4367,0.04,4.29,5466,0.02,3.96,,,0.019394
5107,se,4410,0.04,4.29,5474,0.02,3.96,,,0.019394
5108,service,311,0.58,5.49,910,0.21,4.96,B1,"noun, verb",0.019413
5109,integrity,4956,0.03,4.22,6132,0.02,3.9,,,0.019413
5110,apartments,6985,0.02,4.01,8076,0.01,3.72,,,0.019413
5111,harassment,7016,0.02,4.01,8022,0.01,3.72,,,0.019413
5112,matched,7029,0.02,4.01,8003,0.01,3.72,,,0.019413
5113,specially,7064,0.02,4.01,7994,0.01,3.72,B1,adverb,0.019413
5114,cheated,8256,0.01,3.9,3492,0.04,4.22,,,0.019413
5115,figured,3691,0.05,4.39,1243,0.14,4.8,,,0.019418
5116,silly,3727,0.05,4.39,1238,0.14,4.8,A2,adjective,0.019418
5117,resistance,2756,0.07,4.55,3732,0.03,4.18,B2,noun,0.019419
5118,forces,1120,0.18,4.98,2022,0.08,4.54,,,0.01942
5119,curse,6351,0.02,4.07,2515,0.06,4.42,A2,noun,0.019423
5120,agrees,6205,0.02,4.08,7393,0.01,3.78,,,0.019424
5121,dorothy,9878,0.01,3.78,4506,0.03,4.08,,,0.019424
5122,shoot,1917,0.1,4.73,584,0.37,5.21,A2,verb,0.019432
5123,luxury,3959,0.04,4.35,5055,0.02,4.01,B1,"adjective, noun",0.019459
5124,legion,8812,0.01,3.86,9759,0.01,3.59,,,0.019459
5125,tested,3144,0.06,4.48,4172,0.03,4.12,,,0.01947
5126,nuclear,1911,0.1,4.73,2878,0.05,4.33,B1,adjective,0.019492
5127,reaction,1915,0.1,4.73,2888,0.05,4.33,B2,noun,0.019492
5128,literally,1311,0.15,4.91,2219,0.07,4.48,B2,adverb,0.019507
5129,du,5030,0.03,4.21,6210,0.02,3.89,,,0.019509
5130,forcing,5041,0.03,4.21,6221,0.02,3.89,,,0.019509
5131,identical,5053,0.03,4.21,6181,0.02,3.89,B2,adjective,0.019509
5132,manners,9209,0.01,3.83,4051,0.03,4.14,,,0.019521
5133,extreme,2483,0.07,4.6,3499,0.04,4.22,B1,adjective,0.019539
5134,dig,4940,0.03,4.22,1797,0.09,4.6,B1,"noun, verb",0.019539
5135,tonight,1007,0.2,5.03,310,0.86,5.58,A2,"adverb, noun",0.019543
5136,absence,3996,0.04,4.34,5114,0.02,4.0,B1,noun,0.019553
5137,blues,4002,0.04,4.34,5193,0.02,4.0,,,0.019553
5138,roots,4047,0.04,4.34,5187,0.02,4.0,,,0.019553
5139,century,1011,0.2,5.02,1880,0.08,4.57,A2,noun,0.019572
5140,directly,1330,0.15,4.9,2280,0.07,4.47,B1,adverb,0.019591
5141,germany,1341,0.15,4.9,2289,0.07,4.47,,,0.019591
5142,nervous,3513,0.05,4.42,1125,0.16,4.84,A2,adjective,0.019592
5143,ultimate,2869,0.06,4.53,3936,0.03,4.16,B2,adjective,0.019598
5144,yoga,5181,0.03,4.2,6335,0.02,3.88,B1,noun,0.019606
5145,denial,7216,0.02,3.99,8281,0.01,3.7,,,0.019616
5146,main,574,0.32,5.24,1372,0.13,4.75,B1,adjective,0.019639
5147,expenses,4083,0.04,4.33,5238,0.02,3.99,,,0.019647
5148,donald,3225,0.05,4.46,4358,0.03,4.1,,,0.019652
5149,hell,828,0.23,5.1,253,1.06,5.67,B2,noun,0.019656
5150,steel,2016,0.1,4.71,3008,0.05,4.31,B1,noun,0.019666
5151,previously,1572,0.13,4.83,2554,0.06,4.41,B2,adverb,0.019677
5152,pursue,4624,0.03,4.26,5793,0.02,3.93,A2,verb,0.019679
5153,battery,2877,0.06,4.52,3961,0.03,4.15,A2,noun,0.019689
5154,narrow,3707,0.05,4.39,4883,0.02,4.04,B1,adjective,0.0197
5155,liberation,8166,0.02,3.91,9223,0.01,3.63,B1,noun,0.0197
5156,alley,8634,0.01,3.87,3668,0.04,4.19,,,0.019703
5157,success,935,0.21,5.06,1781,0.09,4.6,A2,noun,0.019718
5158,absent,7307,0.02,3.98,8389,0.01,3.69,B1,adjective,0.019718
5159,pilots,5899,0.02,4.12,6988,0.01,3.81,,,0.019719
5160,alter,6540,0.02,4.05,7659,0.01,3.75,B2,verb,0.019724
5161,particular,1092,0.19,5.0,1986,0.08,4.55,B2,adjective,0.019736
5162,kitty,7356,0.02,3.98,2947,0.05,4.32,,,0.019742
5163,karen,6157,0.02,4.09,2367,0.06,4.45,,,0.019745
5164,lend,8057,0.02,3.92,3335,0.04,4.25,A2,verb,0.019776
5165,come,161,1.12,5.78,51,7.66,6.53,A1,verb,0.019797
5166,codes,5307,0.03,4.18,6492,0.02,3.86,,,0.019801
5167,aggression,8233,0.01,3.9,9330,0.01,3.62,,,0.019805
5168,diet,2622,0.07,4.57,3680,0.04,4.19,A2,noun,0.019808
5169,attraction,5937,0.02,4.11,7127,0.01,3.8,B1,noun,0.019818
5170,positive,1109,0.18,4.99,2017,0.08,4.54,B1,adjective,0.019819
5171,tactical,7508,0.02,3.97,8545,0.01,3.68,,,0.019821
5172,authentic,6653,0.02,4.04,7747,0.01,3.74,,,0.019825
5173,brooks,6660,0.02,4.04,7792,0.01,3.74,,,0.019825
5174,transform,6751,0.02,4.04,7789,0.01,3.74,B1,verb,0.019825
5175,original,716,0.27,5.16,1550,0.11,4.68,B2,"adjective, noun",0.019829
5176,injuries,3371,0.05,4.44,4558,0.03,4.08,,,0.019837
5177,hamilton,4240,0.04,4.31,5412,0.02,3.97,,,0.019837
5178,asshole,3998,0.04,4.34,1352,0.13,4.75,,,0.019848
5179,employee,2989,0.06,4.5,4135,0.03,4.13,B2,noun,0.019872
5180,picks,4786,0.03,4.24,5950,0.02,3.91,,,0.019873
5181,toxic,4807,0.03,4.24,6006,0.02,3.91,B2,adjective,0.019873
5182,account,616,0.3,5.21,1439,0.12,4.72,B1,"noun, verb",0.019877
5183,doug,6896,0.02,4.02,2722,0.05,4.37,,,0.019889
5184,resolve,5449,0.03,4.17,6668,0.02,3.85,B1,verb,0.0199
5185,counseling,8404,0.01,3.89,9488,0.01,3.61,,,0.019911
5186,liable,8450,0.01,3.89,9431,0.01,3.61,,,0.019911
5187,examined,6048,0.02,4.1,7220,0.01,3.79,,,0.019919
5188,megan,9781,0.01,3.79,4340,0.03,4.1,,,0.019919
5189,boss,1785,0.11,4.76,553,0.41,5.26,A2,noun,0.01992
5190,commands,7544,0.02,3.96,8688,0.01,3.67,,,0.019925
5191,breathing,4429,0.04,4.28,1539,0.11,4.68,,,0.01993
5192,charming,6341,0.02,4.07,2472,0.06,4.43,B2,adjective,0.019931
5193,rivers,4326,0.04,4.3,5510,0.02,3.96,,,0.019933
5194,ruled,4328,0.04,4.3,5541,0.02,3.96,,,0.019933
5195,rebecca,7601,0.02,3.96,3042,0.04,4.3,,,0.019933
5196,tomorrow,1032,0.2,5.02,306,0.86,5.58,A1,"adverb, noun",0.019936
5197,add,840,0.23,5.09,1717,0.09,4.62,A1,verb,0.01994
5198,form,489,0.38,5.31,1236,0.14,4.8,B1,"noun, verb",0.019958
5199,korean,3072,0.06,4.49,4178,0.03,4.12,,,0.019964
5200,explaining,4856,0.03,4.23,6124,0.02,3.9,,,0.019971
5201,switzerland,4902,0.03,4.23,6072,0.02,3.9,,,0.019971
5202,trips,4905,0.03,4.23,6048,0.02,3.9,,,0.019971
5203,behaviour,3864,0.04,4.36,5077,0.02,4.01,,,0.019984
5204,paperwork,9078,0.01,3.84,3941,0.03,4.16,B2,noun,0.02
5205,unable,2469,0.08,4.61,3544,0.04,4.22,B1,adjective,0.020008
5206,screen,1501,0.13,4.85,2496,0.06,4.42,B2,"noun, verb",0.020016
5207,ferguson,8538,0.01,3.88,9664,0.01,3.6,,,0.020018
5208,stretched,8613,0.01,3.88,9542,0.01,3.6,,,0.020018
5209,tenants,8616,0.01,3.88,9681,0.01,3.6,,,0.020018
5210,affairs,2141,0.09,4.67,3204,0.04,4.27,,,0.020019
5211,musicians,6167,0.02,4.09,7314,0.01,3.78,,,0.02002
5212,drawer,9880,0.01,3.78,4429,0.03,4.09,A2,noun,0.02002
5213,stab,9965,0.01,3.78,4478,0.03,4.09,B2,verb,0.02002
5214,stress,1923,0.1,4.73,2953,0.05,4.32,B2,"noun, verb",0.020024
5215,murdered,4174,0.04,4.32,1425,0.12,4.73,,,0.020024
5216,targets,4417,0.04,4.29,5648,0.02,3.95,,,0.02003
5217,mainland,7712,0.02,3.95,8740,0.01,3.66,,,0.02003
5218,purse,7727,0.02,3.95,3082,0.04,4.29,B1,noun,0.02003
5219,center,649,0.29,5.19,1507,0.11,4.7,,,0.020038
5220,legitimate,4959,0.03,4.22,6206,0.02,3.89,B2,adjective,0.020069
5221,cable,2776,0.06,4.54,3917,0.03,4.16,B2,noun,0.020082
5222,barrier,5574,0.03,4.15,6775,0.02,3.83,B2,noun,0.0201
5223,violation,5647,0.03,4.15,6808,0.02,3.83,,,0.0201
5224,dessert,9163,0.01,3.83,3962,0.03,4.15,A2,noun,0.0201
5225,classic,1931,0.1,4.72,2976,0.05,4.31,B2,"adjective, noun",0.020113
5226,toward,1970,0.1,4.72,2990,0.05,4.31,,,0.020113
5227,training,684,0.28,5.18,1514,0.11,4.69,A2,noun,0.02012
5228,seeds,4486,0.04,4.28,5679,0.02,3.94,,,0.020128
5229,england,784,0.25,5.12,1655,0.1,4.64,,,0.020156
5230,ladies,2301,0.08,4.64,674,0.3,5.12,,,0.020156
5231,shows,597,0.32,5.23,1403,0.12,4.73,,,0.020161
5232,japan,1369,0.14,4.89,2355,0.06,4.45,,,0.020175
5233,instance,2540,0.07,4.59,3607,0.04,4.2,B1,noun,0.02019
5234,matches,2543,0.07,4.59,3635,0.04,4.2,,,0.02019
5235,typical,2562,0.07,4.59,3642,0.04,4.2,B1,adjective,0.02019
5236,ingredients,5693,0.03,4.14,6960,0.01,3.82,,,0.020202
5237,signing,3654,0.05,4.4,4869,0.02,4.04,,,0.020215
5238,thee,6748,0.02,4.04,2561,0.06,4.4,,,0.020215
5239,cleveland,4511,0.03,4.27,5802,0.02,3.93,,,0.020226
5240,quest,4551,0.03,4.27,5763,0.02,3.93,,,0.020226
5241,low,468,0.4,5.33,1203,0.15,4.81,A2,"adjective, adverb",0.02023
5242,lowered,8817,0.01,3.86,9946,0.01,3.58,,,0.020234
5243,property,815,0.24,5.11,1686,0.1,4.63,B1,noun,0.020239
5244,smell,3086,0.06,4.49,948,0.2,4.94,B1,"noun, verb",0.020242
5245,arise,7882,0.02,3.93,9070,0.01,3.64,B1,verb,0.020243
5246,jerusalem,5138,0.03,4.2,6436,0.02,3.87,,,0.020269
5247,maya,8690,0.01,3.87,3632,0.04,4.2,,,0.020269
5248,rubbish,8723,0.01,3.87,3659,0.04,4.2,B1,noun,0.020269
5249,random,2590,0.07,4.58,3692,0.03,4.19,,,0.020283
5250,bullet,4741,0.03,4.24,1661,0.1,4.64,B1,noun,0.020291
5251,temper,9551,0.01,3.81,4164,0.03,4.13,B1,noun,0.020303
5252,handling,3696,0.05,4.39,4893,0.02,4.03,,,0.020311
5253,hail,8042,0.02,3.92,3251,0.04,4.26,B2,verb,0.020325
5254,randy,8078,0.02,3.92,3259,0.04,4.26,,,0.020325
5255,guinea,6475,0.02,4.06,7647,0.01,3.75,,,0.020329
5256,rational,6511,0.02,4.06,7628,0.01,3.75,B1,adjective,0.020329
5257,complained,7207,0.02,3.99,8348,0.01,3.69,,,0.020345
5258,mass,1428,0.14,4.87,2434,0.06,4.43,B2,"adjective, noun",0.020349
5259,montgomery,8067,0.02,3.92,9146,0.01,3.63,,,0.02035
5260,cases,965,0.2,5.04,1901,0.08,4.57,,,0.020357
5261,europe,968,0.2,5.04,1899,0.08,4.57,,,0.020357
5262,yards,2976,0.06,4.51,4141,0.03,4.13,,,0.020362
5263,preserve,5250,0.03,4.19,6489,0.02,3.86,B1,verb,0.02037
5264,lads,8811,0.01,3.86,3704,0.03,4.19,,,0.02037
5265,kissing,7467,0.02,3.97,2968,0.05,4.32,,,0.020371
5266,tend,2648,0.07,4.57,3752,0.03,4.18,B1,verb,0.020376
5267,fuckin,4086,0.04,4.33,1356,0.13,4.75,,,0.020377
5268,authorities,2326,0.08,4.63,3471,0.04,4.23,,,0.020382
5269,caesar,9576,0.01,3.8,4202,0.03,4.12,,,0.020406
5270,group,241,0.69,5.57,834,0.22,5.0,B1,"noun, verb",0.020407
5271,africa,1260,0.15,4.92,2291,0.07,4.47,,,0.020415
5272,freshman,7340,0.02,3.98,8476,0.01,3.68,B1,noun,0.020451
5273,operate,3013,0.06,4.5,4167,0.03,4.12,A2,verb,0.020456
5274,bless,5394,0.03,4.17,1928,0.08,4.56,B1,verb,0.020469
5275,explore,4234,0.04,4.31,5537,0.02,3.96,A2,verb,0.02047
5276,presentation,4260,0.04,4.31,5482,0.02,3.96,B1,noun,0.02047
5277,minor,2397,0.08,4.62,3509,0.04,4.22,B1,adjective,0.020475
5278,rejected,3839,0.04,4.37,5097,0.02,4.01,,,0.020506
5279,held,572,0.32,5.24,1424,0.12,4.73,,,0.020523
5280,harvard,4765,0.03,4.24,6090,0.02,3.9,,,0.020525
5281,springs,4798,0.03,4.24,6128,0.02,3.9,,,0.020525
5282,bells,8243,0.01,3.9,3405,0.04,4.24,,,0.020525
5283,vince,8377,0.01,3.9,3401,0.04,4.24,,,0.020525
5284,commitment,3416,0.05,4.43,4637,0.03,4.06,A2,noun,0.020533
5285,rear,3449,0.05,4.43,4658,0.03,4.06,B2,adjective,0.020533
5286,ambulance,6435,0.02,4.06,2418,0.06,4.43,B1,noun,0.020533
5287,fault,2296,0.08,4.64,660,0.3,5.13,A2,noun,0.020534
5288,drink,1334,0.15,4.9,388,0.63,5.45,A1,"noun, verb",0.020537
5289,donate,6675,0.02,4.04,7922,0.01,3.73,B2,verb,0.020539
5290,hart,6692,0.02,4.04,7862,0.01,3.73,,,0.020539
5291,admitted,3038,0.06,4.49,4289,0.03,4.11,,,0.020552
5292,expression,2734,0.07,4.55,3902,0.03,4.16,A2,noun,0.020563
5293,roads,2759,0.07,4.55,3951,0.03,4.16,,,0.020563
5294,monument,8320,0.01,3.9,9464,0.01,3.61,B1,noun,0.020567
5295,trafficking,8369,0.01,3.9,9439,0.01,3.61,,,0.020567
5296,bitches,9017,0.01,3.84,3799,0.03,4.17,,,0.020574
5297,consent,3869,0.04,4.36,5135,0.02,4.0,B2,noun,0.020604
5298,behave,7097,0.02,4.0,2746,0.05,4.36,B1,verb,0.020604
5299,crap,3613,0.05,4.4,1137,0.15,4.84,,,0.020614
5300,matching,6071,0.02,4.1,7347,0.01,3.78,,,0.020614
5301,expense,4855,0.03,4.23,6176,0.02,3.89,B1,noun,0.020627
5302,maker,4871,0.03,4.23,6244,0.02,3.89,A2,noun,0.020627
5303,substance,4900,0.03,4.23,6258,0.02,3.89,B2,noun,0.020627
5304,farewell,8421,0.01,3.89,3478,0.04,4.23,B1,noun,0.020627
5305,los,1728,0.11,4.78,2789,0.05,4.35,,,0.020634
5306,alive,1780,0.11,4.76,538,0.43,5.28,A2,adjective,0.020635
5307,tribes,6850,0.02,4.03,8029,0.01,3.72,,,0.020645
5308,soccer,3138,0.06,4.48,4354,0.03,4.1,A1,noun,0.020648
5309,fuel,1942,0.1,4.72,3031,0.05,4.3,B1,noun,0.020649
5310,society,700,0.28,5.17,1579,0.1,4.67,A2,noun,0.020656
5311,kiss,2586,0.07,4.58,734,0.26,5.06,B1,"noun, verb",0.020661
5312,pursuing,7598,0.02,3.96,8829,0.01,3.66,,,0.020667
5313,educated,4371,0.04,4.29,5691,0.02,3.94,B2,adjective,0.020669
5314,lighting,4391,0.04,4.29,5685,0.02,3.94,B2,noun,0.020669
5315,politician,5533,0.03,4.16,6802,0.02,3.83,B1,noun,0.020677
5316,emerge,8417,0.01,3.89,9627,0.01,3.6,B1,verb,0.020677
5317,trim,8499,0.01,3.89,9586,0.01,3.6,B1,noun,0.020677
5318,mental,1565,0.13,4.83,2602,0.06,4.39,B1,adjective,0.020704
5319,blows,6658,0.02,4.04,2521,0.06,4.41,,,0.020728
5320,pension,4969,0.03,4.22,6281,0.02,3.88,B2,noun,0.020729
5321,theories,4989,0.03,4.22,6302,0.02,3.88,,,0.020729
5322,vice,2024,0.1,4.71,3108,0.04,4.29,B1,adjective,0.020741
5323,clothing,3155,0.05,4.47,4457,0.03,4.09,B2,noun,0.020744
5324,limits,3178,0.05,4.47,4481,0.03,4.09,,,0.020744
5325,professional,953,0.21,5.05,1891,0.08,4.57,B2,"adjective, noun",0.020747
5326,mercury,6935,0.02,4.02,8205,0.01,3.71,,,0.020752
5327,sydney,2866,0.06,4.53,4049,0.03,4.14,,,0.020753
5328,tools,2561,0.07,4.59,3697,0.03,4.19,,,0.020755
5329,equipment,1393,0.14,4.88,2431,0.06,4.43,B1,noun,0.020767
5330,crucial,4438,0.04,4.28,5816,0.02,3.93,B2,adjective,0.02077
5331,involve,4458,0.04,4.28,5776,0.02,3.93,B1,verb,0.02077
5332,colours,5586,0.03,4.15,6867,0.02,3.82,,,0.020781
5333,investigators,8561,0.01,3.88,9714,0.01,3.59,,,0.020788
5334,flood,4018,0.04,4.34,5279,0.02,3.98,B1,"noun, verb",0.020803
5335,balance,1782,0.11,4.76,2876,0.05,4.33,B2,"noun, verb",0.020816
5336,quiet,2267,0.08,4.65,644,0.31,5.15,B2,"adjective, noun",0.020825
5337,starring,6299,0.02,4.08,7555,0.01,3.76,,,0.020825
5338,transformed,6309,0.02,4.08,7568,0.01,3.76,,,0.020825
5339,conclusion,3608,0.05,4.4,4896,0.02,4.03,B1,noun,0.020826
5340,jose,5056,0.03,4.21,6397,0.02,3.87,,,0.020831
5341,swedish,5088,0.03,4.21,6450,0.02,3.87,,,0.020831
5342,rising,2913,0.06,4.52,4131,0.03,4.13,,,0.020849
5343,advisor,6983,0.02,4.01,8308,0.01,3.7,,,0.02086
5344,smallest,7063,0.02,4.01,8320,0.01,3.7,,,0.02086
5345,its,75,2.57,6.14,391,0.63,5.44,A1,"determiner, pronoun",0.020881
5346,associates,5657,0.03,4.14,7043,0.01,3.81,,,0.020885
5347,inclined,8681,0.01,3.87,9919,0.01,3.58,,,0.0209
5348,morrison,8695,0.01,3.87,9831,0.01,3.58,,,0.0209
5349,column,4066,0.04,4.33,5400,0.02,3.97,A2,noun,0.020903
5350,proven,4111,0.04,4.33,5439,0.02,3.97,B2,adjective,0.020903
5351,compete,3678,0.05,4.39,4960,0.02,4.02,B1,verb,0.020925
5352,banks,2061,0.09,4.69,3230,0.04,4.27,,,0.020926
5353,quantum,6402,0.02,4.07,7735,0.01,3.75,,,0.020931
5354,saves,6411,0.02,4.07,7712,0.01,3.75,,,0.020931
5355,dose,5124,0.03,4.2,6490,0.02,3.86,B2,noun,0.020935
5356,sync,8868,0.01,3.86,3662,0.04,4.2,,,0.020935
5357,acid,3272,0.05,4.45,4614,0.03,4.07,B2,noun,0.020939
5358,egypt,3294,0.05,4.45,4626,0.03,4.07,,,0.020939
5359,handsome,4950,0.03,4.22,1704,0.1,4.63,A1,adjective,0.020939
5360,brains,6337,0.02,4.07,2354,0.06,4.45,,,0.020939
5361,view,668,0.29,5.19,1560,0.11,4.68,B1,"noun, verb",0.020941
5362,occurred,2634,0.07,4.57,3849,0.03,4.17,,,0.020946
5363,classified,4585,0.03,4.26,5966,0.02,3.91,,,0.020974
5364,yea,4645,0.03,4.26,5956,0.02,3.91,,,0.020974
5365,mel,9630,0.01,3.8,4161,0.03,4.13,,,0.020991
5366,bundle,7890,0.02,3.93,9104,0.01,3.63,,,0.020996
5367,overhead,7953,0.02,3.93,9233,0.01,3.63,,,0.020996
5368,direct,1302,0.15,4.91,2371,0.06,4.45,B1,"adjective, verb",0.021002
5369,versus,4201,0.04,4.32,5539,0.02,3.96,B2,preposition,0.021004
5370,pee,7591,0.02,3.96,2952,0.05,4.32,B2,verb,0.021004
5371,tell,277,0.63,5.53,89,4.09,6.26,A1,verb,0.021007
5372,pace,3773,0.04,4.38,5078,0.02,4.01,B1,noun,0.021025
5373,actual,1474,0.13,4.85,2599,0.06,4.4,B2,adjective,0.021037
5374,cigarette,6449,0.02,4.06,2398,0.06,4.44,A2,noun,0.021038
5375,elaborate,6464,0.02,4.06,7828,0.01,3.74,,,0.021039
5376,temporarily,6529,0.02,4.06,7769,0.01,3.74,B2,adverb,0.021039
5377,basketball,2657,0.07,4.56,3927,0.03,4.16,A1,noun,0.021042
5378,ford,2996,0.06,4.5,4302,0.03,4.11,,,0.021044
5379,loss,907,0.22,5.07,1863,0.09,4.58,B1,noun,0.021048
5380,eva,8283,0.01,3.9,3304,0.04,4.25,,,0.021077
5381,reports,1353,0.15,4.9,2407,0.06,4.44,,,0.021092
5382,athens,8006,0.02,3.92,9323,0.01,3.62,,,0.021108
5383,sculpture,8087,0.02,3.92,9248,0.01,3.62,B1,noun,0.021108
5384,boston,2147,0.09,4.67,3338,0.04,4.25,,,0.021114
5385,testing,2184,0.09,4.67,3327,0.04,4.25,,,0.021114
5386,bother,3672,0.05,4.39,1133,0.16,4.84,A2,"noun, verb",0.021129
5387,yep,3733,0.05,4.39,1123,0.16,4.84,,,0.021129
5388,granted,2444,0.08,4.61,3637,0.04,4.2,,,0.02113
5389,copies,3419,0.05,4.43,4731,0.03,4.05,,,0.021137
5390,manner,2742,0.07,4.55,3956,0.03,4.15,A2,noun,0.021139
5391,rachel,5621,0.03,4.15,1965,0.08,4.55,,,0.021139
5392,identification,5333,0.03,4.18,6714,0.02,3.84,B2,noun,0.021144
5393,clarke,6551,0.02,4.05,7968,0.01,3.73,,,0.021147
5394,style,818,0.24,5.11,1749,0.09,4.61,A2,noun,0.021169
5395,abortion,4733,0.03,4.24,6203,0.02,3.89,,,0.021181
5396,government,240,0.69,5.57,875,0.21,4.98,A2,noun,0.021203
5397,cape,4289,0.04,4.3,5699,0.02,3.94,,,0.021208
5398,suppose,2703,0.07,4.56,748,0.26,5.05,B1,verb,0.021223
5399,writes,3920,0.04,4.36,5251,0.02,3.99,,,0.021227
5400,soviet,2811,0.06,4.54,4080,0.03,4.14,B2,noun,0.021236
5401,horn,5689,0.03,4.14,1999,0.08,4.54,B1,noun,0.021236
5402,comic,3475,0.05,4.42,4875,0.02,4.04,A2,"adjective, noun",0.021237
5403,relative,3129,0.06,4.48,4462,0.03,4.09,B1,"adjective, noun",0.02124
5404,chemicals,5398,0.03,4.17,6823,0.02,3.83,,,0.02125
5405,lease,5432,0.03,4.17,6795,0.02,3.83,B2,noun,0.02125
5406,notion,5441,0.03,4.17,6832,0.02,3.83,B1,noun,0.02125
5407,billy,4061,0.04,4.33,1316,0.13,4.77,,,0.021253
5408,dj,4850,0.03,4.23,6314,0.02,3.88,B1,noun,0.021286
5409,blah,8515,0.01,3.88,3432,0.04,4.23,,,0.021286
5410,fools,8541,0.01,3.88,3466,0.04,4.23,,,0.021286
5411,reliable,4404,0.04,4.29,5780,0.02,3.93,B1,adjective,0.021312
5412,bridges,6029,0.02,4.1,7420,0.01,3.77,,,0.021312
5413,begging,7886,0.02,3.93,3086,0.04,4.29,,,0.021312
5414,particle,8326,0.01,3.9,9656,0.01,3.6,B2,noun,0.021333
5415,height,2836,0.06,4.53,4139,0.03,4.13,B1,noun,0.021335
5416,marine,2843,0.06,4.53,4107,0.03,4.13,B1,adjective,0.021335
5417,solar,2862,0.06,4.53,4138,0.03,4.13,B2,adjective,0.021335
5418,bride,6215,0.02,4.08,2264,0.07,4.47,A2,noun,0.02134
5419,exhibit,5496,0.03,4.16,6942,0.01,3.82,B2,verb,0.021357
5420,politics,1434,0.14,4.87,2537,0.06,4.41,B1,noun,0.021366
5421,colonel,3547,0.05,4.41,1067,0.17,4.87,,,0.021366
5422,amsterdam,6758,0.02,4.03,8185,0.01,3.71,,,0.021366
5423,canal,4924,0.03,4.22,6387,0.02,3.87,B1,noun,0.021391
5424,sing,2810,0.06,4.54,780,0.24,5.03,A1,verb,0.021401
5425,branch,2569,0.07,4.58,3845,0.03,4.17,B1,"noun, verb",0.02142
5426,legal,878,0.22,5.08,1853,0.09,4.58,B1,adjective,0.021433
5427,recognized,2909,0.06,4.52,4220,0.03,4.12,,,0.021433
5428,trouble,1707,0.11,4.79,475,0.5,5.34,B1,"noun, verb",0.021439
5429,elsewhere,3229,0.05,4.46,4575,0.03,4.07,A2,adverb,0.02144
5430,plains,8469,0.01,3.89,9782,0.01,3.59,,,0.021448
5431,weaker,8503,0.01,3.89,9776,0.01,3.59,,,0.021448
5432,library,1459,0.13,4.86,2573,0.06,4.4,A1,noun,0.021458
5433,model,775,0.25,5.13,1730,0.09,4.62,B1,"adjective, noun, verb",0.02146
5434,ok,750,0.26,5.14,205,1.35,5.78,,,0.021468
5435,homes,2074,0.09,4.69,3263,0.04,4.26,,,0.021472
5436,abilities,5002,0.03,4.21,6526,0.02,3.86,,,0.021497
5437,habits,5047,0.03,4.21,6503,0.02,3.86,,,0.021497
5438,parts,911,0.22,5.07,1894,0.08,4.57,,,0.021522
5439,plasma,7724,0.02,3.95,9077,0.01,3.64,,,0.021525
5440,trainer,6308,0.02,4.08,7671,0.01,3.75,B2,noun,0.02153
5441,pregnancy,4105,0.04,4.33,5552,0.02,3.96,,,0.021535
5442,wooden,4133,0.04,4.33,5557,0.02,3.96,A2,adjective,0.021535
5443,kidnapped,7575,0.02,3.96,2874,0.05,4.33,,,0.021535
5444,religion,1877,0.1,4.74,3027,0.05,4.3,B1,noun,0.021537
5445,protest,3327,0.05,4.45,4641,0.03,4.06,B2,"noun, verb",0.021541
5446,broadcast,3673,0.05,4.39,5069,0.02,4.01,B2,"noun, verb",0.021542
5447,whats,8625,0.01,3.88,9843,0.01,3.58,,,0.021563
5448,kill,852,0.23,5.09,233,1.18,5.72,A1,verb,0.021565
5449,flow,2111,0.09,4.68,3330,0.04,4.25,B1,"noun, verb",0.021569
5450,justify,5702,0.03,4.14,7088,0.01,3.8,B2,verb,0.021572
5451,project,610,0.31,5.22,1513,0.11,4.69,B2,"noun, verb",0.021587
5452,congrats,6999,0.02,4.01,8435,0.01,3.69,,,0.021589
5453,serving,2405,0.08,4.62,3634,0.04,4.2,,,0.021596
5454,delayed,5116,0.03,4.2,6667,0.02,3.85,,,0.021604
5455,marijuana,5142,0.03,4.2,6657,0.02,3.85,,,0.021604
5456,tourist,5169,0.03,4.2,6616,0.02,3.85,A2,noun,0.021604
5457,necklace,8961,0.01,3.85,3621,0.04,4.2,B1,noun,0.021604
5458,combat,2660,0.07,4.56,4013,0.03,4.15,,,0.021618
5459,fairly,2994,0.06,4.5,4377,0.03,4.1,A2,adverb,0.021633
5460,claim,1181,0.17,4.95,2267,0.07,4.47,A2,"noun, verb",0.021637
5461,killer,3176,0.05,4.47,931,0.2,4.95,A2,noun,0.021637
5462,ninth,6387,0.02,4.07,7773,0.01,3.74,,,0.021641
5463,jealous,4768,0.03,4.24,1577,0.11,4.67,B1,adjective,0.021666
5464,evan,9744,0.01,3.79,4128,0.03,4.13,,,0.021681
5465,fully,1366,0.14,4.89,2506,0.06,4.42,A2,adverb,0.02169
5466,coup,7113,0.02,4.0,8479,0.01,3.68,,,0.021701
5467,inspire,7142,0.02,4.0,8576,0.01,3.68,B1,verb,0.021701
5468,adopt,5182,0.03,4.19,6722,0.02,3.84,B1,verb,0.021712
5469,catholic,2718,0.07,4.55,4057,0.03,4.14,,,0.021717
5470,inch,3067,0.06,4.49,4479,0.03,4.09,B2,"noun, verb",0.021734
5471,disappear,6131,0.02,4.09,2203,0.07,4.49,A2,verb,0.021734
5472,iraq,3435,0.05,4.43,4834,0.02,4.04,,,0.021745
5473,triple,4278,0.04,4.31,5701,0.02,3.94,,,0.021745
5474,unlikely,4279,0.04,4.31,5667,0.02,3.94,B1,adjective,0.021745
5475,seed,3846,0.04,4.37,5234,0.02,3.99,A2,noun,0.021749
5476,miners,7943,0.02,3.93,9358,0.01,3.62,,,0.021753
5477,gotta,1190,0.17,4.95,331,0.8,5.55,,,0.021769
5478,promise,2009,0.1,4.71,555,0.4,5.25,B1,"noun, verb",0.021774
5479,daisy,9868,0.01,3.78,4232,0.03,4.12,B1,noun,0.021791
5480,constant,2781,0.06,4.54,4122,0.03,4.13,B2,adjective,0.021818
5481,irish,2796,0.06,4.54,4156,0.03,4.13,,,0.021818
5482,rs,5356,0.03,4.18,6803,0.02,3.83,,,0.02182
5483,diane,9166,0.01,3.83,3753,0.03,4.18,,,0.02182
5484,naughty,9214,0.01,3.83,3750,0.03,4.18,B2,adjective,0.02182
5485,thieves,9264,0.01,3.83,3727,0.03,4.18,,,0.02182
5486,hungry,3307,0.05,4.45,962,0.19,4.93,A1,adjective,0.021822
5487,unbelievable,6310,0.02,4.08,2233,0.07,4.48,B1,adjective,0.021836
5488,poland,4787,0.03,4.24,6300,0.02,3.88,,,0.02184
5489,robbed,8601,0.01,3.88,3407,0.04,4.24,,,0.02184
5490,attempted,3469,0.05,4.42,4943,0.02,4.03,,,0.021848
5491,designer,3479,0.05,4.42,4897,0.02,4.03,B1,"adjective, noun",0.021848
5492,electrical,3485,0.05,4.42,4950,0.02,4.03,B1,adjective,0.021848
5493,cooperation,4292,0.04,4.3,5772,0.02,3.93,B2,noun,0.021851
5494,doctor,1332,0.15,4.9,361,0.69,5.49,,,0.021862
5495,sit,1355,0.15,4.9,362,0.69,5.49,A1,verb,0.021862
5496,exceptional,6571,0.02,4.05,8039,0.01,3.72,B2,adjective,0.021864
5497,manuscript,8062,0.02,3.92,9432,0.01,3.61,,,0.021869
5498,nova,8069,0.02,3.92,9424,0.01,3.61,,,0.021869
5499,agency,1415,0.14,4.87,2589,0.06,4.4,A2,noun,0.021878
5500,dental,5955,0.02,4.11,7478,0.01,3.77,B2,adjective,0.021902
5501,audition,9998,0.01,3.77,4265,0.03,4.11,B2,noun,0.021902
5502,foreign,875,0.22,5.08,1877,0.08,4.57,A1,adjective,0.021907
5503,effort,1268,0.15,4.92,2410,0.06,4.44,A2,noun,0.021915
5504,lieutenant,3376,0.05,4.44,971,0.19,4.92,,,0.021915
5505,breathe,4581,0.03,4.26,1483,0.11,4.7,A1,verb,0.021923
5506,supply,1651,0.12,4.81,2802,0.05,4.35,B2,"noun, verb",0.021929
5507,hydrogen,7349,0.02,3.98,8831,0.01,3.66,,,0.021929
5508,sanders,7388,0.02,3.98,8751,0.01,3.66,,,0.021929
5509,reflection,5447,0.03,4.17,6917,0.01,3.82,B1,noun,0.02193
5510,penny,6393,0.02,4.07,2266,0.07,4.47,B1,noun,0.021938
5511,british,671,0.28,5.18,1634,0.1,4.65,,,0.02194
5512,inspiration,3564,0.05,4.41,4995,0.02,4.02,A2,noun,0.021952
5513,sole,4411,0.04,4.29,5849,0.02,3.92,,,0.021957
5514,chemistry,3931,0.04,4.35,5449,0.02,3.97,B1,noun,0.021958
5515,acts,2276,0.08,4.64,3575,0.04,4.21,,,0.02196
5516,devil,4296,0.04,4.3,1374,0.13,4.75,B2,noun,0.021977
5517,edwards,6681,0.02,4.04,8207,0.01,3.71,,,0.021977
5518,hebrew,8154,0.02,3.91,9666,0.01,3.6,,,0.021986
5519,public,243,0.69,5.57,902,0.21,4.96,A2,"adjective, noun",0.022006
5520,purely,6089,0.02,4.1,7561,0.01,3.76,,,0.022014
5521,trade,796,0.25,5.12,1803,0.09,4.6,B2,"noun, verb",0.022016
5522,conduct,2884,0.06,4.52,4294,0.03,4.11,B2,"noun, verb",0.02202
5523,registered,2910,0.06,4.52,4282,0.03,4.11,,,0.02202
5524,adult,1654,0.12,4.8,2817,0.05,4.34,A2,"adjective, noun",0.022025
5525,option,1669,0.12,4.8,2854,0.05,4.34,B1,noun,0.022025
5526,shawn,9536,0.01,3.81,3935,0.03,4.16,,,0.02204
5527,frontier,7449,0.02,3.97,8890,0.01,3.65,B2,noun,0.022044
5528,experienced,2343,0.08,4.63,3619,0.04,4.2,B1,adjective,0.02206
5529,specialist,4491,0.04,4.28,6024,0.02,3.91,B1,noun,0.022064
5530,sophie,8207,0.02,3.91,3144,0.04,4.28,,,0.022064
5531,attempt,1476,0.13,4.85,2671,0.05,4.38,B1,"noun, verb",0.022068
5532,swear,2968,0.06,4.51,811,0.23,5.01,B1,verb,0.022068
5533,rays,6827,0.02,4.03,8302,0.01,3.7,,,0.022091
5534,football,806,0.24,5.11,1812,0.09,4.59,A1,noun,0.022106
5535,received,720,0.27,5.16,1691,0.1,4.63,,,0.022119
5536,fee,2947,0.06,4.51,4378,0.03,4.1,A2,noun,0.022123
5537,wont,6202,0.02,4.09,7666,0.01,3.75,,,0.022126
5538,material,1198,0.17,4.95,2330,0.06,4.46,A2,noun,0.022135
5539,compare,3285,0.05,4.45,4727,0.03,4.05,A2,verb,0.022145
5540,discussed,3292,0.05,4.45,4741,0.03,4.05,,,0.022145
5541,penalty,3322,0.05,4.45,4723,0.03,4.05,B2,noun,0.022145
5542,classroom,5584,0.03,4.15,7106,0.01,3.8,A1,noun,0.022151
5543,workshop,5650,0.03,4.15,7137,0.01,3.8,B1,noun,0.022151
5544,natalie,9638,0.01,3.8,3977,0.03,4.15,,,0.022151
5545,physics,3713,0.05,4.39,5164,0.02,4.0,B1,noun,0.022162
5546,port,1913,0.1,4.73,3163,0.04,4.28,B1,noun,0.022173
5547,psychological,4549,0.03,4.27,6061,0.02,3.9,B1,adjective,0.022173
5548,emily,5678,0.03,4.14,1922,0.08,4.56,,,0.022196
5549,disappointing,6894,0.02,4.02,8385,0.01,3.69,A2,adjective,0.022206
5550,machinery,6932,0.02,4.02,8390,0.01,3.69,,,0.022206
5551,fifth,1719,0.11,4.78,2913,0.05,4.32,B1,noun,0.02222
5552,although,498,0.37,5.3,1376,0.13,4.74,A2,conjunction,0.022222
5553,doubled,8413,0.01,3.89,9868,0.01,3.58,,,0.022222
5554,en,2990,0.06,4.5,4414,0.03,4.09,,,0.022226
5555,stations,3029,0.06,4.5,4472,0.03,4.09,,,0.022226
5556,successful,1238,0.16,4.94,2349,0.06,4.45,A1,adjective,0.022229
5557,permanently,6279,0.02,4.08,7756,0.01,3.74,B1,adverb,0.02224
5558,toll,6304,0.02,4.08,7801,0.01,3.74,B2,noun,0.02224
5559,genes,5684,0.03,4.14,7234,0.01,3.79,,,0.022263
5560,enterprise,3750,0.04,4.38,5271,0.02,3.99,B2,noun,0.022268
5561,mill,3769,0.04,4.38,5253,0.02,3.99,B2,noun,0.022268
5562,citizens,1930,0.1,4.72,3201,0.04,4.27,,,0.022272
5563,electric,1934,0.1,4.72,3208,0.04,4.27,A2,adjective,0.022272
5564,testify,9114,0.01,3.84,3611,0.04,4.2,B2,verb,0.022277
5565,occupied,4176,0.04,4.32,5716,0.02,3.94,,,0.022278
5566,consumed,7665,0.02,3.95,9172,0.01,3.63,,,0.022278
5567,dreaming,7787,0.02,3.94,2935,0.05,4.32,,,0.022278
5568,choosing,4583,0.03,4.26,6142,0.02,3.89,,,0.022282
5569,classical,4584,0.03,4.26,6187,0.02,3.89,B1,adjective,0.022282
5570,clip,4586,0.03,4.26,6190,0.02,3.89,B1,noun,0.022282
5571,interests,2208,0.09,4.66,3491,0.04,4.22,,,0.02232
5572,ho,4951,0.03,4.22,1593,0.1,4.66,,,0.02232
5573,bleeding,6212,0.02,4.08,2195,0.07,4.49,,,0.02233
5574,forests,6358,0.02,4.07,7889,0.01,3.73,,,0.022354
5575,fruits,6360,0.02,4.07,7964,0.01,3.73,,,0.022354
5576,persons,3443,0.05,4.43,4915,0.02,4.03,,,0.022355
5577,facility,2484,0.07,4.6,3871,0.03,4.17,B1,noun,0.022363
5578,prom,9941,0.01,3.78,4152,0.03,4.13,B2,noun,0.022376
5579,amount,760,0.25,5.13,1784,0.09,4.6,B1,noun,0.022393
5580,senior,1285,0.15,4.92,2454,0.06,4.43,A2,"adjective, noun",0.02242
5581,practical,3124,0.06,4.48,4577,0.03,4.07,B1,adjective,0.022434
5582,min,3509,0.05,4.42,5027,0.02,4.02,,,0.022461
5583,explained,2535,0.07,4.59,3929,0.03,4.16,,,0.022465
5584,detected,6460,0.02,4.06,7987,0.01,3.72,,,0.022469
5585,austin,3861,0.04,4.36,5387,0.02,3.97,,,0.022482
5586,sally,7496,0.02,3.97,2745,0.05,4.36,,,0.022482
5587,changes,783,0.25,5.12,1806,0.09,4.59,,,0.022485
5588,page,791,0.25,5.12,1828,0.09,4.59,A1,noun,0.022485
5589,calendar,4288,0.04,4.3,5921,0.02,3.92,A2,noun,0.022496
5590,accepting,5285,0.03,4.18,6938,0.01,3.82,,,0.0225
5591,fastest,4759,0.03,4.24,6381,0.02,3.87,,,0.022502
5592,cells,1814,0.1,4.75,3095,0.04,4.29,,,0.022515
5593,descent,7906,0.02,3.93,9514,0.01,3.61,,,0.022515
5594,drilling,7915,0.02,3.93,9391,0.01,3.61,,,0.022515
5595,cops,3476,0.05,4.42,994,0.18,4.91,,,0.022516
5596,cathedral,7202,0.02,3.99,8725,0.01,3.66,B2,noun,0.022555
5597,infant,7236,0.02,3.99,8827,0.01,3.66,B2,noun,0.022555
5598,shapes,7284,0.02,3.99,8792,0.01,3.66,,,0.022555
5599,triggered,7297,0.02,3.99,8752,0.01,3.66,,,0.022555
5600,loser,7026,0.02,4.01,2534,0.06,4.41,,,0.022568
5601,sets,2088,0.09,4.69,3418,0.04,4.24,,,0.022572
5602,exception,3942,0.04,4.35,5494,0.02,3.96,B2,noun,0.02259
5603,katie,7574,0.02,3.96,2801,0.05,4.35,,,0.02259
5604,entertaining,5961,0.02,4.11,7528,0.01,3.76,B2,adjective,0.022604
5605,pairs,5992,0.02,4.11,7560,0.01,3.76,,,0.022604
5606,parish,5994,0.02,4.11,7584,0.01,3.76,,,0.022604
5607,steam,2918,0.06,4.52,4350,0.03,4.1,B1,noun,0.02261
5608,instantly,4864,0.03,4.23,6493,0.02,3.86,B2,adverb,0.022613
5609,mickey,8823,0.01,3.86,3476,0.04,4.23,,,0.022613
5610,novel,2360,0.08,4.63,3705,0.03,4.19,A2,noun,0.022624
5611,belief,3211,0.05,4.46,4752,0.03,4.05,B1,noun,0.022646
5612,someday,6622,0.02,4.05,2306,0.07,4.46,A2,adverb,0.022646
5613,hiding,4161,0.04,4.32,1249,0.14,4.79,,,0.022653
5614,item,2629,0.07,4.57,4056,0.03,4.14,A1,noun,0.022672
5615,adapt,7309,0.02,3.98,8872,0.01,3.65,B1,verb,0.022674
5616,let,228,0.74,5.6,67,5.92,6.42,A1,verb,0.022702
5617,experiencing,6684,0.02,4.04,8312,0.01,3.7,,,0.022702
5618,ignorance,6693,0.02,4.04,8227,0.01,3.7,B2,noun,0.022702
5619,congratulations,3610,0.05,4.4,1022,0.18,4.89,,,0.02271
5620,organized,2959,0.06,4.51,4415,0.03,4.09,,,0.022715
5621,angeles,1886,0.1,4.73,3239,0.04,4.27,,,0.022716
5622,sport,1921,0.1,4.73,3206,0.04,4.27,A1,noun,0.022716
5623,during,181,0.98,5.72,738,0.26,5.06,A2,preposition,0.022718
5624,slept,5366,0.03,4.18,1722,0.09,4.62,,,0.022727
5625,appreciated,5474,0.03,4.16,7140,0.01,3.8,,,0.022727
5626,artists,2146,0.09,4.67,3547,0.04,4.22,,,0.022776
5627,scientific,2179,0.09,4.67,3512,0.04,4.22,A2,adjective,0.022776
5628,counter,2663,0.07,4.56,4102,0.03,4.13,B1,"noun, verb",0.022777
5629,associate,3668,0.05,4.39,5228,0.02,3.99,B1,verb,0.022784
5630,berry,7419,0.02,3.97,9041,0.01,3.64,B2,noun,0.022793
5631,festival,1940,0.1,4.72,3264,0.04,4.26,A1,noun,0.022817
5632,portuguese,6823,0.02,4.03,8368,0.01,3.69,,,0.022819
5633,document,2987,0.06,4.5,4530,0.03,4.08,B1,noun,0.022821
5634,freak,6246,0.02,4.08,2142,0.07,4.5,B2,verb,0.022821
5635,recommendation,6173,0.02,4.09,7796,0.01,3.74,B2,noun,0.022835
5636,tory,8368,0.01,3.9,9928,0.01,3.58,,,0.022877
5637,employ,7558,0.02,3.96,9183,0.01,3.63,B2,verb,0.022913
5638,plants,2007,0.1,4.71,3359,0.04,4.25,,,0.022919
5639,manual,4172,0.04,4.32,5787,0.02,3.93,B2,"adjective, noun",0.02292
5640,learning,1276,0.15,4.92,2476,0.06,4.42,B2,noun,0.022926
5641,monkey,6380,0.02,4.07,2186,0.07,4.49,A1,noun,0.022928
5642,altered,6861,0.02,4.02,8504,0.01,3.68,,,0.022938
5643,effect,1015,0.2,5.02,2140,0.07,4.5,A2,noun,0.02295
5644,eighth,5125,0.03,4.2,6849,0.02,3.83,,,0.022953
5645,obey,9219,0.01,3.83,3644,0.04,4.2,B2,verb,0.022953
5646,state,163,1.12,5.78,699,0.28,5.1,B2,"adjective, noun, verb",0.022978
5647,limit,2047,0.09,4.7,3371,0.04,4.24,B1,"noun, verb",0.023022
5648,symptoms,3142,0.06,4.48,4693,0.03,4.06,,,0.023035
5649,wars,2565,0.07,4.59,3978,0.03,4.15,,,0.02304
5650,total,627,0.3,5.21,1627,0.1,4.65,B1,"adjective, noun",0.023041
5651,treatment,1063,0.19,5.01,2199,0.07,4.49,B1,noun,0.023047
5652,al,702,0.27,5.16,1753,0.09,4.61,,,0.023048
5653,sustained,5272,0.03,4.19,6882,0.01,3.82,,,0.023067
5654,legends,6372,0.02,4.07,7976,0.01,3.72,,,0.02307
5655,phenomenon,5822,0.03,4.13,7410,0.01,3.77,B1,noun,0.023073
5656,rookie,5834,0.03,4.13,7436,0.01,3.77,,,0.023073
5657,closely,2824,0.06,4.53,4352,0.03,4.1,B1,adverb,0.023094
5658,channel,1478,0.13,4.85,2759,0.05,4.36,B1,noun,0.023107
5659,species,1505,0.13,4.85,2750,0.05,4.36,B2,noun,0.023107
5660,logic,3892,0.04,4.36,5491,0.02,3.96,B1,noun,0.023114
5661,plot,2588,0.07,4.58,4041,0.03,4.14,B2,noun,0.023146
5662,yours,1849,0.1,4.75,486,0.49,5.34,A1,pronoun,0.023181
5663,acknowledge,5287,0.03,4.18,7000,0.01,3.81,B1,verb,0.023183
5664,advised,5288,0.03,4.18,7027,0.01,3.81,,,0.023183
5665,physician,5347,0.03,4.18,7048,0.01,3.81,B2,noun,0.023183
5666,controls,3549,0.05,4.41,5129,0.02,4.0,,,0.023187
5667,hull,6480,0.02,4.06,8195,0.01,3.71,,,0.023189
5668,lifting,6490,0.02,4.06,8141,0.01,3.71,,,0.023189
5669,restored,5910,0.02,4.12,7591,0.01,3.76,,,0.02319
5670,market,513,0.36,5.29,1474,0.11,4.71,B1,"noun, verb",0.0232
5671,immediate,2899,0.06,4.52,4401,0.03,4.09,B1,adjective,0.023202
5672,dr,570,0.32,5.24,1568,0.11,4.67,,,0.023216
5673,highly,1367,0.14,4.89,2607,0.06,4.39,B1,adverb,0.023224
5674,parties,1373,0.14,4.89,2627,0.06,4.39,,,0.023224
5675,attacks,2100,0.09,4.68,3540,0.04,4.22,,,0.023229
5676,ugh,4993,0.03,4.22,1555,0.11,4.68,,,0.023229
5677,careful,2519,0.07,4.59,649,0.31,5.14,A1,adjective,0.023238
5678,achieve,2607,0.07,4.57,4115,0.03,4.13,A2,verb,0.023253
5679,chemical,2618,0.07,4.57,4144,0.03,4.13,B1,"adjective, noun",0.023253
5680,goodness,5795,0.03,4.13,1893,0.08,4.57,B1,interjection,0.023253
5681,loop,4393,0.04,4.29,6099,0.02,3.9,,,0.023257
5682,darker,7904,0.02,3.93,9640,0.01,3.6,,,0.02328
5683,elimination,7917,0.02,3.93,9551,0.01,3.6,,,0.02328
5684,siege,7977,0.02,3.93,9580,0.01,3.6,,,0.02328
5685,backing,4823,0.03,4.23,6626,0.02,3.85,,,0.023282
5686,casual,4832,0.03,4.23,6579,0.02,3.85,B1,adjective,0.023282
5687,legendary,4869,0.03,4.23,6666,0.02,3.85,B2,adjective,0.023282
5688,yell,9008,0.01,3.85,3444,0.04,4.23,B2,"noun, verb",0.023282
5689,influence,1725,0.11,4.78,3030,0.05,4.3,B2,"noun, verb",0.023288
5690,pages,2402,0.08,4.62,3853,0.03,4.17,,,0.023297
5691,thai,5459,0.03,4.17,7087,0.01,3.8,,,0.023299
5692,villages,5466,0.03,4.17,7202,0.01,3.8,,,0.023299
5693,medieval,6592,0.02,4.05,8274,0.01,3.7,,,0.023309
5694,symbols,6633,0.02,4.05,8289,0.01,3.7,,,0.023309
5695,objects,2957,0.06,4.51,4496,0.03,4.08,,,0.02331
5696,member,677,0.28,5.18,1721,0.09,4.62,A2,noun,0.023324
5697,agreement,1383,0.14,4.88,2651,0.05,4.38,B1,noun,0.023324
5698,williams,2188,0.09,4.67,3571,0.04,4.21,,,0.023334
5699,lou,7811,0.02,3.94,2824,0.05,4.34,,,0.023338
5700,winning,1132,0.18,4.98,2295,0.07,4.46,,,0.023341
5701,tool,2704,0.07,4.56,4228,0.03,4.12,A1,noun,0.02336
5702,grades,4452,0.04,4.28,6169,0.02,3.89,,,0.023371
5703,foolish,8425,0.01,3.89,3178,0.04,4.28,B1,adjective,0.023371
5704,everybody,1525,0.13,4.84,381,0.65,5.46,A1,pronoun,0.023376
5705,example,540,0.35,5.27,1515,0.11,4.69,A1,noun,0.023387
5706,cheaper,4927,0.03,4.22,6702,0.02,3.84,,,0.023398
5707,realistic,5539,0.03,4.16,7276,0.01,3.79,B1,adjective,0.023417
5708,saints,5545,0.03,4.16,7261,0.01,3.79,,,0.023417
5709,islands,3004,0.06,4.5,4627,0.03,4.07,,,0.023419
5710,marked,3007,0.06,4.5,4578,0.03,4.07,B1,adjective,0.023419
5711,hospitals,4092,0.04,4.33,5829,0.02,3.93,,,0.023451
5712,rank,3388,0.05,4.44,5010,0.02,4.02,B1,noun,0.023473
5713,ignored,4533,0.03,4.27,6345,0.02,3.88,,,0.023486
5714,olivia,9220,0.01,3.83,3559,0.04,4.21,,,0.023514
5715,passenger,3774,0.04,4.38,5396,0.02,3.97,A2,noun,0.023522
5716,subjects,3788,0.04,4.38,5453,0.02,3.97,,,0.023522
5717,jackie,7465,0.02,3.97,2652,0.05,4.38,,,0.023522
5718,lower,812,0.24,5.11,1934,0.08,4.56,B2,verb,0.023527
5719,cabinet,3044,0.06,4.49,4708,0.03,4.06,B2,noun,0.023529
5720,casting,5581,0.03,4.15,7333,0.01,3.78,,,0.023535
5721,sake,3652,0.05,4.4,995,0.18,4.91,A2,noun,0.023536
5722,text,1062,0.19,5.01,2218,0.07,4.48,A2,"noun, verb",0.02354
5723,wide,1177,0.17,4.96,2392,0.06,4.44,A2,"adjective, adverb",0.02354
5724,bucks,5194,0.03,4.19,1645,0.1,4.65,,,0.023546
5725,challenged,6118,0.02,4.09,7936,0.01,3.73,,,0.023548
5726,surprisingly,6187,0.02,4.09,7942,0.01,3.73,B1,adverb,0.023548
5727,shipped,6837,0.02,4.03,8580,0.01,3.68,,,0.023552
5728,betty,8011,0.02,3.92,2961,0.05,4.32,,,0.023565
5729,affect,2510,0.07,4.59,4063,0.03,4.14,B1,verb,0.023618
5730,listen,929,0.21,5.06,223,1.27,5.75,A1,verb,0.023619
5731,china,824,0.23,5.1,1983,0.08,4.55,,,0.023625
5732,knock,3956,0.04,4.35,1097,0.16,4.85,B1,"noun, verb",0.023629
5733,occupation,5146,0.03,4.2,6939,0.01,3.82,A2,noun,0.023632
5734,below,943,0.21,5.05,2126,0.07,4.51,A1,"adverb, preposition",0.023634
5735,resort,3841,0.04,4.37,5519,0.02,3.96,B1,noun,0.023635
5736,coincidence,7542,0.02,3.96,2692,0.05,4.37,B2,noun,0.023635
5737,votes,2324,0.08,4.64,3769,0.03,4.18,,,0.023653
5738,convenience,6887,0.02,4.02,8680,0.01,3.67,A2,noun,0.023674
5739,disorder,4226,0.04,4.31,6015,0.02,3.91,B2,noun,0.02368
5740,laboratory,4247,0.04,4.31,5960,0.02,3.91,B1,noun,0.02368
5741,bobby,4922,0.03,4.22,1533,0.11,4.69,,,0.023681
5742,amanda,7093,0.02,4.0,2488,0.06,4.42,,,0.023697
5743,removed,1702,0.11,4.79,3047,0.04,4.3,,,0.023721
5744,india,970,0.2,5.04,2135,0.07,4.5,,,0.023733
5745,demand,1523,0.13,4.84,2812,0.05,4.34,B1,"noun, verb",0.023733
5746,somebody,1675,0.12,4.8,410,0.6,5.42,A2,pronoun,0.023744
5747,separation,5838,0.03,4.13,7579,0.01,3.76,B1,noun,0.023774
5748,shared,2128,0.09,4.68,3579,0.04,4.21,,,0.023788
5749,transport,2137,0.09,4.68,3588,0.04,4.21,B2,"noun, verb",0.023788
5750,laughing,2452,0.08,4.61,612,0.34,5.18,,,0.023789
5751,agenda,4285,0.04,4.3,6073,0.02,3.9,B1,noun,0.023795
5752,dumped,8278,0.01,3.9,3066,0.04,4.3,,,0.023795
5753,lad,8307,0.01,3.9,3055,0.04,4.3,,,0.023795
5754,poison,6282,0.02,4.08,2083,0.07,4.52,B2,"noun, verb",0.023797
5755,figures,1898,0.1,4.73,3337,0.04,4.25,,,0.023809
5756,inspector,4682,0.03,4.25,1430,0.12,4.73,B2,noun,0.023809
5757,rings,4117,0.04,4.33,1140,0.15,4.83,,,0.023836
5758,tires,6848,0.02,4.03,2315,0.06,4.46,,,0.023862
5759,reminder,5909,0.02,4.12,7679,0.01,3.75,B2,noun,0.023895
5760,among,486,0.38,5.31,1468,0.12,4.71,A2,preposition,0.023904
5761,whites,6536,0.02,4.06,8332,0.01,3.7,,,0.023913
5762,oppose,7823,0.02,3.94,9647,0.01,3.6,A2,verb,0.023922
5763,units,1778,0.11,4.77,3168,0.04,4.28,,,0.023931
5764,lack,1274,0.15,4.92,2598,0.06,4.4,B2,"noun, verb",0.023946
5765,vic,9124,0.01,3.84,3443,0.04,4.23,,,0.023954
5766,due,442,0.42,5.35,1391,0.12,4.74,A1,adjective,0.023967
5767,formal,3300,0.05,4.45,4973,0.02,4.02,B1,adjective,0.023975
5768,formula,3301,0.05,4.45,5017,0.02,4.02,B1,noun,0.023975
5769,recommend,2459,0.08,4.61,3979,0.03,4.15,B1,verb,0.023978
5770,adoption,5384,0.03,4.17,7269,0.01,3.79,B2,noun,0.023989
5771,artistic,5388,0.03,4.17,7210,0.01,3.79,B1,adjective,0.023989
5772,internal,2209,0.09,4.66,3710,0.03,4.19,B1,adjective,0.024003
5773,led,810,0.24,5.11,1995,0.08,4.55,,,0.024005
5774,visual,3034,0.06,4.5,4705,0.03,4.06,B1,adjective,0.02402
5775,options,2005,0.1,4.71,3434,0.04,4.23,,,0.024023
5776,supportive,6631,0.02,4.05,8399,0.01,3.69,B1,adjective,0.024037
5777,robbery,7493,0.02,3.97,2615,0.06,4.39,A2,noun,0.024038
5778,solving,7288,0.02,3.99,9076,0.01,3.64,,,0.024048
5779,departure,4937,0.03,4.22,6855,0.02,3.83,B1,noun,0.024073
5780,hotels,4953,0.03,4.22,6754,0.02,3.83,,,0.024073
5781,liz,9206,0.01,3.83,3493,0.04,4.22,,,0.024073
5782,creative,2476,0.07,4.6,4078,0.03,4.14,A2,adjective,0.024088
5783,returns,2497,0.07,4.6,4071,0.03,4.14,,,0.024088
5784,concrete,3356,0.05,4.44,5081,0.02,4.01,B2,"adjective, noun",0.024089
5785,transmission,4129,0.04,4.33,5847,0.02,3.92,B2,noun,0.024096
5786,won,646,0.29,5.2,154,1.99,5.95,,,0.024131
5787,speaker,3088,0.06,4.49,4726,0.03,4.05,A2,noun,0.024132
5788,pills,6606,0.02,4.05,2188,0.07,4.49,,,0.024132
5789,loading,6069,0.02,4.1,7904,0.01,3.73,,,0.02414
5790,rental,6091,0.02,4.1,7935,0.01,3.73,B2,noun,0.02414
5791,workers,1210,0.17,4.95,2497,0.06,4.42,,,0.024147
5792,concentration,4514,0.03,4.27,6467,0.02,3.87,B1,noun,0.024147
5793,stunning,4556,0.03,4.27,6474,0.02,3.87,B1,adjective,0.024147
5794,beth,8638,0.01,3.87,3225,0.04,4.27,,,0.024147
5795,woo,8745,0.01,3.87,3242,0.04,4.27,,,0.024147
5796,hi,1079,0.19,5.0,245,1.11,5.69,A1,interjection,0.024152
5797,throat,4339,0.04,4.3,1241,0.14,4.8,B2,noun,0.024152
5798,sara,7605,0.02,3.96,2686,0.05,4.38,,,0.024153
5799,finale,6686,0.02,4.04,8533,0.01,3.68,,,0.024162
5800,cohen,7322,0.02,3.98,9235,0.01,3.63,,,0.024175
5801,farmers,3428,0.05,4.43,5149,0.02,4.0,,,0.024203
5802,issue,589,0.32,5.23,1673,0.1,4.64,B2,"noun, verb",0.024226
5803,nonsense,5067,0.03,4.21,1511,0.11,4.69,B1,noun,0.024239
5804,mum,3573,0.05,4.41,950,0.2,4.94,A1,noun,0.02425
5805,hang,2487,0.07,4.6,616,0.34,5.18,B1,"noun, verb",0.024256
5806,examination,4599,0.03,4.26,6549,0.02,3.86,B1,noun,0.024267
5807,level,377,0.48,5.41,1275,0.14,4.78,B2,"adjective, noun, verb",0.024269
5808,broad,2820,0.06,4.53,4531,0.03,4.08,B1,adjective,0.024281
5809,deaths,2827,0.06,4.53,4541,0.03,4.08,,,0.024281
5810,arctic,6761,0.02,4.03,8639,0.01,3.67,B2,adjective,0.024287
5811,bulls,7423,0.02,3.97,9239,0.01,3.62,,,0.024302
5812,hockey,3497,0.05,4.42,5208,0.02,3.99,A2,noun,0.024318
5813,biological,4212,0.04,4.31,6080,0.02,3.9,B2,adjective,0.024331
5814,gentleman,5498,0.03,4.16,1711,0.09,4.63,B1,noun,0.024332
5815,amy,5098,0.03,4.2,1547,0.11,4.68,,,0.024349
5816,approach,1241,0.16,4.93,2563,0.06,4.4,B2,"noun, verb",0.024354
5817,stock,1255,0.16,4.93,2564,0.06,4.4,B2,noun,0.024354
5818,ga,5683,0.03,4.14,7520,0.01,3.76,,,0.024355
5819,engage,3878,0.04,4.36,5680,0.02,3.94,B1,verb,0.024387
5820,cartoon,6221,0.02,4.08,8110,0.01,3.71,A1,noun,0.024389
5821,pets,6280,0.02,4.08,8128,0.01,3.71,,,0.024389
5822,lucy,6374,0.02,4.07,2077,0.07,4.52,,,0.024394
5823,support,276,0.63,5.53,1061,0.17,4.87,B1,"noun, verb",0.024408
5824,extract,6902,0.02,4.02,8767,0.01,3.66,B2,"noun, verb",0.024414
5825,permanent,2637,0.07,4.57,4276,0.03,4.11,B1,adjective,0.024422
5826,processed,7597,0.02,3.96,9444,0.01,3.61,,,0.024431
5827,invested,5228,0.03,4.19,7084,0.01,3.8,,,0.024436
5828,failing,4301,0.04,4.3,6193,0.02,3.89,,,0.02445
5829,visits,4343,0.04,4.3,6163,0.02,3.89,,,0.02445
5830,large,399,0.46,5.39,1335,0.13,4.76,A1,adjective,0.024461
5831,britain,1929,0.1,4.72,3438,0.04,4.23,,,0.024469
5832,generation,1601,0.12,4.82,3011,0.05,4.31,A2,noun,0.024473
5833,warn,6976,0.02,4.02,2301,0.07,4.46,B1,verb,0.024475
5834,visa,5849,0.03,4.13,7624,0.01,3.75,B1,noun,0.024479
5835,students,565,0.33,5.25,1637,0.1,4.65,,,0.024487
5836,indicate,3952,0.04,4.35,5784,0.02,3.93,A2,verb,0.024505
5837,artificial,4737,0.03,4.24,6683,0.02,3.84,A2,adjective,0.024507
5838,clubs,2933,0.06,4.51,4704,0.03,4.06,,,0.024508
5839,defence,2940,0.06,4.51,4707,0.03,4.06,,,0.024508
5840,video,363,0.5,5.43,1256,0.14,4.79,A1,noun,0.02451
5841,cruz,6350,0.02,4.07,8249,0.01,3.7,,,0.024514
5842,struggled,7066,0.02,4.01,8877,0.01,3.65,,,0.024542
5843,reserved,5352,0.03,4.18,7249,0.01,3.79,,,0.024559
5844,appointments,7648,0.02,3.95,9559,0.01,3.6,,,0.02456
5845,collision,7662,0.02,3.95,9674,0.01,3.6,,,0.02456
5846,abuse,2190,0.09,4.66,3778,0.03,4.18,B2,noun,0.02457
5847,sharing,2230,0.09,4.66,3763,0.03,4.18,,,0.02457
5848,guaranteed,4384,0.04,4.29,6298,0.02,3.88,,,0.02457
5849,confession,8527,0.01,3.88,3093,0.04,4.29,B2,noun,0.02457
5850,holly,8555,0.01,3.88,3115,0.04,4.29,,,0.02457
5851,shops,4049,0.04,4.34,5834,0.02,3.92,,,0.024623
5852,syndrome,4903,0.03,4.23,6785,0.02,3.83,B1,noun,0.024629
5853,california,1067,0.19,5.0,2360,0.06,4.45,,,0.024635
5854,section,1097,0.19,5.0,2378,0.06,4.45,A1,noun,0.024635
5855,expertise,6467,0.02,4.06,8412,0.01,3.69,,,0.024641
5856,atlantic,3670,0.05,4.39,5476,0.02,3.96,B1,adjective,0.024669
5857,seattle,3724,0.05,4.39,5531,0.02,3.96,,,0.024669
5858,cop,3804,0.04,4.37,1009,0.18,4.9,A1,noun,0.02467
5859,leaked,7152,0.02,4.0,9075,0.01,3.64,,,0.02467
5860,maintain,2260,0.08,4.65,3796,0.03,4.17,B1,verb,0.024681
5861,mobile,1488,0.13,4.85,2864,0.05,4.33,A1,"adjective, noun",0.024682
5862,creates,4437,0.04,4.28,6448,0.02,3.87,,,0.02469
5863,globe,4451,0.04,4.28,6459,0.02,3.87,A2,noun,0.02469
5864,submit,4494,0.04,4.28,6427,0.02,3.87,B2,verb,0.02469
5865,slightly,1839,0.1,4.75,3344,0.04,4.25,B1,adverb,0.024691
5866,dear,1753,0.11,4.77,417,0.58,5.41,B2,"adjective, noun",0.024703
5867,athlete,5936,0.02,4.11,7953,0.01,3.73,A2,noun,0.024729
5868,diplomatic,5956,0.02,4.11,7905,0.01,3.73,,,0.024729
5869,mild,5982,0.02,4.11,7867,0.01,3.73,B1,adjective,0.024729
5870,coal,3048,0.06,4.49,4864,0.02,4.04,B1,noun,0.024739
5871,faced,3057,0.06,4.49,4887,0.02,4.04,,,0.024739
5872,gallery,3062,0.06,4.49,4831,0.02,4.04,A2,noun,0.024739
5873,joking,6703,0.02,4.04,2193,0.07,4.49,,,0.024739
5874,smells,6739,0.02,4.04,2192,0.07,4.49,,,0.024739
5875,sale,1110,0.18,4.99,2383,0.06,4.44,A1,noun,0.02474
5876,terribly,8216,0.02,3.91,2866,0.05,4.33,B1,adverb,0.024743
5877,program,545,0.35,5.27,1606,0.1,4.66,,,0.024745
5878,messing,9363,0.01,3.82,3488,0.04,4.22,,,0.024752
5879,sports,1236,0.16,4.94,2555,0.06,4.4,B1,adjective,0.024761
5880,filing,6572,0.02,4.05,8505,0.01,3.68,,,0.024769
5881,montana,6595,0.02,4.05,8554,0.01,3.68,,,0.024769
5882,kissed,7706,0.02,3.95,2674,0.05,4.38,,,0.024788
5883,council,866,0.22,5.08,2107,0.07,4.51,B1,noun,0.024791
5884,rockets,7281,0.02,3.99,9226,0.01,3.63,,,0.0248
5885,infinite,5507,0.03,4.16,7490,0.01,3.77,,,0.024807
5886,bonds,4507,0.03,4.27,6544,0.02,3.86,,,0.024812
5887,jurisdiction,6064,0.02,4.1,8089,0.01,3.72,,,0.024856
5888,resolved,6092,0.02,4.1,7971,0.01,3.72,,,0.024856
5889,ss,6101,0.02,4.1,8041,0.01,3.72,,,0.024856
5890,calm,2777,0.06,4.54,669,0.3,5.12,B1,adjective,0.024862
5891,nate,9503,0.01,3.81,3555,0.04,4.21,,,0.024875
5892,modern,908,0.22,5.07,2153,0.07,4.5,A2,adjective,0.024895
5893,scenes,2596,0.07,4.58,4285,0.03,4.11,,,0.024895
5894,brand,1553,0.13,4.83,3023,0.05,4.31,A2,noun,0.024898
5895,creek,3805,0.04,4.37,5662,0.02,3.94,B2,noun,0.024907
5896,complications,7326,0.02,3.98,9315,0.01,3.62,,,0.024931
5897,medals,7361,0.02,3.98,9240,0.01,3.62,,,0.024931
5898,crop,5591,0.03,4.15,7569,0.01,3.76,B1,noun,0.024933
5899,elderly,5593,0.03,4.15,7563,0.01,3.76,A2,adjective,0.024933
5900,backed,4577,0.03,4.26,6660,0.02,3.85,,,0.024935
5901,fails,4600,0.03,4.26,6649,0.02,3.85,,,0.024935
5902,database,4223,0.04,4.31,6164,0.02,3.89,B2,noun,0.024985
5903,worry,1548,0.13,4.84,352,0.73,5.51,A2,"noun, verb",0.025018
5904,pig,5724,0.03,4.14,1729,0.09,4.62,A1,noun,0.02502
5905,session,1966,0.1,4.72,3536,0.04,4.22,B1,noun,0.025024
5906,dvd,4666,0.03,4.25,6691,0.02,3.84,A1,noun,0.025058
5907,immune,5691,0.03,4.14,7640,0.01,3.75,,,0.025059
5908,element,3228,0.05,4.46,5066,0.02,4.01,B1,noun,0.02509
5909,reaching,3256,0.05,4.46,5048,0.02,4.01,,,0.02509
5910,adopted,2926,0.06,4.51,4785,0.03,4.05,B2,adjective,0.025111
5911,quote,2963,0.06,4.51,4722,0.03,4.05,B2,"noun, verb",0.025111
5912,gain,1636,0.12,4.81,3113,0.04,4.29,B1,"noun, verb",0.025118
5913,severe,2701,0.07,4.56,4413,0.03,4.09,B1,adjective,0.025126
5914,lied,5059,0.03,4.21,1480,0.11,4.71,,,0.025136
5915,recorded,2227,0.09,4.66,3806,0.03,4.17,,,0.025138
5916,sequence,3982,0.04,4.35,5850,0.02,3.92,B1,noun,0.025149
5917,buses,6877,0.02,4.02,8948,0.01,3.65,,,0.025158
5918,equation,6901,0.02,4.02,8953,0.01,3.65,B2,noun,0.025158
5919,isolation,6926,0.02,4.02,8896,0.01,3.65,B1,noun,0.025158
5920,bonus,3281,0.05,4.45,5153,0.02,4.0,A2,noun,0.025209
5921,electronic,2730,0.07,4.55,4501,0.03,4.08,B1,adjective,0.025243
5922,charlie,3412,0.05,4.43,845,0.22,4.99,,,0.025243
5923,entertainment,2482,0.07,4.6,4189,0.03,4.12,A2,noun,0.02525
5924,pete,5898,0.02,4.12,1779,0.09,4.6,,,0.02525
5925,ours,5527,0.03,4.16,1644,0.1,4.65,A1,pronoun,0.025252
5926,whiskey,9987,0.01,3.78,3730,0.03,4.18,,,0.025252
5927,rally,4041,0.04,4.34,6010,0.02,3.91,B2,noun,0.025271
5928,shut,1738,0.11,4.78,394,0.62,5.44,A2,"adjective, verb",0.025276
5929,union,890,0.22,5.08,2172,0.07,4.5,B1,noun,0.025279
5930,disk,7008,0.02,4.01,9055,0.01,3.64,,,0.025289
5931,legit,7023,0.02,4.01,8999,0.01,3.64,,,0.025289
5932,privately,7045,0.02,4.01,9024,0.01,3.64,B2,adverb,0.025289
5933,quarterback,7728,0.02,3.95,9710,0.01,3.59,,,0.025329
5934,several,404,0.46,5.39,1401,0.12,4.74,A2,"determiner, pronoun",0.025337
5935,filed,3058,0.06,4.49,4909,0.02,4.03,,,0.025348
5936,greece,4453,0.04,4.28,6546,0.02,3.86,,,0.025355
5937,intent,4457,0.04,4.28,6558,0.02,3.86,B2,adjective,0.025355
5938,moore,4468,0.04,4.28,6536,0.02,3.86,,,0.025355
5939,reporting,2807,0.06,4.54,4625,0.03,4.07,,,0.02536
5940,acres,5382,0.03,4.17,7456,0.01,3.77,,,0.025379
5941,ma,2354,0.08,4.63,558,0.4,5.25,,,0.025406
5942,yes,301,0.59,5.5,69,5.68,6.4,A1,adverb,0.025422
5943,firmly,7134,0.02,4.0,9113,0.01,3.63,B1,adverb,0.025422
5944,mills,4964,0.03,4.22,6994,0.01,3.81,,,0.025434
5945,shorter,4981,0.03,4.22,7032,0.01,3.81,,,0.025434
5946,episode,1138,0.17,4.97,2552,0.06,4.41,A2,noun,0.025459
5947,movement,1144,0.17,4.97,2531,0.06,4.41,B1,noun,0.025459
5948,automobile,7772,0.02,3.94,9871,0.01,3.58,,,0.025464
5949,accounts,1885,0.1,4.73,3498,0.04,4.22,,,0.025467
5950,latest,1275,0.15,4.92,2712,0.05,4.37,A2,adjective,0.025491
5951,railroad,4184,0.04,4.32,6204,0.02,3.89,B1,noun,0.025518
5952,terms,838,0.23,5.1,2100,0.07,4.51,,,0.025554
5953,egyptian,5032,0.03,4.21,7146,0.01,3.8,,,0.025561
5954,rarely,3523,0.05,4.42,5443,0.02,3.97,B1,adverb,0.025571
5955,appeal,2143,0.09,4.67,3829,0.03,4.17,B2,"noun, verb",0.025593
5956,appropriate,2145,0.09,4.67,3872,0.03,4.17,A2,adjective,0.025593
5957,editor,2387,0.08,4.62,4157,0.03,4.13,A2,noun,0.0256
5958,likewise,6705,0.02,4.04,8799,0.01,3.66,B2,adverb,0.025637
5959,newest,6713,0.02,4.04,8804,0.01,3.66,,,0.025637
5960,campaign,1068,0.19,5.0,2428,0.06,4.43,B2,noun,0.02564
5961,leading,1087,0.19,5.0,2466,0.06,4.43,B1,adjective,0.02564
5962,regard,3902,0.04,4.36,5926,0.02,3.92,B1,"noun, verb",0.025672
5963,dense,7335,0.02,3.98,9401,0.01,3.61,B2,adjective,0.025691
5964,payment,2225,0.09,4.66,3939,0.03,4.16,B2,noun,0.025709
5965,borrow,7101,0.02,4.0,2294,0.07,4.46,A1,verb,0.025709
5966,greater,1343,0.15,4.9,2780,0.05,4.35,,,0.025712
5967,scared,2500,0.07,4.6,577,0.37,5.22,B1,adjective,0.025717
5968,nevertheless,4692,0.03,4.25,6763,0.02,3.83,B1,adverb,0.025733
5969,process,551,0.34,5.26,1675,0.1,4.63,B2,"noun, verb",0.025764
5970,addiction,5656,0.03,4.14,7750,0.01,3.74,B2,noun,0.025767
5971,washington,892,0.22,5.08,2185,0.07,4.49,,,0.025768
5972,craft,4293,0.04,4.3,6410,0.02,3.87,B1,noun,0.025768
5973,suited,6841,0.02,4.03,8863,0.01,3.65,,,0.02577
5974,movements,3963,0.04,4.35,5938,0.02,3.91,,,0.025796
5975,referring,3973,0.04,4.35,6031,0.02,3.91,,,0.025796
5976,local,358,0.5,5.43,1336,0.13,4.76,A2,adjective,0.02581
5977,camps,5196,0.03,4.19,7371,0.01,3.78,,,0.025818
5978,laws,1370,0.14,4.89,2827,0.05,4.34,,,0.025824
5979,chapter,2245,0.08,4.65,4025,0.03,4.15,A2,noun,0.025826
5980,korea,2258,0.08,4.65,3986,0.03,4.15,,,0.025826
5981,measure,2261,0.08,4.65,3998,0.03,4.15,B1,"noun, verb",0.025826
5982,frustration,7451,0.02,3.97,9546,0.01,3.6,B1,noun,0.025827
5983,revealing,7491,0.02,3.97,9682,0.01,3.6,,,0.025827
5984,graduate,3000,0.06,4.5,4930,0.02,4.03,A2,"noun, verb",0.025838
5985,breeding,6214,0.02,4.08,8373,0.01,3.69,B1,noun,0.025839
5986,hughes,6255,0.02,4.08,8404,0.01,3.69,,,0.025839
5987,error,2731,0.07,4.55,4624,0.03,4.07,A2,noun,0.02584
5988,scare,6413,0.02,4.07,1969,0.08,4.55,B1,verb,0.02584
5989,mistress,8826,0.01,3.86,3121,0.04,4.29,,,0.025895
5990,chancellor,5767,0.03,4.13,7872,0.01,3.73,B2,noun,0.025899
5991,likely,637,0.29,5.2,1867,0.09,4.58,A2,adjective,0.025928
5992,following,328,0.54,5.46,1282,0.14,4.78,B2,"adjective, preposition",0.02594
5993,runner,5357,0.03,4.18,7442,0.01,3.77,A2,noun,0.025948
5994,adults,2509,0.07,4.59,4349,0.03,4.1,,,0.025955
5995,concerns,2522,0.07,4.59,4371,0.03,4.1,,,0.025955
5996,register,2553,0.07,4.59,4386,0.03,4.1,B1,"noun, verb",0.025955
5997,outta,6079,0.02,4.1,1820,0.09,4.59,,,0.025955
5998,ashamed,6437,0.02,4.06,2003,0.08,4.54,B1,adjective,0.02596
5999,dedication,7553,0.02,3.96,9813,0.01,3.59,B2,noun,0.025964
6000,revelation,7604,0.02,3.96,9800,0.01,3.59,B2,noun,0.025964
6001,denver,4843,0.03,4.23,7020,0.01,3.81,,,0.025989
6002,hiring,4861,0.03,4.23,7012,0.01,3.81,,,0.025989
6003,produce,1733,0.11,4.78,3345,0.04,4.25,A2,verb,0.025999
6004,spit,8987,0.01,3.85,3153,0.04,4.28,,,0.026022
6005,authorized,5856,0.02,4.12,7980,0.01,3.72,,,0.026031
6006,rights,664,0.29,5.19,1917,0.08,4.57,,,0.026035
6007,relationships,2124,0.09,4.68,3855,0.03,4.17,,,0.026046
6008,scotland,2126,0.09,4.68,3833,0.03,4.17,,,0.026046
6009,difficulty,4078,0.04,4.33,6240,0.02,3.89,A2,noun,0.026048
6010,causes,2333,0.08,4.63,4116,0.03,4.13,,,0.026063
6011,official,749,0.26,5.14,2040,0.08,4.53,B2,"adjective, noun",0.026094
6012,released,954,0.21,5.05,2331,0.06,4.46,,,0.026095
6013,streak,6525,0.02,4.06,8696,0.01,3.67,,,0.026108
6014,host,1758,0.11,4.77,3409,0.04,4.24,A2,noun,0.026115
6015,event,673,0.28,5.18,1941,0.08,4.56,A1,noun,0.026142
6016,higher,674,0.28,5.18,1954,0.08,4.56,,,0.026142
6017,entry,2152,0.09,4.67,3952,0.03,4.16,B1,noun,0.026164
6018,sheriff,5550,0.03,4.16,1570,0.11,4.67,B1,noun,0.026164
6019,ghosts,8546,0.01,3.88,2931,0.05,4.32,,,0.026175
6020,teddy,8615,0.01,3.88,2938,0.05,4.32,,,0.026175
6021,defended,7118,0.02,4.0,9344,0.01,3.62,,,0.026178
6022,geneva,7137,0.02,4.0,9340,0.01,3.62,,,0.026178
6023,vaccine,7188,0.02,4.0,9328,0.01,3.62,B2,noun,0.026178
6024,legacy,3825,0.04,4.37,5831,0.02,3.92,,,0.026192
6025,ad,1779,0.11,4.76,3420,0.04,4.23,B1,noun,0.026231
6026,crops,6554,0.02,4.05,8826,0.01,3.66,,,0.026243
6027,nasa,5065,0.03,4.21,7250,0.01,3.79,,,0.02625
6028,jersey,2213,0.09,4.66,4022,0.03,4.15,,,0.026283
6029,smaller,1674,0.12,4.8,3248,0.04,4.26,,,0.026315
6030,targeting,7296,0.02,3.99,9398,0.01,3.61,,,0.026316
6031,personnel,2693,0.07,4.56,4585,0.03,4.07,B2,noun,0.026317
6032,campus,2928,0.06,4.51,4927,0.02,4.03,A2,noun,0.026326
6033,pointed,3250,0.05,4.46,5207,0.02,3.99,,,0.02633
6034,swift,5635,0.03,4.15,7766,0.01,3.74,B2,adjective,0.026344
6035,arts,2028,0.09,4.7,3749,0.03,4.18,,,0.026378
6036,denmark,6673,0.02,4.04,8895,0.01,3.65,,,0.02638
6037,resigned,6731,0.02,4.04,8898,0.01,3.65,,,0.02638
6038,demonstrate,5117,0.03,4.2,7335,0.01,3.78,B1,verb,0.026382
6039,striking,5166,0.03,4.2,7382,0.01,3.78,B2,adjective,0.026382
6040,wages,4726,0.03,4.25,6921,0.01,3.82,,,0.026411
6041,prevent,1701,0.11,4.79,3333,0.04,4.25,A2,verb,0.026431
6042,flags,6141,0.02,4.09,8418,0.01,3.69,,,0.026434
6043,chelsea,3930,0.04,4.35,6129,0.02,3.9,,,0.026446
6044,scheduled,3333,0.05,4.45,5293,0.02,3.98,B2,adjective,0.026455
6045,harbour,7347,0.02,3.98,9583,0.01,3.6,,,0.026455
6046,hazard,7348,0.02,3.98,9541,0.01,3.6,B1,noun,0.026455
6047,scales,7390,0.02,3.98,9595,0.01,3.6,,,0.026455
6048,internet,928,0.21,5.06,2311,0.07,4.46,,,0.026481
6049,buildings,2066,0.09,4.69,3869,0.03,4.17,,,0.026497
6050,creating,2068,0.09,4.69,3832,0.03,4.17,,,0.026497
6051,phase,2306,0.08,4.64,4151,0.03,4.13,B2,noun,0.026524
6052,lifestyle,4390,0.04,4.29,6599,0.02,3.85,A2,noun,0.026562
6053,nina,8963,0.01,3.85,3090,0.04,4.29,,,0.026562
6054,repairs,6292,0.02,4.08,8491,0.01,3.68,,,0.02657
6055,serves,3725,0.05,4.39,5790,0.02,3.93,,,0.026581
6056,ability,1156,0.17,4.96,2654,0.05,4.38,A2,noun,0.026595
6057,realizing,7489,0.02,3.97,9802,0.01,3.59,,,0.026595
6058,tuition,7513,0.02,3.97,9741,0.01,3.59,B2,noun,0.026595
6059,communication,2103,0.09,4.68,3938,0.03,4.16,A2,noun,0.026617
6060,actions,1589,0.12,4.82,3243,0.04,4.27,,,0.026625
6061,despite,1075,0.19,5.0,2538,0.06,4.41,B1,preposition,0.026652
6062,ha,2580,0.07,4.58,576,0.38,5.22,,,0.026656
6063,favorites,6903,0.02,4.02,9160,0.01,3.63,,,0.026656
6064,classes,1749,0.11,4.77,3429,0.04,4.23,,,0.026667
6065,asset,4821,0.03,4.23,7135,0.01,3.8,,,0.026675
6066,homicide,9616,0.01,3.8,3454,0.04,4.23,,,0.026675
6067,consideration,4435,0.04,4.28,6725,0.02,3.84,B1,noun,0.026693
6068,division,1451,0.13,4.86,3057,0.04,4.3,B2,noun,0.026697
6069,label,3436,0.05,4.43,5455,0.02,3.96,B2,noun,0.026708
6070,avoided,6331,0.02,4.07,8608,0.01,3.67,,,0.026708
6071,suitable,3790,0.04,4.38,5934,0.02,3.92,A2,adjective,0.026709
6072,lens,5433,0.03,4.17,7662,0.01,3.75,,,0.026783
6073,substitute,5455,0.03,4.17,7742,0.01,3.75,B2,"noun, verb",0.026783
6074,abu,6980,0.02,4.01,9324,0.01,3.62,,,0.026796
6075,central,782,0.25,5.12,2171,0.07,4.5,B1,adjective,0.026798
6076,longest,4962,0.03,4.22,7262,0.01,3.79,,,0.026808
6077,religious,1497,0.13,4.85,3126,0.04,4.29,B1,adjective,0.026814
6078,assist,3468,0.05,4.42,5572,0.02,3.95,B1,verb,0.026835
6079,instruments,4166,0.04,4.32,6439,0.02,3.87,,,0.026835
6080,invest,4167,0.04,4.32,6469,0.02,3.87,B1,verb,0.026835
6081,elevator,7683,0.02,3.95,2481,0.06,4.42,A2,noun,0.026835
6082,role,721,0.27,5.16,2045,0.08,4.53,A1,noun,0.026838
6083,encountered,6466,0.02,4.06,8833,0.01,3.66,,,0.026846
6084,chairman,1657,0.12,4.8,3361,0.04,4.25,A2,noun,0.026861
6085,popular,912,0.22,5.07,2297,0.07,4.46,A2,adjective,0.026866
6086,depot,7674,0.02,3.95,9982,0.01,3.57,,,0.026879
6087,idiot,3697,0.05,4.39,860,0.22,4.98,B2,noun,0.02688
6088,warner,6017,0.02,4.11,8245,0.01,3.7,,,0.026887
6089,affects,5471,0.03,4.16,7835,0.01,3.74,,,0.026919
6090,democracy,2941,0.06,4.51,4964,0.02,4.02,B1,noun,0.026938
6091,males,5061,0.03,4.21,7365,0.01,3.78,,,0.026942
6092,profit,2051,0.09,4.7,3810,0.03,4.17,B2,noun,0.026946
6093,georgia,3235,0.05,4.46,5306,0.02,3.98,,,0.026954
6094,federation,4602,0.03,4.26,6890,0.01,3.82,,,0.026958
6095,venture,4640,0.03,4.26,6926,0.01,3.82,B2,noun,0.026958
6096,cd,3865,0.04,4.36,6120,0.02,3.9,A1,noun,0.026969
6097,landscape,3891,0.04,4.36,6065,0.02,3.9,A2,noun,0.026969
6098,goal,925,0.21,5.06,2368,0.06,4.45,A1,noun,0.026979
6099,player,660,0.29,5.19,1973,0.08,4.55,A1,noun,0.026985
6100,points,591,0.32,5.23,1861,0.09,4.58,,,0.027017
6101,strategy,1881,0.1,4.74,3654,0.04,4.2,A2,noun,0.027026
6102,teachers,1882,0.1,4.74,3650,0.04,4.2,,,0.027026
6103,replaced,2755,0.07,4.55,4769,0.03,4.05,,,0.027042
6104,conference,1047,0.19,5.01,2542,0.06,4.41,B2,noun,0.027046
6105,adventures,5570,0.03,4.15,7864,0.01,3.73,,,0.027056
6106,appearance,2058,0.09,4.69,3930,0.03,4.16,A2,noun,0.027068
6107,native,2082,0.09,4.69,3912,0.03,4.16,A2,adjective,0.027068
6108,mediterranean,7249,0.02,3.99,9685,0.01,3.6,B1,noun,0.02708
6109,rotten,9531,0.01,3.81,3313,0.04,4.25,B1,adjective,0.027092
6110,airline,6648,0.02,4.04,9018,0.01,3.64,B1,noun,0.027127
6111,core,1892,0.1,4.73,3720,0.03,4.19,B2,noun,0.027147
6112,benefit,1592,0.12,4.82,3284,0.04,4.26,B2,"noun, verb",0.027169
6113,philosophy,3077,0.06,4.49,5117,0.02,4.0,B1,noun,0.027192
6114,flows,5682,0.03,4.14,7983,0.01,3.72,,,0.027193
6115,inventory,5698,0.03,4.14,8027,0.01,3.72,,,0.027193
6116,bacteria,5188,0.03,4.19,7552,0.01,3.76,,,0.027214
6117,equally,3689,0.05,4.39,5882,0.02,3.92,B1,adverb,0.027224
6118,naval,4779,0.03,4.24,7145,0.01,3.8,B2,adjective,0.027227
6119,inspired,2352,0.08,4.63,4310,0.03,4.11,,,0.02723
6120,babe,5938,0.02,4.11,1702,0.1,4.63,,,0.02723
6121,delhi,4365,0.04,4.29,6692,0.02,3.84,,,0.027233
6122,volunteers,4420,0.04,4.29,6720,0.02,3.84,,,0.027233
6123,considered,864,0.22,5.08,2334,0.06,4.46,,,0.027249
6124,cowboys,6776,0.02,4.03,9182,0.01,3.63,,,0.027269
6125,lily,7709,0.02,3.95,2461,0.06,4.43,A1,noun,0.027341
6126,contents,5314,0.03,4.18,7709,0.01,3.75,,,0.027352
6127,hid,9760,0.01,3.79,3439,0.04,4.23,,,0.027363
6128,guidance,4091,0.04,4.33,6393,0.02,3.87,B1,noun,0.027365
6129,radical,4112,0.04,4.33,6471,0.02,3.87,B2,noun,0.027365
6130,texas,1378,0.14,4.89,2973,0.05,4.31,,,0.02741
6131,arch,6865,0.02,4.02,9275,0.01,3.62,B2,noun,0.027412
6132,source,743,0.26,5.15,2115,0.07,4.51,A2,noun,0.027434
6133,conducting,6346,0.02,4.07,8815,0.01,3.66,,,0.027446
6134,health,345,0.51,5.44,1422,0.12,4.73,A1,noun,0.027458
6135,civil,1245,0.16,4.93,2836,0.05,4.34,B1,adjective,0.027463
6136,racist,3522,0.05,4.42,5713,0.02,3.94,B2,noun,0.027472
6137,predicted,5901,0.02,4.12,8229,0.01,3.7,,,0.027472
6138,combination,2432,0.08,4.61,4407,0.03,4.09,B1,noun,0.027481
6139,terrific,8364,0.01,3.9,2695,0.05,4.37,B1,adjective,0.027488
6140,circulation,7539,0.02,3.96,9985,0.01,3.57,,,0.027513
6141,buddy,3603,0.05,4.4,805,0.23,5.01,B1,noun,0.027556
6142,focused,2253,0.08,4.65,4183,0.03,4.12,,,0.027564
6143,memorial,3570,0.05,4.41,5766,0.02,3.93,B2,noun,0.027604
6144,directed,2479,0.07,4.6,4499,0.03,4.08,,,0.027607
6145,republic,2495,0.07,4.6,4502,0.03,4.08,B1,noun,0.027607
6146,objective,3896,0.04,4.36,6144,0.02,3.89,B1,"adjective, noun",0.027622
6147,bury,8396,0.01,3.89,2747,0.05,4.36,A2,verb,0.027622
6148,technology,858,0.23,5.09,2314,0.06,4.46,A1,noun,0.027631
6149,documentary,4229,0.04,4.31,6636,0.02,3.85,B1,noun,0.027634
6150,relation,4262,0.04,4.31,6669,0.02,3.85,B1,noun,0.027634
6151,status,1439,0.14,4.87,3081,0.04,4.29,B1,noun,0.02765
6152,jerk,7148,0.02,4.0,2137,0.07,4.5,,,0.027682
6153,screwed,7176,0.02,4.0,2144,0.07,4.5,,,0.027682
6154,crude,7115,0.02,4.0,9642,0.01,3.6,,,0.027701
6155,forms,1899,0.1,4.73,3768,0.03,4.18,,,0.027712
6156,period,623,0.3,5.21,1971,0.08,4.55,A1,noun,0.027714
6157,siblings,6620,0.02,4.05,9051,0.01,3.64,,,0.027733
6158,assistance,2514,0.07,4.59,4571,0.03,4.07,B1,noun,0.027735
6159,corruption,3934,0.04,4.35,6374,0.02,3.88,B2,noun,0.027756
6160,discount,3938,0.04,4.35,6334,0.02,3.88,B1,noun,0.027756
6161,rio,3977,0.04,4.35,6293,0.02,3.88,,,0.027756
6162,draws,6047,0.02,4.1,8550,0.01,3.68,,,0.027756
6163,suggested,2133,0.09,4.68,4086,0.03,4.14,,,0.027766
6164,des,4664,0.03,4.25,7113,0.01,3.8,,,0.027777
6165,shown,1354,0.15,4.9,2980,0.05,4.31,,,0.027822
6166,upper,1972,0.1,4.72,3807,0.03,4.17,B1,adjective,0.027837
6167,jake,5425,0.03,4.17,1452,0.12,4.72,,,0.027837
6168,speculation,7291,0.02,3.99,9715,0.01,3.59,,,0.027847
6169,cricket,3682,0.05,4.39,5946,0.02,3.91,A2,noun,0.027871
6170,translation,3731,0.05,4.39,5945,0.02,3.91,B2,noun,0.027871
6171,placed,1491,0.13,4.85,3231,0.04,4.27,,,0.027893
6172,alaska,5184,0.03,4.19,7663,0.01,3.75,,,0.027917
6173,value,745,0.26,5.15,2170,0.07,4.5,B2,"noun, verb",0.02792
6174,voted,2420,0.08,4.62,4445,0.03,4.09,,,0.027945
6175,re,593,0.32,5.23,1931,0.08,4.56,,,0.027962
6176,results,595,0.32,5.23,1939,0.08,4.56,,,0.027962
6177,scores,3452,0.05,4.43,5686,0.02,3.94,,,0.027977
6178,storage,2646,0.07,4.57,4753,0.03,4.05,B1,noun,0.027993
6179,races,3779,0.04,4.38,6104,0.02,3.9,,,0.028005
6180,research,402,0.46,5.39,1558,0.11,4.68,B2,"noun, verb",0.028007
6181,aid,1808,0.1,4.75,3717,0.03,4.19,B1,"noun, verb",0.028027
6182,consultant,5775,0.03,4.13,8299,0.01,3.7,B2,noun,0.028055
6183,site,613,0.31,5.22,1993,0.08,4.55,A1,noun,0.028077
6184,dallas,3478,0.05,4.42,5819,0.02,3.93,,,0.028111
6185,houston,3498,0.05,4.42,5777,0.02,3.93,,,0.028111
6186,afraid,2027,0.09,4.7,414,0.59,5.42,A1,adjective,0.028121
6187,creation,2664,0.07,4.56,4839,0.02,4.04,B2,noun,0.028123
6188,perspective,2694,0.07,4.56,4886,0.02,4.04,B2,noun,0.028123
6189,danny,4663,0.03,4.25,1150,0.15,4.83,,,0.028139
6190,bands,3800,0.04,4.37,6241,0.02,3.89,,,0.028141
6191,screaming,3980,0.04,4.35,911,0.21,4.96,,,0.028151
6192,nursing,4175,0.04,4.32,6609,0.02,3.85,,,0.028165
6193,entitled,2943,0.06,4.51,5157,0.02,4.0,,,0.028169
6194,pending,6947,0.02,4.02,9403,0.01,3.61,,,0.028171
6195,appreciation,5853,0.02,4.12,8355,0.01,3.69,B1,noun,0.028199
6196,banner,5857,0.02,4.12,8444,0.01,3.69,,,0.028199
6197,partial,5442,0.03,4.17,7914,0.01,3.73,B1,adjective,0.028201
6198,tactics,5457,0.03,4.17,7854,0.01,3.73,,,0.028201
6199,establish,3230,0.05,4.46,5470,0.02,3.96,A2,verb,0.02821
6200,toast,7624,0.02,3.96,2316,0.06,4.46,A2,noun,0.02821
6201,evolution,3560,0.05,4.41,5916,0.02,3.92,B2,noun,0.028247
6202,somewhat,2763,0.07,4.55,4941,0.02,4.03,B2,adverb,0.028255
6203,conflict,2285,0.08,4.64,4366,0.03,4.1,B1,noun,0.028277
6204,automatic,3862,0.04,4.36,6304,0.02,3.88,A2,adjective,0.028278
6205,interviews,3888,0.04,4.36,6356,0.02,3.88,,,0.028278
6206,attending,4210,0.04,4.31,6708,0.02,3.84,,,0.028304
6207,complex,1449,0.13,4.86,3234,0.04,4.27,B1,adjective,0.028312
6208,anybody,2655,0.07,4.56,563,0.39,5.24,A1,pronoun,0.028322
6209,branches,5010,0.03,4.21,7510,0.01,3.76,,,0.028337
6210,difficulties,5026,0.03,4.21,7599,0.01,3.76,,,0.028337
6211,cab,7658,0.02,3.95,2345,0.06,4.45,A2,noun,0.028345
6212,apply,1624,0.12,4.81,3465,0.04,4.23,A2,verb,0.028389
6213,identified,2349,0.08,4.63,4403,0.03,4.09,,,0.028407
6214,damned,8655,0.01,3.87,2781,0.05,4.35,,,0.028416
6215,claire,7320,0.02,3.98,2182,0.07,4.49,,,0.028436
6216,dedicated,2573,0.07,4.58,4760,0.03,4.05,,,0.028465
6217,boundaries,4657,0.03,4.25,7235,0.01,3.79,,,0.028465
6218,spelling,7181,0.02,4.0,9730,0.01,3.59,B1,noun,0.028468
6219,regarding,2173,0.09,4.67,4222,0.03,4.12,B1,preposition,0.028474
6220,savings,3393,0.05,4.44,5688,0.02,3.94,,,0.02848
6221,diagnosed,6558,0.02,4.05,9220,0.01,3.63,,,0.028483
6222,thesis,6636,0.02,4.05,9170,0.01,3.63,B2,noun,0.028483
6223,tackle,5636,0.03,4.15,8138,0.01,3.71,B2,verb,0.028488
6224,traditions,6107,0.02,4.1,8628,0.01,3.67,,,0.02849
6225,rate,752,0.26,5.14,2224,0.07,4.48,B2,"noun, verb",0.028527
6226,dad,1182,0.17,4.95,211,1.31,5.77,A1,noun,0.028542
6227,restaurants,4045,0.04,4.34,6523,0.02,3.86,,,0.028554
6228,overseas,4396,0.04,4.29,6932,0.01,3.82,A2,"adjective, adverb",0.028584
6229,images,1830,0.1,4.75,3758,0.03,4.18,,,0.028591
6230,uses,1413,0.14,4.88,3135,0.04,4.28,,,0.028604
6231,amen,7880,0.02,3.93,2450,0.06,4.43,,,0.028617
6232,steep,7292,0.02,3.99,9858,0.01,3.58,B1,adjective,0.028619
6233,successor,7295,0.02,3.99,9891,0.01,3.58,,,0.028619
6234,taiwan,6746,0.02,4.04,9289,0.01,3.62,,,0.028632
6235,curve,5671,0.03,4.14,8329,0.01,3.7,B1,noun,0.028634
6236,slot,6184,0.02,4.09,8745,0.01,3.66,B1,noun,0.028637
6237,stole,5087,0.03,4.21,1263,0.14,4.79,,,0.028642
6238,solo,2464,0.08,4.61,4572,0.03,4.07,B2,"adjective, adverb, noun",0.028669
6239,particularly,1173,0.17,4.96,2825,0.05,4.34,B1,adverb,0.028674
6240,appeared,1551,0.13,4.83,3388,0.04,4.24,,,0.028688
6241,mechanical,4099,0.04,4.33,6671,0.02,3.85,B1,adjective,0.028694
6242,dont,1856,0.1,4.74,3862,0.03,4.17,,,0.02872
6243,turkish,4500,0.04,4.28,6972,0.01,3.81,,,0.028725
6244,percent,974,0.2,5.04,2567,0.06,4.4,,,0.028727
6245,environment,1424,0.14,4.87,3213,0.04,4.27,B2,noun,0.028729
6246,importance,2683,0.07,4.56,4899,0.02,4.03,A2,noun,0.028731
6247,specifically,2269,0.08,4.65,4388,0.03,4.1,B2,adverb,0.028735
6248,principles,3521,0.05,4.42,5872,0.02,3.92,,,0.028754
6249,metro,5338,0.03,4.18,7967,0.01,3.73,,,0.028769
6250,permitted,5821,0.03,4.13,8460,0.01,3.69,,,0.028781
6251,games,344,0.51,5.44,1492,0.11,4.7,,,0.028788
6252,whistle,8626,0.01,3.88,2719,0.05,4.37,B2,"noun, verb",0.028797
6253,registration,4185,0.04,4.32,6740,0.02,3.84,B1,noun,0.028835
6254,challenging,4508,0.03,4.27,7117,0.01,3.8,B1,adjective,0.028868
6255,gardens,4529,0.03,4.27,7096,0.01,3.8,,,0.028868
6256,filthy,9608,0.01,3.8,3195,0.04,4.27,,,0.028868
6257,sorry,682,0.28,5.18,118,2.84,6.1,A1,adjective,0.028922
6258,approval,2978,0.06,4.5,5349,0.02,3.98,B1,noun,0.028925
6259,reply,3020,0.06,4.5,5382,0.02,3.98,B1,"noun, verb",0.028925
6260,broadcasting,6874,0.02,4.02,9659,0.01,3.6,,,0.028933
6261,dictionary,6891,0.02,4.02,9643,0.01,3.6,A1,noun,0.028933
6262,testament,6423,0.02,4.07,8973,0.01,3.64,,,0.028935
6263,cos,6553,0.02,4.05,1834,0.09,4.59,,,0.028935
6264,frequency,3881,0.04,4.36,6442,0.02,3.87,B1,noun,0.028937
6265,profits,3900,0.04,4.36,6413,0.02,3.87,,,0.028937
6266,molly,8694,0.01,3.87,2727,0.05,4.36,,,0.028937
6267,ex,1633,0.12,4.81,3510,0.04,4.22,,,0.028943
6268,florida,1792,0.11,4.76,3731,0.03,4.18,,,0.029028
6269,gradually,5045,0.03,4.21,7673,0.01,3.75,A2,adverb,0.02904
6270,dare,4222,0.04,4.31,963,0.19,4.93,B1,verb,0.029047
6271,requires,2175,0.09,4.67,4315,0.03,4.11,,,0.029058
6272,charts,5484,0.03,4.16,8157,0.01,3.71,,,0.029062
6273,recovery,2591,0.07,4.58,4877,0.02,4.04,B1,noun,0.02907
6274,yelling,6754,0.02,4.04,1872,0.08,4.58,,,0.02907
6275,mixing,5984,0.02,4.11,8646,0.01,3.67,,,0.029077
6276,gonna,512,0.36,5.29,88,4.13,6.26,,,0.029085
6277,ar,6436,0.02,4.06,9134,0.01,3.63,,,0.029085
6278,switching,6527,0.02,4.06,9158,0.01,3.63,,,0.029085
6279,precision,7042,0.02,4.01,9798,0.01,3.59,,,0.029086
6280,capital,1044,0.19,5.01,2715,0.05,4.37,A2,noun,0.029096
6281,committee,1046,0.19,5.01,2704,0.05,4.37,A2,noun,0.029096
6282,potential,1057,0.19,5.01,2702,0.05,4.37,B1,"adjective, noun",0.029096
6283,inquiry,4681,0.03,4.25,7374,0.01,3.78,,,0.029156
6284,occasionally,3710,0.05,4.39,6178,0.02,3.89,B1,adverb,0.029172
6285,diagnosis,5121,0.03,4.2,7772,0.01,3.74,,,0.029186
6286,collection,1161,0.17,4.96,2857,0.05,4.33,A1,noun,0.029199
6287,extend,4016,0.04,4.34,6677,0.02,3.85,B1,verb,0.029221
6288,rapidly,4042,0.04,4.34,6645,0.02,3.85,B1,adverb,0.029221
6289,warfare,6640,0.02,4.05,9290,0.01,3.62,,,0.029237
6290,shades,7177,0.02,4.0,9846,0.01,3.58,,,0.02924
6291,aw,5760,0.03,4.13,1488,0.11,4.7,,,0.029242
6292,welfare,3458,0.05,4.43,5862,0.02,3.92,B2,noun,0.029259
6293,joey,8053,0.02,3.92,2433,0.06,4.43,,,0.029259
6294,followers,4377,0.04,4.29,7052,0.01,3.81,,,0.029264
6295,performance,718,0.27,5.16,2222,0.07,4.48,A2,noun,0.029269
6296,injury,1865,0.1,4.74,3953,0.03,4.16,B1,noun,0.029289
6297,apologize,5473,0.03,4.16,1393,0.12,4.74,,,0.029289
6298,tommy,5560,0.03,4.16,1390,0.12,4.74,,,0.029289
6299,colored,5202,0.03,4.19,7965,0.01,3.73,,,0.029334
6300,household,3171,0.05,4.47,5594,0.02,3.95,B1,noun,0.029339
6301,culture,987,0.2,5.03,2657,0.05,4.38,A1,noun,0.029363
6302,donna,9036,0.01,3.84,2871,0.05,4.33,,,0.029364
6303,profile,1610,0.12,4.82,3504,0.04,4.22,B2,noun,0.029368
6304,appearances,6113,0.02,4.09,8901,0.01,3.65,,,0.029379
6305,however,237,0.71,5.58,1258,0.14,4.79,A2,adverb,0.029385
6306,inspiring,6697,0.02,4.04,9421,0.01,3.61,,,0.02939
6307,nevada,6712,0.02,4.04,9425,0.01,3.61,,,0.02939
6308,puerto,6727,0.02,4.04,9428,0.01,3.61,,,0.02939
6309,activity,1444,0.13,4.86,3324,0.04,4.25,A1,noun,0.0294
6310,ricky,8197,0.02,3.91,2483,0.06,4.42,,,0.0294
6311,jan,2949,0.06,4.51,5357,0.02,3.98,,,0.029412
6312,description,1894,0.1,4.73,3996,0.03,4.15,A2,noun,0.029421
6313,ranks,4884,0.03,4.23,7583,0.01,3.76,,,0.029449
6314,secured,4891,0.03,4.23,7545,0.01,3.76,,,0.029449
6315,degree,1217,0.16,4.94,3024,0.05,4.31,A2,noun,0.029452
6316,offensive,3247,0.05,4.46,5695,0.02,3.94,B1,adjective,0.029478
6317,poverty,3251,0.05,4.46,5705,0.02,3.94,B1,noun,0.029478
6318,qualified,3254,0.05,4.46,5697,0.02,3.94,B1,adjective,0.029478
6319,verse,5377,0.03,4.18,8057,0.01,3.72,B2,"noun, verb",0.029482
6320,community,454,0.41,5.34,1750,0.09,4.61,B2,noun,0.029494
6321,marry,3637,0.05,4.4,742,0.26,5.06,A2,verb,0.0295
6322,addresses,5755,0.03,4.13,8464,0.01,3.68,,,0.02951
6323,sentences,5837,0.03,4.13,8522,0.01,3.68,,,0.02951
6324,result,681,0.28,5.18,2211,0.07,4.49,B1,"noun, verb",0.029516
6325,er,4756,0.03,4.24,1093,0.16,4.85,,,0.02953
6326,celebrities,6222,0.02,4.08,9071,0.01,3.64,,,0.029531
6327,lacking,6260,0.02,4.08,9043,0.01,3.64,,,0.029531
6328,controlled,2523,0.07,4.59,4861,0.02,4.04,,,0.029539
6329,mineral,6809,0.02,4.03,9649,0.01,3.6,B1,noun,0.029545
6330,introduced,1948,0.1,4.72,4077,0.03,4.14,,,0.029554
6331,eddie,5677,0.03,4.14,1435,0.12,4.72,,,0.029554
6332,acceptable,4503,0.03,4.27,7275,0.01,3.79,A2,adjective,0.029555
6333,judy,9774,0.01,3.79,3219,0.04,4.27,,,0.029555
6334,starving,9824,0.01,3.79,3222,0.04,4.27,B2,adjective,0.029555
6335,basic,1358,0.14,4.89,3207,0.04,4.27,A2,adjective,0.029557
6336,russia,1253,0.16,4.93,3062,0.04,4.3,,,0.02958
6337,net,1799,0.11,4.76,3820,0.03,4.17,B1,"adjective, noun",0.029594
6338,determine,2338,0.08,4.63,4573,0.03,4.07,B1,verb,0.029594
6339,remaining,2364,0.08,4.63,4610,0.03,4.07,B2,adjective,0.029594
6340,biology,4921,0.03,4.22,7724,0.01,3.75,B1,noun,0.029597
6341,em,2623,0.07,4.57,530,0.43,5.29,,,0.029624
6342,define,4224,0.04,4.31,6948,0.01,3.82,B1,verb,0.029653
6343,demanded,5874,0.02,4.12,8689,0.01,3.67,,,0.029662
6344,organic,3642,0.05,4.4,6194,0.02,3.89,B1,adjective,0.029684
6345,advanced,1980,0.1,4.71,4146,0.03,4.13,A2,adjective,0.029688
6346,discussion,1992,0.1,4.71,4165,0.03,4.13,A2,noun,0.029688
6347,virtually,4641,0.03,4.26,7370,0.01,3.78,B2,adverb,0.029702
6348,costs,1163,0.17,4.96,2933,0.05,4.32,,,0.029727
6349,designed,1165,0.17,4.96,2926,0.05,4.32,,,0.029727
6350,district,967,0.2,5.04,2664,0.05,4.38,B1,noun,0.029751
6351,retirement,2858,0.06,4.53,5246,0.02,3.99,B2,noun,0.029756
6352,range,793,0.25,5.12,2405,0.06,4.44,B2,"noun, verb",0.029761
6353,fiction,3363,0.05,4.44,5899,0.02,3.92,A2,noun,0.029761
6354,candidate,2193,0.09,4.66,4396,0.03,4.09,B2,noun,0.02978
6355,madrid,4314,0.04,4.3,7025,0.01,3.81,,,0.0298
6356,keyboard,5978,0.02,4.11,8756,0.01,3.66,B1,noun,0.029815
6357,openly,5990,0.02,4.11,8759,0.01,3.66,B2,adverb,0.029815
6358,liar,6931,0.02,4.02,1912,0.08,4.57,B1,noun,0.029815
6359,intended,2045,0.09,4.7,4204,0.03,4.12,,,0.029823
6360,visible,3732,0.05,4.39,6311,0.02,3.88,B1,adjective,0.029828
6361,exploring,6468,0.02,4.06,9244,0.01,3.62,,,0.029839
6362,sierra,6520,0.02,4.06,9241,0.01,3.62,,,0.029839
6363,beliefs,4655,0.03,4.25,7404,0.01,3.77,,,0.029851
6364,revealed,2268,0.08,4.65,4568,0.03,4.08,,,0.029916
6365,taxes,2272,0.08,4.65,4557,0.03,4.08,,,0.029916
6366,tigers,5637,0.03,4.15,8378,0.01,3.69,,,0.029935
6367,genuinely,6054,0.02,4.1,8943,0.01,3.65,B2,adverb,0.029969
6368,novels,6074,0.02,4.1,8847,0.01,3.65,,,0.029969
6369,severely,6097,0.02,4.1,8845,0.01,3.65,B1,adverb,0.029969
6370,hence,3759,0.04,4.38,6394,0.02,3.87,,,0.029972
6371,resident,3782,0.04,4.38,6430,0.02,3.87,B2,"adjective, noun",0.029972
6372,situations,3196,0.05,4.47,5669,0.02,3.94,,,0.029974
6373,indicates,4766,0.03,4.24,7553,0.01,3.76,,,0.03
6374,covers,2937,0.06,4.51,5441,0.02,3.97,,,0.030037
6375,pr,5248,0.03,4.19,8061,0.01,3.72,,,0.030047
6376,investigated,5699,0.03,4.14,8497,0.01,3.68,,,0.030089
6377,effects,1364,0.14,4.89,3281,0.04,4.26,,,0.030099
6378,deals,2527,0.07,4.59,4912,0.02,4.03,,,0.030146
6379,pacific,2548,0.07,4.59,4906,0.02,4.03,A2,adjective,0.030146
6380,convention,2985,0.06,4.5,5535,0.02,3.96,B2,noun,0.03018
6381,display,2339,0.08,4.63,4709,0.03,4.06,B1,"noun, verb",0.030192
6382,sir,934,0.21,5.06,139,2.15,5.98,A1,noun,0.030193
6383,institution,3565,0.05,4.41,6267,0.02,3.89,B2,noun,0.030193
6384,patterns,3575,0.05,4.41,6172,0.02,3.89,,,0.030193
6385,national,290,0.6,5.51,1453,0.12,4.72,A2,adjective,0.030195
6386,united,323,0.55,5.47,1519,0.11,4.69,B2,adjective,0.030225
6387,comment,1392,0.14,4.88,3323,0.04,4.25,B2,"noun, verb",0.030231
6388,bloody,4428,0.04,4.28,979,0.19,4.92,B2,"adjective, adverb",0.030246
6389,anxiety,3278,0.05,4.45,5857,0.02,3.92,B1,noun,0.030261
6390,brazil,2570,0.07,4.58,4984,0.02,4.02,,,0.030287
6391,members,445,0.42,5.35,1785,0.09,4.6,,,0.030302
6392,headline,6793,0.02,4.03,9732,0.01,3.59,B1,noun,0.030311
6393,un,2415,0.08,4.62,4771,0.03,4.05,,,0.030332
6394,psychology,4261,0.04,4.31,7036,0.01,3.81,B2,noun,0.030333
6395,terminal,4275,0.04,4.31,7007,0.01,3.81,B1,noun,0.030333
6396,scale,1575,0.13,4.83,3569,0.04,4.21,A2,noun,0.030347
6397,et,2200,0.09,4.66,4523,0.03,4.08,,,0.030371
6398,social,367,0.49,5.42,1639,0.1,4.65,A1,adjective,0.030373
6399,epic,3941,0.04,4.35,6735,0.02,3.84,,,0.030413
6400,scheme,2643,0.07,4.57,5094,0.02,4.01,B2,noun,0.030428
6401,allied,6323,0.02,4.07,9252,0.01,3.62,,,0.030438
6402,preserved,6397,0.02,4.07,9305,0.01,3.62,,,0.030438
6403,recognised,6405,0.02,4.07,9364,0.01,3.62,,,0.030438
6404,flights,5040,0.03,4.21,7863,0.01,3.73,,,0.030455
6405,claims,1447,0.13,4.86,3435,0.04,4.23,,,0.030498
6406,preliminary,5534,0.03,4.16,8351,0.01,3.69,B2,adjective,0.030508
6407,states,282,0.62,5.52,1438,0.12,4.72,,,0.030518
6408,conditions,1117,0.18,4.98,2910,0.05,4.32,,,0.030524
6409,political,517,0.36,5.29,1972,0.08,4.55,A2,adjective,0.03057
6410,indication,6482,0.02,4.06,9455,0.01,3.61,,,0.030597
6411,distinguished,5123,0.03,4.2,8062,0.01,3.72,B2,adjective,0.030609
6412,occur,3187,0.05,4.47,5809,0.02,3.93,B1,verb,0.030612
6413,cycle,2477,0.07,4.6,4891,0.02,4.03,B1,"noun, verb",0.030614
6414,maid,8819,0.01,3.86,2680,0.05,4.38,,,0.030634
6415,aircraft,2278,0.08,4.64,4697,0.03,4.06,B2,noun,0.030651
6416,debate,2288,0.08,4.64,4678,0.03,4.06,A2,noun,0.030651
6417,admission,5569,0.03,4.15,8498,0.01,3.68,B1,noun,0.030664
6418,traded,5640,0.03,4.15,8579,0.01,3.68,,,0.030664
6419,relate,4792,0.03,4.24,7720,0.01,3.75,B1,verb,0.030702
6420,comeback,6552,0.02,4.05,9676,0.01,3.6,,,0.030757
6421,events,872,0.22,5.08,2631,0.05,4.39,,,0.030776
6422,contain,2984,0.06,4.5,5630,0.02,3.95,B1,verb,0.030811
6423,ai,4818,0.03,4.23,7807,0.01,3.74,,,0.030856
6424,pity,7373,0.02,3.98,2001,0.08,4.54,A2,noun,0.030858
6425,issues,658,0.29,5.19,2261,0.07,4.47,,,0.030863
6426,heated,6146,0.02,4.09,9121,0.01,3.63,,,0.030873
6427,thus,1323,0.15,4.91,3293,0.04,4.26,B1,adverb,0.03092
6428,centre,1180,0.17,4.95,3069,0.04,4.29,,,0.030921
6429,product,1204,0.17,4.95,3123,0.04,4.29,A2,noun,0.030921
6430,heating,5332,0.03,4.18,8301,0.01,3.7,A2,noun,0.030921
6431,suggests,3090,0.06,4.49,5730,0.02,3.94,,,0.030958
6432,publisher,5830,0.03,4.13,8810,0.01,3.66,B1,noun,0.03098
6433,skilled,5841,0.03,4.13,8784,0.01,3.66,B2,adjective,0.03098
6434,valve,5848,0.03,4.13,8805,0.01,3.66,,,0.03098
6435,elite,3622,0.05,4.4,6409,0.02,3.87,B2,noun,0.030997
6436,baltimore,4916,0.03,4.22,7842,0.01,3.73,,,0.031011
6437,web,1883,0.1,4.74,4150,0.03,4.13,A2,noun,0.031013
6438,treaty,4277,0.04,4.31,7107,0.01,3.8,B2,noun,0.031016
6439,contractor,6228,0.02,4.08,9271,0.01,3.62,,,0.031034
6440,merit,6267,0.02,4.08,9257,0.01,3.62,,,0.031034
6441,accurate,2606,0.07,4.57,5179,0.02,4.0,B1,adjective,0.031044
6442,replacement,3389,0.05,4.44,6125,0.02,3.9,B2,noun,0.031054
6443,layers,5431,0.03,4.17,8403,0.01,3.69,,,0.031078
6444,lyrics,3960,0.04,4.35,6812,0.02,3.83,B2,noun,0.031085
6445,outcome,3967,0.04,4.35,6837,0.02,3.83,B2,noun,0.031085
6446,auto,3099,0.06,4.48,5744,0.02,3.93,,,0.031105
6447,represents,3130,0.06,4.48,5764,0.02,3.93,,,0.031105
6448,pm,2086,0.09,4.69,4420,0.03,4.09,,,0.031133
6449,experts,2891,0.06,4.52,5546,0.02,3.96,,,0.03115
6450,slavery,5083,0.03,4.21,7981,0.01,3.72,B1,noun,0.031168
6451,concept,1751,0.11,4.77,3983,0.03,4.15,B1,noun,0.031169
6452,labor,1763,0.11,4.77,4004,0.03,4.15,,,0.031169
6453,intellectual,4310,0.04,4.3,7282,0.01,3.79,B2,"adjective, noun",0.03117
6454,performing,2692,0.07,4.56,5242,0.02,3.99,,,0.031189
6455,tournament,2705,0.07,4.56,5272,0.02,3.99,B1,noun,0.031189
6456,austria,6330,0.02,4.07,9437,0.01,3.61,,,0.031196
6457,matrix,6376,0.02,4.07,9507,0.01,3.61,,,0.031196
6458,oh,359,0.5,5.43,49,7.98,6.55,,,0.031215
6459,texts,4053,0.04,4.34,6870,0.02,3.82,,,0.031238
6460,confess,9306,0.01,3.82,2811,0.05,4.34,B2,verb,0.031238
6461,corporate,2287,0.08,4.64,4766,0.03,4.05,B2,adjective,0.031252
6462,circuit,3154,0.05,4.47,5873,0.02,3.92,B2,noun,0.031254
6463,arizona,3738,0.04,4.38,6665,0.02,3.85,,,0.031299
6464,deciding,5953,0.02,4.11,9087,0.01,3.64,,,0.031301
6465,est,5962,0.02,4.11,9052,0.01,3.64,,,0.031301
6466,owned,1800,0.11,4.76,4096,0.03,4.14,,,0.031309
6467,reported,1096,0.19,5.0,2919,0.05,4.32,,,0.031314
6468,relax,4403,0.04,4.29,900,0.21,4.96,A2,verb,0.031322
6469,southern,1540,0.13,4.84,3628,0.04,4.2,B1,adjective,0.031326
6470,essentially,3489,0.05,4.42,6349,0.02,3.88,B2,adverb,0.031354
6471,april,648,0.29,5.19,2324,0.06,4.46,A1,noun,0.031357
6472,demo,6457,0.02,4.06,9646,0.01,3.6,,,0.031359
6473,parks,4101,0.04,4.33,7008,0.01,3.81,,,0.031392
6474,positions,2363,0.08,4.63,4881,0.02,4.04,,,0.031396
6475,translated,5641,0.03,4.15,8651,0.01,3.67,,,0.031397
6476,march,550,0.34,5.26,2129,0.07,4.51,B1,"noun, verb",0.031429
6477,throughout,1111,0.18,4.99,2988,0.05,4.31,B1,preposition,0.031449
6478,poorly,6082,0.02,4.1,9102,0.01,3.63,,,0.031463
6479,ethics,5217,0.03,4.19,8321,0.01,3.7,,,0.031485
6480,mississippi,5236,0.03,4.19,8232,0.01,3.7,,,0.031485
6481,tablet,6634,0.02,4.05,9734,0.01,3.59,B1,noun,0.031523
6482,network,1023,0.2,5.02,2889,0.05,4.33,B1,noun,0.031571
6483,function,1720,0.11,4.78,4000,0.03,4.15,A2,"noun, verb",0.031601
6484,highest,1457,0.13,4.86,3552,0.04,4.21,,,0.031605
6485,edges,6134,0.02,4.09,9301,0.01,3.62,,,0.031626
6486,closes,7541,0.02,3.96,2050,0.08,4.53,,,0.031631
6487,thread,3399,0.05,4.44,6262,0.02,3.89,B2,noun,0.031705
6488,construction,1137,0.17,4.97,3091,0.04,4.29,B1,noun,0.031721
6489,teams,1155,0.17,4.97,3122,0.04,4.29,,,0.031721
6490,supreme,2090,0.09,4.69,4525,0.03,4.08,,,0.031724
6491,com,4930,0.03,4.22,8072,0.01,3.72,,,0.031724
6492,delete,4935,0.03,4.22,8084,0.01,3.72,B1,verb,0.031724
6493,thailand,4988,0.03,4.22,8008,0.01,3.72,,,0.031724
6494,grandma,5967,0.02,4.11,1402,0.12,4.73,A1,noun,0.031736
6495,dubai,6231,0.02,4.08,9499,0.01,3.61,,,0.031791
6496,organised,6273,0.02,4.08,9433,0.01,3.61,,,0.031791
6497,depression,2670,0.07,4.56,5323,0.02,3.98,B1,noun,0.031811
6498,mortgage,3705,0.05,4.39,6638,0.02,3.85,B2,noun,0.031813
6499,yeah,428,0.44,5.37,55,6.95,6.49,A2,adverb,0.03185
6500,affected,2277,0.08,4.64,4855,0.02,4.04,,,0.031855
6501,claimed,2284,0.08,4.64,4821,0.02,4.04,,,0.031855
6502,custom,3421,0.05,4.43,6280,0.02,3.88,A2,noun,0.031858
6503,organization,1280,0.15,4.92,3317,0.04,4.25,,,0.031871
6504,exercises,5882,0.02,4.12,8972,0.01,3.64,,,0.031884
6505,divided,3160,0.05,4.47,5958,0.02,3.91,B2,adjective,0.031898
6506,strongly,3197,0.05,4.47,5942,0.02,3.91,A2,adverb,0.031898
6507,annie,7769,0.02,3.94,2123,0.07,4.51,,,0.031932
6508,tribute,4722,0.03,4.25,7812,0.01,3.74,,,0.031955
6509,consequence,6347,0.02,4.07,9607,0.01,3.6,A2,noun,0.031957
6510,specific,1005,0.2,5.03,2909,0.05,4.33,A2,adjective,0.03196
6511,yield,5567,0.03,4.16,8612,0.01,3.67,B2,verb,0.031969
6512,era,2153,0.09,4.67,4679,0.03,4.06,B1,noun,0.032016
6513,fa,5127,0.03,4.2,8288,0.01,3.7,,,0.032046
6514,convert,5949,0.02,4.11,9126,0.01,3.63,B2,verb,0.032049
6515,champagne,8255,0.01,3.9,2303,0.07,4.46,A2,noun,0.032051
6516,politicians,2803,0.06,4.54,5490,0.02,3.96,,,0.032111
6517,neutral,4782,0.03,4.24,7929,0.01,3.73,B1,adjective,0.032115
6518,terrorism,4805,0.03,4.24,7919,0.01,3.73,B1,noun,0.032115
6519,kansas,3822,0.04,4.37,6787,0.02,3.83,,,0.032124
6520,seeking,2597,0.07,4.58,5200,0.02,3.99,,,0.032133
6521,tips,2601,0.07,4.58,5224,0.02,3.99,,,0.032133
6522,norway,5613,0.03,4.15,8825,0.01,3.66,,,0.032133
6523,whereas,3593,0.05,4.41,6568,0.02,3.86,B2,conjunction,0.032167
6524,elements,2037,0.09,4.7,4543,0.03,4.08,,,0.032171
6525,requests,4483,0.04,4.28,7524,0.01,3.76,,,0.032177
6526,encourage,3295,0.05,4.45,6168,0.02,3.89,A2,verb,0.032204
6527,photography,3325,0.05,4.45,6250,0.02,3.89,A2,noun,0.032204
6528,sufficient,4191,0.04,4.32,7278,0.01,3.79,B1,adjective,0.032233
6529,settlement,3085,0.06,4.49,5866,0.02,3.92,B1,noun,0.032236
6530,designers,6556,0.02,4.05,9952,0.01,3.58,,,0.032293
6531,employees,1631,0.12,4.81,3880,0.03,4.16,,,0.032314
6532,leaders,1640,0.12,4.81,3898,0.03,4.16,,,0.032314
6533,pupils,5351,0.03,4.18,8575,0.01,3.68,,,0.032373
6534,stored,5369,0.03,4.18,8508,0.01,3.68,,,0.032373
6535,tropical,5374,0.03,4.18,8509,0.01,3.68,B1,adjective,0.032373
6536,earliest,6133,0.02,4.09,9511,0.01,3.61,,,0.032383
6537,provide,738,0.26,5.15,2543,0.06,4.41,A2,verb,0.032387
6538,impact,1273,0.15,4.92,3406,0.04,4.24,A2,noun,0.032417
6539,exclusive,2675,0.07,4.56,5413,0.02,3.97,B1,adjective,0.032435
6540,detroit,3937,0.04,4.35,7040,0.01,3.81,,,0.032439
6541,viewers,4997,0.03,4.22,8151,0.01,3.71,,,0.03244
6542,shares,2502,0.07,4.6,5188,0.02,4.0,,,0.03245
6543,daily,899,0.22,5.07,2765,0.05,4.35,A2,"adjective, adverb",0.032456
6544,formed,2112,0.09,4.68,4698,0.03,4.06,,,0.032466
6545,borders,4580,0.03,4.26,7822,0.01,3.74,,,0.0325
6546,link,1108,0.18,4.99,3118,0.04,4.29,B1,"noun, verb",0.032513
6547,developed,1183,0.17,4.95,3295,0.04,4.26,A2,adjective,0.032538
6548,propaganda,5445,0.03,4.17,8701,0.01,3.67,,,0.032539
6549,declared,2723,0.07,4.55,5553,0.02,3.96,,,0.032588
6550,critical,1559,0.13,4.83,3831,0.03,4.17,B1,adjective,0.032593
6551,receiving,2552,0.07,4.59,5220,0.02,3.99,,,0.032601
6552,creator,5021,0.03,4.21,8231,0.01,3.7,B1,noun,0.032604
6553,ms,2167,0.09,4.67,4765,0.03,4.05,,,0.032615
6554,available,524,0.36,5.28,2167,0.07,4.5,B1,adjective,0.032619
6555,federal,768,0.25,5.13,2608,0.06,4.39,B2,adjective,0.03266
6556,participate,3518,0.05,4.42,6550,0.02,3.86,B1,verb,0.032673
6557,connecting,5486,0.03,4.16,8723,0.01,3.66,,,0.032705
6558,marathon,5520,0.03,4.16,8813,0.01,3.66,B2,noun,0.032705
6559,carrier,4353,0.04,4.29,7597,0.01,3.76,,,0.032715
6560,ruling,4408,0.04,4.29,7495,0.01,3.76,,,0.032715
6561,championship,2778,0.06,4.54,5593,0.02,3.95,A2,noun,0.032741
6562,require,1736,0.11,4.78,4111,0.03,4.13,B1,verb,0.032751
6563,claiming,4065,0.04,4.33,7219,0.01,3.79,,,0.03276
6564,stream,2407,0.08,4.62,5046,0.02,4.01,B1,"noun, verb",0.032762
6565,missions,5145,0.03,4.2,8380,0.01,3.69,,,0.03277
6566,data,455,0.41,5.34,2011,0.08,4.54,B2,noun,0.032782
6567,season,315,0.56,5.48,1666,0.1,4.64,B1,noun,0.032808
6568,mama,4774,0.03,4.24,959,0.19,4.93,,,0.032822
6569,celebrated,4744,0.03,4.24,8052,0.01,3.72,,,0.032827
6570,county,650,0.29,5.19,2426,0.06,4.43,B1,noun,0.032849
6571,blacks,5577,0.03,4.15,8876,0.01,3.65,,,0.032873
6572,foundation,1635,0.12,4.81,4003,0.03,4.15,B1,noun,0.032884
6573,presumably,6501,0.02,4.06,9936,0.01,3.58,B2,adverb,0.032894
6574,fool,4378,0.04,4.29,826,0.23,5.0,B1,"noun, verb",0.032907
6575,programme,2641,0.07,4.57,5445,0.02,3.97,,,0.032908
6576,il,4164,0.04,4.32,7386,0.01,3.78,,,0.032922
6577,trials,4198,0.04,4.32,7334,0.01,3.78,,,0.032922
6578,insight,5227,0.03,4.19,8584,0.01,3.68,B1,noun,0.032937
6579,uncle,3342,0.05,4.45,578,0.37,5.22,A1,noun,0.032938
6580,contracts,3611,0.05,4.4,6715,0.02,3.84,,,0.032991
6581,layer,3635,0.05,4.4,6696,0.02,3.84,B1,noun,0.032991
6582,post,360,0.5,5.43,1772,0.09,4.6,A2,"noun, verb",0.033002
6583,cities,1522,0.13,4.84,3823,0.03,4.17,,,0.033013
6584,fans,989,0.2,5.03,3021,0.05,4.31,,,0.033014
6585,offices,3118,0.06,4.48,6097,0.02,3.9,,,0.033037
6586,regardless,3128,0.06,4.48,6038,0.02,3.9,B2,adverb,0.033037
6587,attempting,4505,0.03,4.27,7758,0.01,3.74,,,0.033042
6588,releasing,5728,0.03,4.14,9007,0.01,3.64,,,0.033042
6589,university,407,0.46,5.39,1896,0.08,4.57,A2,noun,0.033064
6590,maximum,2491,0.07,4.6,5211,0.02,3.99,B1,"adjective, noun",0.033068
6591,concerning,4221,0.04,4.31,7472,0.01,3.77,B2,preposition,0.033085
6592,expand,3944,0.04,4.35,7147,0.01,3.8,B1,verb,0.033121
6593,design,689,0.28,5.17,2530,0.06,4.41,B1,"noun, verb",0.033124
6594,competing,4931,0.03,4.22,8236,0.01,3.7,,,0.03316
6595,employer,4942,0.03,4.22,8271,0.01,3.7,B2,noun,0.03316
6596,gap,3166,0.05,4.47,6264,0.02,3.89,B1,noun,0.033195
6597,statements,2966,0.06,4.51,5883,0.02,3.92,,,0.033209
6598,article,841,0.23,5.09,2772,0.05,4.35,A1,noun,0.033216
6599,relations,2174,0.09,4.67,4815,0.02,4.04,,,0.033217
6600,ministry,2356,0.08,4.63,5034,0.02,4.01,,,0.033222
6601,hardware,4307,0.04,4.3,7514,0.01,3.76,B2,noun,0.033249
6602,oxford,3772,0.04,4.38,6907,0.01,3.82,,,0.033314
6603,allegations,6206,0.02,4.08,9727,0.01,3.59,,,0.033317
6604,console,6227,0.02,4.08,9688,0.01,3.59,B2,verb,0.033317
6605,separately,6294,0.02,4.08,9755,0.01,3.59,B2,adverb,0.033317
6606,media,505,0.37,5.3,2175,0.07,4.5,B2,noun,0.033319
6607,negotiations,5066,0.03,4.21,8369,0.01,3.69,,,0.033328
6608,efficient,3484,0.05,4.42,6653,0.02,3.85,B1,adjective,0.033337
6609,railway,3255,0.05,4.46,6276,0.02,3.88,B1,noun,0.033355
6610,decades,2572,0.07,4.58,5416,0.02,3.97,,,0.033378
6611,beijing,5858,0.02,4.12,9383,0.01,3.62,,,0.033385
6612,vocal,5563,0.03,4.16,8844,0.01,3.65,,,0.033445
6613,arguments,4059,0.04,4.33,7312,0.01,3.78,,,0.033449
6614,basis,1626,0.12,4.81,4050,0.03,4.14,B1,noun,0.033457
6615,christians,3801,0.04,4.37,7035,0.01,3.81,,,0.033477
6616,exhibition,3808,0.04,4.37,7018,0.01,3.81,A2,noun,0.033477
6617,completed,1750,0.11,4.77,4292,0.03,4.11,,,0.033479
6618,assumption,6328,0.02,4.07,9940,0.01,3.58,B2,noun,0.033491
6619,vessels,5173,0.03,4.2,8546,0.01,3.68,,,0.033497
6620,version,917,0.22,5.07,2891,0.05,4.33,B2,noun,0.033499
6621,topic,3093,0.06,4.49,6096,0.02,3.9,A1,noun,0.033526
6622,pal,7258,0.02,3.99,1770,0.09,4.61,A2,noun,0.033532
6623,ultimately,2651,0.07,4.57,5495,0.02,3.96,B2,adverb,0.033534
6624,award,1385,0.14,4.88,3688,0.03,4.19,B1,"noun, verb",0.03355
6625,closure,5945,0.02,4.11,9513,0.01,3.61,B2,noun,0.033558
6626,structure,1543,0.13,4.84,3940,0.03,4.16,A2,noun,0.03358
6627,former,528,0.36,5.28,2248,0.07,4.48,B1,adjective,0.033593
6628,title,839,0.23,5.1,2786,0.05,4.35,A2,noun,0.033594
6629,donated,6463,0.02,4.06,9995,0.01,3.57,,,0.033667
6630,consistent,3100,0.06,4.48,6189,0.02,3.89,B2,adjective,0.033687
6631,declaration,6041,0.02,4.1,9590,0.01,3.6,B1,noun,0.033733
6632,mechanism,4540,0.03,4.27,7845,0.01,3.73,,,0.03375
6633,develop,1820,0.1,4.75,4411,0.03,4.09,A2,verb,0.033783
6634,encouraging,5679,0.03,4.14,9107,0.01,3.63,B1,adjective,0.03379
6635,arab,3666,0.05,4.39,6878,0.02,3.82,,,0.033826
6636,stores,2370,0.08,4.63,5145,0.02,4.0,,,0.033836
6637,budget,1593,0.12,4.82,4033,0.03,4.14,A2,"adjective, noun",0.033881
6638,jets,6155,0.02,4.09,9739,0.01,3.59,,,0.033908
6639,coaches,4587,0.03,4.26,8048,0.01,3.72,,,0.033919
6640,occasions,4618,0.03,4.26,7999,0.01,3.72,,,0.033919
6641,recent,977,0.2,5.04,3043,0.04,4.3,A2,adjective,0.033931
6642,disc,5782,0.03,4.13,9298,0.01,3.62,,,0.033965
6643,sterling,5842,0.03,4.13,9294,0.01,3.62,,,0.033965
6644,quality,816,0.24,5.11,2777,0.05,4.35,A2,"adjective, noun",0.03397
6645,remained,2403,0.08,4.62,5243,0.02,3.99,,,0.033993
6646,aunt,5478,0.03,4.16,1103,0.16,4.85,A1,noun,0.033998
6647,investigations,5055,0.03,4.21,8481,0.01,3.68,,,0.034055
6648,commercial,1266,0.15,4.92,3563,0.04,4.21,B2,"adjective, noun",0.03407
6649,similar,626,0.3,5.21,2500,0.06,4.42,A2,adjective,0.034075
6650,response,1000,0.2,5.03,3099,0.04,4.29,A2,noun,0.034077
6651,standard,1006,0.2,5.03,3074,0.04,4.29,B1,"adjective, noun",0.034077
6652,presenting,6284,0.02,4.08,9860,0.01,3.58,,,0.034086
6653,characters,1390,0.14,4.88,3744,0.03,4.18,,,0.034112
6654,tech,2092,0.09,4.69,4879,0.02,4.04,,,0.034115
6655,disabled,4368,0.04,4.29,7779,0.01,3.74,B1,adjective,0.034119
6656,caribbean,5862,0.02,4.12,9408,0.01,3.61,,,0.034141
6657,excessive,5881,0.02,4.12,9519,0.01,3.61,B2,adjective,0.034141
6658,opinions,3574,0.05,4.41,6756,0.02,3.83,,,0.034169
6659,achieved,3037,0.06,4.49,6166,0.02,3.89,,,0.034176
6660,gained,3061,0.06,4.49,6185,0.02,3.89,,,0.034176
6661,method,1664,0.12,4.8,4227,0.03,4.12,A2,noun,0.034185
6662,determination,5493,0.03,4.16,8968,0.01,3.64,B1,noun,0.034188
6663,moreover,5523,0.03,4.16,9006,0.01,3.64,B1,adverb,0.034188
6664,differences,2888,0.06,4.52,5939,0.02,3.91,,,0.034335
6665,printed,3649,0.05,4.4,6895,0.01,3.82,,,0.034336
6666,expectations,3359,0.05,4.44,6581,0.02,3.85,,,0.03434
6667,costa,5589,0.03,4.15,9180,0.01,3.63,,,0.034364
6668,incidents,5602,0.03,4.15,9091,0.01,3.63,,,0.034364
6669,mathematics,5609,0.03,4.15,9133,0.01,3.63,B1,noun,0.034364
6670,western,1064,0.19,5.01,3214,0.04,4.27,B2,adjective,0.034371
6671,alternative,1981,0.1,4.71,4762,0.03,4.05,B1,"adjective, noun",0.034403
6672,fund,1600,0.12,4.82,4147,0.03,4.13,B1,"noun, verb",0.034456
6673,parallel,4546,0.03,4.27,7986,0.01,3.72,,,0.034461
6674,carbon,2717,0.07,4.55,5749,0.02,3.93,B2,noun,0.034487
6675,depth,2725,0.07,4.55,5804,0.02,3.93,B1,noun,0.034487
6676,cant,3928,0.04,4.35,7320,0.01,3.78,,,0.034495
6677,studios,6102,0.02,4.1,9702,0.01,3.59,,,0.034497
6678,opposed,2958,0.06,4.51,6087,0.02,3.9,,,0.034498
6679,towns,3730,0.05,4.39,7055,0.01,3.81,,,0.034503
6680,chart,3152,0.05,4.47,6417,0.02,3.87,A2,noun,0.034505
6681,motivated,5713,0.03,4.14,9329,0.01,3.62,B2,adjective,0.034541
6682,production,751,0.26,5.14,2738,0.05,4.36,A2,noun,0.034571
6683,portland,5348,0.03,4.18,8930,0.01,3.65,,,0.034579
6684,vintage,5379,0.03,4.18,8881,0.01,3.65,,,0.034579
6685,compared,1267,0.15,4.92,3658,0.04,4.2,,,0.034626
6686,goin,7694,0.02,3.95,1846,0.09,4.58,,,0.034634
6687,policy,699,0.28,5.17,2678,0.05,4.38,B1,noun,0.034648
6688,advertising,2771,0.06,4.54,5867,0.02,3.92,A2,noun,0.034651
6689,involvement,4312,0.04,4.3,7834,0.01,3.74,B2,noun,0.034653
6690,petition,4319,0.04,4.3,7809,0.01,3.74,,,0.034653
6691,summit,4337,0.04,4.3,7748,0.01,3.74,B1,noun,0.034653
6692,ceo,3216,0.05,4.46,6547,0.02,3.86,,,0.034671
6693,rapid,3780,0.04,4.38,7081,0.01,3.8,B1,adjective,0.034672
6694,based,285,0.6,5.51,1738,0.09,4.62,,,0.034692
6695,combine,5771,0.03,4.13,9501,0.01,3.61,B1,verb,0.03472
6696,comics,5402,0.03,4.17,9057,0.01,3.64,,,0.034756
6697,repeatedly,5077,0.03,4.21,8631,0.01,3.67,B1,adverb,0.034786
6698,challenges,3046,0.06,4.49,6373,0.02,3.88,,,0.034829
6699,arena,4058,0.04,4.33,7512,0.01,3.76,B2,noun,0.034837
6700,greatly,4090,0.04,4.33,7515,0.01,3.76,A2,adverb,0.034837
6701,enforcement,3296,0.05,4.45,6640,0.02,3.85,,,0.034838
6702,refer,3330,0.05,4.45,6646,0.02,3.85,A2,verb,0.034838
6703,richmond,5913,0.02,4.12,9575,0.01,3.6,,,0.0349
6704,financial,874,0.22,5.08,3013,0.05,4.31,B1,adjective,0.034932
6705,hey,787,0.25,5.12,94,3.99,6.25,A2,interjection,0.034964
6706,operating,1833,0.1,4.75,4582,0.03,4.07,,,0.034965
6707,professionals,4789,0.03,4.24,8441,0.01,3.69,,,0.034985
6708,suggestions,4801,0.03,4.24,8397,0.01,3.69,,,0.034985
6709,sweden,3660,0.05,4.4,7002,0.01,3.81,,,0.035013
6710,diseases,3873,0.04,4.36,7336,0.01,3.78,,,0.035014
6711,representing,3903,0.04,4.36,7308,0.01,3.78,,,0.035014
6712,individual,1082,0.19,5.0,3362,0.04,4.25,B2,"adjective, noun",0.035062
6713,collected,2335,0.08,4.63,5353,0.02,3.98,,,0.035073
6714,alternate,5932,0.02,4.11,9810,0.01,3.59,B2,verb,0.035082
6715,experiences,2733,0.07,4.55,5894,0.02,3.92,,,0.035126
6716,panel,2749,0.07,4.55,5848,0.02,3.92,B2,noun,0.035126
6717,jenny,8442,0.01,3.89,2112,0.07,4.51,,,0.035147
6718,essay,4854,0.03,4.23,8499,0.01,3.68,A2,noun,0.035162
6719,merry,9210,0.01,3.83,2452,0.06,4.43,A1,adjective,0.035176
6720,preferred,3970,0.04,4.35,7463,0.01,3.77,,,0.035186
6721,sergeant,6010,0.02,4.11,1217,0.14,4.81,,,0.035191
6722,sector,2229,0.09,4.66,5170,0.02,4.0,B2,noun,0.035202
6723,linked,2797,0.06,4.54,5959,0.02,3.91,,,0.035293
6724,farms,5680,0.03,4.14,9394,0.01,3.61,,,0.035297
6725,peoples,4623,0.03,4.26,8309,0.01,3.7,,,0.035353
6726,defensive,3747,0.04,4.38,7221,0.01,3.79,,,0.035356
6727,involves,4026,0.04,4.34,7594,0.01,3.76,,,0.03536
6728,producers,4038,0.04,4.34,7600,0.01,3.76,,,0.03536
6729,owners,2264,0.08,4.65,5266,0.02,3.99,,,0.035365
6730,essential,2440,0.08,4.61,5504,0.02,3.96,B1,adjective,0.035401
6731,receiver,6172,0.02,4.09,9997,0.01,3.57,,,0.035449
6732,goodbye,4305,0.04,4.3,712,0.27,5.08,,,0.035461
6733,damages,5780,0.03,4.13,9556,0.01,3.6,,,0.035479
6734,performed,2122,0.09,4.68,5095,0.02,4.01,,,0.035489
6735,alright,3464,0.05,4.42,554,0.41,5.25,A2,"adjective, adverb",0.035505
6736,banned,3544,0.05,4.41,6979,0.01,3.81,,,0.03552
6737,approaches,4652,0.03,4.25,8417,0.01,3.69,,,0.035531
6738,elementary,4081,0.04,4.33,7697,0.01,3.75,A1,adjective,0.035536
6739,fundamental,4087,0.04,4.33,7728,0.01,3.75,B2,adjective,0.035536
6740,teen,4127,0.04,4.33,7704,0.01,3.75,B1,noun,0.035536
6741,estimate,4373,0.04,4.29,8087,0.01,3.72,B1,"noun, verb",0.035536
6742,active,1239,0.16,4.93,3696,0.03,4.19,B1,adjective,0.035588
6743,click,1594,0.12,4.82,4273,0.03,4.11,A2,"noun, verb",0.035614
6744,values,2186,0.09,4.67,5131,0.02,4.0,,,0.035653
6745,ahh,8752,0.01,3.86,2245,0.07,4.48,,,0.035655
6746,athletic,5855,0.02,4.12,9773,0.01,3.59,B1,adjective,0.035664
6747,occasional,5896,0.02,4.12,9743,0.01,3.59,B1,adjective,0.035664
6748,introducing,5511,0.03,4.16,9359,0.01,3.62,,,0.035686
6749,elected,2341,0.08,4.63,5452,0.02,3.97,,,0.035695
6750,cultures,5114,0.03,4.2,8837,0.01,3.65,,,0.035701
6751,suspension,4804,0.03,4.24,8463,0.01,3.68,,,0.035711
6752,gulf,4454,0.04,4.28,8166,0.01,3.71,,,0.035714
6753,owe,5820,0.03,4.13,1098,0.16,4.85,B1,verb,0.035714
6754,models,1871,0.1,4.74,4783,0.03,4.05,,,0.035722
6755,league,772,0.25,5.13,2906,0.05,4.33,B1,noun,0.035758
6756,ct,5951,0.02,4.11,9948,0.01,3.58,,,0.03585
6757,reflect,3717,0.05,4.39,7253,0.01,3.79,A2,verb,0.035868
6758,traditional,1545,0.13,4.84,4210,0.03,4.12,A2,adjective,0.035874
6759,online,659,0.29,5.19,2689,0.05,4.37,A2,"adjective, adverb",0.035889
6760,commission,1299,0.15,4.91,3840,0.03,4.17,B2,noun,0.035902
6761,independence,2582,0.07,4.58,5753,0.02,3.93,A2,noun,0.035902
6762,philadelphia,3519,0.05,4.42,7034,0.01,3.81,,,0.036024
6763,females,3753,0.04,4.38,7306,0.01,3.78,,,0.036044
6764,meaningful,5710,0.03,4.14,9669,0.01,3.6,B1,adjective,0.036056
6765,mixture,5341,0.03,4.18,9218,0.01,3.63,B2,noun,0.036068
6766,detective,5025,0.03,4.21,886,0.21,4.97,B1,noun,0.036073
6767,briefly,4923,0.03,4.22,8734,0.01,3.66,B1,adverb,0.036074
6768,unity,4995,0.03,4.22,8778,0.01,3.66,,,0.036074
6769,intervention,4609,0.03,4.26,8402,0.01,3.69,,,0.036075
6770,refugees,4626,0.03,4.26,8375,0.01,3.69,,,0.036075
6771,ah,2325,0.08,4.63,315,0.84,5.57,,,0.03614
6772,surrounding,3091,0.06,4.49,6538,0.02,3.86,B1,adjective,0.036143
6773,systems,916,0.22,5.07,3138,0.04,4.28,,,0.036146
6774,previous,1093,0.19,5.0,3469,0.04,4.23,B1,adjective,0.036153
6775,beg,6544,0.02,4.05,1355,0.13,4.75,A2,verb,0.036157
6776,directors,3290,0.05,4.45,6833,0.02,3.83,,,0.036174
6777,larger,1605,0.12,4.82,4363,0.03,4.1,,,0.036196
6778,maggie,9628,0.01,3.8,2525,0.06,4.41,,,0.0362
6779,gaining,5793,0.03,4.13,9709,0.01,3.59,,,0.036243
6780,expanding,5415,0.03,4.17,9333,0.01,3.62,,,0.036253
6781,considerable,4661,0.03,4.25,8571,0.01,3.68,B1,adjective,0.036257
6782,farming,5036,0.03,4.21,8942,0.01,3.65,B1,noun,0.036258
6783,eastern,1718,0.11,4.78,4607,0.03,4.07,B1,adjective,0.03626
6784,platform,2170,0.09,4.67,5247,0.02,3.99,B1,noun,0.036269
6785,northern,1489,0.13,4.85,4235,0.03,4.12,B1,adjective,0.036291
6786,mini,3377,0.05,4.44,6964,0.01,3.82,,,0.036349
6787,initiative,3887,0.04,4.36,7521,0.01,3.76,B2,noun,0.0364
6788,daddy,3870,0.04,4.36,606,0.35,5.19,A1,noun,0.036403
6789,efforts,1756,0.11,4.77,4671,0.03,4.06,,,0.036425
6790,repeated,4481,0.04,4.28,8267,0.01,3.7,,,0.036432
6791,bronze,5104,0.03,4.2,9016,0.01,3.64,B1,noun,0.036443
6792,wright,5180,0.03,4.2,9068,0.01,3.64,,,0.036443
6793,investment,1528,0.13,4.84,4305,0.03,4.11,B2,noun,0.036453
6794,resources,1317,0.15,4.91,3911,0.03,4.16,,,0.036468
6795,studies,1130,0.18,4.98,3593,0.04,4.21,,,0.036469
6796,per,339,0.53,5.45,2013,0.08,4.54,B1,preposition,0.036473
6797,winners,3459,0.05,4.43,7021,0.01,3.81,,,0.036526
6798,cheers,5768,0.03,4.13,1074,0.17,4.87,,,0.036543
6799,im,2077,0.09,4.69,5106,0.02,4.0,,,0.036548
6800,originally,2084,0.09,4.69,5161,0.02,4.0,B2,adverb,0.036548
6801,pro,1232,0.16,4.94,3795,0.03,4.18,A2,noun,0.03655
6802,majesty,6588,0.02,4.05,1326,0.13,4.76,,,0.03659
6803,boards,4215,0.04,4.31,8000,0.01,3.72,,,0.0366
6804,forgive,4672,0.03,4.25,757,0.25,5.04,B1,verb,0.036615
6805,outstanding,3014,0.06,4.5,6517,0.02,3.86,B1,adjective,0.036629
6806,whore,8877,0.01,3.86,2160,0.07,4.5,,,0.036629
6807,restricted,5259,0.03,4.19,9205,0.01,3.63,,,0.03663
6808,draft,2438,0.08,4.61,5725,0.02,3.94,,,0.036661
6809,representative,2642,0.07,4.57,5981,0.02,3.91,B1,noun,0.036712
6810,channels,3743,0.04,4.38,7409,0.01,3.77,,,0.036735
6811,designs,3748,0.04,4.38,7462,0.01,3.77,,,0.036735
6812,iv,3762,0.04,4.38,7416,0.01,3.77,,,0.036735
6813,regime,4325,0.04,4.3,8132,0.01,3.71,B2,noun,0.036783
6814,effective,1363,0.14,4.89,4036,0.03,4.14,B1,adjective,0.036791
6815,addressed,4570,0.03,4.26,8544,0.01,3.68,,,0.0368
6816,bases,5295,0.03,4.18,9335,0.01,3.62,,,0.036818
6817,reserve,2496,0.07,4.6,5737,0.02,3.93,B1,"noun, verb",0.036833
6818,eh,4595,0.03,4.26,732,0.26,5.06,,,0.03684
6819,contained,3286,0.05,4.45,6876,0.02,3.82,,,0.036846
6820,multiple,1277,0.15,4.92,3916,0.03,4.16,B2,adjective,0.036872
6821,engineers,3559,0.05,4.41,7288,0.01,3.79,,,0.036883
6822,drivers,2672,0.07,4.56,6100,0.02,3.9,,,0.036886
6823,allows,2142,0.09,4.67,5296,0.02,3.98,,,0.036887
6824,muslim,2168,0.09,4.67,5371,0.02,3.98,,,0.036887
6825,atlanta,3799,0.04,4.37,7576,0.01,3.76,,,0.036915
6826,sales,1028,0.2,5.02,3474,0.04,4.23,,,0.036932
6827,global,1188,0.17,4.95,3760,0.03,4.18,B1,adjective,0.03695
6828,journalists,4389,0.04,4.29,8270,0.01,3.7,,,0.036967
6829,communications,2521,0.07,4.59,5861,0.02,3.92,,,0.037006
6830,prospect,5827,0.03,4.13,9830,0.01,3.58,B2,noun,0.03701
6831,exposure,3361,0.05,4.44,7049,0.01,3.81,,,0.037025
6832,election,870,0.22,5.08,3226,0.04,4.27,B1,noun,0.037061
6833,jr,2739,0.07,4.55,6228,0.02,3.89,,,0.037061
6834,managing,3636,0.05,4.4,7330,0.01,3.78,,,0.037063
6835,executive,1425,0.14,4.87,4218,0.03,4.12,B2,"adjective, noun",0.037119
6836,operations,1433,0.14,4.87,4246,0.03,4.12,,,0.037119
6837,encouraged,4154,0.04,4.32,8053,0.01,3.72,,,0.037128
6838,publicly,4479,0.04,4.28,8448,0.01,3.69,B1,adverb,0.037153
6839,extent,3163,0.05,4.47,6848,0.02,3.83,B1,noun,0.037161
6840,tax,758,0.26,5.14,2970,0.05,4.31,B1,noun,0.037177
6841,current,539,0.35,5.27,2581,0.06,4.4,B1,adjective,0.037216
6842,related,835,0.23,5.1,3150,0.04,4.28,B2,adjective,0.037279
6843,medium,2454,0.08,4.61,5754,0.02,3.93,B1,"adjective, noun",0.037295
6844,giants,4238,0.04,4.31,8097,0.01,3.71,,,0.037313
6845,methods,2119,0.09,4.68,5304,0.02,3.98,,,0.037336
6846,brazilian,4827,0.03,4.23,8855,0.01,3.65,,,0.037362
6847,earning,4852,0.03,4.23,8916,0.01,3.65,,,0.037362
6848,peak,2847,0.06,4.53,6460,0.02,3.87,B2,noun,0.037415
6849,lt,5608,0.03,4.15,973,0.19,4.92,,,0.03744
6850,ii,1020,0.2,5.02,3502,0.04,4.22,,,0.037481
6851,series,450,0.42,5.35,2377,0.06,4.45,B1,noun,0.037484
6852,collective,4290,0.04,4.3,8339,0.01,3.7,,,0.0375
6853,applied,2144,0.09,4.67,5451,0.02,3.97,,,0.037509
6854,targeted,4986,0.03,4.22,9001,0.01,3.64,,,0.037553
6855,education,526,0.36,5.28,2571,0.06,4.4,A2,noun,0.037566
6856,amounts,3540,0.05,4.41,7338,0.01,3.78,,,0.037569
6857,perception,5346,0.03,4.18,9397,0.01,3.61,B2,noun,0.037572
6858,yourselves,8881,0.01,3.86,2086,0.07,4.52,,,0.037594
6859,ensure,2039,0.09,4.7,5205,0.02,3.99,B1,verb,0.037608
6860,israel,1761,0.11,4.77,4829,0.02,4.04,,,0.037621
6861,population,1056,0.19,5.01,3589,0.04,4.21,A2,noun,0.037643
6862,corporation,2524,0.07,4.59,6013,0.02,3.91,B2,noun,0.037647
6863,continuing,3101,0.06,4.48,6819,0.02,3.83,,,0.037651
6864,accounting,4346,0.04,4.29,8410,0.01,3.69,,,0.037688
6865,maintenance,2741,0.07,4.55,6329,0.02,3.88,B1,noun,0.037712
6866,origin,2747,0.07,4.55,6366,0.02,3.88,B1,noun,0.037712
6867,writers,2769,0.07,4.55,6347,0.02,3.88,,,0.037712
6868,vehicles,2418,0.08,4.62,5786,0.02,3.93,,,0.037755
6869,largest,1345,0.15,4.9,4113,0.03,4.13,,,0.037772
6870,domestic,2070,0.09,4.69,5365,0.02,3.98,B2,adjective,0.037782
6871,minimum,2081,0.09,4.69,5312,0.02,3.98,B1,"adjective, noun",0.037782
6872,including,278,0.62,5.52,1918,0.08,4.56,B1,preposition,0.037793
6873,equipped,4445,0.04,4.28,8532,0.01,3.68,,,0.037878
6874,speakers,4797,0.03,4.24,8838,0.01,3.65,,,0.03791
6875,regulations,3019,0.06,4.5,6749,0.02,3.84,,,0.037955
6876,email,2107,0.09,4.68,5438,0.02,3.97,A2,verb,0.037956
6877,technical,1842,0.1,4.75,4979,0.02,4.02,B2,adjective,0.037965
6878,dynamic,4231,0.04,4.31,8235,0.01,3.7,B2,adjective,0.03803
6879,approximately,2281,0.08,4.64,5658,0.02,3.94,B1,adverb,0.038035
6880,types,1509,0.13,4.85,4398,0.03,4.09,,,0.038036
6881,items,1726,0.11,4.78,4813,0.02,4.04,,,0.03805
6882,excuse,2676,0.07,4.56,341,0.76,5.53,B1,"noun, verb",0.038111
6883,sought,3087,0.06,4.49,6842,0.02,3.83,,,0.038138
6884,universal,3095,0.06,4.49,6815,0.02,3.83,B2,adjective,0.038138
6885,funds,1862,0.1,4.74,5058,0.02,4.01,,,0.038139
6886,june,621,0.3,5.21,2837,0.05,4.34,A1,noun,0.038157
6887,monitoring,4033,0.04,4.34,8024,0.01,3.72,,,0.038175
6888,analysis,1292,0.15,4.91,4132,0.03,4.13,B1,noun,0.038178
6889,knocking,8565,0.01,3.88,1930,0.08,4.56,,,0.038184
6890,alongside,3276,0.05,4.45,7161,0.01,3.8,B2,preposition,0.0382
6891,sa,4329,0.04,4.3,8447,0.01,3.69,,,0.03822
6892,decade,2886,0.06,4.52,6584,0.02,3.85,B2,noun,0.038255
6893,gosh,8296,0.01,3.9,1815,0.09,4.59,,,0.038291
6894,canada,1134,0.17,4.97,3861,0.03,4.17,,,0.038305
6895,significance,5363,0.03,4.18,9560,0.01,3.6,B1,noun,0.038329
6896,compensation,4068,0.04,4.33,8177,0.01,3.71,B2,noun,0.038365
6897,literature,2395,0.08,4.62,5843,0.02,3.92,B1,noun,0.038392
6898,improve,1696,0.11,4.79,4838,0.02,4.04,A2,verb,0.038477
6899,forming,5042,0.03,4.21,9260,0.01,3.62,,,0.038494
6900,operational,5069,0.03,4.21,9385,0.01,3.62,,,0.038494
6901,roughly,3905,0.04,4.36,7893,0.01,3.73,A2,adverb,0.038504
6902,diabetes,5413,0.03,4.17,9809,0.01,3.59,,,0.038527
6903,apparent,4138,0.04,4.32,8266,0.01,3.7,B1,adjective,0.038557
6904,preparation,4181,0.04,4.32,8279,0.01,3.7,B1,noun,0.038557
6905,contains,2105,0.09,4.68,5477,0.02,3.96,,,0.03858
6906,album,1010,0.2,5.02,3657,0.04,4.2,A1,noun,0.038584
6907,recommended,3018,0.06,4.5,6791,0.02,3.83,,,0.038623
6908,potentially,3715,0.05,4.39,7731,0.01,3.75,B2,adverb,0.038636
6909,thief,8618,0.01,3.88,1914,0.08,4.57,A2,noun,0.038654
6910,approved,2280,0.08,4.64,5815,0.02,3.93,,,0.038668
6911,beta,5101,0.03,4.2,9487,0.01,3.61,,,0.038691
6912,courts,3224,0.05,4.46,7129,0.01,3.8,,,0.038694
6913,mainly,2490,0.07,4.6,6079,0.02,3.9,A2,adverb,0.038754
6914,languages,3507,0.05,4.42,7415,0.01,3.77,,,0.038762
6915,whilst,3794,0.04,4.38,7826,0.01,3.74,,,0.038826
6916,depending,2669,0.07,4.56,6452,0.02,3.87,,,0.038838
6917,mode,2357,0.08,4.63,5860,0.02,3.92,,,0.03885
6918,produced,1436,0.14,4.87,4469,0.03,4.09,,,0.038863
6919,levels,1142,0.17,4.97,3893,0.03,4.16,,,0.038869
6920,finals,3298,0.05,4.45,7267,0.01,3.79,,,0.038882
6921,christianity,5199,0.03,4.19,9540,0.01,3.6,,,0.03889
6922,electronics,5213,0.03,4.19,9667,0.01,3.6,B2,noun,0.03889
6923,partly,4318,0.04,4.3,8583,0.01,3.68,A2,adverb,0.038944
6924,rail,3579,0.05,4.41,7539,0.01,3.76,B1,noun,0.038952
6925,partnership,3120,0.06,4.48,7067,0.01,3.81,B2,noun,0.038997
6926,fi,4603,0.03,4.26,8854,0.01,3.65,,,0.038998
6927,scope,4632,0.03,4.26,8836,0.01,3.65,B1,noun,0.038998
6928,industry,656,0.29,5.19,3014,0.05,4.31,B1,noun,0.039003
6929,interior,2737,0.07,4.55,6535,0.02,3.86,B2,noun,0.039023
6930,hello,1944,0.1,4.72,193,1.41,5.8,A1,noun,0.039035
6931,argentina,4915,0.03,4.22,9284,0.01,3.62,,,0.039046
6932,motivation,4965,0.03,4.22,9242,0.01,3.62,B1,noun,0.039046
6933,laughter,6065,0.02,4.1,1033,0.17,4.89,B1,noun,0.039099
6934,services,494,0.38,5.31,2614,0.06,4.39,,,0.039111
6935,asia,2243,0.08,4.65,5778,0.02,3.93,,,0.039122
6936,installed,3632,0.05,4.4,7738,0.01,3.75,,,0.039143
6937,african,1590,0.12,4.82,4736,0.03,4.05,,,0.039147
6938,schools,956,0.21,5.05,3583,0.04,4.21,,,0.039185
6939,officials,2120,0.09,4.68,5604,0.02,3.95,,,0.039207
6940,transformation,5093,0.03,4.21,9483,0.01,3.61,B1,noun,0.039246
6941,veteran,5094,0.03,4.21,9418,0.01,3.61,B2,noun,0.039246
6942,international,435,0.43,5.36,2514,0.06,4.42,A2,adjective,0.039311
6943,experimental,4447,0.04,4.28,8737,0.01,3.66,,,0.039338
6944,printing,4477,0.04,4.28,8764,0.01,3.66,,,0.039338
6945,factor,2154,0.09,4.67,5726,0.02,3.94,B2,noun,0.039389
6946,applying,4736,0.03,4.24,9151,0.01,3.63,,,0.039395
6947,treasury,4808,0.03,4.24,9131,0.01,3.63,,,0.039395
6948,okay,930,0.21,5.06,74,4.96,6.34,,,0.039397
6949,economy,1423,0.14,4.87,4517,0.03,4.08,B1,noun,0.039449
6950,bye,3674,0.05,4.39,499,0.47,5.32,A1,noun,0.039455
6951,fewer,4236,0.04,4.31,8502,0.01,3.68,,,0.039474
6952,trading,2372,0.08,4.63,5941,0.02,3.91,,,0.039489
6953,assets,2656,0.07,4.56,6515,0.02,3.86,,,0.039494
6954,independent,1249,0.16,4.93,4212,0.03,4.12,B1,adjective,0.039559
6955,losses,3311,0.05,4.45,7325,0.01,3.78,,,0.039567
6956,sub,2236,0.09,4.66,5826,0.02,3.93,,,0.039573
6957,shipping,2915,0.06,4.52,6852,0.02,3.83,B2,noun,0.039585
6958,contribution,4009,0.04,4.34,8307,0.01,3.7,B1,noun,0.039603
6959,located,1460,0.13,4.86,4597,0.03,4.07,,,0.039626
6960,aspect,3543,0.05,4.41,7719,0.01,3.75,B1,noun,0.039648
6961,foods,3561,0.05,4.41,7627,0.01,3.75,,,0.039648
6962,required,1027,0.2,5.02,3740,0.03,4.18,,,0.039698
6963,removing,4627,0.03,4.26,9084,0.01,3.64,,,0.039737
6964,responded,4629,0.03,4.26,8985,0.01,3.64,,,0.039737
6965,techniques,2969,0.06,4.51,6893,0.01,3.82,,,0.039776
6966,gospel,5328,0.03,4.18,9935,0.01,3.58,,,0.039855
6967,relevant,2461,0.08,4.61,6173,0.02,3.89,B2,adjective,0.039862
6968,recognition,3192,0.05,4.47,7208,0.01,3.79,B2,noun,0.039867
6969,capacity,1988,0.1,4.71,5523,0.02,3.96,B1,noun,0.03991
6970,climate,1990,0.1,4.71,5506,0.02,3.96,B1,noun,0.03991
6971,term,600,0.32,5.23,2914,0.05,4.32,B1,noun,0.039911
6972,achievement,3857,0.04,4.36,8219,0.01,3.71,B1,noun,0.039923
6973,offers,1872,0.1,4.74,5344,0.02,3.98,,,0.03998
6974,reference,1876,0.1,4.74,5305,0.02,3.98,B2,noun,0.03998
6975,advocate,5003,0.03,4.21,9570,0.01,3.6,,,0.040003
6976,average,704,0.27,5.16,3215,0.04,4.27,A2,"adjective, noun",0.040034
6977,stocks,4492,0.04,4.28,8892,0.01,3.65,,,0.040073
6978,institute,1663,0.12,4.8,4955,0.02,4.02,B1,noun,0.040107
6979,shouting,7501,0.02,3.97,1408,0.12,4.73,,,0.040164
6980,application,1446,0.13,4.86,4688,0.03,4.06,B1,noun,0.040218
6981,goddamn,7232,0.02,3.99,1338,0.13,4.76,,,0.040229
6982,shaped,3784,0.04,4.38,8002,0.01,3.72,,,0.040238
6983,hm,9346,0.01,3.82,2074,0.07,4.52,,,0.040256
6984,churches,4510,0.03,4.27,8996,0.01,3.64,,,0.040276
6985,increase,877,0.22,5.08,3548,0.04,4.21,A2,"noun, verb",0.040323
6986,routes,5260,0.03,4.19,9961,0.01,3.58,,,0.040415
6987,currency,3806,0.04,4.37,8184,0.01,3.71,B1,noun,0.040437
6988,km,3823,0.04,4.37,8144,0.01,3.71,,,0.040437
6989,honey,3814,0.04,4.37,502,0.47,5.32,A2,noun,0.04047
6990,kidding,5139,0.03,4.2,721,0.27,5.07,,,0.040497
6991,august,822,0.23,5.1,3518,0.04,4.22,A1,noun,0.040524
6992,acquired,3595,0.05,4.4,7876,0.01,3.73,,,0.040547
6993,obtain,3641,0.05,4.4,7861,0.01,3.73,B1,verb,0.040547
6994,self,564,0.33,5.25,2915,0.05,4.32,A1,noun,0.040618
6995,heritage,3886,0.04,4.36,8343,0.01,3.7,B2,noun,0.040638
6996,length,1765,0.11,4.77,5267,0.02,3.99,B1,noun,0.040658
6997,focusing,4671,0.03,4.25,9360,0.01,3.62,,,0.040687
6998,engineering,1659,0.12,4.8,5065,0.02,4.01,B1,noun,0.040713
6999,nations,1667,0.12,4.8,5076,0.02,4.01,,,0.040713
7000,ads,4134,0.04,4.32,8613,0.01,3.67,,,0.040727
7001,feedback,4157,0.04,4.32,8630,0.01,3.67,B2,noun,0.040727
7002,evaluation,5034,0.03,4.21,9793,0.01,3.59,B2,noun,0.040763
7003,constitution,2661,0.07,4.56,6743,0.02,3.84,B1,noun,0.040816
7004,asian,2059,0.09,4.69,5760,0.02,3.93,,,0.040913
7005,select,3334,0.05,4.45,7620,0.01,3.76,B2,"adjective, verb",0.040947
7006,voting,2421,0.08,4.62,6308,0.02,3.88,,,0.040969
7007,dispute,4521,0.03,4.27,9089,0.01,3.63,B2,noun,0.041019
7008,boost,3545,0.05,4.41,7911,0.01,3.73,B2,"noun, verb",0.041051
7009,countries,762,0.25,5.13,3442,0.04,4.23,,,0.041091
7010,opportunities,2456,0.08,4.61,6433,0.02,3.87,,,0.041162
7011,proposed,2010,0.1,4.71,5654,0.02,3.94,B2,adjective,0.041164
7012,residents,2311,0.08,4.64,6256,0.02,3.89,,,0.041231
7013,temperatures,4128,0.04,4.33,8660,0.01,3.67,,,0.04125
7014,measures,2165,0.09,4.67,5968,0.02,3.91,,,0.041295
7015,fees,2831,0.06,4.53,7014,0.01,3.81,,,0.041406
7016,stadium,2369,0.08,4.63,6310,0.02,3.88,A2,noun,0.041425
7017,measured,4690,0.03,4.25,9493,0.01,3.61,,,0.041438
7018,colorado,3220,0.05,4.46,7623,0.01,3.76,,,0.041439
7019,dc,2667,0.07,4.56,6822,0.02,3.83,,,0.041482
7020,formation,3059,0.06,4.49,7376,0.01,3.78,B2,noun,0.041525
7021,establishment,3490,0.05,4.42,7897,0.01,3.73,B1,noun,0.041552
7022,maps,3508,0.05,4.42,7961,0.01,3.73,,,0.041552
7023,appointed,2511,0.07,4.59,6594,0.02,3.85,,,0.041553
7024,allowing,2379,0.08,4.62,6416,0.02,3.87,,,0.04162
7025,primary,1404,0.14,4.88,4780,0.03,4.05,B2,adjective,0.041633
7026,successfully,3337,0.05,4.45,7730,0.01,3.75,A2,adverb,0.041642
7027,indiana,4242,0.04,4.31,8888,0.01,3.65,,,0.041666
7028,papa,8181,0.02,3.91,1551,0.11,4.68,,,0.041741
7029,region,1095,0.19,5.0,4162,0.03,4.13,B1,noun,0.041748
7030,investors,4025,0.04,4.34,8656,0.01,3.67,,,0.041771
7031,purposes,2962,0.06,4.51,7297,0.01,3.79,,,0.041806
7032,assembly,2425,0.08,4.61,6508,0.02,3.86,B2,noun,0.041817
7033,muslims,3380,0.05,4.44,7800,0.01,3.74,,,0.041846
7034,reduced,2309,0.08,4.64,6340,0.02,3.88,,,0.041879
7035,audio,3147,0.05,4.47,7519,0.01,3.76,A2,adjective,0.041929
7036,provided,1025,0.2,5.02,4068,0.03,4.14,B1,conjunction,0.041952
7037,labour,2046,0.09,4.7,5915,0.02,3.92,,,0.041989
7038,argued,3859,0.04,4.36,8572,0.01,3.68,,,0.042078
7039,procedures,3899,0.04,4.36,8547,0.01,3.68,,,0.042078
7040,update,2094,0.09,4.69,5969,0.02,3.91,B1,"noun, verb",0.042185
7041,employed,3486,0.05,4.42,7984,0.01,3.72,,,0.042258
7042,presented,1835,0.1,4.75,5574,0.02,3.95,,,0.042278
7043,converted,5019,0.03,4.21,9999,0.01,3.57,,,0.042294
7044,filter,4449,0.04,4.28,9292,0.01,3.62,B1,noun,0.042301
7045,groups,786,0.25,5.12,3609,0.04,4.2,,,0.042366
7046,valid,3792,0.04,4.38,8367,0.01,3.69,B2,adjective,0.04238
7047,industrial,2001,0.1,4.71,5913,0.02,3.92,B1,adjective,0.042429
7048,continued,1162,0.17,4.96,4425,0.03,4.09,,,0.04249
7049,reader,4043,0.04,4.34,8755,0.01,3.66,A1,noun,0.0425
7050,journal,1762,0.11,4.77,5499,0.02,3.96,B1,noun,0.042512
7051,editing,4523,0.03,4.27,9417,0.01,3.61,,,0.042516
7052,doin,9600,0.01,3.8,2021,0.08,4.54,,,0.042556
7053,aye,8388,0.01,3.89,1589,0.1,4.67,,,0.04258
7054,hillary,4308,0.04,4.3,9122,0.01,3.63,,,0.042618
7055,murderer,9368,0.01,3.82,1879,0.08,4.57,B1,noun,0.042618
7056,immigration,3172,0.05,4.47,7674,0.01,3.75,B1,noun,0.042623
7057,barcelona,4825,0.03,4.23,9907,0.01,3.58,,,0.042626
7058,info,2489,0.07,4.6,6678,0.02,3.84,,,0.042676
7059,aged,2977,0.06,4.5,7461,0.01,3.77,A2,adjective,0.042694
7060,developing,2196,0.09,4.66,6286,0.02,3.88,B2,adjective,0.04278
7061,prior,1493,0.13,4.85,5045,0.02,4.01,B2,adjective,0.042803
7062,extension,3231,0.05,4.46,7781,0.01,3.74,B2,noun,0.042832
7063,locations,3242,0.05,4.46,7774,0.01,3.74,,,0.042832
7064,socialist,4983,0.03,4.22,9986,0.01,3.57,,,0.042845
7065,observed,3709,0.05,4.39,8377,0.01,3.69,,,0.042888
7066,companies,672,0.28,5.18,3449,0.04,4.23,,,0.042915
7067,accompanied,4647,0.03,4.25,9762,0.01,3.59,,,0.042951
7068,ratings,4704,0.03,4.25,9819,0.01,3.59,,,0.042951
7069,thats,2922,0.06,4.52,7392,0.01,3.78,,,0.042967
7070,pakistan,2748,0.07,4.55,7154,0.01,3.8,,,0.043028
7071,congress,1328,0.15,4.9,4870,0.02,4.04,,,0.043041
7072,st,643,0.29,5.2,3373,0.04,4.24,,,0.043091
7073,limited,1021,0.2,5.02,4199,0.03,4.12,B1,adjective,0.043093
7074,currently,868,0.22,5.08,3903,0.03,4.16,B1,adverb,0.043103
7075,payments,3121,0.06,4.48,7634,0.01,3.75,,,0.043111
7076,wider,4813,0.03,4.24,9833,0.01,3.58,,,0.043171
7077,opposition,2635,0.07,4.57,7063,0.01,3.81,B1,noun,0.04329
7078,province,3190,0.05,4.47,7757,0.01,3.74,B2,noun,0.043321
7079,volume,1806,0.11,4.76,5674,0.02,3.94,B1,noun,0.043335
7080,stem,4336,0.04,4.3,9287,0.01,3.62,B1,verb,0.043363
7081,furthermore,4857,0.03,4.23,9977,0.01,3.57,B1,adverb,0.043393
7082,ireland,2210,0.09,4.66,6405,0.02,3.87,,,0.04343
7083,reform,2854,0.06,4.53,7368,0.01,3.78,B2,noun,0.043443
7084,activities,1290,0.15,4.91,4833,0.02,4.04,,,0.043444
7085,posted,1146,0.17,4.97,4564,0.03,4.08,,,0.043466
7086,review,794,0.25,5.12,3785,0.03,4.18,B2,"noun, verb",0.043473
7087,madame,9627,0.01,3.8,1937,0.08,4.56,B2,noun,0.043497
7088,initial,1947,0.1,4.72,5953,0.02,3.91,B1,"adjective, noun",0.043503
7089,materials,1731,0.11,4.78,5637,0.02,3.95,,,0.043562
7090,standards,1739,0.11,4.78,5641,0.02,3.95,,,0.043562
7091,follows,1634,0.12,4.81,5407,0.02,3.97,,,0.043586
7092,established,1336,0.15,4.9,4942,0.02,4.03,,,0.043639
7093,architecture,3467,0.05,4.42,8303,0.01,3.7,A2,noun,0.04368
7094,industries,3501,0.05,4.42,8246,0.01,3.7,,,0.04368
7095,newly,3514,0.05,4.42,8223,0.01,3.7,B1,adverb,0.04368
7096,producing,3326,0.05,4.45,7997,0.01,3.72,,,0.043746
7097,leadership,1764,0.11,4.77,5706,0.02,3.94,B1,noun,0.043762
7098,involving,3110,0.06,4.48,7753,0.01,3.74,,,0.043807
7099,detailed,2942,0.06,4.51,7570,0.01,3.76,B2,adjective,0.043864
7100,players,507,0.37,5.3,3084,0.04,4.29,,,0.043928
7101,wage,3402,0.05,4.44,8139,0.01,3.71,B2,noun,0.043961
7102,contribute,4008,0.04,4.34,9046,0.01,3.64,B1,verb,0.04397
7103,ministers,4032,0.04,4.34,9082,0.01,3.64,,,0.04397
7104,launched,2353,0.08,4.63,6742,0.02,3.84,,,0.044047
7105,attempts,2980,0.06,4.5,7717,0.01,3.75,,,0.044077
7106,july,696,0.28,5.17,3639,0.04,4.2,A1,noun,0.044193
7107,benefits,1520,0.13,4.84,5361,0.02,3.98,,,0.04422
7108,sources,1539,0.13,4.84,5348,0.02,3.98,,,0.04422
7109,oral,4620,0.03,4.26,9845,0.01,3.58,B1,"adjective, noun",0.044252
7110,finance,2252,0.08,4.65,6590,0.02,3.85,B1,"noun, verb",0.044291
7111,carolina,2882,0.06,4.52,7607,0.01,3.76,,,0.044342
7112,seasons,2914,0.06,4.52,7615,0.01,3.76,,,0.044342
7113,supporting,2018,0.1,4.71,6246,0.02,3.89,,,0.044348
7114,management,773,0.25,5.13,3856,0.03,4.17,B1,noun,0.044398
7115,definition,2574,0.07,4.58,7095,0.01,3.8,B1,noun,0.044429
7116,singapore,3983,0.04,4.35,9078,0.01,3.64,,,0.044486
7117,lists,3767,0.04,4.38,8729,0.01,3.66,,,0.044553
7118,areas,727,0.26,5.15,3793,0.03,4.18,,,0.044573
7119,lowest,3569,0.05,4.41,8520,0.01,3.68,,,0.044616
7120,australia,922,0.21,5.06,4242,0.03,4.12,,,0.044617
7121,attended,3146,0.05,4.47,7982,0.01,3.72,,,0.044725
7122,historical,2073,0.09,4.69,6447,0.02,3.87,B1,adjective,0.044764
7123,alleged,3797,0.04,4.37,8920,0.01,3.65,,,0.044776
7124,cultural,1819,0.1,4.75,5967,0.02,3.91,B1,adjective,0.044803
7125,decline,3617,0.05,4.4,8596,0.01,3.67,B2,"noun, verb",0.044837
7126,pennsylvania,3645,0.05,4.4,8597,0.01,3.67,,,0.044837
7127,employment,2674,0.07,4.56,7391,0.01,3.78,B1,noun,0.044856
7128,devices,2530,0.07,4.59,7189,0.01,3.8,,,0.044891
7129,olympic,3076,0.06,4.49,7843,0.01,3.73,A2,adjective,0.044991
7130,parliament,1874,0.1,4.74,6093,0.02,3.9,B2,noun,0.04501
7131,significant,1129,0.18,4.98,4702,0.03,4.06,A2,adjective,0.045031
7132,regularly,2911,0.06,4.52,7642,0.01,3.75,A2,adverb,0.045034
7133,islam,3502,0.05,4.42,8473,0.01,3.68,,,0.045115
7134,improved,2449,0.08,4.61,6992,0.01,3.81,B2,adjective,0.045136
7135,ohio,2455,0.08,4.61,6983,0.01,3.81,,,0.045136
7136,ongoing,4177,0.04,4.32,9416,0.01,3.61,,,0.045162
7137,sessions,3135,0.06,4.48,7972,0.01,3.72,,,0.045211
7138,adds,3734,0.04,4.38,8962,0.01,3.65,,,0.045285
7139,spaces,4489,0.04,4.28,9844,0.01,3.58,,,0.045322
7140,european,871,0.22,5.08,4226,0.03,4.12,,,0.045369
7141,scored,2365,0.08,4.63,6904,0.01,3.82,,,0.045377
7142,protein,2851,0.06,4.53,7650,0.01,3.75,,,0.045509
7143,publishing,3836,0.04,4.37,8970,0.01,3.64,,,0.045511
7144,mining,2688,0.07,4.56,7460,0.01,3.77,,,0.04554
7145,stages,3455,0.05,4.43,8586,0.01,3.68,,,0.045612
7146,purchase,2011,0.1,4.71,6403,0.02,3.87,B2,"noun, verb",0.045642
7147,wildlife,4132,0.04,4.33,9528,0.01,3.61,B1,noun,0.045683
7148,september,741,0.26,5.15,3925,0.03,4.16,A1,noun,0.045687
7149,various,799,0.25,5.12,4081,0.03,4.14,B1,adjective,0.045716
7150,content,1071,0.19,5.0,4672,0.03,4.06,B1,"adjective, noun",0.045807
7151,described,1074,0.19,5.0,4634,0.03,4.06,,,0.045807
7152,distinct,4369,0.04,4.29,9973,0.01,3.58,,,0.045853
7153,prices,1403,0.14,4.88,5320,0.02,3.98,,,0.04586
7154,issued,1902,0.1,4.73,6363,0.02,3.88,,,0.045864
7155,reduce,1916,0.1,4.73,6294,0.02,3.88,B1,verb,0.045864
7156,olympics,3319,0.05,4.45,8409,0.01,3.69,A1,noun,0.04588
7157,october,814,0.24,5.11,4158,0.03,4.13,A1,noun,0.045914
7158,faculty,4156,0.04,4.32,9678,0.01,3.6,B2,noun,0.045914
7159,virtual,4202,0.04,4.32,9591,0.01,3.6,B1,adjective,0.045914
7160,operated,3965,0.04,4.35,9276,0.01,3.62,,,0.045969
7161,reveals,4046,0.04,4.34,9527,0.01,3.61,,,0.046201
7162,candidates,2659,0.07,4.56,7603,0.01,3.76,,,0.046228
7163,selection,2404,0.08,4.62,7156,0.01,3.8,B1,noun,0.046265
7164,selected,2127,0.09,4.68,6693,0.02,3.84,,,0.046287
7165,software,1775,0.11,4.77,6043,0.02,3.9,A2,noun,0.046296
7166,sites,1878,0.1,4.74,6359,0.02,3.88,,,0.046296
7167,processing,3253,0.05,4.46,8359,0.01,3.69,,,0.04637
7168,server,3259,0.05,4.46,8352,0.01,3.69,B1,noun,0.04637
7169,kentucky,4313,0.04,4.3,9853,0.01,3.58,,,0.046381
7170,automatically,2875,0.06,4.52,7945,0.01,3.73,A2,adverb,0.046428
7171,presidential,2906,0.06,4.52,7934,0.01,3.73,B2,adjective,0.046428
7172,substantial,4126,0.04,4.33,9613,0.01,3.6,B1,adjective,0.046434
7173,videos,1709,0.11,4.79,5952,0.02,3.91,,,0.046505
7174,gentlemen,5794,0.03,4.13,665,0.3,5.13,,,0.046649
7175,rep,3975,0.04,4.35,9472,0.01,3.61,,,0.046716
7176,variety,1846,0.1,4.75,6344,0.02,3.88,B1,noun,0.046726
7177,roles,3391,0.05,4.44,8643,0.01,3.67,,,0.046828
7178,founded,2997,0.06,4.5,8188,0.01,3.71,,,0.046881
7179,represented,2856,0.06,4.53,7927,0.01,3.73,,,0.046902
7180,mommy,8456,0.01,3.89,1308,0.13,4.77,,,0.046936
7181,transition,3268,0.05,4.46,8467,0.01,3.68,B2,noun,0.047088
7182,screams,9093,0.01,3.84,1503,0.11,4.7,,,0.047167
7183,adding,2140,0.09,4.67,6966,0.01,3.82,,,0.04717
7184,added,701,0.27,5.16,4082,0.03,4.14,,,0.047173
7185,november,833,0.23,5.1,4364,0.03,4.1,A1,noun,0.047259
7186,association,1041,0.19,5.01,4825,0.02,4.04,A2,noun,0.047373
7187,competitive,2620,0.07,4.57,7637,0.01,3.75,B1,adjective,0.047384
7188,transportation,2650,0.07,4.57,7661,0.01,3.75,B1,noun,0.047384
7189,banking,3926,0.04,4.35,9660,0.01,3.6,A2,noun,0.047466
7190,amendment,3736,0.04,4.38,9362,0.01,3.62,,,0.0475
7191,increasingly,3760,0.04,4.38,9341,0.01,3.62,B1,adverb,0.0475
7192,cent,1555,0.13,4.83,5919,0.02,3.92,A2,noun,0.047543
7193,senate,1673,0.12,4.8,6135,0.02,3.9,,,0.047562
7194,portion,2848,0.06,4.53,8037,0.01,3.72,B2,noun,0.047603
7195,combined,2102,0.09,4.68,6952,0.01,3.82,,,0.047612
7196,occurs,4034,0.04,4.34,9794,0.01,3.59,,,0.047706
7197,historic,3064,0.06,4.49,8356,0.01,3.69,B1,adjective,0.047824
7198,darling,6125,0.02,4.09,691,0.29,5.1,B2,"adjective, noun",0.047836
7199,december,901,0.22,5.07,4617,0.03,4.07,A1,noun,0.047881
7200,addition,1037,0.19,5.01,4926,0.02,4.03,A2,noun,0.047968
7201,projects,1643,0.12,4.81,6077,0.02,3.9,,,0.047981
7202,disney,3687,0.05,4.39,9270,0.01,3.62,,,0.048005
7203,op,3516,0.05,4.42,9056,0.01,3.64,,,0.048027
7204,author,1179,0.17,4.95,5218,0.02,3.99,A2,noun,0.048046
7205,generally,1186,0.17,4.95,5199,0.02,3.99,B1,adverb,0.048046
7206,clinton,2619,0.07,4.57,7808,0.01,3.74,,,0.048077
7207,income,1140,0.17,4.97,5171,0.02,4.0,B1,noun,0.048222
7208,housing,1759,0.11,4.77,6386,0.02,3.87,,,0.048225
7209,ups,3591,0.05,4.41,9135,0.01,3.63,,,0.048266
7210,supported,2134,0.09,4.68,7026,0.01,3.81,,,0.04828
7211,urban,2275,0.08,4.65,7228,0.01,3.79,B2,adjective,0.048292
7212,purchased,3191,0.05,4.47,8678,0.01,3.67,,,0.048295
7213,athletes,4000,0.04,4.34,9913,0.01,3.58,,,0.048464
7214,facebook,1337,0.15,4.9,5579,0.02,3.95,,,0.048517
7215,improvement,3066,0.06,4.49,8486,0.01,3.68,B1,noun,0.04854
7216,listed,2080,0.09,4.69,6973,0.01,3.81,,,0.04872
7217,scottish,2501,0.07,4.6,7629,0.01,3.75,,,0.048765
7218,weekly,2653,0.07,4.57,7857,0.01,3.73,A2,"adjective, adverb",0.048773
7219,worldwide,2815,0.06,4.54,8109,0.01,3.71,A2,"adjective, adverb",0.048779
7220,articles,1983,0.1,4.71,6906,0.01,3.82,,,0.048927
7221,properties,2266,0.08,4.65,7369,0.01,3.78,,,0.048969
7222,administration,1240,0.16,4.93,5512,0.02,3.96,B1,noun,0.049094
7223,canadian,2031,0.09,4.7,7041,0.01,3.81,,,0.049158
7224,ban,2715,0.07,4.55,8214,0.01,3.71,B2,"noun, verb",0.049247
7225,columbia,3607,0.05,4.4,9451,0.01,3.61,,,0.049252
7226,israeli,3633,0.05,4.4,9452,0.01,3.61,,,0.049252
7227,introduction,2900,0.06,4.52,8366,0.01,3.69,B1,noun,0.049255
7228,strategic,3456,0.05,4.43,9138,0.01,3.63,B1,adjective,0.049258
7229,individuals,1638,0.12,4.81,6352,0.02,3.88,,,0.049261
7230,pardon,9377,0.01,3.82,1450,0.12,4.72,B1,"noun, verb",0.049361
7231,grandpa,9614,0.01,3.8,1522,0.11,4.69,A1,noun,0.049389
7232,funding,2348,0.08,4.63,7535,0.01,3.76,,,0.049437
7233,iii,2350,0.08,4.63,7507,0.01,3.76,,,0.049437
7234,digital,1560,0.13,4.83,6223,0.02,3.89,B1,adjective,0.049449
7235,majority,1227,0.16,4.94,5498,0.02,3.96,B1,noun,0.049489
7236,organisation,3897,0.04,4.36,9945,0.01,3.58,,,0.04949
7237,comparison,2936,0.06,4.51,8471,0.01,3.68,B1,noun,0.049496
7238,awards,1984,0.1,4.71,7010,0.01,3.81,,,0.049593
7239,increasing,2116,0.09,4.68,7226,0.01,3.79,,,0.049623
7240,feature,1599,0.12,4.82,6288,0.02,3.88,B2,"noun, verb",0.049676
7241,equivalent,2992,0.06,4.5,8697,0.01,3.67,,,0.049739
7242,functions,2998,0.06,4.5,8623,0.01,3.67,,,0.049739
7243,monthly,3010,0.06,4.5,8670,0.01,3.67,B1,"adjective, adverb",0.049739
7244,findings,3754,0.04,4.38,9764,0.01,3.59,,,0.049747
7245,upstairs,8742,0.01,3.87,1209,0.14,4.81,B1,"adjective, adverb, noun",0.049905
7246,expressed,2892,0.06,4.52,8483,0.01,3.68,,,0.04997
7247,cheering,9147,0.01,3.83,1359,0.13,4.75,,,0.049989
7248,elections,2198,0.09,4.66,7426,0.01,3.77,,,0.050095
7249,bbc,2612,0.07,4.57,8194,0.01,3.71,,,0.050176
7250,development,488,0.38,5.31,3757,0.03,4.18,B1,noun,0.050189
7251,announced,1157,0.17,4.96,5520,0.02,3.96,,,0.050272
7252,hmm,5972,0.02,4.11,595,0.36,5.2,,,0.050302
7253,january,851,0.23,5.09,4827,0.02,4.04,A1,noun,0.050386
7254,published,913,0.22,5.07,4966,0.02,4.02,,,0.05083
7255,products,976,0.2,5.04,5105,0.02,4.0,,,0.050905
7256,loans,2953,0.06,4.51,8732,0.01,3.66,,,0.050937
7257,references,3524,0.05,4.42,9629,0.01,3.6,,,0.050995
7258,critics,3683,0.05,4.39,9896,0.01,3.58,,,0.051007
7259,iran,2391,0.08,4.62,7943,0.01,3.73,,,0.05106
7260,democratic,1893,0.1,4.73,7163,0.01,3.8,B1,adjective,0.051126
7261,promote,2697,0.07,4.56,8358,0.01,3.69,B1,verb,0.051129
7262,secondary,2861,0.06,4.53,8641,0.01,3.67,B2,adjective,0.05116
7263,readers,3580,0.05,4.41,9784,0.01,3.59,,,0.05125
7264,extended,2293,0.08,4.64,7804,0.01,3.74,,,0.051264
7265,conservative,2433,0.08,4.61,7973,0.01,3.72,B1,adjective,0.051305
7266,annual,1211,0.16,4.94,5817,0.02,3.93,B1,adjective,0.051349
7267,noted,2083,0.09,4.69,7476,0.01,3.77,,,0.051417
7268,increased,1308,0.15,4.91,6005,0.02,3.91,,,0.051419
7269,assessment,3207,0.05,4.46,9355,0.01,3.62,B2,noun,0.051466
7270,courses,3223,0.05,4.46,9331,0.01,3.62,,,0.051466
7271,context,2336,0.08,4.63,7907,0.01,3.73,A2,noun,0.05151
7272,academic,2604,0.07,4.57,8445,0.01,3.69,B1,adjective,0.051592
7273,applause,9136,0.01,3.83,1257,0.14,4.79,B1,noun,0.051679
7274,included,993,0.2,5.03,5317,0.02,3.98,,,0.051737
7275,manchester,2842,0.06,4.53,8733,0.01,3.66,,,0.051881
7276,marketing,1729,0.11,4.78,6937,0.01,3.82,B2,noun,0.05192
7277,referred,2460,0.08,4.61,8218,0.01,3.71,,,0.052006
7278,views,1585,0.13,4.83,6596,0.02,3.85,,,0.052029
7279,hurry,5690,0.03,4.14,514,0.45,5.3,A2,"noun, verb",0.052068
7280,facilities,2202,0.09,4.66,7814,0.01,3.74,B2,noun,0.052154
7281,extensive,3056,0.06,4.49,9187,0.01,3.63,B2,adjective,0.052173
7282,coverage,2337,0.08,4.63,7989,0.01,3.72,,,0.052207
7283,category,2615,0.07,4.57,8466,0.01,3.68,B1,noun,0.052305
7284,february,990,0.2,5.03,5428,0.02,3.97,A1,noun,0.052346
7285,growth,992,0.2,5.03,5391,0.02,3.97,B1,noun,0.052346
7286,include,620,0.3,5.21,4567,0.03,4.08,A2,verb,0.052373
7287,laughs,6261,0.02,4.08,589,0.36,5.21,,,0.052373
7288,percentage,3122,0.06,4.48,9299,0.01,3.62,B2,noun,0.052431
7289,via,1034,0.2,5.02,5516,0.02,3.96,B1,preposition,0.052579
7290,membership,3182,0.05,4.47,9427,0.01,3.61,B1,noun,0.052691
7291,conducted,2571,0.07,4.58,8493,0.01,3.68,,,0.052765
7292,amazon,2712,0.07,4.55,8746,0.01,3.66,,,0.052816
7293,businesses,2192,0.09,4.66,7877,0.01,3.73,,,0.052847
7294,initially,3068,0.06,4.49,9354,0.01,3.62,B1,adverb,0.05291
7295,increases,3239,0.05,4.46,9582,0.01,3.6,,,0.052953
7296,usa,1708,0.11,4.79,7068,0.01,3.81,,,0.053002
7297,comments,1421,0.14,4.87,6573,0.02,3.86,,,0.053009
7298,michigan,2800,0.06,4.54,8911,0.01,3.65,,,0.053074
7299,republican,2053,0.09,4.7,7715,0.01,3.75,,,0.053219
7300,website,860,0.23,5.09,5276,0.02,3.99,A2,noun,0.053368
7301,champions,2983,0.06,4.5,9308,0.01,3.62,,,0.053386
7302,survey,2091,0.09,4.69,7793,0.01,3.74,A1,noun,0.053472
7303,founder,3233,0.05,4.46,9735,0.01,3.59,,,0.053702
7304,numerous,2263,0.08,4.65,8169,0.01,3.71,B1,adjective,0.053799
7305,features,1219,0.16,4.94,6249,0.02,3.89,,,0.053868
7306,distribution,2290,0.08,4.64,8238,0.01,3.7,B1,noun,0.054057
7307,relatively,2228,0.09,4.66,8147,0.01,3.71,B1,adverb,0.054242
7308,narrator,9502,0.01,3.81,1173,0.15,4.82,B2,noun,0.054245
7309,obtained,3075,0.06,4.49,9572,0.01,3.6,,,0.054394
7310,environmental,2040,0.09,4.7,7901,0.01,3.73,B1,adjective,0.054598
7311,bastard,8389,0.01,3.89,907,0.21,4.96,,,0.054646
7312,providing,1962,0.1,4.72,7797,0.01,3.74,,,0.05477
7313,economic,827,0.23,5.1,5403,0.02,3.97,B1,adjective,0.054944
7314,criticism,3051,0.06,4.49,9747,0.01,3.59,B2,noun,0.055142
7315,effectively,3054,0.06,4.49,9812,0.01,3.59,B2,adverb,0.055142
7316,toronto,3094,0.06,4.49,9765,0.01,3.59,,,0.055142
7317,edition,1658,0.12,4.8,7324,0.01,3.78,B1,noun,0.055422
7318,huh,4532,0.03,4.27,274,0.95,5.63,,,0.055505
7319,wales,2508,0.07,4.6,8870,0.01,3.65,,,0.055831
7320,agencies,2772,0.06,4.54,9392,0.01,3.61,,,0.056005
7321,clinical,2932,0.06,4.51,9745,0.01,3.59,,,0.056089
7322,gender,2539,0.07,4.59,9083,0.01,3.64,A2,noun,0.056103
7323,frequently,2678,0.07,4.56,9384,0.01,3.62,B1,adverb,0.056193
7324,aspects,2979,0.06,4.5,9939,0.01,3.58,,,0.056367
7325,external,2893,0.06,4.52,9723,0.01,3.59,B2,adjective,0.056559
7326,links,1951,0.1,4.72,8220,0.01,3.71,,,0.056849
7327,liberal,2217,0.09,4.66,8655,0.01,3.67,B2,adjective,0.05707
7328,additional,1115,0.18,4.98,6553,0.02,3.86,A2,adjective,0.057329
7329,resolution,2554,0.07,4.59,9345,0.01,3.62,B2,noun,0.057563
7330,blog,1890,0.1,4.73,8335,0.01,3.7,B1,noun,0.057975
7331,goals,1189,0.17,4.95,6820,0.02,3.83,,,0.058115
7332,associated,1357,0.14,4.89,7286,0.01,3.79,,,0.0584
7333,obama,1463,0.13,4.86,7479,0.01,3.77,,,0.058542
7334,markets,2453,0.08,4.61,9435,0.01,3.61,,,0.059199
7335,programs,1351,0.15,4.9,7359,0.01,3.78,,,0.059462
7336,includes,1171,0.17,4.96,7058,0.01,3.81,,,0.059808
7337,estimated,2388,0.08,4.62,9665,0.01,3.6,B2,adjective,0.060383
7338,stated,1880,0.1,4.74,8619,0.01,3.67,,,0.060513
7339,trump,1256,0.16,4.93,7348,0.01,3.78,,,0.060635
7340,download,2106,0.09,4.68,9118,0.01,3.63,A2,"noun, verb",0.06082
7341,examples,2342,0.08,4.63,9610,0.01,3.6,,,0.060827
7342,posts,2265,0.08,4.65,9484,0.01,3.61,,,0.060972
7343,um,5846,0.03,4.13,320,0.83,5.57,,,0.061218
7344,google,1455,0.13,4.86,7951,0.01,3.73,,,0.061256
7345,provides,1671,0.12,4.8,8353,0.01,3.69,,,0.061598
7346,haven,5797,0.03,4.13,295,0.9,5.6,B1,noun,0.062109
7347,regional,1964,0.1,4.72,9164,0.01,3.63,B1,adjective,0.062534
7348,ca,2148,0.09,4.67,9621,0.01,3.6,,,0.06258
7349,rates,1406,0.14,4.88,7974,0.01,3.72,,,0.062737
7350,australian,1242,0.16,4.93,7823,0.01,3.74,,,0.063324
7351,app,1445,0.13,4.86,8333,0.01,3.7,,,0.063324
7352,twitter,1584,0.13,4.83,8500,0.01,3.68,,,0.063518
7353,overall,1348,0.15,4.9,7992,0.01,3.72,B2,"adjective, adverb",0.063522
7354,youtube,2238,0.09,4.66,9947,0.01,3.58,,,0.063625
7355,uh,4638,0.03,4.26,144,2.06,5.96,,,0.065104
7356,etc,988,0.2,5.03,7693,0.01,3.75,,,0.066417
7357,uk,797,0.25,5.12,7346,0.01,3.78,,,0.067668
7358,don,2480,0.07,4.6,26,14.45,6.81,,,0.067902
7359,non,515,0.36,5.29,6730,0.02,3.84,,,0.06958
7360,whoa,9421,0.01,3.82,498,0.47,5.32,,,0.071822
7361,co,617,0.3,5.21,7928,0.01,3.73,,,0.074071
7362,a,5,42.64,7.36,,,,A1,determiner,
7363,i,7,22.91,7.09,,,,A1,pronoun,
7364,when,48,4.36,6.37,70,5.32,6.37,A1,"adverb, conjunction",0.0
7365,it's,55,3.99,6.33,,,,,,
7366,don't,68,2.94,6.2,,,,,,
7367,i'm,74,2.63,6.15,,,,,,
7368,any,90,2.18,6.07,123,2.67,6.07,A1,"determiner, pronoun",0.0
7369,1,102,1.86,6.0,,,,,,
7370,2,103,1.86,6.0,,,,,,
7371,3,129,1.51,5.91,,,,,,
7372,you're,140,1.38,5.87,,,,,,
7373,s,142,1.35,5.86,,,,,,
7374,that's,143,1.35,5.86,,,,,,
7375,can't,154,1.18,5.8,,,,,,
7376,4,159,1.12,5.78,,,,,,
7377,5,170,1.05,5.75,,,,,,
7378,own,178,1.02,5.74,229,1.22,5.74,B1,"adjective, pronoun, verb",0.0
7379,i've,183,0.98,5.72,,,,,,
7380,didn't,195,0.89,5.68,,,,,,
7381,family,205,0.85,5.66,261,1.02,5.66,A1,noun,0.0
7382,he's,227,0.74,5.6,,,,,,
7383,6,230,0.72,5.59,,,,,,
7384,7,252,0.66,5.55,,,,,,
7385,there's,267,0.65,5.54,,,,,,
7386,doesn't,271,0.63,5.53,,,,,,
7387,8,312,0.56,5.48,,,,,,
7388,they're,321,0.55,5.47,,,,,,
7389,d,327,0.54,5.46,,,,,,
7390,five,336,0.53,5.45,387,0.64,5.45,A1,number,0.0
7391,i'll,356,0.5,5.43,,,,,,
7392,t,361,0.5,5.43,,,,,,
7393,9,369,0.48,5.41,,,,,,
7394,isn't,376,0.48,5.41,,,,,,
7395,we're,394,0.47,5.4,,,,,,
7396,m,401,0.46,5.39,,,,,,
7397,i'd,433,0.43,5.36,,,,,,
7398,b,440,0.42,5.35,,,,,,
7399,r,449,0.42,5.35,,,,,,
7400,won't,462,0.41,5.34,,,,,,
7401,c,463,0.4,5.33,,,,,,
7402,either,464,0.4,5.33,495,0.48,5.33,B1,"adverb, conjunction, determiner, pronoun",0.0
7403,buy,476,0.39,5.32,500,0.47,5.32,A1,verb,0.0
7404,u.s,495,0.38,5.31,,,,,,
7405,e,525,0.36,5.28,,,,,,
7406,wasn't,536,0.36,5.28,,,,,,
7407,she's,552,0.34,5.26,,,,,,
7408,0,602,0.31,5.22,,,,,,
7409,you'll,615,0.31,5.22,,,,,,
7410,w,628,0.3,5.21,,,,,,
7411,what's,645,0.29,5.2,,,,,,
7412,x,647,0.29,5.2,,,,,,
7413,l,676,0.28,5.18,,,,,,
7414,wouldn't,686,0.28,5.18,,,,,,
7415,let's,712,0.27,5.16,,,,,,
7416,n,737,0.26,5.15,,,,,,
7417,fall,766,0.25,5.13,657,0.3,5.13,A2,"noun, verb",0.0
7418,p,776,0.25,5.13,,,,,,
7419,you've,781,0.25,5.13,,,,,,
7420,o,790,0.25,5.12,,,,,,
7421,haven't,808,0.24,5.11,,,,,,
7422,u,819,0.24,5.11,,,,,,
7423,couldn't,844,0.23,5.09,,,,,,
7424,choice,862,0.22,5.08,714,0.27,5.08,A2,noun,0.0
7425,f,873,0.22,5.08,,,,,,
7426,h,926,0.21,5.06,,,,,,
7427,v,937,0.21,5.06,,,,,,
7428,aren't,941,0.21,5.05,,,,,,
7429,lol,948,0.21,5.05,,,,,,
7430,we've,983,0.2,5.04,,,,,,
7431,y,1009,0.2,5.03,,,,,,
7432,except,1017,0.2,5.02,793,0.24,5.02,A2,"conjunction, preposition",0.0
7433,anti,1040,0.19,5.01,,,,B1,adjective,
7434,g,1078,0.19,5.0,,,,,,
7435,interesting,1083,0.19,5.0,830,0.23,5.0,A1,adjective,0.0
7436,j,1084,0.19,5.0,,,,,,
7437,join,1085,0.19,5.0,838,0.22,5.0,A1,verb,0.0
7438,agree,1133,0.17,4.97,884,0.21,4.97,A1,verb,0.0
7439,pre,1203,0.17,4.95,,,,,,
7440,here's,1307,0.15,4.91,,,,,,
7441,k,1310,0.15,4.91,,,,,,
7442,doubt,1333,0.15,4.9,1016,0.18,4.9,B2,"noun, verb",0.0
7443,professor,1350,0.15,4.9,1006,0.18,4.9,B1,noun,0.0
7444,we'll,1379,0.14,4.89,,,,,,
7445,ain't,1384,0.14,4.88,,,,,,
7446,fat,1482,0.13,4.85,1107,0.16,4.85,B2,"adjective, noun",0.0
7447,vs,1510,0.13,4.85,,,,,,
7448,who's,1512,0.13,4.85,,,,,,
7449,1st,1549,0.13,4.83,,,,,,
7450,you'd,1587,0.13,4.83,,,,,,
7451,mid,1608,0.12,4.82,,,,,,
7452,shouldn't,1618,0.12,4.82,,,,,,
7453,http,1637,0.12,4.81,,,,,,
7454,users,1678,0.12,4.8,,,,,,
7455,spirit,1704,0.11,4.79,1271,0.14,4.79,B1,noun,0.0
7456,dogs,1754,0.11,4.77,1309,0.13,4.77,,,0.0
7457,inc,1760,0.11,4.77,,,,,,
7458,they've,1803,0.11,4.76,,,,,,
7459,existing,1823,0.1,4.75,,,,B2,adjective,
7460,2nd,1851,0.1,4.74,,,,,,
7461,lies,1906,0.1,4.73,1416,0.12,4.73,,,0.0
7462,emergency,1935,0.1,4.72,1433,0.12,4.72,A2,noun,0.0
7463,bringing,1987,0.1,4.71,1477,0.11,4.71,,,0.0
7464,communities,1991,0.1,4.71,,,,,,
7465,hasn't,1999,0.1,4.71,,,,,,
7466,policies,2008,0.1,4.71,,,,,,
7467,they'll,2020,0.1,4.71,,,,,,
7468,°,2026,0.1,4.71,,,,,,
7469,women's,2057,0.09,4.7,,,,,,
7470,honestly,2075,0.09,4.69,1530,0.11,4.69,B1,adverb,0.0
7471,user,2095,0.09,4.69,,,,B2,noun,
7472,people's,2121,0.09,4.68,,,,,,
7473,weren't,2138,0.09,4.68,,,,,,
7474,heads,2159,0.09,4.67,1575,0.11,4.67,,,0.0
7475,organizations,2169,0.09,4.67,,,,,,
7476,3rd,2239,0.08,4.65,,,,,,
7477,applications,2279,0.08,4.64,,,,,,
7478,factors,2294,0.08,4.64,,,,,,
7479,requirements,2310,0.08,4.64,,,,,,
7480,revenue,2312,0.08,4.64,,,,B2,noun,
7481,surgery,2371,0.08,4.63,1699,0.1,4.63,B1,noun,0.0
7482,eu,2389,0.08,4.62,,,,,,
7483,typically,2414,0.08,4.62,,,,B1,adverb,
7484,bright,2427,0.08,4.61,1764,0.09,4.61,A1,adjective,0.0
7485,largely,2451,0.08,4.61,,,,B1,adverb,
7486,sending,2463,0.08,4.61,1767,0.09,4.61,,,0.0
7487,world's,2472,0.08,4.61,,,,,,
7488,educational,2481,0.07,4.6,,,,A2,adjective,
7489,statistics,2503,0.07,4.6,,,,B2,noun,
7490,rural,2555,0.07,4.59,,,,B2,adjective,
7491,institutions,2583,0.07,4.58,,,,,,
7492,it'll,2584,0.07,4.58,,,,,,
7493,rent,2592,0.07,4.58,1868,0.08,4.58,A2,"noun, verb",0.0
7494,reviews,2595,0.07,4.58,,,,,,
7495,he'd,2627,0.07,4.57,,,,,,
7496,index,2628,0.07,4.57,,,,B2,noun,
7497,consumer,2662,0.07,4.56,,,,B1,noun,
7498,defined,2668,0.07,4.56,,,,,,
7499,latter,2686,0.07,4.56,,,,A2,"adjective, adverb, pronoun",
7500,manufacturing,2687,0.07,4.56,,,,B2,noun,
7501,premier,2696,0.07,4.56,,,,,,
7502,q,2698,0.07,4.56,,,,,,
7503,victims,2709,0.07,4.56,1924,0.08,4.56,,,0.0
7504,4th,2710,0.07,4.55,,,,,,
7505,legislation,2740,0.07,4.55,,,,B2,noun,
7506,practices,2752,0.07,4.55,,,,,,
7507,retail,2757,0.07,4.55,,,,B1,noun,
7508,updated,2768,0.07,4.55,,,,,,
7509,democrats,2785,0.06,4.54,,,,,,
7510,expansion,2791,0.06,4.54,,,,B2,noun,
7511,he'll,2792,0.06,4.54,,,,,,
7512,multi,2801,0.06,4.54,,,,,,
7513,nfl,2802,0.06,4.54,,,,,,
7514,significantly,2809,0.06,4.54,,,,B2,adverb,
7515,widely,2814,0.06,4.54,,,,A2,adverb,
7516,e.g,2830,0.06,4.53,,,,,,
7517,haha,2833,0.06,4.53,,,,,,
7518,pc,2846,0.06,4.53,,,,A2,noun,
7519,regions,2855,0.06,4.53,,,,,,
7520,today's,2867,0.06,4.53,,,,,,
7521,debut,2885,0.06,4.52,,,,,,
7522,ft,2895,0.06,4.52,,,,,,
7523,i.e,2898,0.06,4.52,,,,,,
7524,representatives,2912,0.06,4.52,,,,,,
7525,semi,2965,0.06,4.51,,,,,,
7526,trend,2972,0.06,4.51,,,,B1,noun,
7527,republicans,3021,0.06,4.5,,,,,,
7528,solutions,3027,0.06,4.5,,,,,,
7529,zealand,3036,0.06,4.5,,,,,,
7530,authors,3040,0.06,4.49,,,,,,
7531,bc,3042,0.06,4.49,,,,,,
7532,contemporary,3050,0.06,4.49,,,,B2,adjective,
7533,pride,3078,0.06,4.49,2187,0.07,4.49,A2,noun,0.0
7534,primarily,3125,0.06,4.48,,,,B1,adverb,
7535,resulting,3132,0.06,4.48,,,,,,
7536,structures,3140,0.06,4.48,,,,,,
7537,children's,3153,0.05,4.47,,,,,,
7538,format,3165,0.05,4.47,,,,B1,"noun, verb",
7539,healthcare,3170,0.05,4.47,,,,,,
7540,loving,3179,0.05,4.47,2275,0.07,4.47,,,0.0
7541,ltd,3180,0.05,4.47,,,,,,
7542,managers,3181,0.05,4.47,,,,,,
7543,z,3202,0.05,4.47,,,,,,
7544,3d,3203,0.05,4.46,,,,,,
7545,contrast,3222,0.05,4.46,,,,A2,noun,
7546,infrastructure,3240,0.05,4.46,,,,,,
7547,men's,3245,0.05,4.46,,,,,,
7548,processes,3252,0.05,4.46,,,,,,
7549,supporters,3264,0.05,4.46,,,,,,
7550,voters,3270,0.05,4.46,,,,,,
7551,administrative,3274,0.05,4.45,,,,B2,adjective,
7552,featuring,3297,0.05,4.45,,,,,,
7553,governments,3303,0.05,4.45,,,,,,
7554,mistakes,3316,0.05,4.45,2351,0.06,4.45,,,0.0
7555,networks,3318,0.05,4.45,,,,,,
7556,publication,3328,0.05,4.45,,,,B2,noun,
7557,rating,3329,0.05,4.45,,,,A2,noun,
7558,respectively,3331,0.05,4.45,,,,,,
7559,awareness,3350,0.05,4.44,,,,B1,noun,
7560,components,3355,0.05,4.44,,,,,,
7561,featured,3362,0.05,4.44,,,,,,
7562,illinois,3370,0.05,4.44,,,,,,
7563,islamic,3372,0.05,4.44,,,,,,
7564,p.m,3381,0.05,4.44,,,,,,
7565,singles,3396,0.05,4.44,,,,,,
7566,we'd,3403,0.05,4.44,,,,,,
7567,containing,3418,0.05,4.43,,,,,,
7568,episodes,3427,0.05,4.43,,,,,,
7569,iphone,3434,0.05,4.43,,,,,,
7570,liverpool,3437,0.05,4.43,,,,,,
7571,ny,3440,0.05,4.43,,,,,,
7572,output,3442,0.05,4.43,,,,B2,noun,
7573,pushed,3447,0.05,4.43,2451,0.06,4.43,,,0.0
7574,5th,3462,0.05,4.42,,,,,,
7575,android,3465,0.05,4.42,,,,,,
7576,centers,3473,0.05,4.42,,,,,,
7577,economics,3483,0.05,4.42,,,,B1,noun,
7578,https,3499,0.05,4.42,,,,,,
7579,morgan,3510,0.05,4.42,2510,0.06,4.42,,,0.0
7580,supports,3533,0.05,4.42,,,,,,
7581,minority,3572,0.05,4.41,,,,B1,noun,
7582,tho,3588,0.05,4.41,,,,,,
7583,titles,3589,0.05,4.41,,,,,,
7584,trans,3590,0.05,4.41,,,,,,
7585,vol,3592,0.05,4.41,,,,,,
7586,ap,3600,0.05,4.4,,,,,,
7587,describes,3619,0.05,4.4,,,,,,
7588,hadn't,3627,0.05,4.4,,,,,,
7589,ownership,3643,0.05,4.4,,,,,,
7590,participants,3644,0.05,4.4,,,,,,
7591,rugby,3651,0.05,4.4,,,,A2,noun,
7592,syria,3661,0.05,4.4,,,,,,
7593,thrown,3663,0.05,4.4,2577,0.06,4.4,,,0.0
7594,cambridge,3675,0.05,4.39,,,,,,
7595,consists,3679,0.05,4.39,,,,,,
7596,consumers,3680,0.05,4.39,,,,,,
7597,contributed,3681,0.05,4.39,,,,,,
7598,fitness,3692,0.05,4.39,,,,B1,noun,
7599,narrative,3706,0.05,4.39,,,,B1,adjective,
7600,nba,3708,0.05,4.39,,,,,,
7601,one's,3711,0.05,4.39,,,,,,
7602,posting,3714,0.05,4.39,,,,,,
7603,reduction,3716,0.05,4.39,,,,B1,noun,
7604,researchers,3719,0.05,4.39,,,,,,
7605,resource,3720,0.05,4.39,,,,B1,noun,
7606,sciences,3723,0.05,4.39,,,,,,
7607,subsequent,3728,0.05,4.39,,,,,,
7608,they'd,3729,0.05,4.39,,,,,,
7609,commonly,3745,0.04,4.38,,,,B1,adverb,
7610,efficiency,3749,0.04,4.38,,,,B1,noun,
7611,feb,3752,0.04,4.38,,,,,,
7612,firms,3755,0.04,4.38,,,,,,
7613,forum,3756,0.04,4.38,,,,,,
7614,maintained,3768,0.04,4.38,,,,,,
7615,pp,3778,0.04,4.38,,,,,,
7616,regulation,3781,0.04,4.38,,,,B1,noun,
7617,styles,3787,0.04,4.38,,,,,,
7618,year's,3795,0.04,4.38,,,,,,
7619,agriculture,3796,0.04,4.37,,,,B1,noun,
7620,commerce,3803,0.04,4.37,,,,B2,noun,
7621,god's,3812,0.04,4.37,,,,,,
7622,hunter,3817,0.04,4.37,2711,0.05,4.37,A2,noun,0.0
7623,immigrants,3818,0.04,4.37,,,,,,
7624,improving,3819,0.04,4.37,,,,,,
7625,mother's,3830,0.04,4.37,,,,,,
7626,nov,3831,0.04,4.37,,,,,,
7627,programming,3835,0.04,4.37,,,,B2,noun,
7628,ratio,3837,0.04,4.37,,,,,,
7629,resulted,3842,0.04,4.37,,,,,,
7630,summary,3850,0.04,4.37,,,,A2,noun,
7631,comprehensive,3868,0.04,4.36,,,,B2,adjective,
7632,gaming,3882,0.04,4.36,,,,,,
7633,melbourne,3894,0.04,4.36,,,,,,
7634,microsoft,3895,0.04,4.36,,,,,,
7635,reducing,3901,0.04,4.36,,,,,,
7636,scoring,3907,0.04,4.36,,,,,,
7637,sections,3910,0.04,4.36,,,,,,
7638,threatened,3913,0.04,4.36,2725,0.05,4.36,,,0.0
7639,universities,3916,0.04,4.36,,,,,,
7640,wisconsin,3918,0.04,4.36,,,,,,
7641,would've,3919,0.04,4.36,,,,,,
7642,a.m,3921,0.04,4.35,,,,,,
7643,apps,3924,0.04,4.35,,,,,,
7644,awarded,3925,0.04,4.35,,,,,,
7645,concluded,3932,0.04,4.35,,,,,,
7646,consumption,3933,0.04,4.35,,,,B1,noun,
7647,input,3953,0.04,4.35,,,,B2,noun,
7648,manufacturers,3961,0.04,4.35,,,,,,
7649,oct,3964,0.04,4.35,,,,,,
7650,poll,3969,0.04,4.35,,,,,,
7651,ranked,3972,0.04,4.35,,,,,,
7652,removal,3974,0.04,4.35,,,,,,
7653,sept,3981,0.04,4.35,,,,,,
7654,versions,3991,0.04,4.35,,,,,,
7655,agricultural,3997,0.04,4.34,,,,B1,adjective,
7656,commonwealth,4007,0.04,4.34,,,,B2,noun,
7657,contributions,4010,0.04,4.34,,,,,,
7658,generated,4019,0.04,4.34,,,,,,
7659,indicated,4023,0.04,4.34,,,,,,
7660,kills,4028,0.04,4.34,2822,0.05,4.34,,,0.0
7661,man's,4030,0.04,4.34,,,,,,
7662,progressive,4039,0.04,4.34,,,,A2,adjective,
7663,representation,4044,0.04,4.34,,,,,,
7664,upcoming,4055,0.04,4.34,,,,,,
7665,veterans,4056,0.04,4.34,,,,,,
7666,aug,4060,0.04,4.33,,,,,,
7667,composition,4069,0.04,4.33,,,,B1,noun,
7668,conservation,4071,0.04,4.33,,,,B1,noun,
7669,constitutional,4072,0.04,4.33,,,,,,
7670,d.c,4074,0.04,4.33,,,,,,
7671,density,4076,0.04,4.33,,,,,,
7672,ethnic,4082,0.04,4.33,,,,B2,adjective,
7673,gen,4088,0.04,4.33,,,,,,
7674,instagram,4094,0.04,4.33,,,,,,
7675,iowa,4096,0.04,4.33,,,,,,
7676,nigeria,4100,0.04,4.33,,,,,,
7677,participation,4102,0.04,4.33,,,,B2,noun,
7678,periods,4103,0.04,4.33,,,,,,
7679,premium,4106,0.04,4.33,,,,,,
7680,prominent,4110,0.04,4.33,,,,B1,adjective,
7681,residential,4115,0.04,4.33,,,,B1,adjective,
7682,stats,4124,0.04,4.33,,,,,,
7683,brands,4142,0.04,4.32,,,,,,
7684,component,4146,0.04,4.32,,,,B2,noun,
7685,diversity,4152,0.04,4.32,,,,,,
7686,innovation,4165,0.04,4.32,,,,B2,noun,
7687,justin,4169,0.04,4.32,2930,0.05,4.32,,,0.0
7688,legislative,4170,0.04,4.32,,,,B2,adjective,
7689,listing,4171,0.04,4.32,,,,,,
7690,releases,4186,0.04,4.32,,,,,,
7691,someone's,4189,0.04,4.32,,,,,,
7692,submitted,4190,0.04,4.32,,,,,,
7693,technologies,4194,0.04,4.32,,,,,,
7694,trends,4197,0.04,4.32,,,,,,
7695,ukraine,4199,0.04,4.32,,,,,,
7696,arsenal,4209,0.04,4.31,,,,,,
7697,categories,4217,0.04,4.31,,,,,,
7698,company's,4220,0.04,4.31,,,,,,
7699,discrimination,4225,0.04,4.31,,,,B1,noun,
7700,distributed,4227,0.04,4.31,,,,,,
7701,districts,4228,0.04,4.31,,,,,,
7702,domain,4230,0.04,4.31,,,,,,
7703,edited,4232,0.04,4.31,,,,,,
7704,implementation,4241,0.04,4.31,,,,,,
7705,literary,4250,0.04,4.31,,,,B1,adjective,
7706,massachusetts,4252,0.04,4.31,,,,,,
7707,minnesota,4254,0.04,4.31,,,,,,
7708,restrictions,4263,0.04,4.31,,,,,,
7709,saudi,4266,0.04,4.31,,,,,,
7710,stability,4271,0.04,4.31,,,,B2,noun,
7711,updates,4280,0.04,4.31,,,,,,
7712,viewed,4282,0.04,4.31,,,,,,
7713,6th,4283,0.04,4.3,,,,,,
7714,edit,4297,0.04,4.3,,,,B2,"noun, verb",
7715,enable,4298,0.04,4.3,,,,B1,verb,
7716,equity,4299,0.04,4.3,,,,B2,noun,
7717,estimates,4300,0.04,4.3,,,,,,
7718,oregon,4317,0.04,4.3,,,,,,
7719,racial,4323,0.04,4.3,,,,B1,adjective,
7720,rated,4324,0.04,4.3,,,,,,
7721,similarly,4334,0.04,4.3,,,,B1,adverb,
7722,beef,4351,0.04,4.29,3124,0.04,4.29,A1,noun,0.0
7723,cited,4357,0.04,4.29,,,,,,
7724,coaching,4359,0.04,4.29,,,,B2,noun,
7725,constructed,4361,0.04,4.29,,,,,,
7726,dec,4363,0.04,4.29,,,,,,
7727,default,4364,0.04,4.29,,,,,,
7728,derived,4366,0.04,4.29,,,,,,
7729,eligible,4372,0.04,4.29,,,,B2,adjective,
7730,framework,4379,0.04,4.29,,,,,,
7731,franchise,4380,0.04,4.29,,,,,,
7732,funded,4381,0.04,4.29,,,,,,
7733,integrated,4385,0.04,4.29,,,,,,
7734,interaction,4387,0.04,4.29,,,,B1,noun,
7735,mp,4395,0.04,4.29,,,,,,
7736,performances,4397,0.04,4.29,,,,,,
7737,philippines,4398,0.04,4.29,,,,,,
7738,recommendations,4400,0.04,4.29,,,,,,
7739,regarded,4402,0.04,4.29,,,,,,
7740,responses,4407,0.04,4.29,,,,,,
7741,strategies,4413,0.04,4.29,,,,,,
7742,wore,4422,0.04,4.29,3076,0.04,4.29,,,0.0
7743,characteristics,4431,0.04,4.28,,,,,,
7744,cnn,4432,0.04,4.28,,,,,,
7745,collaboration,4433,0.04,4.28,,,,,,
7746,dependent,4440,0.04,4.28,,,,B1,adjective,
7747,discussions,4441,0.04,4.28,,,,,,
7748,dual,4443,0.04,4.28,,,,,,
7749,edinburgh,4444,0.04,4.28,,,,,,
7750,expanded,4446,0.04,4.28,,,,,,
7751,highlights,4455,0.04,4.28,,,,,,
7752,lmao,4464,0.04,4.28,,,,,,
7753,logo,4465,0.04,4.28,,,,B1,noun,
7754,malaysia,4466,0.04,4.28,,,,,,
7755,netherlands,4470,0.04,4.28,,,,,,
7756,prevention,4476,0.04,4.28,,,,B2,noun,
7757,promoting,4478,0.04,4.28,,,,,,
7758,replied,4482,0.04,4.28,,,,,,
7759,tourism,4499,0.04,4.28,,,,B1,noun,
7760,7th,4502,0.03,4.27,,,,,,
7761,cm,4512,0.03,4.27,,,,,,
7762,composed,4513,0.03,4.27,,,,,,
7763,corp,4516,0.03,4.27,,,,,,
7764,credits,4519,0.03,4.27,,,,,,
7765,earnings,4522,0.03,4.27,,,,B2,noun,
7766,everyone's,4524,0.03,4.27,,,,,,
7767,frequent,4528,0.03,4.27,,,,B1,adjective,
7768,improvements,4534,0.03,4.27,,,,,,
7769,investments,4535,0.03,4.27,,,,,,
7770,isis,4536,0.03,4.27,,,,,,
7771,margin,4537,0.03,4.27,,,,B2,noun,
7772,maryland,4539,0.03,4.27,,,,,,
7773,moderate,4541,0.03,4.27,,,,B1,adjective,
7774,oklahoma,4543,0.03,4.27,,,,,,
7775,publications,4550,0.03,4.27,,,,,,
7776,sized,4554,0.03,4.27,,,,,,
7777,topics,4559,0.03,4.27,,,,,,
7778,tune,4563,0.03,4.27,3241,0.04,4.27,A2,noun,0.0
7779,utility,4564,0.03,4.27,,,,B2,noun,
7780,©,4568,0.03,4.27,,,,,,
7781,acquisition,4569,0.03,4.26,,,,B2,noun,
7782,alabama,4571,0.03,4.26,,,,,,
7783,anime,4574,0.03,4.26,,,,,,
7784,concepts,4589,0.03,4.26,,,,,,
7785,controversy,4591,0.03,4.26,,,,B2,noun,
7786,equality,4597,0.03,4.26,,,,B1,noun,
7787,father's,4601,0.03,4.26,,,,,,
7788,fiscal,4604,0.03,4.26,,,,B2,adjective,
7789,hd,4606,0.03,4.26,,,,,,
7790,mainstream,4612,0.03,4.26,,,,,,
7791,missouri,4614,0.03,4.26,,,,,,
7792,mounted,4615,0.03,4.26,,,,,,
7793,requirement,4628,0.03,4.26,,,,B1,noun,
7794,segment,4633,0.03,4.26,,,,B2,noun,
7795,spectrum,4634,0.03,4.26,,,,,,
7796,va,4639,0.03,4.26,,,,,,
7797,ac,4646,0.03,4.25,,,,,,
7798,aimed,4650,0.03,4.25,,,,,,
7799,colleges,4660,0.03,4.25,,,,,,
7800,conventional,4662,0.03,4.25,,,,B2,adjective,
7801,designated,4665,0.03,4.25,,,,,,
7802,employers,4668,0.03,4.25,,,,,,
7803,errors,4670,0.03,4.25,,,,,,
7804,gains,4673,0.03,4.25,,,,,,
7805,guidelines,4676,0.03,4.25,,,,,,
7806,hosted,4678,0.03,4.25,,,,,,
7807,indonesia,4680,0.03,4.25,,,,,,
7808,maintaining,4689,0.03,4.25,,,,,,
7809,powered,4700,0.03,4.25,,,,,,
7810,quotes,4702,0.03,4.25,,,,,,
7811,racism,4703,0.03,4.25,,,,B2,noun,
7812,refers,4707,0.03,4.25,,,,,,
7813,shelter,4712,0.03,4.25,3329,0.04,4.25,B1,noun,0.0
7814,vary,4724,0.03,4.25,,,,B1,verb,
7815,venue,4725,0.03,4.25,,,,B2,noun,
7816,😂,4730,0.03,4.25,,,,,,
7817,8th,4731,0.03,4.24,,,,,,
7818,abc,4732,0.03,4.24,,,,,,
7819,accuracy,4734,0.03,4.24,,,,B1,noun,
7820,bitcoin,4740,0.03,4.24,,,,,,
7821,consistently,4745,0.03,4.24,,,,,,
7822,conversion,4746,0.03,4.24,,,,B2,noun,
7823,copyright,4747,0.03,4.24,,,,B1,noun,
7824,counties,4748,0.03,4.24,,,,,,
7825,democrat,4749,0.03,4.24,,,,,,
7826,diverse,4753,0.03,4.24,,,,B1,adjective,
7827,emails,4755,0.03,4.24,,,,,,
7828,exclusively,4757,0.03,4.24,,,,B2,adverb,
7829,export,4758,0.03,4.24,,,,B2,"noun, verb",
7830,formerly,4760,0.03,4.24,,,,B2,adverb,
7831,functional,4761,0.03,4.24,,,,B2,adjective,
7832,modified,4777,0.03,4.24,,,,,,
7833,municipal,4778,0.03,4.24,,,,,,
7834,popularity,4788,0.03,4.24,,,,B2,noun,
7835,reactions,4791,0.03,4.24,,,,,,
7836,securities,4795,0.03,4.24,,,,,,
7837,supplied,4802,0.03,4.24,,,,,,
7838,unions,4810,0.03,4.24,,,,,,
7839,upgrade,4811,0.03,4.24,,,,B2,"noun, verb",
7840,actively,4816,0.03,4.23,,,,B2,adverb,
7841,applies,4819,0.03,4.23,,,,,,
7842,certified,4833,0.03,4.23,,,,,,
7843,charter,4834,0.03,4.23,,,,,,
7844,city's,4836,0.03,4.23,,,,,,
7845,coalition,4838,0.03,4.23,,,,B2,noun,
7846,complain,4840,0.03,4.23,3431,0.04,4.23,A2,verb,0.0
7847,controversial,4842,0.03,4.23,,,,B1,adjective,
7848,describing,4844,0.03,4.23,,,,,,
7849,dominant,4851,0.03,4.23,,,,,,
7850,graphic,4858,0.03,4.23,,,,B1,adjective,
7851,hosts,4862,0.03,4.23,,,,,,
7852,implemented,4863,0.03,4.23,,,,,,
7853,jacob,4866,0.03,4.23,3458,0.04,4.23,,,0.0
7854,opponents,4874,0.03,4.23,,,,,,
7855,outdoor,4875,0.03,4.23,,,,B1,adjective,
7856,photograph,4878,0.03,4.23,3473,0.04,4.23,B2,"noun, verb",0.0
7857,queensland,4882,0.03,4.23,,,,,,
7858,regulatory,4887,0.03,4.23,,,,,,
7859,reviewed,4888,0.03,4.23,,,,,,
7860,settings,4893,0.03,4.23,,,,,,
7861,sponsored,4896,0.03,4.23,,,,,,
7862,subsequently,4899,0.03,4.23,,,,,,
7863,tasks,4904,0.03,4.23,,,,,,
7864,ultra,4906,0.03,4.23,,,,,,
7865,usage,4908,0.03,4.23,,,,B1,noun,
7866,utah,4909,0.03,4.23,,,,,,
7867,affordable,4912,0.03,4.22,,,,B2,adjective,
7868,appeals,4914,0.03,4.22,,,,,,
7869,completion,4932,0.03,4.22,,,,B2,noun,
7870,demonstrated,4936,0.03,4.22,,,,,,
7871,developers,4938,0.03,4.22,,,,,,
7872,developments,4939,0.03,4.22,,,,,,
7873,eagles,4941,0.03,4.22,,,,,,
7874,generate,4948,0.03,4.22,,,,B1,verb,
7875,gop,4949,0.03,4.22,,,,,,
7876,integration,4955,0.03,4.22,,,,,,
7877,interpretation,4957,0.03,4.22,,,,B2,noun,
7878,productive,4975,0.03,4.22,,,,B1,adjective,
7879,reserves,4977,0.03,4.22,,,,,,
7880,streaming,4984,0.03,4.22,,,,,,
7881,transactions,4991,0.03,4.22,,,,,,
7882,unemployment,4994,0.03,4.22,,,,B1,noun,
7883,wtf,5000,0.03,4.22,,,,,,
7884,_,5001,0.03,4.21,,,,,,
7885,aims,5004,0.03,4.21,,,,,,
7886,arc,5005,0.03,4.21,,,,,,
7887,campaigns,5011,0.03,4.21,,,,,,
7888,collections,5017,0.03,4.21,,,,,,
7889,continuous,5018,0.03,4.21,,,,B1,adjective,
7890,criteria,5023,0.03,4.21,,,,,,
7891,declined,5024,0.03,4.21,,,,,,
7892,disability,5027,0.03,4.21,,,,B1,noun,
7893,ep,5033,0.03,4.21,,,,,,
7894,excess,5035,0.03,4.21,,,,B1,noun,
7895,fifa,5038,0.03,4.21,,,,,,
7896,highlight,5049,0.03,4.21,,,,B1,"noun, verb",
7897,holder,5050,0.03,4.21,,,,B2,noun,
7898,manufacturer,5062,0.03,4.21,,,,B2,noun,
7899,ontario,5068,0.03,4.21,,,,,,
7900,playoffs,5073,0.03,4.21,,,,,,
7901,quoted,5075,0.03,4.21,,,,,,
7902,relating,5076,0.03,4.21,,,,,,
7903,tennessee,5091,0.03,4.21,,,,,,
7904,transaction,5092,0.03,4.21,,,,,,
7905,additionally,5097,0.03,4.2,,,,B2,adverb,
7906,chronic,5110,0.03,4.2,,,,,,
7907,departments,5118,0.03,4.2,,,,,,
7908,developer,5120,0.03,4.2,,,,,,
7909,hr,5134,0.03,4.2,,,,,,
7910,implement,5135,0.03,4.2,,,,B2,"noun, verb",
7911,incorporated,5136,0.03,4.2,,,,,,
7912,influenced,5137,0.03,4.2,,,,,,
7913,md,5143,0.03,4.2,,,,,,
7914,pic,5151,0.03,4.2,,,,,,
7915,pollution,5153,0.03,4.2,,,,A1,noun,
7916,proposals,5157,0.03,4.2,,,,,,
7917,protests,5158,0.03,4.2,,,,,,
7918,solely,5164,0.03,4.2,,,,,,
7919,transit,5170,0.03,4.2,,,,,,
7920,volumes,5175,0.03,4.2,,,,,,
7921,websites,5176,0.03,4.2,,,,,,
7922,wireless,5177,0.03,4.2,,,,,,
7923,airlines,5183,0.03,4.19,,,,,,
7924,albums,5185,0.03,4.19,,,,,,
7925,america's,5186,0.03,4.19,,,,,,
7926,blade,5191,0.03,4.19,3678,0.04,4.19,B2,noun,0.0
7927,bulk,5195,0.03,4.19,,,,,,
7928,census,5198,0.03,4.19,,,,,,
7929,coastal,5200,0.03,4.19,,,,B1,adjective,
7930,commentary,5203,0.03,4.19,,,,,,
7931,congressional,5205,0.03,4.19,,,,,,
7932,deemed,5210,0.03,4.19,,,,,,
7933,emerging,5214,0.03,4.19,,,,,,
7934,emphasis,5216,0.03,4.19,,,,B1,noun,
7935,exploration,5219,0.03,4.19,,,,B1,noun,
7936,glasgow,5223,0.03,4.19,,,,,,
7937,graphics,5224,0.03,4.19,,,,B1,noun,
7938,it'd,5229,0.03,4.19,,,,,,
7939,louisiana,5232,0.03,4.19,,,,,,
7940,mar,5233,0.03,4.19,,,,,,
7941,netflix,5238,0.03,4.19,,,,,,
7942,operators,5240,0.03,4.19,,,,,,
7943,partially,5242,0.03,4.19,,,,,,
7944,participating,5243,0.03,4.19,,,,,,
7945,platforms,5245,0.03,4.19,,,,,,
7946,populations,5246,0.03,4.19,,,,,,
7947,produces,5251,0.03,4.19,,,,,,
7948,qualify,5252,0.03,4.19,,,,B1,verb,
7949,ranging,5255,0.03,4.19,,,,,,
7950,ranking,5256,0.03,4.19,,,,,,
7951,receives,5257,0.03,4.19,,,,,,
7952,respective,5258,0.03,4.19,,,,,,
7953,situated,5265,0.03,4.19,,,,,,
7954,sony,5267,0.03,4.19,,,,,,
7955,sustainable,5271,0.03,4.19,,,,,,
7956,themes,5274,0.03,4.19,,,,,,
7957,widespread,5283,0.03,4.19,,,,B1,adjective,
7958,xbox,5284,0.03,4.19,,,,,,
7959,accessible,5286,0.03,4.18,,,,B1,adjective,
7960,advisory,5289,0.03,4.18,,,,,,
7961,animation,5290,0.03,4.18,,,,B1,noun,
7962,balanced,5292,0.03,4.18,,,,B2,adjective,
7963,bias,5297,0.03,4.18,,,,,,
7964,birmingham,5298,0.03,4.18,,,,,,
7965,classification,5305,0.03,4.18,,,,B2,noun,
7966,consecutive,5313,0.03,4.18,,,,,,
7967,craig,5316,0.03,4.18,3765,0.03,4.18,,,0.0
7968,deleted,5317,0.03,4.18,,,,,,
7969,didnt,5319,0.03,4.18,,,,,,
7970,displayed,5320,0.03,4.18,,,,,,
7971,dominated,5321,0.03,4.18,,,,,,
7972,metropolitan,5339,0.03,4.18,,,,,,
7973,nominated,5342,0.03,4.18,,,,,,
7974,parliamentary,5344,0.03,4.18,,,,,,
7975,patent,5345,0.03,4.18,,,,,,
7976,proceedings,5350,0.03,4.18,,,,,,
7977,sc,5359,0.03,4.18,,,,,,
7978,she'd,5360,0.03,4.18,,,,,,
7979,she'll,5361,0.03,4.18,,,,,,
7980,sizes,5365,0.03,4.18,,,,,,
7981,soap,5367,0.03,4.18,3755,0.03,4.18,A2,noun,0.0
7982,structural,5371,0.03,4.18,,,,,,
7983,tbh,5373,0.03,4.18,,,,,,
7984,ukrainian,5375,0.03,4.18,,,,,,
7985,adapted,5383,0.03,4.17,,,,,,
7986,attendance,5389,0.03,4.17,,,,B2,noun,
7987,aviation,5390,0.03,4.17,,,,,,
7988,colonial,5401,0.03,4.17,,,,B2,adjective,
7989,compliance,5403,0.03,4.17,,,,,,
7990,corporations,5406,0.03,4.17,,,,,,
7991,country's,5408,0.03,4.17,,,,,,
7992,decrease,5411,0.03,4.17,,,,B1,"noun, verb",
7993,genre,5418,0.03,4.17,,,,B2,noun,
7994,grammar,5420,0.03,4.17,,,,A1,noun,
7995,hiv,5421,0.03,4.17,,,,B1,noun,
7996,idk,5422,0.03,4.17,,,,,,
7997,illustrated,5423,0.03,4.17,,,,,,
7998,licensed,5434,0.03,4.17,,,,,,
7999,placing,5444,0.03,4.17,,,,,,
8000,simultaneously,5454,0.03,4.17,,,,B1,adverb,
8001,testimony,5458,0.03,4.17,3836,0.03,4.17,B2,noun,0.0
8002,tweet,5462,0.03,4.17,,,,,,
8003,underlying,5464,0.03,4.17,,,,,,
8004,von,5467,0.03,4.17,3864,0.03,4.17,,,0.0
8005,acceptance,5469,0.03,4.16,,,,B1,noun,
8006,annually,5472,0.03,4.16,,,,B1,adverb,
8007,buyers,5482,0.03,4.16,,,,,,
8008,deadly,5489,0.03,4.16,3905,0.03,4.16,B1,adjective,0.0
8009,der,5491,0.03,4.16,,,,,,
8010,desired,5492,0.03,4.16,,,,,,
8011,emerged,5495,0.03,4.16,,,,,,
8012,gm,5499,0.03,4.16,,,,,,
8013,hosting,5503,0.03,4.16,,,,,,
8014,icon,5504,0.03,4.16,,,,B2,noun,
8015,imposed,5505,0.03,4.16,,,,,,
8016,indigenous,5506,0.03,4.16,,,,,,
8017,installation,5508,0.03,4.16,,,,,,
8018,inter,5509,0.03,4.16,,,,,,
8019,interactions,5510,0.03,4.16,,,,,,
8020,iranian,5512,0.03,4.16,,,,,,
8021,legislature,5515,0.03,4.16,,,,B2,noun,
8022,liability,5516,0.03,4.16,,,,,,
8023,maine,5517,0.03,4.16,,,,,,
8024,makers,5518,0.03,4.16,,,,,,
8025,marvel,5521,0.03,4.16,,,,,,
8026,mps,5524,0.03,4.16,,,,,,
8027,organisations,5526,0.03,4.16,,,,,,
8028,perceived,5530,0.03,4.16,,,,,,
8029,pics,5531,0.03,4.16,,,,,,
8030,premiere,5535,0.03,4.16,,,,,,
8031,presidency,5536,0.03,4.16,,,,B2,noun,
8032,remarks,5540,0.03,4.16,,,,,,
8033,retain,5541,0.03,4.16,,,,B1,verb,
8034,russians,5544,0.03,4.16,3944,0.03,4.16,,,0.0
8035,sporting,5554,0.03,4.16,,,,,,
8036,teens,5557,0.03,4.16,,,,,,
8037,tier,5559,0.03,4.16,,,,,,
8038,vancouver,5562,0.03,4.16,,,,,,
8039,woman's,5565,0.03,4.16,,,,,,
8040,aka,5571,0.03,4.15,,,,,,
8041,appearing,5572,0.03,4.15,,,,,,
8042,belgium,5575,0.03,4.15,,,,,,
8043,caps,5580,0.03,4.15,,,,,,
8044,cc,5583,0.03,4.15,,,,,,
8045,grants,5598,0.03,4.15,,,,,,
8046,ion,5604,0.03,4.15,,,,,,
8047,minded,5611,0.03,4.15,,,,,,
8048,par,5614,0.03,4.15,,,,,,
8049,podcast,5615,0.03,4.15,,,,,,
8050,portfolio,5616,0.03,4.15,,,,,,
8051,productivity,5617,0.03,4.15,,,,,,
8052,replacing,5622,0.03,4.15,,,,,,
8053,screening,5626,0.03,4.15,,,,,,
8054,southeast,5630,0.03,4.15,,,,B1,"adjective, noun",
8055,stating,5632,0.03,4.15,,,,,,
8056,timeline,5638,0.03,4.15,,,,,,
8057,vertical,5646,0.03,4.15,,,,,,
8058,welsh,5649,0.03,4.15,,,,,,
8059,9th,5652,0.03,4.14,,,,,,
8060,abstract,5654,0.03,4.14,,,,B1,adjective,
8061,binding,5661,0.03,4.14,,,,,,
8062,cbs,5664,0.03,4.14,,,,,,
8063,commons,5665,0.03,4.14,,,,,,
8064,conservatives,5666,0.03,4.14,,,,,,
8065,disorders,5675,0.03,4.14,,,,,,
8066,duration,5676,0.03,4.14,,,,,,
8067,inflation,5692,0.03,4.14,,,,B2,noun,
8068,install,5695,0.03,4.14,,,,,,
8069,instruction,5696,0.03,4.14,,,,B1,noun,
8070,intensity,5697,0.03,4.14,,,,,,
8071,judicial,5701,0.03,4.14,,,,,,
8072,lakes,5704,0.03,4.14,,,,,,
8073,libraries,5707,0.03,4.14,,,,,,
8074,migration,5711,0.03,4.14,,,,B2,noun,
8075,northwest,5717,0.03,4.14,,,,B1,"adjective, noun",
8076,peer,5722,0.03,4.14,,,,B2,noun,
8077,provision,5727,0.03,4.14,,,,B2,noun,
8078,requiring,5729,0.03,4.14,,,,,,
8079,revised,5730,0.03,4.14,,,,,,
8080,statistical,5735,0.03,4.14,,,,,,
8081,sticks,5736,0.03,4.14,4044,0.03,4.14,,,0.0
8082,syrian,5741,0.03,4.14,,,,,,
8083,tours,5745,0.03,4.14,,,,,,
8084,accordance,5751,0.03,4.13,,,,,,
8085,acquire,5752,0.03,4.13,,,,B1,verb,
8086,activist,5753,0.03,4.13,,,,,,
8087,activists,5754,0.03,4.13,,,,,,
8088,applicable,5757,0.03,4.13,,,,,,
8089,availability,5759,0.03,4.13,,,,B2,noun,
8090,boundary,5763,0.03,4.13,,,,,,
8091,comparing,5773,0.03,4.13,,,,,,
8092,controller,5776,0.03,4.13,,,,,,
8093,corresponding,5777,0.03,4.13,,,,B2,adjective,
8094,engaging,5788,0.03,4.13,,,,,,
8095,financing,5790,0.03,4.13,,,,,,
8096,fitted,5791,0.03,4.13,,,,,,
8097,flexible,5792,0.03,4.13,,,,B2,adjective,
8098,households,5800,0.03,4.13,,,,,,
8099,hp,5801,0.03,4.13,,,,,,
8100,iconic,5802,0.03,4.13,,,,,,
8101,kenya,5805,0.03,4.13,,,,,,
8102,lesser,5806,0.03,4.13,,,,,,
8103,liberals,5807,0.03,4.13,,,,,,
8104,mandatory,5809,0.03,4.13,,,,,,
8105,manufactured,5810,0.03,4.13,,,,,,
8106,mechanics,5811,0.03,4.13,,,,,,
8107,mt,5814,0.03,4.13,,,,,,
8108,operates,5819,0.03,4.13,,,,,,
8109,pittsburgh,5823,0.03,4.13,,,,,,
8110,playoff,5824,0.03,4.13,,,,,,
8111,providers,5829,0.03,4.13,,,,,,
8112,putin,5831,0.03,4.13,,,,,,
8113,reportedly,5832,0.03,4.13,,,,,,
8114,seeks,5836,0.03,4.13,,,,,,
8115,washing,5850,0.03,4.13,4114,0.03,4.13,,,0.0
8116,adjacent,5851,0.02,4.12,,,,,,
8117,agreements,5852,0.02,4.12,,,,,,
8118,arabia,5854,0.02,4.12,,,,,,
8119,curriculum,5870,0.02,4.12,,,,B1,noun,
8120,electoral,5878,0.02,4.12,,,,,,
8121,entity,5880,0.02,4.12,,,,,,
8122,feminist,5883,0.02,4.12,,,,,,
8123,governing,5884,0.02,4.12,,,,,,
8124,interface,5887,0.02,4.12,,,,,,
8125,ios,5888,0.02,4.12,,,,,,
8126,journalism,5890,0.02,4.12,,,,B2,noun,
8127,linear,5894,0.02,4.12,,,,,,
8128,mg,5895,0.02,4.12,,,,,,
8129,oriented,5897,0.02,4.12,,,,,,
8130,preventing,5903,0.02,4.12,,,,,,
8131,prof,5904,0.02,4.12,,,,,,
8132,provisions,5905,0.02,4.12,,,,,,
8133,reflected,5908,0.02,4.12,,,,,,
8134,rev,5912,0.02,4.12,,,,,,
8135,samsung,5915,0.02,4.12,,,,,,
8136,scholars,5916,0.02,4.12,,,,,,
8137,sri,5919,0.02,4.12,,,,,,
8138,streams,5920,0.02,4.12,,,,,,
8139,tends,5922,0.02,4.12,,,,,,
8140,variable,5925,0.02,4.12,,,,,,
8141,victorian,5926,0.02,4.12,,,,,,
8142,xi,5928,0.02,4.12,,,,,,
8143,zones,5929,0.02,4.12,,,,,,
8144,adjusted,5931,0.02,4.11,,,,,,
8145,artwork,5934,0.02,4.11,,,,,,
8146,bankruptcy,5939,0.02,4.11,,,,B2,noun,
8147,canon,5940,0.02,4.11,,,,B2,noun,
8148,capabilities,5941,0.02,4.11,,,,,,
8149,cognitive,5946,0.02,4.11,,,,,,
8150,competitors,5947,0.02,4.11,,,,,,
8151,connecticut,5948,0.02,4.11,,,,,,
8152,defender,5954,0.02,4.11,,,,B1,noun,
8153,divisions,5957,0.02,4.11,,,,,,
8154,editorial,5959,0.02,4.11,,,,B2,noun,
8155,enabled,5960,0.02,4.11,,,,,,
8156,establishing,5963,0.02,4.11,,,,,,
8157,generic,5966,0.02,4.11,,,,,,
8158,hybrid,5975,0.02,4.11,,,,B2,adjective,
8159,investing,5977,0.02,4.11,,,,,,
8160,lasting,5979,0.02,4.11,,,,B1,adjective,
8161,locally,5980,0.02,4.11,,,,,,
8162,minimal,5983,0.02,4.11,,,,,,
8163,molecular,5985,0.02,4.11,,,,,,
8164,overview,5991,0.02,4.11,,,,,,
8165,palestinian,5993,0.02,4.11,,,,,,
8166,potato,5998,0.02,4.11,4307,0.03,4.11,A1,noun,0.0
8167,preference,6000,0.02,4.11,,,,B1,noun,
8168,proportion,6002,0.02,4.11,,,,B1,noun,
8169,purchases,6003,0.02,4.11,,,,,,
8170,rd,6005,0.02,4.11,,,,,,
8171,reflects,6006,0.02,4.11,,,,,,
8172,restoration,6008,0.02,4.11,,,,,,
8173,voter,6016,0.02,4.11,,,,B2,noun,
8174,advantages,6020,0.02,4.1,,,,,,
8175,archives,6022,0.02,4.1,,,,,,
8176,array,6023,0.02,4.1,,,,,,
8177,assisted,6024,0.02,4.1,,,,,,
8178,calculated,6031,0.02,4.1,,,,,,
8179,centres,6033,0.02,4.1,,,,,,
8180,chapters,6034,0.02,4.1,,,,,,
8181,citizenship,6035,0.02,4.1,,,,B1,noun,
8182,conflicts,6038,0.02,4.1,,,,,,
8183,consensus,6039,0.02,4.1,,,,B2,noun,
8184,cycling,6040,0.02,4.1,,,,A2,noun,
8185,derby,6043,0.02,4.1,,,,,,
8186,distinction,6044,0.02,4.1,,,,B1,noun,
8187,donations,6045,0.02,4.1,,,,,,
8188,fig,6052,0.02,4.1,,,,,,
8189,implications,6060,0.02,4.1,,,,,,
8190,import,6061,0.02,4.1,,,,B2,verb,
8191,innovative,6062,0.02,4.1,,,,B2,adjective,
8192,ipad,6063,0.02,4.1,,,,,,
8193,monetary,6073,0.02,4.1,,,,,,
8194,nutrition,6075,0.02,4.1,,,,B1,noun,
8195,ore,6076,0.02,4.1,,,,,,
8196,os,6077,0.02,4.1,,,,,,
8197,outcomes,6078,0.02,4.1,,,,,,
8198,polls,6081,0.02,4.1,,,,,,
8199,portugal,6083,0.02,4.1,,,,,,
8200,proteins,6086,0.02,4.1,,,,,,
8201,provider,6087,0.02,4.1,,,,,,
8202,rewards,6093,0.02,4.1,,,,,,
8203,seemingly,6095,0.02,4.1,,,,,,
8204,senators,6096,0.02,4.1,,,,,,
8205,southwest,6100,0.02,4.1,,,,B1,"adjective, noun",
8206,titled,6106,0.02,4.1,,,,,,
8207,unlimited,6108,0.02,4.1,,,,B2,adjective,
8208,consisting,6121,0.02,4.09,,,,,,
8209,dairy,6123,0.02,4.09,,,,,,
8210,dakota,6124,0.02,4.09,,,,,,
8211,entries,6135,0.02,4.09,,,,,,
8212,euro,6136,0.02,4.09,,,,A2,noun,
8213,exports,6138,0.02,4.09,,,,,,
8214,fl,6140,0.02,4.09,,,,,,
8215,forecast,6143,0.02,4.09,,,,B1,noun,
8216,fr,6144,0.02,4.09,,,,,,
8217,governance,6145,0.02,4.09,,,,,,
8218,indicating,6149,0.02,4.09,,,,,,
8219,indoor,6150,0.02,4.09,,,,A2,adjective,
8220,influential,6151,0.02,4.09,,,,B2,adjective,
8221,lighter,6161,0.02,4.09,4453,0.03,4.09,B1,noun,0.0
8222,mentions,6164,0.02,4.09,,,,,,
8223,prevented,6171,0.02,4.09,,,,,,
8224,roster,6176,0.02,4.09,,,,,,
8225,should've,6182,0.02,4.09,,,,,,
8226,team's,6190,0.02,4.09,,,,,,
8227,treatments,6195,0.02,4.09,,,,,,
8228,tweeted,6196,0.02,4.09,,,,,,
8229,variations,6198,0.02,4.09,,,,,,
8230,vi,6199,0.02,4.09,,,,,,
8231,where's,6200,0.02,4.09,,,,,,
8232,wi,6201,0.02,4.09,,,,,,
8233,acknowledged,6203,0.02,4.08,,,,,,
8234,advances,6204,0.02,4.08,,,,,,
8235,anticipated,6207,0.02,4.08,,,,,,
8236,basin,6210,0.02,4.08,,,,B1,noun,
8237,beneficial,6211,0.02,4.08,,,,B2,adjective,
8238,bros,6217,0.02,4.08,,,,,,
8239,careers,6220,0.02,4.08,,,,,,
8240,comparable,6225,0.02,4.08,,,,,,
8241,contributing,6229,0.02,4.08,,,,,,
8242,diameter,6230,0.02,4.08,,,,B1,noun,
8243,dublin,6232,0.02,4.08,,,,,,
8244,duo,6234,0.02,4.08,,,,,,
8245,dynamics,6235,0.02,4.08,,,,,,
8246,enhanced,6237,0.02,4.08,,,,,,
8247,essays,6238,0.02,4.08,,,,,,
8248,focuses,6244,0.02,4.08,,,,,,
8249,historically,6253,0.02,4.08,,,,,,
8250,hub,6254,0.02,4.08,,,,,,
8251,kg,6258,0.02,4.08,,,,,,
8252,labels,6259,0.02,4.08,,,,,,
8253,layout,6262,0.02,4.08,,,,,,
8254,micro,6268,0.02,4.08,,,,B2,noun,
8255,nintendo,6270,0.02,4.08,,,,,,
8256,objectives,6271,0.02,4.08,,,,,,
8257,penalties,6278,0.02,4.08,,,,,,
8258,presidents,6285,0.02,4.08,,,,,,
8259,provincial,6288,0.02,4.08,,,,,,
8260,rotation,6293,0.02,4.08,,,,,,
8261,societies,6297,0.02,4.08,,,,,,
8262,struggles,6300,0.02,4.08,,,,,,
8263,variation,6312,0.02,4.08,,,,B2,noun,
8264,viewing,6313,0.02,4.08,,,,,,
8265,viral,6314,0.02,4.08,,,,,,
8266,®,6319,0.02,4.08,,,,,,
8267,administrator,6321,0.02,4.07,,,,,,
8268,affecting,6322,0.02,4.07,,,,,,
8269,animated,6325,0.02,4.07,,,,B1,adjective,
8270,assess,6327,0.02,4.07,,,,B2,verb,
8271,bio,6335,0.02,4.07,,,,B2,noun,
8272,capability,6340,0.02,4.07,,,,B2,noun,
8273,chiefs,6342,0.02,4.07,,,,,,
8274,commented,6343,0.02,4.07,,,,,,
8275,computing,6344,0.02,4.07,,,,,,
8276,displays,6352,0.02,4.07,,,,,,
8277,emissions,6354,0.02,4.07,,,,,,
8278,ethical,6355,0.02,4.07,,,,,,
8279,excellence,6356,0.02,4.07,,,,B1,noun,
8280,inhabitants,6367,0.02,4.07,,,,,,
8281,inn,6369,0.02,4.07,4619,0.03,4.07,,,0.0
8282,measuring,6377,0.02,4.07,,,,,,
8283,momentum,6379,0.02,4.07,,,,,,
8284,montreal,6381,0.02,4.07,,,,,,
8285,nationwide,6383,0.02,4.07,,,,B2,"adjective, adverb",
8286,newcastle,6385,0.02,4.07,,,,,,
8287,nomination,6388,0.02,4.07,,,,B2,noun,
8288,notable,6389,0.02,4.07,,,,,,
8289,optical,6391,0.02,4.07,,,,,,
8290,outlook,6392,0.02,4.07,,,,B2,noun,
8291,phd,6395,0.02,4.07,,,,,,
8292,ports,6396,0.02,4.07,,,,,,
8293,programmes,6398,0.02,4.07,,,,,,
8294,prospects,6399,0.02,4.07,,,,,,
8295,publishers,6400,0.02,4.07,,,,,,
8296,quantity,6401,0.02,4.07,,,,B1,noun,
8297,retained,6409,0.02,4.07,,,,,,
8298,sectors,6414,0.02,4.07,,,,,,
8299,span,6416,0.02,4.07,,,,B2,verb,
8300,specialized,6417,0.02,4.07,,,,,,
8301,submission,6419,0.02,4.07,,,,,,
8302,supporter,6421,0.02,4.07,,,,B1,noun,
8303,valued,6427,0.02,4.07,,,,,,
8304,ab,6429,0.02,4.06,,,,,,
8305,accommodation,6430,0.02,4.06,,,,B2,noun,
8306,achievements,6431,0.02,4.06,,,,,,
8307,addressing,6432,0.02,4.06,,,,,,
8308,allegedly,6434,0.02,4.06,,,,,,
8309,ballot,6440,0.02,4.06,,,,B2,noun,
8310,btw,6443,0.02,4.06,,,,,,
8311,cemetery,6444,0.02,4.06,4657,0.03,4.06,B2,noun,0.0
8312,chile,6448,0.02,4.06,,,,,,
8313,compact,6450,0.02,4.06,,,,,,
8314,completing,6451,0.02,4.06,,,,,,
8315,consulting,6452,0.02,4.06,,,,,,
8316,cooling,6453,0.02,4.06,,,,,,
8317,could've,6455,0.02,4.06,,,,,,
8318,deficit,6456,0.02,4.06,,,,B2,noun,
8319,detection,6461,0.02,4.06,,,,,,
8320,fc,6469,0.02,4.06,,,,,,
8321,fiber,6470,0.02,4.06,,,,,,
8322,guided,6474,0.02,4.06,,,,,,
8323,independently,6481,0.02,4.06,,,,B2,adverb,
8324,instances,6484,0.02,4.06,,,,,,
8325,intensive,6485,0.02,4.06,,,,B1,adjective,
8326,interactive,6486,0.02,4.06,,,,B2,adjective,
8327,lbs,6489,0.02,4.06,,,,,,
8328,nigerian,6493,0.02,4.06,,,,,,
8329,northeast,6494,0.02,4.06,,,,B1,"adjective, noun",
8330,panels,6497,0.02,4.06,,,,,,
8331,pokemon,6499,0.02,4.06,,,,,,
8332,politically,6500,0.02,4.06,,,,B2,adverb,
8333,priorities,6503,0.02,4.06,,,,,,
8334,pronounced,6504,0.02,4.06,,,,,,
8335,purchasing,6508,0.02,4.06,,,,,,
8336,reforms,6513,0.02,4.06,,,,,,
8337,revenues,6514,0.02,4.06,,,,,,
8338,smartphone,6521,0.02,4.06,,,,,,
8339,specified,6522,0.02,4.06,,,,,,
8340,subscription,6526,0.02,4.06,,,,,,
8341,technological,6528,0.02,4.06,,,,B1,adjective,
8342,tolerance,6530,0.02,4.06,,,,,,
8343,traditionally,6532,0.02,4.06,,,,B1,adverb,
8344,adequate,6539,0.02,4.05,,,,B2,adjective,
8345,arkansas,6542,0.02,4.05,,,,,,
8346,attributed,6543,0.02,4.05,,,,,,
8347,belonging,6545,0.02,4.05,,,,,,
8348,diesel,6559,0.02,4.05,,,,,,
8349,dimensions,6560,0.02,4.05,,,,,,
8350,doesnt,6563,0.02,4.05,,,,,,
8351,effectiveness,6567,0.02,4.05,,,,B2,noun,
8352,graph,6577,0.02,4.05,,,,B1,noun,
8353,influences,6582,0.02,4.05,,,,,,
8354,interact,6583,0.02,4.05,,,,B1,verb,
8355,limitations,6587,0.02,4.05,,,,,,
8356,measurement,6589,0.02,4.05,,,,B1,noun,
8357,measurements,6590,0.02,4.05,,,,,,
8358,median,6591,0.02,4.05,,,,,,
8359,mobility,6594,0.02,4.05,,,,B2,noun,
8360,nc,6597,0.02,4.05,,,,,,
8361,nyc,6599,0.02,4.05,,,,,,
8362,omg,6600,0.02,4.05,,,,,,
8363,orientation,6601,0.02,4.05,,,,,,
8364,oven,6602,0.02,4.05,4744,0.03,4.05,A2,noun,0.0
8365,planets,6607,0.02,4.05,4788,0.03,4.05,,,0.0
8366,proceeds,6608,0.02,4.05,,,,,,
8367,raises,6610,0.02,4.05,,,,,,
8368,ranges,6611,0.02,4.05,,,,,,
8369,rhythm,6614,0.02,4.05,4781,0.03,4.05,A2,noun,0.0
8370,servers,6617,0.02,4.05,,,,,,
8371,spam,6624,0.02,4.05,,,,,,
8372,speeds,6625,0.02,4.05,,,,,,
8373,stance,6627,0.02,4.05,,,,,,
8374,state's,6628,0.02,4.05,,,,,,
8375,week's,6642,0.02,4.05,,,,,,
8376,withdrawal,6645,0.02,4.05,,,,B2,noun,
8377,aging,6647,0.02,4.04,,,,,,
8378,alternatives,6649,0.02,4.04,,,,,,
8379,argues,6651,0.02,4.04,,,,,,
8380,audit,6652,0.02,4.04,,,,B2,noun,
8381,ave,6654,0.02,4.04,,,,,,
8382,bi,6656,0.02,4.04,,,,,,
8383,clips,6664,0.02,4.04,,,,,,
8384,columbus,6666,0.02,4.04,,,,,,
8385,comply,6667,0.02,4.04,,,,,,
8386,cum,6672,0.02,4.04,,,,,,
8387,ebay,6678,0.02,4.04,,,,,,
8388,editors,6680,0.02,4.04,,,,,,
8389,enhance,6683,0.02,4.04,,,,B2,verb,
8390,extending,6685,0.02,4.04,,,,,,
8391,immigrant,6695,0.02,4.04,,,,B2,noun,
8392,induced,6696,0.02,4.04,,,,,,
8393,intermediate,6698,0.02,4.04,,,,B1,adjective,
8394,ip,6700,0.02,4.04,,,,,,
8395,joins,6702,0.02,4.04,,,,,,
8396,lgbt,6704,0.02,4.04,,,,,,
8397,lineup,6706,0.02,4.04,,,,,,
8398,mathematical,6709,0.02,4.04,,,,B2,adjective,
8399,nonetheless,6714,0.02,4.04,,,,B1,adverb,
8400,o'clock,6716,0.02,4.04,,,,A1,adverb,
8401,opposing,6717,0.02,4.04,,,,,,
8402,origins,6718,0.02,4.04,,,,,,
8403,orlando,6719,0.02,4.04,,,,,,
8404,person's,6720,0.02,4.04,,,,,,
8405,physicians,6721,0.02,4.04,,,,,,
8406,pipeline,6722,0.02,4.04,,,,,,
8407,placement,6723,0.02,4.04,,,,,,
8408,pricing,6725,0.02,4.04,,,,,,
8409,pt,6726,0.02,4.04,,,,,,
8410,recreation,6729,0.02,4.04,,,,B2,noun,
8411,renewed,6730,0.02,4.04,,,,,,
8412,rt,6732,0.02,4.04,,,,,,
8413,strengthen,6743,0.02,4.04,,,,B1,verb,
8414,thermal,6749,0.02,4.04,,,,,,
8415,trades,6750,0.02,4.04,,,,,,
8416,workplace,6753,0.02,4.04,,,,B1,noun,
8417,yorkshire,6755,0.02,4.04,,,,,,
8418,achieving,6756,0.02,4.03,,,,,,
8419,analyst,6759,0.02,4.03,,,,B2,noun,
8420,assists,6762,0.02,4.03,,,,,,
8421,bristol,6764,0.02,4.03,,,,,,
8422,calories,6767,0.02,4.03,,,,,,
8423,cannabis,6768,0.02,4.03,,,,,,
8424,championships,6770,0.02,4.03,,,,,,
8425,conferences,6773,0.02,4.03,,,,,,
8426,considers,6774,0.02,4.03,,,,,,
8427,deployed,6778,0.02,4.03,,,,,,
8428,differ,6779,0.02,4.03,,,,B1,verb,
8429,dimensional,6780,0.02,4.03,,,,,,
8430,elect,6782,0.02,4.03,,,,B2,verb,
8431,elevated,6783,0.02,4.03,,,,,,
8432,executives,6785,0.02,4.03,,,,,,
8433,family's,6786,0.02,4.03,,,,,,
8434,hype,6795,0.02,4.03,,,,,,
8435,identifying,6796,0.02,4.03,,,,,,
8436,impacts,6797,0.02,4.03,,,,,,
8437,king's,6803,0.02,4.03,,,,,,
8438,mechanisms,6808,0.02,4.03,,,,,,
8439,motors,6812,0.02,4.03,,,,,,
8440,mph,6813,0.02,4.03,,,,,,
8441,navigation,6814,0.02,4.03,,,,B2,noun,
8442,paragraph,6817,0.02,4.03,,,,A1,noun,
8443,passive,6818,0.02,4.03,,,,B1,adjective,
8444,peninsula,6819,0.02,4.03,,,,,,
8445,profitable,6824,0.02,4.03,,,,B2,adjective,
8446,provinces,6825,0.02,4.03,,,,,,
8447,reasonably,6828,0.02,4.03,,,,B2,adverb,
8448,remainder,6830,0.02,4.03,,,,B1,noun,
8449,schemes,6831,0.02,4.03,,,,,,
8450,screens,6832,0.02,4.03,,,,,,
8451,sentiment,6835,0.02,4.03,,,,,,
8452,sp,6839,0.02,4.03,,,,,,
8453,sr,6840,0.02,4.03,,,,,,
8454,supplement,6842,0.02,4.03,,,,B2,noun,
8455,thereby,6844,0.02,4.03,,,,,,
8456,threshold,6845,0.02,4.03,,,,,,
8457,uncertainty,6852,0.02,4.03,,,,B1,noun,
8458,varied,6854,0.02,4.03,,,,B2,adjective,
8459,accommodate,6857,0.02,4.02,,,,,,
8460,accordingly,6858,0.02,4.02,,,,B2,adverb,
8461,aesthetic,6859,0.02,4.02,,,,,,
8462,algorithm,6860,0.02,4.02,,,,,,
8463,apr,6864,0.02,4.02,,,,,,
8464,associations,6866,0.02,4.02,,,,,,
8465,audiences,6868,0.02,4.02,,,,,,
8466,axis,6869,0.02,4.02,,,,B2,noun,
8467,bs,6875,0.02,4.02,,,,,,
8468,carriers,6880,0.02,4.02,,,,,,
8469,complexity,6883,0.02,4.02,,,,B2,noun,
8470,consultation,6885,0.02,4.02,,,,,,
8471,continental,6886,0.02,4.02,,,,,,
8472,environments,6900,0.02,4.02,,,,,,
8473,flexibility,6906,0.02,4.02,,,,B2,noun,
8474,fm,6908,0.02,4.02,,,,,,
8475,functioning,6910,0.02,4.02,,,,,,
8476,fusion,6911,0.02,4.02,,,,,,
8477,gauge,6912,0.02,4.02,,,,,,
8478,graduates,6914,0.02,4.02,,,,,,
8479,holders,6918,0.02,4.02,,,,,,
8480,ideology,6919,0.02,4.02,,,,B2,noun,
8481,inclusion,6921,0.02,4.02,,,,,,
8482,initiatives,6922,0.02,4.02,,,,,,
8483,innings,6923,0.02,4.02,,,,,,
8484,ive,6927,0.02,4.02,,,,,,
8485,justified,6928,0.02,4.02,,,,,,
8486,mega,6934,0.02,4.02,,,,,,
8487,namely,6936,0.02,4.02,,,,,,
8488,nbc,6937,0.02,4.02,,,,,,
8489,nhl,6940,0.02,4.02,,,,,,
8490,obama's,6941,0.02,4.02,,,,,,
8491,observations,6942,0.02,4.02,,,,,,
8492,peers,6946,0.02,4.02,,,,,,
8493,platinum,6948,0.02,4.02,,,,,,
8494,praised,6950,0.02,4.02,,,,,,
8495,probability,6952,0.02,4.02,,,,B1,noun,
8496,ps,6953,0.02,4.02,,,,,,
8497,starter,6963,0.02,4.02,,,,,,
8498,subscribe,6965,0.02,4.02,,,,,,
8499,surfaces,6967,0.02,4.02,,,,,,
8500,territories,6969,0.02,4.02,,,,,,
8501,tl,6971,0.02,4.02,,,,,,
8502,transfers,6973,0.02,4.02,,,,,,
8503,voltage,6975,0.02,4.02,,,,,,
8504,width,6977,0.02,4.02,,,,B2,noun,
8505,workout,6978,0.02,4.02,,,,B1,noun,
8506,aa,6979,0.02,4.01,,,,,,
8507,adaptation,6982,0.02,4.01,,,,,,
8508,aluminum,6984,0.02,4.01,,,,,,
8509,attitudes,6986,0.02,4.01,,,,,,
8510,attorneys,6987,0.02,4.01,,,,,,
8511,barriers,6989,0.02,4.01,,,,,,
8512,broader,6993,0.02,4.01,,,,,,
8513,characterized,6997,0.02,4.01,,,,,,
8514,contractors,7000,0.02,4.01,,,,,,
8515,creativity,7001,0.02,4.01,,,,A2,noun,
8516,evaluate,7010,0.02,4.01,,,,B2,verb,
8517,formally,7011,0.02,4.01,,,,B1,adverb,
8518,frames,7012,0.02,4.01,,,,,,
8519,gov,7014,0.02,4.01,,,,,,
8520,hampshire,7015,0.02,4.01,,,,,,
8521,insert,7019,0.02,4.01,,,,,,
8522,lebanon,7021,0.02,4.01,,,,,,
8523,leeds,7022,0.02,4.01,,,,,,
8524,milwaukee,7031,0.02,4.01,,,,,,
8525,nato,7033,0.02,4.01,,,,,,
8526,notably,7035,0.02,4.01,,,,,,
8527,packages,7038,0.02,4.01,,,,,,
8528,pakistani,7040,0.02,4.01,,,,,,
8529,participated,7041,0.02,4.01,,,,,,
8530,preservation,7043,0.02,4.01,,,,B1,noun,
8531,prizes,7046,0.02,4.01,,,,,,
8532,qualifying,7048,0.02,4.01,,,,,,
8533,reasoning,7049,0.02,4.01,,,,,,
8534,seller,7057,0.02,4.01,,,,B2,noun,
8535,sen,7058,0.02,4.01,,,,,,
8536,theoretical,7070,0.02,4.01,,,,,,
8537,timber,7072,0.02,4.01,,,,,,
8538,transparent,7073,0.02,4.01,,,,B2,adjective,
8539,trump's,7075,0.02,4.01,,,,,,
8540,tweets,7076,0.02,4.01,,,,,,
8541,tx,7077,0.02,4.01,,,,,,
8542,urged,7079,0.02,4.01,,,,,,
8543,vitamin,7081,0.02,4.01,,,,B2,noun,
8544,voluntary,7083,0.02,4.01,,,,,,
8545,™,7089,0.02,4.01,,,,,,
8546,acute,7091,0.02,4.0,,,,B2,adjective,
8547,capitol,7103,0.02,4.0,,,,,,
8548,celtic,7104,0.02,4.0,,,,,,
8549,civic,7107,0.02,4.0,,,,,,
8550,considerably,7110,0.02,4.0,,,,B2,adverb,
8551,criticized,7114,0.02,4.0,,,,,,
8552,decreased,7117,0.02,4.0,,,,,,
8553,deposits,7120,0.02,4.0,,,,,,
8554,disclosure,7121,0.02,4.0,,,,,,
8555,distinctive,7123,0.02,4.0,,,,,,
8556,documented,7124,0.02,4.0,,,,,,
8557,else's,7128,0.02,4.0,,,,,,
8558,encounters,7129,0.02,4.0,,,,,,
8559,ensuring,7130,0.02,4.0,,,,,,
8560,enterprises,7131,0.02,4.0,,,,,,
8561,gdp,7136,0.02,4.0,,,,,,
8562,hindu,7138,0.02,4.0,,,,,,
8563,holdings,7139,0.02,4.0,,,,,,
8564,indie,7140,0.02,4.0,,,,,,
8565,indirect,7141,0.02,4.0,,,,B1,adjective,
8566,institutional,7143,0.02,4.0,,,,,,
8567,interim,7144,0.02,4.0,,,,,,
8568,java,7146,0.02,4.0,,,,,,
8569,magnitude,7156,0.02,4.0,,,,,,
8570,mc,7157,0.02,4.0,,,,,,
8571,nhs,7159,0.02,4.0,,,,,,
8572,noting,7160,0.02,4.0,,,,,,
8573,outlet,7163,0.02,4.0,,,,B2,noun,
8574,outlets,7164,0.02,4.0,,,,,,
8575,parameters,7165,0.02,4.0,,,,,,
8576,protesters,7170,0.02,4.0,,,,,,
8577,recruitment,7175,0.02,4.0,,,,,,
8578,silicon,7179,0.02,4.0,,,,,,
8579,spurs,7182,0.02,4.0,,,,,,
8580,subscribers,7183,0.02,4.0,,,,,,
8581,surveys,7184,0.02,4.0,,,,,,
8582,telegraph,7186,0.02,4.0,,,,,,
8583,vinyl,7189,0.02,4.0,,,,,,
8584,westminster,7190,0.02,4.0,,,,,,
8585,accurately,7193,0.02,3.99,,,,B1,adverb,
8586,adelaide,7194,0.02,3.99,,,,,,
8587,affiliate,7195,0.02,3.99,,,,,,
8588,brussels,7201,0.02,3.99,,,,,,
8589,centered,7203,0.02,3.99,,,,,,
8590,child's,7204,0.02,3.99,,,,,,
8591,clause,7205,0.02,3.99,,,,B2,noun,
8592,cluster,7206,0.02,3.99,,,,,,
8593,compounds,7208,0.02,3.99,,,,,,
8594,consistency,7209,0.02,3.99,,,,,,
8595,cr,7210,0.02,3.99,,,,,,
8596,cylinder,7212,0.02,3.99,,,,,,
8597,debts,7215,0.02,3.99,5221,0.02,3.99,,,0.0
8598,entrepreneur,7219,0.02,3.99,,,,B2,noun,
8599,evident,7220,0.02,3.99,,,,B1,adjective,
8600,expectation,7221,0.02,3.99,,,,B2,noun,
8601,expressing,7223,0.02,3.99,,,,,,
8602,extends,7224,0.02,3.99,,,,,,
8603,facilitate,7225,0.02,3.99,,,,B2,verb,
8604,failures,7226,0.02,3.99,,,,,,
8605,feat,7227,0.02,3.99,,,,B2,noun,
8606,fossil,7228,0.02,3.99,,,,,,
8607,founding,7229,0.02,3.99,,,,,,
8608,freight,7230,0.02,3.99,,,,,,
8609,generating,7231,0.02,3.99,,,,,,
8610,guides,7233,0.02,3.99,,,,,,
8611,honesty,7234,0.02,3.99,5229,0.02,3.99,B1,noun,0.0
8612,initiated,7237,0.02,3.99,,,,,,
8613,interstate,7242,0.02,3.99,,,,,,
8614,launching,7244,0.02,3.99,,,,,,
8615,linux,7246,0.02,3.99,,,,,,
8616,mates,7248,0.02,3.99,5225,0.02,3.99,,,0.0
8617,nation's,7250,0.02,3.99,,,,,,
8618,neo,7253,0.02,3.99,,,,,,
8619,obligations,7255,0.02,3.99,,,,,,
8620,offset,7256,0.02,3.99,,,,,,
8621,outbreak,7257,0.02,3.99,,,,B2,noun,
8622,palestine,7259,0.02,3.99,,,,,,
8623,prohibited,7267,0.02,3.99,,,,,,
8624,projected,7268,0.02,3.99,,,,,,
8625,quarterly,7270,0.02,3.99,,,,,,
8626,recipes,7271,0.02,3.99,,,,,,
8627,recruiting,7272,0.02,3.99,,,,,,
8628,rehabilitation,7274,0.02,3.99,,,,,,
8629,remix,7276,0.02,3.99,,,,,,
8630,resistant,7277,0.02,3.99,,,,,,
8631,riders,7279,0.02,3.99,,,,,,
8632,uncertain,7299,0.02,3.99,,,,A2,adjective,
8633,upload,7300,0.02,3.99,,,,B1,verb,
8634,vector,7301,0.02,3.99,,,,,,
8635,violations,7302,0.02,3.99,,,,,,
8636,acoustic,7308,0.02,3.98,,,,,,
8637,archive,7311,0.02,3.98,,,,,,
8638,compelling,7324,0.02,3.98,,,,,,
8639,compiled,7325,0.02,3.98,,,,,,
8640,construct,7327,0.02,3.98,,,,B1,verb,
8641,cyber,7330,0.02,3.98,,,,,,
8642,debates,7332,0.02,3.98,,,,,,
8643,delays,7334,0.02,3.98,,,,,,
8644,doctrine,7337,0.02,3.98,,,,,,
8645,financially,7339,0.02,3.98,,,,B2,adverb,
8646,gameplay,7342,0.02,3.98,,,,,,
8647,geography,7343,0.02,3.98,,,,B1,noun,
8648,government's,7345,0.02,3.98,,,,,,
8649,habitat,7346,0.02,3.98,,,,B1,noun,
8650,implies,7350,0.02,3.98,,,,,,
8651,intake,7352,0.02,3.98,,,,,,
8652,manufacture,7359,0.02,3.98,,,,B2,"noun, verb",
8653,nashville,7365,0.02,3.98,,,,,,
8654,nebraska,7366,0.02,3.98,,,,,,
8655,olds,7369,0.02,3.98,,,,,,
8656,ottawa,7371,0.02,3.98,,,,,,
8657,oval,7372,0.02,3.98,,,,B2,adjective,
8658,portions,7376,0.02,3.98,,,,,,
8659,recalled,7380,0.02,3.98,,,,,,
8660,reduces,7381,0.02,3.98,,,,,,
8661,referendum,7382,0.02,3.98,,,,,,
8662,refugee,7383,0.02,3.98,,,,B2,noun,
8663,regulated,7384,0.02,3.98,,,,,,
8664,rounded,7385,0.02,3.98,,,,,,
8665,seasonal,7391,0.02,3.98,,,,B2,adjective,
8666,segments,7392,0.02,3.98,,,,,,
8667,sequel,7394,0.02,3.98,,,,,,
8668,shifted,7395,0.02,3.98,,,,,,
8669,shifting,7396,0.02,3.98,,,,,,
8670,stanford,7400,0.02,3.98,,,,,,
8671,teammates,7402,0.02,3.98,,,,,,
8672,township,7404,0.02,3.98,,,,,,
8673,usb,7407,0.02,3.98,,,,,,
8674,writings,7411,0.02,3.98,,,,,,
8675,af,7413,0.02,3.97,,,,,,
8676,autism,7417,0.02,3.97,,,,,,
8677,brisbane,7422,0.02,3.97,,,,,,
8678,bullying,7424,0.02,3.97,,,,,,
8679,capitalism,7425,0.02,3.97,,,,,,
8680,certification,7427,0.02,3.97,,,,B2,noun,
8681,characteristic,7428,0.02,3.97,,,,B1,"adjective, noun",
8682,clash,7430,0.02,3.97,,,,,,
8683,columns,7431,0.02,3.97,,,,,,
8684,compatible,7432,0.02,3.97,,,,B2,adjective,
8685,concerts,7433,0.02,3.97,,,,,,
8686,configuration,7435,0.02,3.97,,,,,,
8687,continuously,7436,0.02,3.97,,,,B1,adverb,
8688,coupled,7438,0.02,3.97,,,,,,
8689,determining,7441,0.02,3.97,,,,,,
8690,entities,7442,0.02,3.97,,,,,,
8691,exceptions,7443,0.02,3.97,,,,,,
8692,flooding,7445,0.02,3.97,,,,,,
8693,foundations,7448,0.02,3.97,,,,,,
8694,geographic,7452,0.02,3.97,,,,B2,adjective,
8695,grande,7454,0.02,3.97,,,,,,
8696,hardcore,7457,0.02,3.97,,,,,,
8697,harmful,7458,0.02,3.97,,,,A2,adjective,
8698,hispanic,7461,0.02,3.97,,,,,,
8699,incentive,7462,0.02,3.97,,,,B2,noun,
8700,inclusive,7463,0.02,3.97,,,,,,
8701,infections,7464,0.02,3.97,,,,,,
8702,lanes,7468,0.02,3.97,,,,,,
8703,mandate,7472,0.02,3.97,,,,,,
8704,manga,7473,0.02,3.97,,,,,,
8705,memorable,7474,0.02,3.97,,,,B1,adjective,
8706,merger,7475,0.02,3.97,,,,B2,noun,
8707,minorities,7476,0.02,3.97,,,,,,
8708,nj,7477,0.02,3.97,,,,,,
8709,occurring,7478,0.02,3.97,,,,,,
8710,organizing,7479,0.02,3.97,,,,,,
8711,performs,7480,0.02,3.97,,,,,,
8712,ph,7481,0.02,3.97,,,,B2,noun,
8713,portable,7484,0.02,3.97,,,,,,
8714,priced,7485,0.02,3.97,,,,,,
8715,quebec,7486,0.02,3.97,,,,,,
8716,randomly,7487,0.02,3.97,,,,,,
8717,rankings,7488,0.02,3.97,,,,,,
8718,runners,7495,0.02,3.97,,,,,,
8719,sexuality,7500,0.02,3.97,,,,,,
8720,succession,7504,0.02,3.97,,,,,,
8721,thereafter,7511,0.02,3.97,,,,B2,adverb,
8722,usd,7515,0.02,3.97,,,,,,
8723,variables,7516,0.02,3.97,,,,,,
8724,varying,7517,0.02,3.97,,,,,,
8725,wholesale,7518,0.02,3.97,,,,,,
8726,wwe,7519,0.02,3.97,,,,,,
8727,administered,7520,0.02,3.96,,,,,,
8728,affiliated,7521,0.02,3.96,,,,,,
8729,apples,7522,0.02,3.96,5529,0.02,3.96,,,0.0
8730,architectural,7523,0.02,3.96,,,,,,
8731,assembled,7525,0.02,3.96,,,,,,
8732,bangladesh,7526,0.02,3.96,,,,,,
8733,barack,7527,0.02,3.96,,,,,,
8734,beaches,7528,0.02,3.96,,,,,,
8735,bees,7529,0.02,3.96,5560,0.02,3.96,,,0.0
8736,chen,7536,0.02,3.96,5487,0.02,3.96,,,0.0
8737,cincinnati,7537,0.02,3.96,,,,,,
8738,circular,7538,0.02,3.96,,,,B1,adjective,
8739,commissioned,7545,0.02,3.96,,,,,,
8740,concentrated,7546,0.02,3.96,,,,,,
8741,defining,7554,0.02,3.96,,,,,,
8742,disputes,7556,0.02,3.96,,,,,,
8743,enforce,7559,0.02,3.96,,,,B2,verb,
8744,explicit,7560,0.02,3.96,,,,,,
8745,explicitly,7561,0.02,3.96,,,,,,
8746,eyed,7562,0.02,3.96,,,,,,
8747,fraction,7566,0.02,3.96,,,,,,
8748,girl's,7567,0.02,3.96,,,,,,
8749,hes,7568,0.02,3.96,,,,,,
8750,infantry,7569,0.02,3.96,,,,,,
8751,integral,7570,0.02,3.96,,,,,,
8752,investor,7571,0.02,3.96,,,,B2,noun,
8753,lectures,7576,0.02,3.96,,,,,,
8754,linking,7578,0.02,3.96,,,,,,
8755,maintains,7579,0.02,3.96,,,,,,
8756,maritime,7581,0.02,3.96,,,,,,
8757,modes,7583,0.02,3.96,,,,,,
8758,nominee,7586,0.02,3.96,,,,B2,noun,
8759,packaging,7589,0.02,3.96,,,,,,
8760,patriots,7590,0.02,3.96,,,,,,
8761,prediction,7595,0.02,3.96,,,,A2,noun,
8762,preview,7596,0.02,3.96,,,,,,
8763,rapper,7600,0.02,3.96,,,,,,
8764,reconstruction,7602,0.02,3.96,,,,,,
8765,renowned,7603,0.02,3.96,,,,,,
8766,socially,7610,0.02,3.96,,,,B1,adverb,
8767,sprint,7613,0.02,3.96,,,,B2,noun,
8768,substantially,7616,0.02,3.96,,,,,,
8769,suburbs,7617,0.02,3.96,,,,,,
8770,tendency,7621,0.02,3.96,,,,B1,noun,
8771,that'll,7622,0.02,3.96,,,,,,
8772,touchdown,7626,0.02,3.96,,,,,,
8773,traits,7627,0.02,3.96,,,,,,
8774,trek,7628,0.02,3.96,,,,B2,noun,
8775,uber,7631,0.02,3.96,,,,,,
8776,viable,7634,0.02,3.96,,,,,,
8777,welcomed,7636,0.02,3.96,,,,,,
8778,accessories,7640,0.02,3.95,,,,,,
8779,advocates,7642,0.02,3.95,,,,,,
8780,ag,7643,0.02,3.95,,,,,,
8781,amid,7645,0.02,3.95,,,,,,
8782,appealing,7647,0.02,3.95,,,,,,
8783,assumptions,7649,0.02,3.95,,,,,,
8784,ballet,7650,0.02,3.95,5597,0.02,3.95,B2,noun,0.0
8785,binary,7652,0.02,3.95,,,,,,
8786,blogs,7654,0.02,3.95,,,,,,
8787,builds,7656,0.02,3.95,,,,,,
8788,ch,7659,0.02,3.95,,,,,,
8789,col,7661,0.02,3.95,,,,,,
8790,colombia,7663,0.02,3.95,,,,,,
8791,correction,7667,0.02,3.95,,,,B1,noun,
8792,critic,7670,0.02,3.95,,,,B1,noun,
8793,czech,7671,0.02,3.95,,,,,,
8794,defenders,7672,0.02,3.95,,,,,,
8795,documentation,7676,0.02,3.95,,,,,,
8796,dramatically,7678,0.02,3.95,,,,B2,adverb,
8797,exchanges,7685,0.02,3.95,,,,,,
8798,finland,7690,0.02,3.95,,,,,,
8799,friend's,7692,0.02,3.95,,,,,,
8800,herald,7695,0.02,3.95,,,,,,
8801,homeland,7698,0.02,3.95,5646,0.02,3.95,,,0.0
8802,how's,7699,0.02,3.95,,,,,,
8803,imported,7700,0.02,3.95,,,,,,
8804,ing,7701,0.02,3.95,,,,,,
8805,internationally,7702,0.02,3.95,,,,B1,adverb,
8806,iraqi,7703,0.02,3.95,,,,,,
8807,itunes,7704,0.02,3.95,,,,,,
8808,licensing,7708,0.02,3.95,,,,,,
8809,limiting,7710,0.02,3.95,,,,,,
8810,marking,7713,0.02,3.95,,,,,,
8811,meditation,7714,0.02,3.95,,,,B1,noun,
8812,metals,7716,0.02,3.95,,,,,,
8813,munich,7718,0.02,3.95,,,,,,
8814,norwegian,7719,0.02,3.95,,,,,,
8815,philosophical,7721,0.02,3.95,,,,B2,adjective,
8816,ref,7730,0.02,3.95,,,,,,
8817,replies,7732,0.02,3.95,,,,,,
8818,reservation,7733,0.02,3.95,5619,0.02,3.95,B1,noun,0.0
8819,rhetoric,7734,0.02,3.95,,,,,,
8820,rivals,7735,0.02,3.95,,,,,,
8821,sanctions,7738,0.02,3.95,,,,,,
8822,secular,7739,0.02,3.95,,,,,,
8823,sensitivity,7740,0.02,3.95,,,,,,
8824,sovereign,7744,0.02,3.95,,,,,,
8825,specifications,7745,0.02,3.95,,,,,,
8826,spouse,7747,0.02,3.95,,,,,,
8827,stat,7748,0.02,3.95,,,,,,
8828,synthetic,7750,0.02,3.95,,,,,,
8829,toyota,7754,0.02,3.95,,,,,,
8830,traders,7756,0.02,3.95,,,,,,
8831,varieties,7758,0.02,3.95,,,,,,
8832,vegan,7759,0.02,3.95,,,,,,
8833,walmart,7761,0.02,3.95,,,,,,
8834,admits,7764,0.02,3.94,,,,,,
8835,adviser,7765,0.02,3.94,,,,,,
8836,aggregate,7766,0.02,3.94,,,,,,
8837,anal,7767,0.02,3.94,,,,,,
8838,anatomy,7768,0.02,3.94,,,,,,
8839,announces,7770,0.02,3.94,,,,,,
8840,applicants,7771,0.02,3.94,,,,,,
8841,citing,7777,0.02,3.94,,,,,,
8842,colonies,7778,0.02,3.94,,,,,,
8843,composite,7779,0.02,3.94,,,,,,
8844,consequently,7780,0.02,3.94,,,,B1,adverb,
8845,consist,7781,0.02,3.94,,,,A2,verb,
8846,councils,7782,0.02,3.94,,,,,,
8847,cox,7783,0.02,3.94,,,,,,
8848,delegates,7786,0.02,3.94,,,,,,
8849,enables,7789,0.02,3.94,,,,,,
8850,fashioned,7791,0.02,3.94,,,,,,
8851,grinding,7796,0.02,3.94,,,,,,
8852,incorrect,7804,0.02,3.94,,,,B1,adjective,
8853,junction,7806,0.02,3.94,,,,,,
8854,lynch,7812,0.02,3.94,,,,,,
8855,manages,7813,0.02,3.94,,,,,,
8856,medicare,7815,0.02,3.94,,,,,,
8857,modeling,7816,0.02,3.94,,,,,,
8858,networking,7820,0.02,3.94,,,,,,
8859,newer,7821,0.02,3.94,,,,,,
8860,optimal,7824,0.02,3.94,,,,,,
8861,other's,7825,0.02,3.94,,,,,,
8862,permits,7828,0.02,3.94,,,,,,
8863,playstation,7829,0.02,3.94,,,,,,
8864,postal,7831,0.02,3.94,,,,B2,adjective,
8865,predictions,7832,0.02,3.94,,,,,,
8866,president's,7834,0.02,3.94,,,,,,
8867,recipient,7838,0.02,3.94,,,,,,
8868,refund,7839,0.02,3.94,,,,B1,noun,
8869,robust,7843,0.02,3.94,,,,,,
8870,sci,7845,0.02,3.94,,,,,,
8871,sep,7846,0.02,3.94,,,,,,
8872,shareholders,7847,0.02,3.94,,,,,,
8873,sided,7848,0.02,3.94,,,,,,
8874,simulation,7849,0.02,3.94,,,,,,
8875,supervision,7854,0.02,3.94,,,,B2,noun,
8876,terrain,7858,0.02,3.94,,,,,,
8877,themed,7860,0.02,3.94,,,,,,
8878,trio,7864,0.02,3.94,,,,B2,noun,
8879,und,7867,0.02,3.94,,,,,,
8880,varies,7868,0.02,3.94,,,,,,
8881,verified,7870,0.02,3.94,,,,,,
8882,wifi,7873,0.02,3.94,,,,,,
8883,workforce,7875,0.02,3.94,,,,,,
8884,acre,7877,0.02,3.93,,,,,,
8885,airports,7878,0.02,3.93,,,,,,
8886,alot,7879,0.02,3.93,,,,,,
8887,automotive,7884,0.02,3.93,,,,,,
8888,berkeley,7887,0.02,3.93,,,,,,
8889,committees,7897,0.02,3.93,,,,,,
8890,conjunction,7898,0.02,3.93,,,,B2,noun,
8891,costly,7899,0.02,3.93,,,,B2,adjective,
8892,cycles,7903,0.02,3.93,,,,,,
8893,davies,7905,0.02,3.93,,,,,,
8894,desktop,7907,0.02,3.93,,,,B2,noun,
8895,directory,7909,0.02,3.93,,,,,,
8896,disabilities,7910,0.02,3.93,,,,,,
8897,discusses,7912,0.02,3.93,,,,,,
8898,downs,7914,0.02,3.93,,,,,,
8899,enjoys,7918,0.02,3.93,,,,,,
8900,espn,7920,0.02,3.93,,,,,,
8901,governors,7922,0.02,3.93,,,,,,
8902,guild,7923,0.02,3.93,,,,,,
8903,ibm,7927,0.02,3.93,,,,,,
8904,imaging,7928,0.02,3.93,,,,,,
8905,implied,7929,0.02,3.93,,,,,,
8906,inability,7931,0.02,3.93,,,,,,
8907,lb,7936,0.02,3.93,,,,,,
8908,leicester,7937,0.02,3.93,,,,,,
8909,litigation,7939,0.02,3.93,,,,,,
8910,minerals,7942,0.02,3.93,,,,,,
8911,neighborhoods,7945,0.02,3.93,,,,,,
8912,obtaining,7949,0.02,3.93,,,,,,
8913,occupy,7950,0.02,3.93,,,,B1,verb,
8914,orthodox,7952,0.02,3.93,,,,,,
8915,pac,7954,0.02,3.93,,,,,,
8916,party's,7956,0.02,3.93,,,,,,
8917,perth,7957,0.02,3.93,,,,,,
8918,printer,7960,0.02,3.93,,,,A2,noun,
8919,prone,7961,0.02,3.93,,,,,,
8920,raiders,7962,0.02,3.93,,,,,,
8921,readily,7963,0.02,3.93,,,,B2,adverb,
8922,reflecting,7964,0.02,3.93,,,,,,
8923,reunion,7967,0.02,3.93,5823,0.02,3.93,A2,noun,0.0
8924,revival,7968,0.02,3.93,,,,B2,noun,
8925,satisfying,7971,0.02,3.93,,,,,,
8926,securing,7973,0.02,3.93,,,,,,
8927,soundtrack,7981,0.02,3.93,,,,B2,noun,
8928,substances,7985,0.02,3.93,,,,,,
8929,sustain,7987,0.02,3.93,,,,B2,verb,
8930,tenure,7988,0.02,3.93,,,,,,
8931,texture,7989,0.02,3.93,,,,,,
8932,treasurer,7992,0.02,3.93,,,,,,
8933,unclear,7994,0.02,3.93,,,,B1,adjective,
8934,upgraded,7995,0.02,3.93,,,,,,
8935,venezuela,7996,0.02,3.93,,,,,,
8936,vladimir,7998,0.02,3.93,,,,,,
8937,yankees,8000,0.02,3.93,,,,,,
8938,absorbed,8001,0.02,3.92,,,,,,
8939,admin,8002,0.02,3.92,,,,,,
8940,attributes,8007,0.02,3.92,,,,,,
8941,biblical,8012,0.02,3.92,,,,,,
8942,bmw,8013,0.02,3.92,,,,,,
8943,cardiff,8015,0.02,3.92,,,,,,
8944,coloured,8017,0.02,3.92,,,,,,
8945,competent,8018,0.02,3.92,,,,B2,adjective,
8946,delegation,8023,0.02,3.92,,,,,,
8947,demographic,8024,0.02,3.92,,,,,,
8948,descriptions,8025,0.02,3.92,,,,,,
8949,educate,8028,0.02,3.92,,,,B1,verb,
8950,enabling,8029,0.02,3.92,,,,,,
8951,enrolled,8030,0.02,3.92,,,,,,
8952,enrollment,8031,0.02,3.92,,,,,,
8953,essex,8032,0.02,3.92,,,,,,
8954,exceed,8033,0.02,3.92,,,,B2,verb,
8955,excluding,8034,0.02,3.92,,,,,,
8956,expressions,8035,0.02,3.92,,,,,,
8957,gaza,8040,0.02,3.92,,,,,,
8958,honda,8044,0.02,3.92,,,,,,
8959,illustration,8046,0.02,3.92,,,,B2,noun,
8960,impose,8047,0.02,3.92,,,,B2,verb,
8961,indicator,8048,0.02,3.92,,,,,,
8962,inequality,8049,0.02,3.92,,,,,,
8963,ins,8050,0.02,3.92,,,,,,
8964,interpreted,8051,0.02,3.92,,,,,,
8965,jamaica,8052,0.02,3.92,,,,,,
8966,journals,8055,0.02,3.92,,,,,,
8967,leisure,8056,0.02,3.92,,,,A2,noun,
8968,lengths,8058,0.02,3.92,,,,,,
8969,molecules,8066,0.02,3.92,,,,,,
8970,notification,8068,0.02,3.92,,,,,,
8971,oakland,8070,0.02,3.92,,,,,,
8972,outline,8071,0.02,3.92,,,,B1,"noun, verb",
8973,pi,8073,0.02,3.92,,,,B2,noun,
8974,productions,8075,0.02,3.92,,,,,,
8975,professors,8076,0.02,3.92,,,,,,
8976,reliability,8081,0.02,3.92,,,,,,
8977,researcher,8082,0.02,3.92,,,,B1,noun,
8978,retailers,8083,0.02,3.92,,,,,,
8979,reviewing,8084,0.02,3.92,,,,,,
8980,sensor,8089,0.02,3.92,,,,,,
8981,showcase,8092,0.02,3.92,,,,B2,noun,
8982,smoked,8093,0.02,3.92,5880,0.02,3.92,,,0.0
8983,subsidiary,8095,0.02,3.92,,,,,,
8984,tampa,8096,0.02,3.92,,,,,,
8985,theology,8098,0.02,3.92,,,,,,
8986,topped,8099,0.02,3.92,,,,,,
8987,trails,8100,0.02,3.92,,,,,,
8988,uploaded,8102,0.02,3.92,,,,,,
8989,velocity,8103,0.02,3.92,,,,,,
8990,venues,8104,0.02,3.92,,,,,,
8991,wikipedia,8106,0.02,3.92,,,,,,
8992,♫,8110,0.02,3.92,,,,,,
8993,accountability,8111,0.02,3.91,,,,,,
8994,aerial,8112,0.02,3.91,,,,,,
8995,albeit,8113,0.02,3.91,,,,,,
8996,anthem,8118,0.02,3.91,,,,,,
8997,architects,8119,0.02,3.91,,,,,,
8998,automated,8120,0.02,3.91,,,,,,
8999,catalog,8125,0.02,3.91,,,,,,
9000,catalogue,8126,0.02,3.91,,,,,,
9001,charitable,8127,0.02,3.91,,,,,,
9002,club's,8130,0.02,3.91,,,,,,
9003,consisted,8133,0.02,3.91,,,,,,
9004,continually,8134,0.02,3.91,,,,B1,adverb,
9005,coordinator,8135,0.02,3.91,,,,,,
9006,damaging,8136,0.02,3.91,,,,,,
9007,def,8138,0.02,3.91,,,,,,
9008,deployment,8139,0.02,3.91,,,,,,
9009,drafted,8140,0.02,3.91,,,,,,
9010,enjoyable,8141,0.02,3.91,,,,B1,adjective,
9011,exterior,8143,0.02,3.91,,,,,,
9012,firearms,8145,0.02,3.91,,,,,,
9013,gb,8148,0.02,3.91,,,,,,
9014,genocide,8149,0.02,3.91,,,,,,
9015,humanitarian,8156,0.02,3.91,,,,,,
9016,hungary,8157,0.02,3.91,,,,,,
9017,idaho,8158,0.02,3.91,,,,,,
9018,implementing,8160,0.02,3.91,,,,,,
9019,l.a,8163,0.02,3.91,,,,,,
9020,labeled,8164,0.02,3.91,,,,,,
9021,lebron,8165,0.02,3.91,,,,,,
9022,likelihood,8167,0.02,3.91,,,,,,
9023,meme,8170,0.02,3.91,,,,,,
9024,mod,8172,0.02,3.91,,,,,,
9025,nationalist,8173,0.02,3.91,,,,B1,noun,
9026,nationals,8174,0.02,3.91,,,,,,
9027,necessity,8175,0.02,3.91,,,,B2,noun,
9028,observer,8178,0.02,3.91,,,,B2,noun,
9029,offshore,8179,0.02,3.91,,,,B2,adjective,
9030,optional,8180,0.02,3.91,,,,B2,adjective,
9031,paste,8183,0.02,3.91,,,,,,
9032,ph.d,8184,0.02,3.91,,,,,,
9033,pioneer,8185,0.02,3.91,,,,,,
9034,prescribed,8187,0.02,3.91,,,,,,
9035,pressures,8188,0.02,3.91,,,,,,
9036,prosperity,8189,0.02,3.91,,,,B1,noun,
9037,ps4,8190,0.02,3.91,,,,,,
9038,recreational,8191,0.02,3.91,,,,,,
9039,reds,8192,0.02,3.91,,,,,,
9040,religions,8194,0.02,3.91,,,,,,
9041,renewable,8195,0.02,3.91,,,,,,
9042,richardson,8196,0.02,3.91,,,,,,
9043,settlements,8201,0.02,3.91,,,,,,
9044,sheffield,8202,0.02,3.91,,,,,,
9045,shortage,8203,0.02,3.91,,,,B1,noun,
9046,sphere,8208,0.02,3.91,,,,B1,noun,
9047,sponsors,8209,0.02,3.91,,,,,,
9048,suburban,8212,0.02,3.91,,,,,,
9049,suppliers,8214,0.02,3.91,,,,,,
9050,tablets,8215,0.02,3.91,,,,,,
9051,territorial,8217,0.02,3.91,,,,,,
9052,thirds,8218,0.02,3.91,,,,,,
9053,thriller,8219,0.02,3.91,,,,B1,noun,
9054,transgender,8221,0.02,3.91,,,,,,
9055,ur,8224,0.02,3.91,,,,,,
9056,verbal,8225,0.02,3.91,,,,B2,adjective,
9057,vocals,8227,0.02,3.91,,,,,,
9058,accountable,8230,0.01,3.9,,,,,,
9059,advocacy,8231,0.01,3.9,,,,,,
9060,aftermath,8232,0.01,3.9,,,,,,
9061,analyzed,8234,0.01,3.9,,,,,,
9062,angles,8235,0.01,3.9,,,,,,
9063,arguably,8236,0.01,3.9,,,,,,
9064,assessed,8239,0.01,3.9,,,,,,
9065,attractions,8240,0.01,3.9,,,,,,
9066,blamed,8244,0.01,3.9,6095,0.02,3.9,,,0.0
9067,bulgaria,8250,0.01,3.9,,,,,,
9068,china's,8257,0.01,3.9,,,,,,
9069,chrome,8259,0.01,3.9,,,,,,
9070,clarity,8260,0.01,3.9,,,,,,
9071,classics,8261,0.01,3.9,,,,,,
9072,combining,8263,0.01,3.9,,,,,,
9073,conclude,8264,0.01,3.9,,,,B1,verb,
9074,confidential,8265,0.01,3.9,6116,0.02,3.9,,,0.0
9075,coordination,8266,0.01,3.9,,,,,,
9076,cs,8268,0.01,3.9,,,,,,
9077,delaware,8270,0.01,3.9,,,,,,
9078,directing,8271,0.01,3.9,,,,,,
9079,drought,8276,0.01,3.9,,,,B2,noun,
9080,elevation,8279,0.01,3.9,,,,,,
9081,entrepreneurs,8280,0.01,3.9,,,,,,
9082,epa,8281,0.01,3.9,,,,,,
9083,esteem,8282,0.01,3.9,,,,,,
9084,explored,8284,0.01,3.9,,,,,,
9085,fe,8285,0.01,3.9,,,,,,
9086,finances,8286,0.01,3.9,,,,,,
9087,finishes,8287,0.01,3.9,,,,,,
9088,ghana,8292,0.01,3.9,,,,,,
9089,gif,8294,0.01,3.9,,,,,,
9090,historian,8298,0.01,3.9,,,,B1,noun,
9091,horizontal,8299,0.01,3.9,,,,,,
9092,individually,8303,0.01,3.9,,,,,,
9093,inevitably,8304,0.01,3.9,,,,,,
9094,lakers,8308,0.01,3.9,,,,,,
9095,leagues,8310,0.01,3.9,,,,,,
9096,listings,8312,0.01,3.9,,,,,,
9097,literacy,8313,0.01,3.9,,,,,,
9098,mcdonald's,8315,0.01,3.9,,,,,,
9099,migrants,8316,0.01,3.9,,,,,,
9100,mins,8317,0.01,3.9,,,,,,
9101,misleading,8318,0.01,3.9,,,,B2,adjective,
9102,moisture,8319,0.01,3.9,,,,B1,noun,
9103,mortality,8321,0.01,3.9,,,,,,
9104,notices,8323,0.01,3.9,,,,,,
9105,opt,8325,0.01,3.9,,,,,,
9106,penn,8328,0.01,3.9,,,,,,
9107,persistent,8329,0.01,3.9,,,,B2,adjective,
9108,personalities,8330,0.01,3.9,,,,,,
9109,petroleum,8331,0.01,3.9,,,,,,
9110,pharmaceutical,8332,0.01,3.9,,,,,,
9111,progression,8333,0.01,3.9,,,,,,
9112,recordings,8338,0.01,3.9,,,,,,
9113,rejection,8339,0.01,3.9,,,,B2,noun,
9114,reservoir,8341,0.01,3.9,,,,,,
9115,slope,8350,0.01,3.9,,,,B1,noun,
9116,specialists,8353,0.01,3.9,,,,,,
9117,striker,8358,0.01,3.9,,,,,,
9118,sudan,8359,0.01,3.9,,,,,,
9119,sued,8360,0.01,3.9,,,,,,
9120,sums,8361,0.01,3.9,,,,,,
9121,tel,8363,0.01,3.9,,,,,,
9122,theres,8365,0.01,3.9,,,,,,
9123,titans,8366,0.01,3.9,,,,,,
9124,transparency,8370,0.01,3.9,,,,,,
9125,trinity,8371,0.01,3.9,,,,,,
9126,withdrawn,8380,0.01,3.9,,,,,,
9127,accessed,8381,0.01,3.89,,,,,,
9128,adverse,8382,0.01,3.89,,,,B2,adjective,
9129,alumni,8385,0.01,3.89,,,,,,
9130,behaviors,8390,0.01,3.89,,,,,,
9131,biography,8392,0.01,3.89,,,,B1,noun,
9132,br,8393,0.01,3.89,,,,,,
9133,browser,8395,0.01,3.89,,,,B2,noun,
9134,cellular,8397,0.01,3.89,,,,,,
9135,cod,8399,0.01,3.89,,,,B1,noun,
9136,conditioning,8400,0.01,3.89,,,,,,
9137,consuming,8401,0.01,3.89,,,,,,
9138,contracted,8402,0.01,3.89,,,,,,
9139,designing,8409,0.01,3.89,,,,,,
9140,destructive,8410,0.01,3.89,,,,B1,adjective,
9141,develops,8411,0.01,3.89,,,,,,
9142,doubles,8414,0.01,3.89,,,,,,
9143,economies,8415,0.01,3.89,,,,,,
9144,embedded,8416,0.01,3.89,,,,,,
9145,excluded,8418,0.01,3.89,,,,,,
9146,f1,8420,0.01,3.89,,,,,,
9147,hacking,8430,0.01,3.89,,,,,,
9148,hawks,8431,0.01,3.89,,,,,,
9149,highlighted,8433,0.01,3.89,,,,,,
9150,holocaust,8434,0.01,3.89,,,,B2,noun,
9151,hopkins,8437,0.01,3.89,,,,,,
9152,imprisonment,8438,0.01,3.89,,,,B2,noun,
9153,indonesian,8439,0.01,3.89,,,,,,
9154,irs,8440,0.01,3.89,,,,,,
9155,isnt,8441,0.01,3.89,,,,,,
9156,lacks,8444,0.01,3.89,,,,,,
9157,landmark,8446,0.01,3.89,,,,,,
9158,lanka,8447,0.01,3.89,,,,,,
9159,launches,8448,0.01,3.89,,,,,,
9160,life's,8451,0.01,3.89,,,,,,
9161,memphis,8452,0.01,3.89,,,,,,
9162,module,8455,0.01,3.89,,,,,,
9163,museums,8460,0.01,3.89,,,,,,
9164,mvp,8461,0.01,3.89,,,,,,
9165,obamacare,8463,0.01,3.89,,,,,,
9166,perspectives,8465,0.01,3.89,,,,,,
9167,peru,8466,0.01,3.89,,,,,,
9168,phrases,8467,0.01,3.89,,,,,,
9169,prevents,8472,0.01,3.89,,,,,,
9170,profiles,8473,0.01,3.89,,,,,,
9171,pursued,8474,0.01,3.89,,,,,,
9172,raids,8475,0.01,3.89,,,,,,
9173,salaries,8481,0.01,3.89,,,,,,
9174,sd,8482,0.01,3.89,,,,,,
9175,solidarity,8488,0.01,3.89,,,,,,
9176,td,8492,0.01,3.89,,,,,,
9177,touring,8496,0.01,3.89,,,,,,
9178,trademark,8498,0.01,3.89,,,,,,
9179,utilities,8501,0.01,3.89,,,,,,
9180,yields,8505,0.01,3.89,,,,,,
9181,accepts,8507,0.01,3.88,,,,,,
9182,adjustment,8508,0.01,3.88,,,,B2,noun,
9183,assignments,8510,0.01,3.88,,,,,,
9184,attachment,8511,0.01,3.88,,,,B1,noun,
9185,belfast,8514,0.01,3.88,,,,,,
9186,bt,8518,0.01,3.88,,,,,,
9187,clutch,8523,0.01,3.88,,,,,,
9188,comprising,8526,0.01,3.88,,,,,,
9189,consume,8528,0.01,3.88,,,,B1,verb,
9190,credibility,8530,0.01,3.88,,,,,,
9191,credited,8531,0.01,3.88,,,,,,
9192,critically,8532,0.01,3.88,,,,B2,adverb,
9193,dem,8533,0.01,3.88,,,,,,
9194,dm,8535,0.01,3.88,,,,,,
9195,estates,8537,0.01,3.88,,,,,,
9196,filters,8540,0.01,3.88,,,,,,
9197,geometry,8544,0.01,3.88,,,,,,
9198,gf,8545,0.01,3.88,,,,,,
9199,gp,8548,0.01,3.88,,,,,,
9200,group's,8550,0.01,3.88,,,,,,
9201,header,8552,0.01,3.88,,,,,,
9202,headphones,8553,0.01,3.88,,,,,,
9203,highways,8554,0.01,3.88,,,,,,
9204,imports,8557,0.01,3.88,,,,,,
9205,incentives,8558,0.01,3.88,,,,,,
9206,intersection,8560,0.01,3.88,,,,B2,noun,
9207,ki,8564,0.01,3.88,,,,,,
9208,leaks,8567,0.01,3.88,,,,,,
9209,manila,8572,0.01,3.88,,,,,,
9210,mapping,8574,0.01,3.88,,,,,,
9211,metric,8577,0.01,3.88,,,,B2,adjective,
9212,militia,8578,0.01,3.88,,,,,,
9213,naming,8579,0.01,3.88,,,,,,
9214,ncaa,8580,0.01,3.88,,,,,,
9215,night's,8581,0.01,3.88,,,,,,
9216,nike,8582,0.01,3.88,,,,,,
9217,node,8583,0.01,3.88,,,,,,
9218,obstacles,8584,0.01,3.88,,,,,,
9219,opener,8585,0.01,3.88,,,,,,
9220,performers,8587,0.01,3.88,,,,,,
9221,pg,8588,0.01,3.88,,,,,,
9222,pl,8589,0.01,3.88,,,,,,
9223,preferences,8592,0.01,3.88,,,,,,
9224,prompted,8593,0.01,3.88,,,,,,
9225,proximity,8594,0.01,3.88,,,,B2,noun,
9226,qualification,8595,0.01,3.88,,,,B2,noun,
9227,qualifications,8596,0.01,3.88,,,,,,
9228,rendered,8598,0.01,3.88,,,,,,
9229,reversed,8600,0.01,3.88,,,,,,
9230,scenarios,8603,0.01,3.88,,,,,,
9231,selective,8604,0.01,3.88,,,,,,
9232,seniors,8605,0.01,3.88,,,,,,
9233,sf,8606,0.01,3.88,,,,,,
9234,socialism,8608,0.01,3.88,,,,,,
9235,son's,8609,0.01,3.88,,,,,,
9236,transported,8619,0.01,3.88,,,,,,
9237,tribunal,8620,0.01,3.88,,,,,,
9238,undoubtedly,8621,0.01,3.88,,,,B2,adverb,
9239,wife's,8627,0.01,3.88,,,,,,
9240,workshops,8628,0.01,3.88,,,,,,
9241,yearly,8630,0.01,3.88,,,,,,
9242,yemen,8631,0.01,3.88,,,,,,
9243,⠀,8632,0.01,3.88,,,,,,
9244,abusive,8633,0.01,3.87,,,,,,
9245,announcing,8635,0.01,3.87,,,,,,
9246,bids,8640,0.01,3.87,,,,,,
9247,billboard,8641,0.01,3.87,,,,,,
9248,cables,8646,0.01,3.87,,,,,,
9249,calculate,8647,0.01,3.87,,,,B1,verb,
9250,conceived,8650,0.01,3.87,,,,,,
9251,dissolved,8656,0.01,3.87,,,,,,
9252,distinguish,8657,0.01,3.87,,,,B1,verb,
9253,dominate,8658,0.01,3.87,,,,B2,verb,
9254,economist,8660,0.01,3.87,,,,B2,noun,
9255,endorsed,8661,0.01,3.87,,,,,,
9256,europeans,8662,0.01,3.87,,,,,,
9257,examining,8663,0.01,3.87,,,,,,
9258,extensively,8664,0.01,3.87,,,,B1,adverb,
9259,fda,8665,0.01,3.87,,,,,,
9260,festivals,8666,0.01,3.87,,,,,,
9261,hiking,8677,0.01,3.87,,,,A2,noun,
9262,hypothesis,8678,0.01,3.87,,,,,,
9263,illustrations,8680,0.01,3.87,,,,,,
9264,informal,8682,0.01,3.87,,,,B2,adjective,
9265,lending,8685,0.01,3.87,,,,,,
9266,maturity,8689,0.01,3.87,,,,,,
9267,minneapolis,8693,0.01,3.87,,,,,,
9268,mtv,8696,0.01,3.87,,,,,,
9269,neighboring,8698,0.01,3.87,,,,,,
9270,outlined,8702,0.01,3.87,,,,,,
9271,parenting,8704,0.01,3.87,,,,,,
9272,peaks,8705,0.01,3.87,,,,,,
9273,pools,8707,0.01,3.87,,,,,,
9274,problematic,8709,0.01,3.87,,,,,,
9275,proceeded,8710,0.01,3.87,,,,,,
9276,processor,8711,0.01,3.87,,,,,,
9277,promotional,8712,0.01,3.87,,,,,,
9278,pros,8713,0.01,3.87,,,,,,
9279,prospective,8714,0.01,3.87,,,,,,
9280,regulate,8716,0.01,3.87,,,,B2,verb,
9281,renaissance,8717,0.01,3.87,,,,,,
9282,repeal,8718,0.01,3.87,,,,,,
9283,reuters,8719,0.01,3.87,,,,,,
9284,riots,8720,0.01,3.87,,,,,,
9285,robertson,8722,0.01,3.87,,,,,,
9286,saga,8724,0.01,3.87,,,,,,
9287,sliding,8728,0.01,3.87,,,,,,
9288,sodium,8729,0.01,3.87,,,,,,
9289,surplus,8730,0.01,3.87,,,,,,
9290,systematic,8732,0.01,3.87,,,,B1,adjective,
9291,theaters,8733,0.01,3.87,,,,,,
9292,transmitted,8734,0.01,3.87,,,,,,
9293,uncommon,8738,0.01,3.87,,,,B2,adjective,
9294,underway,8739,0.01,3.87,,,,,,
9295,unified,8740,0.01,3.87,,,,,,
9296,xd,8746,0.01,3.87,,,,,,
9297,a00,8748,0.01,3.86,,,,,,
9298,abs,8749,0.01,3.86,,,,,,
9299,abundance,8750,0.01,3.86,,,,B1,noun,
9300,advancing,8751,0.01,3.86,,,,,,
9301,alberta,8753,0.01,3.86,,,,,,
9302,autonomy,8756,0.01,3.86,,,,,,
9303,baptist,8757,0.01,3.86,,,,,,
9304,behavioral,8758,0.01,3.86,,,,,,
9305,biden,8759,0.01,3.86,,,,,,
9306,booking,8760,0.01,3.86,,,,B1,noun,
9307,browns,8763,0.01,3.86,,,,,,
9308,canadians,8764,0.01,3.86,,,,,,
9309,commodity,8766,0.01,3.86,,,,,,
9310,containers,8768,0.01,3.86,,,,,,
9311,cooperative,8769,0.01,3.86,,,,B2,adjective,
9312,correlation,8771,0.01,3.86,,,,,,
9313,correspondent,8772,0.01,3.86,,,,B2,noun,
9314,coupon,8773,0.01,3.86,,,,,,
9315,covid,8774,0.01,3.86,,,,,,
9316,curves,8777,0.01,3.86,,,,,,
9317,defines,8778,0.01,3.86,,,,,,
9318,delivers,8779,0.01,3.86,,,,,,
9319,demonstrates,8780,0.01,3.86,,,,,,
9320,dodgers,8782,0.01,3.86,,,,,,
9321,endangered,8785,0.01,3.86,,,,A2,adjective,
9322,exhibited,8787,0.01,3.86,,,,,,
9323,fatigue,8789,0.01,3.86,,,,,,
9324,fellowship,8790,0.01,3.86,,,,,,
9325,fictional,8791,0.01,3.86,,,,B2,adjective,
9326,fringe,8793,0.01,3.86,,,,,,
9327,gaps,8795,0.01,3.86,,,,,,
9328,granite,8796,0.01,3.86,,,,,,
9329,greens,8797,0.01,3.86,,,,,,
9330,handbook,8798,0.01,3.86,,,,,,
9331,india's,8801,0.01,3.86,,,,,,
9332,insights,8802,0.01,3.86,,,,,,
9333,judiciary,8809,0.01,3.86,,,,,,
9334,logistics,8816,0.01,3.86,,,,,,
9335,maple,8822,0.01,3.86,,,,B1,noun,
9336,midfielder,8824,0.01,3.86,,,,,,
9337,mindset,8825,0.01,3.86,,,,,,
9338,mounting,8832,0.01,3.86,,,,,,
9339,nonprofit,8833,0.01,3.86,,,,,,
9340,oils,8835,0.01,3.86,,,,,,
9341,outs,8837,0.01,3.86,,,,,,
9342,panama,8839,0.01,3.86,,,,,,
9343,patches,8840,0.01,3.86,,,,,,
9344,portraits,8842,0.01,3.86,,,,,,
9345,prestigious,8844,0.01,3.86,,,,B2,adjective,
9346,prompt,8845,0.01,3.86,,,,B2,"adjective, noun, verb",
9347,quantities,8846,0.01,3.86,,,,,,
9348,referee,8848,0.01,3.86,,,,B1,noun,
9349,risen,8851,0.01,3.86,,,,,,
9350,rows,8852,0.01,3.86,,,,,,
9351,sacramento,8853,0.01,3.86,,,,,,
9352,scroll,8854,0.01,3.86,,,,,,
9353,searches,8855,0.01,3.86,,,,,,
9354,sovereignty,8860,0.01,3.86,,,,,,
9355,strips,8861,0.01,3.86,,,,,,
9356,subjected,8863,0.01,3.86,,,,,,
9357,symbolic,8867,0.01,3.86,,,,B2,adjective,
9358,taxpayer,8869,0.01,3.86,,,,,,
9359,trilogy,8873,0.01,3.86,,,,,,
9360,url,8874,0.01,3.86,,,,,,
9361,weights,8875,0.01,3.86,,,,,,
9362,yahoo,8879,0.01,3.86,,,,,,
9363,youre,8880,0.01,3.86,,,,,,
9364,accompanying,8882,0.01,3.85,,,,,,
9365,acids,8884,0.01,3.85,,,,,,
9366,administrators,8885,0.01,3.85,,,,,,
9367,aired,8886,0.01,3.85,,,,,,
9368,arbitrary,8890,0.01,3.85,,,,,,
9369,atm,8891,0.01,3.85,,,,,,
9370,autonomous,8892,0.01,3.85,,,,,,
9371,averaged,8893,0.01,3.85,,,,,,
9372,blogger,8897,0.01,3.85,,,,B1,noun,
9373,brighton,8899,0.01,3.85,,,,,,
9374,buddhist,8901,0.01,3.85,,,,,,
9375,builder,8902,0.01,3.85,,,,B1,noun,
9376,celebrations,8905,0.01,3.85,,,,,,
9377,censorship,8906,0.01,3.85,,,,,,
9378,cf,8907,0.01,3.85,,,,,,
9379,cl,8908,0.01,3.85,,,,,,
9380,clarify,8909,0.01,3.85,,,,B2,verb,
9381,comp,8911,0.01,3.85,,,,,,
9382,compilation,8912,0.01,3.85,,,,,,
9383,composer,8913,0.01,3.85,,,,A2,noun,
9384,comprises,8914,0.01,3.85,,,,,,
9385,constitute,8915,0.01,3.85,,,,B1,verb,
9386,correspondence,8916,0.01,3.85,,,,B2,noun,
9387,defendants,8918,0.01,3.85,,,,,,
9388,desirable,8919,0.01,3.85,,,,B2,adjective,
9389,diagram,8921,0.01,3.85,,,,B1,noun,
9390,editions,8923,0.01,3.85,,,,,,
9391,erected,8924,0.01,3.85,,,,,,
9392,explorer,8925,0.01,3.85,,,,B2,noun,
9393,favorable,8927,0.01,3.85,,,,,,
9394,feminism,8928,0.01,3.85,,,,,,
9395,flaws,8929,0.01,3.85,,,,,,
9396,forums,8930,0.01,3.85,,,,,,
9397,galleries,8932,0.01,3.85,,,,,,
9398,genesis,8934,0.01,3.85,,,,,,
9399,geographical,8935,0.01,3.85,,,,B1,adjective,
9400,governed,8936,0.01,3.85,,,,,,
9401,governmental,8937,0.01,3.85,,,,B2,adjective,
9402,guy's,8939,0.01,3.85,,,,,,
9403,hints,8944,0.01,3.85,,,,,,
9404,husband's,8945,0.01,3.85,,,,,,
9405,incomplete,8946,0.01,3.85,,,,,,
9406,incorporate,8947,0.01,3.85,,,,,,
9407,ivory,8949,0.01,3.85,,,,B1,noun,
9408,kerry,8950,0.01,3.85,,,,,,
9409,lengthy,8953,0.01,3.85,,,,B2,adjective,
9410,levy,8954,0.01,3.85,,,,,,
9411,lp,8955,0.01,3.85,,,,,,
9412,manipulation,8956,0.01,3.85,,,,,,
9413,merchants,8957,0.01,3.85,,,,,,
9414,mlb,8959,0.01,3.85,,,,,,
9415,niche,8962,0.01,3.85,,,,,,
9416,o'brien,8964,0.01,3.85,,,,,,
9417,obscure,8965,0.01,3.85,,,,,,
9418,ot,8966,0.01,3.85,,,,,,
9419,para,8967,0.01,3.85,,,,,,
9420,portrayed,8971,0.01,3.85,,,,,,
9421,princeton,8973,0.01,3.85,,,,,,
9422,railways,8975,0.01,3.85,,,,,,
9423,recession,8977,0.01,3.85,,,,B2,noun,
9424,rim,8979,0.01,3.85,,,,B2,noun,
9425,sequences,8982,0.01,3.85,,,,,,
9426,spiral,8986,0.01,3.85,,,,B1,adjective,
9427,stretching,8989,0.01,3.85,,,,,,
9428,successive,8990,0.01,3.85,,,,B2,adjective,
9429,taxpayers,8992,0.01,3.85,,,,,,
9430,therapeutic,8993,0.01,3.85,,,,,,
9431,threads,8994,0.01,3.85,,,,,,
9432,ti,8995,0.01,3.85,,,,,,
9433,timely,8996,0.01,3.85,,,,B1,adjective,
9434,ufc,8999,0.01,3.85,,,,,,
9435,undergraduate,9000,0.01,3.85,,,,B2,noun,
9436,undertaken,9001,0.01,3.85,,,,,,
9437,uranium,9002,0.01,3.85,,,,,,
9438,volleyball,9005,0.01,3.85,,,,A1,noun,
9439,wires,9007,0.01,3.85,6588,0.02,3.85,,,0.0
9440,2d,9009,0.01,3.84,,,,,,
9441,advertisement,9010,0.01,3.84,,,,A2,noun,
9442,analysts,9011,0.01,3.84,,,,,,
9443,atmospheric,9013,0.01,3.84,,,,,,
9444,bangkok,9014,0.01,3.84,,,,,,
9445,batting,9015,0.01,3.84,,,,,,
9446,bb,9016,0.01,3.84,,,,,,
9447,bracket,9018,0.01,3.84,,,,B2,noun,
9448,branded,9019,0.01,3.84,,,,,,
9449,bryant,9020,0.01,3.84,,,,,,
9450,cairo,9021,0.01,3.84,,,,,,
9451,catholics,9023,0.01,3.84,,,,,,
9452,dems,9032,0.01,3.84,,,,,,
9453,devon,9033,0.01,3.84,6704,0.02,3.84,,,0.0
9454,disclose,9034,0.01,3.84,,,,,,
9455,encourages,9038,0.01,3.84,,,,,,
9456,enthusiastic,9039,0.01,3.84,,,,B1,adjective,
9457,establishments,9041,0.01,3.84,,,,,,
9458,exploitation,9043,0.01,3.84,,,,,,
9459,futures,9045,0.01,3.84,,,,,,
9460,gel,9046,0.01,3.84,,,,,,
9461,genetics,9047,0.01,3.84,,,,B1,noun,
9462,johns,9059,0.01,3.84,,,,,,
9463,louisville,9061,0.01,3.84,,,,,,
9464,malaysian,9062,0.01,3.84,,,,,,
9465,margins,9063,0.01,3.84,,,,,,
9466,ml,9069,0.01,3.84,,,,,,
9467,monopoly,9070,0.01,3.84,,,,,,
9468,nationally,9072,0.01,3.84,,,,,,
9469,nobel,9073,0.01,3.84,,,,,,
9470,norfolk,9074,0.01,3.84,,,,,,
9471,outrage,9075,0.01,3.84,,,,B2,noun,
9472,owning,9076,0.01,3.84,,,,,,
9473,pdf,9079,0.01,3.84,,,,,,
9474,pitched,9080,0.01,3.84,,,,,,
9475,poets,9081,0.01,3.84,,,,,,
9476,promptly,9083,0.01,3.84,,,,B2,adverb,
9477,renewal,9087,0.01,3.84,,,,,,
9478,school's,9092,0.01,3.84,,,,,,
9479,sellers,9094,0.01,3.84,,,,,,
9480,sox,9101,0.01,3.84,,,,,,
9481,steadily,9104,0.01,3.84,,,,B1,adverb,
9482,supplier,9106,0.01,3.84,,,,B2,noun,
9483,swan,9108,0.01,3.84,6707,0.02,3.84,B2,noun,0.0
9484,switches,9109,0.01,3.84,,,,,,
9485,synthesis,9110,0.01,3.84,,,,,,
9486,teammate,9113,0.01,3.84,,,,B1,noun,
9487,tournaments,9116,0.01,3.84,,,,,,
9488,travelers,9117,0.01,3.84,,,,,,
9489,trustees,9119,0.01,3.84,,,,,,
9490,vermont,9123,0.01,3.84,,,,,,
9491,vii,9125,0.01,3.84,,,,,,
9492,weighing,9127,0.01,3.84,,,,,,
9493,activation,9129,0.01,3.83,,,,,,
9494,afghan,9130,0.01,3.83,,,,,,
9495,afterward,9131,0.01,3.83,,,,B1,adverb,
9496,agreeing,9132,0.01,3.83,,,,,,
9497,ahmed,9133,0.01,3.83,,,,,,
9498,allocated,9134,0.01,3.83,,,,,,
9499,appealed,9135,0.01,3.83,,,,,,
9500,barrels,9138,0.01,3.83,,,,,,
9501,borough,9140,0.01,3.83,,,,,,
9502,calif,9144,0.01,3.83,,,,,,
9503,ce,9145,0.01,3.83,,,,,,
9504,charities,9146,0.01,3.83,,,,,,
9505,combinations,9150,0.01,3.83,,,,,,
9506,commenting,9151,0.01,3.83,,,,,,
9507,competitions,9152,0.01,3.83,,,,,,
9508,cone,9153,0.01,3.83,,,,B2,noun,
9509,connects,9154,0.01,3.83,,,,,,
9510,critique,9156,0.01,3.83,,,,,,
9511,curved,9158,0.01,3.83,,,,,,
9512,decay,9160,0.01,3.83,,,,B2,verb,
9513,declining,9161,0.01,3.83,,,,,,
9514,destinations,9164,0.01,3.83,,,,,,
9515,diagnostic,9165,0.01,3.83,,,,,,
9516,differential,9167,0.01,3.83,,,,,,
9517,discourse,9168,0.01,3.83,,,,,,
9518,distances,9169,0.01,3.83,,,,,,
9519,dominance,9170,0.01,3.83,,,,,,
9520,donors,9171,0.01,3.83,,,,,,
9521,downloaded,9172,0.01,3.83,,,,,,
9522,earth's,9173,0.01,3.83,,,,,,
9523,economically,9174,0.01,3.83,,,,,,
9524,entertain,9175,0.01,3.83,6789,0.02,3.83,B1,verb,0.0
9525,evaluated,9176,0.01,3.83,,,,,,
9526,founders,9181,0.01,3.83,,,,,,
9527,game's,9183,0.01,3.83,,,,,,
9528,gateway,9185,0.01,3.83,,,,B2,noun,
9529,ge,9186,0.01,3.83,,,,,,
9530,guarantees,9187,0.01,3.83,,,,,,
9531,humidity,9188,0.01,3.83,,,,,,
9532,imagery,9190,0.01,3.83,,,,B2,noun,
9533,imply,9191,0.01,3.83,,,,B2,verb,
9534,indicators,9192,0.01,3.83,,,,,,
9535,inherent,9193,0.01,3.83,,,,,,
9536,inland,9194,0.01,3.83,,,,,,
9537,inning,9195,0.01,3.83,,,,,,
9538,isle,9198,0.01,3.83,,,,B1,noun,
9539,justification,9200,0.01,3.83,,,,,,
9540,ka,9201,0.01,3.83,,,,,,
9541,lego,9203,0.01,3.83,,,,,,
9542,licenses,9204,0.01,3.83,,,,,,
9543,livestock,9205,0.01,3.83,,,,,,
9544,llc,9207,0.01,3.83,,,,,,
9545,missionary,9212,0.01,3.83,,,,,,
9546,nationalism,9213,0.01,3.83,,,,,,
9547,nepal,9215,0.01,3.83,,,,,,
9548,newman,9216,0.01,3.83,,,,,,
9549,organizational,9221,0.01,3.83,,,,,,
9550,outfits,9222,0.01,3.83,,,,,,
9551,outright,9223,0.01,3.83,,,,,,
9552,overly,9224,0.01,3.83,,,,B2,adverb,
9553,oversight,9225,0.01,3.83,,,,,,
9554,panthers,9226,0.01,3.83,,,,,,
9555,persian,9227,0.01,3.83,,,,,,
9556,phases,9228,0.01,3.83,,,,,,
9557,photographers,9229,0.01,3.83,,,,,,
9558,polling,9230,0.01,3.83,,,,,,
9559,prisons,9232,0.01,3.83,,,,,,
9560,pumps,9235,0.01,3.83,,,,,,
9561,ramp,9237,0.01,3.83,,,,B2,noun,
9562,rand,9238,0.01,3.83,,,,,,
9563,refined,9241,0.01,3.83,,,,,,
9564,refusal,9243,0.01,3.83,,,,B1,noun,
9565,reinforced,9244,0.01,3.83,,,,,,
9566,remedies,9245,0.01,3.83,,,,,,
9567,reset,9246,0.01,3.83,,,,,,
9568,slots,9252,0.01,3.83,,,,,,
9569,sq,9254,0.01,3.83,,,,,,
9570,staged,9255,0.01,3.83,,,,,,
9571,startup,9256,0.01,3.83,,,,,,
9572,statute,9257,0.01,3.83,,,,,,
9573,stems,9258,0.01,3.83,,,,,,
9574,straightforward,9259,0.01,3.83,,,,B2,adjective,
9575,strengths,9260,0.01,3.83,,,,,,
9576,telecommunications,9263,0.01,3.83,,,,B1,noun,
9577,thoughtful,9265,0.01,3.83,6782,0.02,3.83,B2,adjective,0.0
9578,thru,9266,0.01,3.83,,,,,,
9579,tissues,9267,0.01,3.83,,,,,,
9580,toddler,9268,0.01,3.83,,,,,,
9581,utilized,9269,0.01,3.83,,,,,,
9582,victories,9271,0.01,3.83,,,,,,
9583,vikings,9272,0.01,3.83,,,,,,
9584,vr,9274,0.01,3.83,,,,,,
9585,wholly,9275,0.01,3.83,,,,,,
9586,accounted,9278,0.01,3.82,,,,,,
9587,adjustments,9280,0.01,3.82,,,,,,
9588,archbishop,9282,0.01,3.82,,,,,,
9589,athletics,9284,0.01,3.82,,,,B2,noun,
9590,basics,9285,0.01,3.82,,,,,,
9591,belgian,9287,0.01,3.82,,,,,,
9592,bibliography,9288,0.01,3.82,,,,,,
9593,bot,9289,0.01,3.82,,,,,,
9594,broadly,9290,0.01,3.82,,,,B2,adverb,
9595,calcium,9291,0.01,3.82,,,,,,
9596,capita,9294,0.01,3.82,,,,,,
9597,certainty,9295,0.01,3.82,,,,B1,noun,
9598,citation,9299,0.01,3.82,,,,,,
9599,collectively,9301,0.01,3.82,,,,,,
9600,commissions,9303,0.01,3.82,,,,,,
9601,compression,9304,0.01,3.82,,,,B2,noun,
9602,comprised,9305,0.01,3.82,,,,,,
9603,congregation,9308,0.01,3.82,,,,,,
9604,consolidated,9309,0.01,3.82,,,,,,
9605,coordinate,9310,0.01,3.82,,,,,,
9606,declaring,9314,0.01,3.82,,,,,,
9607,decoration,9315,0.01,3.82,,,,B2,noun,
9608,decree,9316,0.01,3.82,,,,,,
9609,definitions,9317,0.01,3.82,,,,,,
9610,deliberate,9318,0.01,3.82,,,,B2,adjective,
9611,discovering,9320,0.01,3.82,,,,,,
9612,dividend,9321,0.01,3.82,,,,,,
9613,educators,9326,0.01,3.82,,,,,,
9614,electron,9327,0.01,3.82,,,,B1,noun,
9615,enzyme,9329,0.01,3.82,,,,,,
9616,evolutionary,9330,0.01,3.82,,,,,,
9617,exhibits,9331,0.01,3.82,,,,,,
9618,extensions,9332,0.01,3.82,,,,,,
9619,fraser,9335,0.01,3.82,,,,,,
9620,fuels,9336,0.01,3.82,,,,,,
9621,geological,9337,0.01,3.82,,,,,,
9622,globally,9338,0.01,3.82,,,,B2,adverb,
9623,hindi,9344,0.01,3.82,,,,,,
9624,historians,9345,0.01,3.82,,,,,,
9625,hormone,9347,0.01,3.82,,,,,,
9626,inadequate,9348,0.01,3.82,,,,B2,adjective,
9627,indianapolis,9349,0.01,3.82,,,,,,
9628,infinity,9350,0.01,3.82,,,,,,
9629,intentionally,9351,0.01,3.82,,,,B1,adverb,
9630,joints,9352,0.01,3.82,,,,,,
9631,kilometers,9353,0.01,3.82,6862,0.02,3.82,,,0.0
9632,libya,9356,0.01,3.82,,,,,,
9633,marketplace,9361,0.01,3.82,,,,,,
9634,membrane,9362,0.01,3.82,,,,,,
9635,metallic,9364,0.01,3.82,,,,,,
9636,methodology,9365,0.01,3.82,,,,,,
9637,modifications,9366,0.01,3.82,,,,,,
9638,monitors,9367,0.01,3.82,,,,,,
9639,nm,9372,0.01,3.82,,,,,,
9640,nominations,9373,0.01,3.82,,,,,,
9641,numbered,9374,0.01,3.82,,,,,,
9642,offerings,9375,0.01,3.82,,,,,,
9643,overlooked,9376,0.01,3.82,,,,,,
9644,partnerships,9378,0.01,3.82,,,,,,
9645,predecessor,9383,0.01,3.82,,,,,,
9646,premise,9384,0.01,3.82,,,,,,
9647,rainfall,9386,0.01,3.82,,,,B1,noun,
9648,recipients,9387,0.01,3.82,,,,,,
9649,relates,9390,0.01,3.82,,,,,,
9650,relied,9391,0.01,3.82,,,,,,
9651,replay,9393,0.01,3.82,,,,,,
9652,revision,9394,0.01,3.82,,,,B1,noun,
9653,rooted,9395,0.01,3.82,,,,,,
9654,slate,9397,0.01,3.82,,,,,,
9655,stimulus,9399,0.01,3.82,,,,,,
9656,strengthening,9400,0.01,3.82,,,,,,
9657,structured,9401,0.01,3.82,,,,,,
9658,surge,9403,0.01,3.82,,,,B2,noun,
9659,tagged,9404,0.01,3.82,,,,,,
9660,tags,9405,0.01,3.82,,,,,,
9661,tee,9407,0.01,3.82,,,,,,
9662,twilight,9415,0.01,3.82,6916,0.01,3.82,,,0.0
9663,unprecedented,9416,0.01,3.82,,,,,,
9664,verses,9418,0.01,3.82,,,,,,
9665,vocabulary,9419,0.01,3.82,,,,A2,noun,
9666,wellington,9420,0.01,3.82,,,,,,
9667,willingness,9422,0.01,3.82,,,,B1,noun,
9668,a000,9426,0.01,3.81,,,,,,
9669,aberdeen,9427,0.01,3.81,,,,,,
9670,absorb,9428,0.01,3.81,,,,B1,verb,
9671,accord,9430,0.01,3.81,,,,,,
9672,advancement,9431,0.01,3.81,,,,B2,noun,
9673,albany,9432,0.01,3.81,,,,,,
9674,algorithms,9433,0.01,3.81,,,,,,
9675,alt,9434,0.01,3.81,,,,,,
9676,alternatively,9435,0.01,3.81,,,,B2,adverb,
9677,anglo,9436,0.01,3.81,,,,,,
9678,assurance,9439,0.01,3.81,,,,B2,noun,
9679,boycott,9444,0.01,3.81,,,,,,
9680,bulgarian,9448,0.01,3.81,,,,,,
9681,ceased,9450,0.01,3.81,,,,,,
9682,coding,9452,0.01,3.81,,,,,,
9683,competitor,9453,0.01,3.81,,,,B1,noun,
9684,creators,9454,0.01,3.81,,,,,,
9685,cuisine,9455,0.01,3.81,,,,,,
9686,detained,9456,0.01,3.81,,,,,,
9687,dioxide,9457,0.01,3.81,,,,B1,noun,
9688,dubbed,9460,0.01,3.81,,,,,,
9689,ea,9461,0.01,3.81,,,,,,
9690,eclipse,9462,0.01,3.81,,,,,,
9691,enjoyment,9466,0.01,3.81,,,,B1,noun,
9692,exhaust,9467,0.01,3.81,,,,B2,noun,
9693,expired,9468,0.01,3.81,,,,,,
9694,forbes,9470,0.01,3.81,,,,,,
9695,forwards,9471,0.01,3.81,,,,,,
9696,fundraising,9473,0.01,3.81,,,,,,
9697,hahaha,9476,0.01,3.81,,,,,,
9698,healthier,9478,0.01,3.81,,,,,,
9699,infectious,9481,0.01,3.81,,,,B2,adjective,
9700,inferior,9482,0.01,3.81,,,,,,
9701,inquiries,9484,0.01,3.81,,,,,,
9702,insulin,9485,0.01,3.81,,,,,,
9703,interpret,9486,0.01,3.81,,,,B2,verb,
9704,intro,9487,0.01,3.81,,,,,,
9705,jackets,9488,0.01,3.81,,,,,,
9706,kindle,9490,0.01,3.81,,,,,,
9707,lid,9491,0.01,3.81,7051,0.01,3.81,B2,noun,0.0
9708,mom's,9500,0.01,3.81,,,,,,
9709,myanmar,9501,0.01,3.81,,,,,,
9710,nets,9504,0.01,3.81,,,,,,
9711,nsw,9505,0.01,3.81,,,,,,
9712,obesity,9506,0.01,3.81,,,,,,
9713,partisan,9507,0.01,3.81,,,,B2,noun,
9714,planting,9508,0.01,3.81,,,,,,
9715,posed,9510,0.01,3.81,,,,,,
9716,privileged,9512,0.01,3.81,,,,,,
9717,prolonged,9513,0.01,3.81,,,,,,
9718,promo,9514,0.01,3.81,,,,,,
9719,protestant,9515,0.01,3.81,,,,,,
9720,qb,9518,0.01,3.81,,,,,,
9721,reliance,9520,0.01,3.81,,,,,,
9722,relies,9521,0.01,3.81,,,,,,
9723,reluctant,9522,0.01,3.81,,,,B2,adjective,
9724,relying,9523,0.01,3.81,,,,,,
9725,respiratory,9524,0.01,3.81,,,,B2,adjective,
9726,retention,9525,0.01,3.81,,,,,,
9727,rochester,9528,0.01,3.81,,,,,,
9728,rodgers,9529,0.01,3.81,,,,,,
9729,schedules,9533,0.01,3.81,,,,,,
9730,selecting,9534,0.01,3.81,,,,,,
9731,shah,9535,0.01,3.81,,,,,,
9732,southampton,9542,0.01,3.81,,,,,,
9733,submarine,9546,0.01,3.81,7054,0.01,3.81,B1,noun,0.0
9734,suburb,9547,0.01,3.81,,,,B2,noun,
9735,surgeons,9548,0.01,3.81,,,,,,
9736,taxation,9550,0.01,3.81,,,,,,
9737,undergo,9552,0.01,3.81,,,,B1,verb,
9738,weighed,9554,0.01,3.81,,,,,,
9739,acquiring,9556,0.01,3.8,,,,,,
9740,additions,9557,0.01,3.8,,,,,,
9741,afl,9559,0.01,3.8,,,,,,
9742,aligned,9560,0.01,3.8,,,,,,
9743,amp,9563,0.01,3.8,,,,,,
9744,atlas,9565,0.01,3.8,,,,,,
9745,austrian,9566,0.01,3.8,,,,,,
9746,automation,9567,0.01,3.8,,,,,,
9747,awe,9568,0.01,3.8,,,,B2,noun,
9748,balancing,9569,0.01,3.8,,,,,,
9749,banning,9570,0.01,3.8,,,,,,
9750,bishops,9571,0.01,3.8,,,,,,
9751,boeing,9572,0.01,3.8,,,,,,
9752,broncos,9573,0.01,3.8,,,,,,
9753,builders,9574,0.01,3.8,,,,,,
9754,canada's,9577,0.01,3.8,,,,,,
9755,carroll,9579,0.01,3.8,,,,,,
9756,collectors,9583,0.01,3.8,,,,,,
9757,colorful,9584,0.01,3.8,,,,,,
9758,combo,9585,0.01,3.8,,,,,,
9759,communism,9586,0.01,3.8,,,,,,
9760,constraints,9589,0.01,3.8,,,,,,
9761,dad's,9591,0.01,3.8,,,,,,
9762,davidson,9592,0.01,3.8,,,,,,
9763,decisive,9593,0.01,3.8,,,,B2,adjective,
9764,decorative,9594,0.01,3.8,,,,B2,adjective,
9765,definitive,9595,0.01,3.8,,,,,,
9766,disclosed,9596,0.01,3.8,,,,,,
9767,displaced,9597,0.01,3.8,,,,,,
9768,diy,9599,0.01,3.8,,,,,,
9769,epidemic,9601,0.01,3.8,,,,,,
9770,eugene,9603,0.01,3.8,7184,0.01,3.8,,,0.0
9771,evolve,9604,0.01,3.8,,,,B2,verb,
9772,extraction,9606,0.01,3.8,,,,,,
9773,freestyle,9612,0.01,3.8,,,,,,
9774,ie,9618,0.01,3.8,,,,,,
9775,inheritance,9619,0.01,3.8,7201,0.01,3.8,,,0.0
9776,introduces,9620,0.01,3.8,,,,,,
9777,lacked,9622,0.01,3.8,,,,,,
9778,lyon,9625,0.01,3.8,,,,,,
9779,m00,9626,0.01,3.8,,,,,,
9780,messaging,9632,0.01,3.8,,,,,,
9781,midwest,9634,0.01,3.8,,,,,,
9782,minimize,9635,0.01,3.8,,,,,,
9783,modi,9636,0.01,3.8,,,,,,
9784,morocco,9637,0.01,3.8,,,,,,
9785,organisms,9640,0.01,3.8,,,,,,
9786,originated,9641,0.01,3.8,,,,,,
9787,peel,9644,0.01,3.8,7132,0.01,3.8,B2,"noun, verb",0.0
9788,pensions,9645,0.01,3.8,,,,,,
9789,performer,9646,0.01,3.8,,,,B1,noun,
9790,practitioners,9649,0.01,3.8,,,,,,
9791,predominantly,9650,0.01,3.8,,,,,,
9792,primitive,9651,0.01,3.8,7182,0.01,3.8,B1,adjective,0.0
9793,providence,9652,0.01,3.8,,,,,,
9794,reproductive,9656,0.01,3.8,,,,,,
9795,responds,9658,0.01,3.8,,,,,,
9796,restrict,9659,0.01,3.8,,,,B1,verb,
9797,retiring,9660,0.01,3.8,,,,,,
9798,retrieved,9661,0.01,3.8,,,,,,
9799,rivalry,9664,0.01,3.8,,,,,,
9800,sim,9670,0.01,3.8,,,,,,
9801,sticky,9673,0.01,3.8,7179,0.01,3.8,B1,adjective,0.0
9802,sufficiently,9675,0.01,3.8,,,,B2,adverb,
9803,thankfully,9676,0.01,3.8,,,,,,
9804,thrones,9677,0.01,3.8,,,,,,
9805,tutorial,9682,0.01,3.8,,,,,,
9806,twentieth,9683,0.01,3.8,,,,,,
9807,unrelated,9685,0.01,3.8,,,,B1,adjective,
9808,ussr,9686,0.01,3.8,,,,,,
9809,vacant,9687,0.01,3.8,,,,B2,adjective,
9810,vicinity,9689,0.01,3.8,,,,,,
9811,weaknesses,9694,0.01,3.8,,,,,,
9812,wines,9695,0.01,3.8,,,,,,
9813,amendments,9697,0.01,3.79,,,,,,
9814,analyses,9698,0.01,3.79,,,,,,
9815,assessments,9700,0.01,3.79,,,,,,
9816,assisting,9701,0.01,3.79,,,,,,
9817,australia's,9702,0.01,3.79,,,,,,
9818,backgrounds,9704,0.01,3.79,,,,,,
9819,baldwin,9705,0.01,3.79,,,,,,
9820,bf,9707,0.01,3.79,,,,,,
9821,bites,9708,0.01,3.79,7241,0.01,3.79,,,0.0
9822,bombers,9709,0.01,3.79,,,,,,
9823,bonuses,9710,0.01,3.79,,,,,,
9824,bred,9711,0.01,3.79,,,,,,
9825,brexit,9712,0.01,3.79,,,,,,
9826,bulletin,9715,0.01,3.79,,,,B1,noun,
9827,capitalist,9716,0.01,3.79,,,,,,
9828,clinics,9718,0.01,3.79,,,,,,
9829,commitments,9719,0.01,3.79,,,,,,
9830,comparisons,9721,0.01,3.79,,,,,,
9831,coordinated,9724,0.01,3.79,,,,,,
9832,copied,9725,0.01,3.79,,,,,,
9833,cp,9727,0.01,3.79,,,,,,
9834,darren,9730,0.01,3.79,7213,0.01,3.79,,,0.0
9835,detached,9733,0.01,3.79,,,,,,
9836,discounts,9735,0.01,3.79,,,,,,
9837,distribute,9736,0.01,3.79,,,,B1,verb,
9838,efficiently,9739,0.01,3.79,,,,,,
9839,eliminating,9740,0.01,3.79,,,,,,
9840,encouragement,9742,0.01,3.79,,,,B1,noun,
9841,enforced,9743,0.01,3.79,,,,,,
9842,faction,9746,0.01,3.79,,,,,,
9843,fixtures,9749,0.01,3.79,,,,,,
9844,goalkeeper,9753,0.01,3.79,,,,B1,noun,
9845,guardians,9756,0.01,3.79,,,,,,
9846,hearings,9758,0.01,3.79,,,,,,
9847,hopeful,9762,0.01,3.79,,,,B1,adjective,
9848,hygiene,9765,0.01,3.79,,,,B2,noun,
9849,iceland,9766,0.01,3.79,,,,,,
9850,inconsistent,9769,0.01,3.79,,,,,,
9851,int,9770,0.01,3.79,,,,,,
9852,iso,9771,0.01,3.79,,,,,,
9853,johnston,9773,0.01,3.79,,,,,,
9854,latino,9776,0.01,3.79,,,,,,
9855,master's,9779,0.01,3.79,,,,,,
9856,mls,9782,0.01,3.79,,,,,,
9857,modify,9783,0.01,3.79,,,,B1,verb,
9858,neglect,9784,0.01,3.79,,,,B2,noun,
9859,northwestern,9785,0.01,3.79,,,,B1,adjective,
9860,nz,9786,0.01,3.79,,,,,,
9861,offenders,9787,0.01,3.79,,,,,,
9862,oppression,9788,0.01,3.79,,,,B1,noun,
9863,patriotic,9789,0.01,3.79,,,,B2,adjective,
9864,pictured,9791,0.01,3.79,,,,,,
9865,populated,9794,0.01,3.79,,,,,,
9866,poses,9795,0.01,3.79,,,,,,
9867,positioned,9796,0.01,3.79,,,,,,
9868,prejudice,9797,0.01,3.79,,,,B1,noun,
9869,probable,9799,0.01,3.79,,,,B2,adjective,
9870,projection,9801,0.01,3.79,,,,B2,noun,
9871,promotes,9802,0.01,3.79,,,,,,
9872,rails,9804,0.01,3.79,,,,,,
9873,receptor,9806,0.01,3.79,,,,,,
9874,remake,9808,0.01,3.79,,,,,,
9875,rendering,9809,0.01,3.79,,,,,,
9876,reproduction,9810,0.01,3.79,,,,,,
9877,res,9811,0.01,3.79,,,,,,
9878,rey,9813,0.01,3.79,,,,,,
9879,rhode,9814,0.01,3.79,,,,,,
9880,similarities,9816,0.01,3.79,,,,,,
9881,skins,9817,0.01,3.79,,,,,,
9882,slopes,9818,0.01,3.79,,,,,,
9883,spelled,9819,0.01,3.79,,,,,,
9884,spokesman,9820,0.01,3.79,,,,B2,noun,
9885,springfield,9821,0.01,3.79,,,,,,
9886,stained,9822,0.01,3.79,,,,,,
9887,subjective,9826,0.01,3.79,,,,,,
9888,surroundings,9828,0.01,3.79,,,,B2,noun,
9889,traumatic,9832,0.01,3.79,,,,,,
9890,trillion,9833,0.01,3.79,,,,,,
9891,vendor,9836,0.01,3.79,,,,,,
9892,watts,9837,0.01,3.79,,,,,,
9893,yr,9838,0.01,3.79,,,,,,
9894,♪,9839,0.01,3.79,,,,,,
9895,abbott,9840,0.01,3.78,,,,,,
9896,aboriginal,9841,0.01,3.78,,,,B2,adjective,
9897,academics,9842,0.01,3.78,,,,,,
9898,adopting,9843,0.01,3.78,,,,,,
9899,alignment,9844,0.01,3.78,,,,,,
9900,amended,9847,0.01,3.78,,,,,,
9901,apparatus,9848,0.01,3.78,,,,,,
9902,assumes,9849,0.01,3.78,,,,,,
9903,avengers,9850,0.01,3.78,,,,,,
9904,backpack,9851,0.01,3.78,7321,0.01,3.78,B1,noun,0.0
9905,bodily,9855,0.01,3.78,,,,,,
9906,buffer,9856,0.01,3.78,,,,,,
9907,calgary,9857,0.01,3.78,,,,,,
9908,chapman,9858,0.01,3.78,,,,,,
9909,collaborative,9860,0.01,3.78,,,,,,
9910,commenced,9861,0.01,3.78,,,,,,
9911,compensate,9862,0.01,3.78,,,,B2,verb,
9912,constructive,9864,0.01,3.78,,,,,,
9913,conventions,9865,0.01,3.78,,,,,,
9914,crystals,9867,0.01,3.78,,,,,,
9915,daughter's,9869,0.01,3.78,,,,,,
9916,demonstrations,9871,0.01,3.78,,,,,,
9917,departed,9872,0.01,3.78,,,,,,
9918,developmental,9874,0.01,3.78,,,,,,
9919,doses,9879,0.01,3.78,,,,,,
9920,driver's,9881,0.01,3.78,,,,,,
9921,drones,9882,0.01,3.78,,,,,,
9922,durham,9883,0.01,3.78,,,,,,
9923,ecological,9884,0.01,3.78,,,,B1,adjective,
9924,ecosystem,9885,0.01,3.78,,,,B1,noun,
9925,exclude,9888,0.01,3.78,,,,B2,verb,
9926,exempt,9889,0.01,3.78,,,,,,
9927,exposing,9890,0.01,3.78,,,,,,
9928,fertility,9892,0.01,3.78,,,,,,
9929,ff,9893,0.01,3.78,,,,,,
9930,fines,9894,0.01,3.78,,,,,,
9931,floods,9896,0.01,3.78,,,,,,
9932,folded,9899,0.01,3.78,,,,,,
9933,foremost,9900,0.01,3.78,,,,,,
9934,greenhouse,9902,0.01,3.78,,,,B1,noun,
9935,hierarchy,9904,0.01,3.78,,,,,,
9936,identities,9906,0.01,3.78,,,,,,
9937,installations,9907,0.01,3.78,,,,,,
9938,invalid,9908,0.01,3.78,,,,,,
9939,jointly,9910,0.01,3.78,,,,,,
9940,kits,9912,0.01,3.78,,,,,,
9941,lancaster,9913,0.01,3.78,,,,,,
9942,lightweight,9914,0.01,3.78,,,,,,
9943,lowering,9915,0.01,3.78,,,,,,
9944,mb,9916,0.01,3.78,,,,,,
9945,metabolism,9918,0.01,3.78,,,,,,
9946,negotiated,9920,0.01,3.78,,,,,,
9947,negotiation,9922,0.01,3.78,,,,B1,noun,
9948,newborn,9923,0.01,3.78,,,,B1,adjective,
9949,newport,9924,0.01,3.78,,,,,,
9950,nodes,9925,0.01,3.78,,,,,,
9951,omega,9927,0.01,3.78,,,,,,
9952,packers,9929,0.01,3.78,,,,,,
9953,paired,9930,0.01,3.78,,,,,,
9954,parental,9931,0.01,3.78,,,,B1,adjective,
9955,parody,9932,0.01,3.78,,,,,,
9956,participant,9934,0.01,3.78,,,,B1,noun,
9957,photoshop,9937,0.01,3.78,,,,,,
9958,pitt,9938,0.01,3.78,,,,,,
9959,precedent,9939,0.01,3.78,,,,,,
9960,prevalent,9940,0.01,3.78,,,,,,
9961,promotions,9942,0.01,3.78,,,,,,
9962,python,9943,0.01,3.78,,,,,,
9963,qatar,9944,0.01,3.78,,,,,,
9964,questionable,9945,0.01,3.78,,,,,,
9965,quo,9947,0.01,3.78,,,,,,
9966,render,9949,0.01,3.78,,,,,,
9967,respondents,9950,0.01,3.78,,,,,,
9968,retaining,9951,0.01,3.78,,,,,,
9969,romania,9952,0.01,3.78,,,,,,
9970,seventy,9954,0.01,3.78,,,,A1,number,
9971,show's,9956,0.01,3.78,,,,,,
9972,sims,9958,0.01,3.78,,,,,,
9973,slides,9959,0.01,3.78,,,,,,
9974,sociology,9960,0.01,3.78,,,,,,
9975,somerset,9961,0.01,3.78,,,,,,
9976,specify,9963,0.01,3.78,,,,B2,verb,
9977,tensions,9969,0.01,3.78,,,,,,
9978,thomson,9970,0.01,3.78,,,,,,
9979,traction,9972,0.01,3.78,,,,,,
9980,trout,9974,0.01,3.78,,,,,,
9981,turnover,9975,0.01,3.78,,,,,,
9982,uganda,9976,0.01,3.78,,,,,,
9983,university's,9977,0.01,3.78,,,,,,
9984,unwanted,9978,0.01,3.78,,,,B1,adjective,
9985,upgrades,9979,0.01,3.78,,,,,,
9986,valentine's,9980,0.01,3.78,,,,,,
9987,variant,9981,0.01,3.78,,,,,,
9988,visibility,9984,0.01,3.78,,,,,,
9989,warnings,9985,0.01,3.78,,,,,,
9990,wherein,9986,0.01,3.78,,,,,,
9991,wyoming,9989,0.01,3.78,,,,,,
9992,aaa,9990,0.01,3.77,,,,,,
9993,abundant,9991,0.01,3.77,,,,B1,adjective,
9994,africans,9992,0.01,3.77,,,,,,
9995,alexandria,9993,0.01,3.77,,,,,,
9996,algebra,9994,0.01,3.77,,,,,,
9997,analytics,9995,0.01,3.77,,,,,,
9998,antenna,9996,0.01,3.77,,,,,,
9999,attribute,9997,0.01,3.77,,,,B2,"noun, verb",
10000,bankers,9999,0.01,3.77,,,,,,
