rank,word,pos,cefr,frequency,zipf
1,the,determiner,A1,0.0537,7.73
2,to,"infinitive-to, preposition",A1,0.0269,7.43
3,and,conjunction,A1,0.0257,7.41
4,of,preposition,A1,0.0251,7.4
5,a,determiner,A1,0.0229,7.36
6,in,"adverb, preposition",A1,0.0186,7.27
7,i,pronoun,A1,0.0123,7.09
8,is,be-verb,A1,0.0117,7.07
9,for,"conjunction, preposition",A1,0.0102,7.01
10,that,"adverb, conjunction, determiner, pronoun",A1,0.0102,7.01
11,you,pronoun,A1,0.00955,6.98
12,it,"noun, pronoun",A1,0.00891,6.95
13,on,"adverb, preposition",A1,0.00813,6.91
14,with,preposition,A1,0.00708,6.85
15,this,"determiner, pronoun",A1,0.00661,6.82
16,was,be-verb,A1,0.00661,6.82
17,be,be-verb,A1,0.00617,6.79
18,as,"conjunction, preposition",A1,0.00589,6.77
19,are,be-verb,A1,0.0055,6.74
20,have,have-verb,A1,0.00513,6.71
21,at,preposition,A1,0.00501,6.7
22,he,pronoun,A1,0.0049,6.69
23,not,adverb,A1,0.0049,6.69
24,by,preposition,A1,0.00457,6.66
25,have to,modal auxiliary,A1,0.00431,6.63
26,but,"conjunction, preposition",B1,0.00427,6.63
27,from,preposition,A1,0.00427,6.63
28,my,determiner,A1,0.00372,6.57
29,or,conjunction,A1,0.00347,6.54
30,we,pronoun,A1,0.00347,6.54
31,an,determiner,A1,0.00339,6.53
32,your,determiner,A1,0.00339,6.53
33,all,"adverb, determiner, pronoun",A1,0.00331,6.52
34,so,"adverb, conjunction",A1,0.00331,6.52
35,his,"determiner, pronoun",A1,0.00324,6.51
36,they,pronoun,A1,0.00316,6.5
37,me,pronoun,A1,0.00302,6.48
38,if,conjunction,A1,0.00295,6.47
39,one,"determiner, number, pronoun",A2,0.00295,6.47
40,can,"modal auxiliary, noun",A2,0.00288,6.46
41,will,"modal auxiliary, noun",B2,0.00282,6.45
42,just,adverb,A1,0.00269,6.43
43,like,"conjunction, preposition, verb",A1,0.00257,6.41
44,about,"adverb, preposition",A1,0.00251,6.4
45,up,"adverb, preposition",A1,0.00245,6.39
46,out,adverb,A1,0.0024,6.38
47,what,"determiner, pronoun",A1,0.0024,6.38
48,has,have-verb,A1,0.00234,6.37
49,when,"adverb, conjunction",A1,0.00234,6.37
50,more,"adverb, determiner, pronoun",A1,0.00229,6.36
51,do,do-verb,A1,0.00224,6.35
52,no,"adverb, determiner",A1,0.00224,6.35
53,out of,preposition,A2,0.00219,6.34
54,were,be-verb,A1,0.00219,6.34
55,who,pronoun,A1,0.00219,6.34
56,had,have-verb,A1,0.00214,6.33
57,their,determiner,A1,0.00214,6.33
58,there,adverb,A1,0.00204,6.31
59,her,"determiner, pronoun",A1,0.002,6.3
60,which,"determiner, pronoun",A1,0.002,6.3
61,time,"noun, verb",B2,0.00195,6.29
62,get,verb,A1,0.00191,6.28
63,been,be-verb,A2,0.00186,6.27
64,would,modal auxiliary,A1,0.00186,6.27
65,she,pronoun,A1,0.00182,6.26
66,new,adjective,A1,0.00178,6.25
67,people,noun,A1,0.00178,6.25
68,how,adverb,A1,0.00174,6.24
69,some,"determiner, pronoun",A1,0.00158,6.2
70,also,adverb,A1,0.00155,6.19
71,them,pronoun,A1,0.00155,6.19
72,now,"adverb, conjunction",B2,0.00151,6.18
73,other,"determiner, pronoun",A2,0.00145,6.16
74,its,"determiner, pronoun",A1,0.00138,6.14
75,our,determiner,A1,0.00138,6.14
76,than,"conjunction, preposition",A1,0.00135,6.13
77,good,"adjective, noun",B2,0.00132,6.12
78,only,"adjective, adverb",A1,0.00132,6.12
79,after,"adverb, conjunction, preposition",A1,0.00129,6.11
80,first,"adjective, adverb",A1,0.00129,6.11
81,him,pronoun,A1,0.00129,6.11
82,into,preposition,A1,0.00129,6.11
83,no one,pronoun,A2,0.00127,6.1
84,know,verb,A1,0.00126,6.1
85,see,verb,A1,0.00126,6.1
86,two,number,A1,0.00126,6.1
87,make,"noun, verb",A1,0.0012,6.08
88,over,"adverb, preposition",A1,0.0012,6.08
89,think,verb,A1,0.0012,6.08
90,any,"determiner, pronoun",A1,0.00117,6.07
91,then,adverb,A1,0.00117,6.07
92,could,modal auxiliary,A1,0.00115,6.06
93,back,"adjective, adverb, noun, verb",B1,0.0011,6.04
94,these,"determiner, pronoun",A1,0.0011,6.04
95,us,pronoun,A1,0.0011,6.04
96,want,"noun, verb",A1,0.0011,6.04
97,because,conjunction,A1,0.00107,6.03
98,go,"noun, verb",A1,0.00107,6.03
99,well,"adjective, adverb",A1,0.00107,6.03
100,because of,preposition,B1,0.00103,6.01
101,way,noun,A1,0.00102,6.01
102,most,"adverb, determiner, pronoun",A2,0.001,6.0
103,much,"adverb, determiner, pronoun",A1,0.001,6.0
104,very,"adjective, adverb",A1,0.001,6.0
105,where,"adverb, conjunction",A1,0.001,6.0
106,even,"adjective, adverb",A2,0.000977,5.99
107,should,modal auxiliary,A1,0.000977,5.99
108,may,"modal auxiliary, noun",A1,0.000955,5.98
109,here,adverb,A1,0.000933,5.97
110,need,"modal auxiliary, noun, verb",A2,0.000933,5.97
111,really,adverb,A1,0.000933,5.97
112,did,do-verb,A1,0.000912,5.96
113,right,"adjective, adverb, noun",A2,0.000912,5.96
114,work,"noun, verb",A1,0.000912,5.96
115,year,noun,A1,0.000912,5.96
116,being,noun,A2,0.000891,5.95
117,day,noun,A1,0.000891,5.95
118,too,adverb,A1,0.000891,5.95
119,before,"adverb, conjunction, preposition",A1,0.000851,5.93
120,off,"adjective, adverb, preposition",B1,0.000851,5.93
121,why,adverb,A1,0.000851,5.93
122,still,"adjective, adverb",A2,0.000832,5.92
123,take,"noun, verb",A1,0.000832,5.92
124,many,"determiner, pronoun",A1,0.000813,5.91
125,never,adverb,A1,0.000813,5.91
126,make-up,noun,A2,0.000807,5.91
127,those,"determiner, pronoun",A1,0.000794,5.9
128,life,noun,A1,0.000776,5.89
129,say,"noun, verb",A1,0.000776,5.89
130,world,noun,A1,0.000776,5.89
131,down,"adjective, adverb, preposition",A2,0.000759,5.88
132,great,adjective,A1,0.000759,5.88
133,through,"adverb, preposition",A1,0.000741,5.87
134,last,"adverb, determiner, pronoun, verb",B1,0.000724,5.86
135,'s,be-verb,A1,0.000724,5.86
136,while,"conjunction, noun",B1,0.000724,5.86
137,all right,"adjective, adverb",A1,0.000715,5.85
138,best,"adjective, adverb",A1,0.000692,5.84
139,such,"determiner, pronoun",A2,0.000692,5.84
140,love,"noun, verb",A1,0.000661,5.82
141,man,noun,A1,0.000661,5.82
142,home,"adverb, noun",A1,0.000646,5.81
143,long,"adjective, adverb",A2,0.000646,5.81
144,look,"noun, verb",A1,0.000646,5.81
145,something,pronoun,A1,0.000646,5.81
146,use,"noun, verb",A1,0.000646,5.81
147,same,"adjective, adverb, pronoun",A1,0.000631,5.8
148,used,adjective,A2,0.000631,5.8
149,both,"adverb, determiner, pronoun",A1,0.000617,5.79
150,every,determiner,A1,0.000617,5.79
151,used to,modal auxiliary,B1,0.000617,5.79
152,am,be-verb,A1,0.000603,5.78
153,come,verb,A1,0.000603,5.78
154,part,"noun, verb",B2,0.000603,5.78
155,state,"adjective, noun, verb",B2,0.000603,5.78
156,three,number,A1,0.000603,5.78
157,around,"adverb, preposition",A1,0.000589,5.77
158,between,preposition,A1,0.000589,5.77
159,always,adverb,A1,0.000575,5.76
160,better,"adjective, adverb",A2,0.000575,5.76
161,find,verb,A1,0.000575,5.76
162,help,"noun, verb",A1,0.000562,5.75
163,high,"adjective, adverb",A2,0.000562,5.75
164,little,"adjective, adverb, determiner, pronoun",B1,0.000562,5.75
165,old,adjective,A1,0.000562,5.75
166,since,"adverb, conjunction, preposition",A2,0.000562,5.75
167,another,"determiner, pronoun",A2,0.00055,5.74
168,does,do-verb,A1,0.00055,5.74
169,own,"adjective, pronoun, verb",B1,0.00055,5.74
170,under,preposition,A1,0.000537,5.73
171,during,preposition,A2,0.000525,5.72
172,game,noun,A1,0.000525,5.72
173,thing,noun,A1,0.000525,5.72
174,give,verb,A1,0.000513,5.71
175,house,noun,A1,0.000513,5.71
176,place,"noun, verb",B1,0.000513,5.71
177,school,noun,A1,0.000513,5.71
178,again,adverb,A1,0.000501,5.7
179,next,"adverb, determiner, pronoun",B2,0.000501,5.7
180,next to,preposition,A2,0.000492,5.69
181,each,"determiner, pronoun",A1,0.00049,5.69
182,without,preposition,A2,0.00049,5.69
183,against,preposition,A2,0.000479,5.68
184,end,"noun, verb",A2,0.000479,5.68
185,found,verb,B2,0.000479,5.68
186,must,modal auxiliary,A1,0.000479,5.68
187,show,"noun, verb",A1,0.000479,5.68
188,big,adjective,A1,0.000468,5.67
189,feel,"noun, verb",A1,0.000468,5.67
190,sure,"adjective, adverb",A2,0.000468,5.67
191,team,noun,A1,0.000468,5.67
192,part-time,"adjective, adverb",B1,0.00046,5.66
193,ever,adverb,A2,0.000457,5.66
194,family,noun,A1,0.000457,5.66
195,keep,verb,A1,0.000457,5.66
196,might,modal auxiliary,A2,0.000457,5.66
197,please,"adverb, verb",B1,0.000457,5.66
198,put,verb,A1,0.000457,5.66
199,money,noun,A1,0.000437,5.64
200,free,"adjective, adverb, verb",B2,0.000427,5.63
201,second,"adjective, adverb, noun, pronoun",A2,0.000427,5.63
202,someone,pronoun,A1,0.000427,5.63
203,away,adverb,A1,0.000417,5.62
204,left,"adjective, adverb, noun",A2,0.000417,5.62
205,number,noun,A1,0.000417,5.62
206,city,noun,A1,0.000407,5.61
207,lot,"adverb, noun, pronoun",A1,0.000407,5.61
208,name,"noun, verb",B1,0.000407,5.61
209,night,noun,A1,0.000407,5.61
210,play,"noun, verb",A1,0.000407,5.61
211,until,"conjunction, preposition",A1,0.000407,5.61
212,company,noun,A2,0.000398,5.6
213,doing,do-verb,A1,0.000398,5.6
214,few,"determiner, pronoun",B1,0.000398,5.6
215,let,verb,A1,0.000398,5.6
216,real,"adjective, adverb",A1,0.000398,5.6
217,different,adjective,A1,0.000389,5.59
218,set,"noun, verb",A1,0.000389,5.59
219,thought,noun,A2,0.000389,5.59
220,done,do-verb,A2,0.00038,5.58
221,however,adverb,A2,0.00038,5.58
222,god,noun,B2,0.000372,5.57
223,government,noun,A2,0.000372,5.57
224,group,"noun, verb",B1,0.000372,5.57
225,public,"adjective, noun",A2,0.000372,5.57
226,top,"adjective, noun",A1,0.000372,5.57
227,each other,pronoun,A1,0.000366,5.56
228,business,noun,A1,0.000363,5.56
229,care,"noun, verb",B1,0.000363,5.56
230,start,"noun, verb",A1,0.000363,5.56
231,system,noun,A2,0.000363,5.56
232,times,preposition,B2,0.000363,5.56
233,week,noun,A1,0.000363,5.56
234,already,adverb,A1,0.000355,5.55
235,anything,pronoun,A1,0.000355,5.55
236,case,noun,A1,0.000355,5.55
237,nothing,pronoun,A1,0.000355,5.55
238,person,noun,A1,0.000355,5.55
239,today,"adverb, noun",A1,0.000355,5.55
240,so-called,adjective,B2,0.000348,5.54
241,change,"noun, verb",A1,0.000347,5.54
242,enough,"adverb, determiner, pronoun",A2,0.000347,5.54
243,everything,pronoun,A1,0.000347,5.54
244,full,adjective,A1,0.000347,5.54
245,live,"adjective, verb",A1,0.000347,5.54
246,point,"noun, verb",A2,0.000347,5.54
247,read,verb,A1,0.000347,5.54
248,yet,"adverb, conjunction",B1,0.000347,5.54
249,bad,adjective,A1,0.000339,5.53
250,four,number,A1,0.000339,5.53
251,hard,"adjective, adverb",A1,0.000339,5.53
252,mean,"adjective, noun, verb",A1,0.000339,5.53
253,once,"adverb, conjunction",B2,0.000339,5.53
254,support,"noun, verb",B1,0.000339,5.53
255,tell,verb,A1,0.000339,5.53
256,including,preposition,B1,0.000331,5.52
257,music,noun,A1,0.000331,5.52
258,power,noun,A2,0.000331,5.52
259,stop,"noun, verb",A1,0.000331,5.52
260,water,"noun, verb",B2,0.000331,5.52
261,believe,verb,A1,0.000324,5.51
262,call,"noun, verb",A2,0.000324,5.51
263,head,"noun, verb",A2,0.000324,5.51
264,national,adjective,A2,0.000324,5.51
265,small,adjective,A1,0.000324,5.51
266,white,"adjective, noun",A1,0.000324,5.51
267,far,"adjective, adverb",A2,0.000316,5.5
268,job,noun,A1,0.000316,5.5
269,side,noun,A1,0.000316,5.5
270,though,"adverb, conjunction",A2,0.000316,5.5
271,try,"noun, verb",A2,0.000316,5.5
272,yes,adverb,A1,0.000316,5.5
273,good night,interjection,A1,0.000311,5.49
274,first name,noun,A2,0.00031,5.49
275,actually,adverb,A2,0.000309,5.49
276,later,"adjective, adverb",A1,0.000309,5.49
277,less,"adverb, determiner, pronoun",A2,0.000309,5.49
278,line,"noun, verb",B2,0.000309,5.49
279,order,"noun, verb",A2,0.000309,5.49
280,party,noun,A1,0.000309,5.49
281,run,"noun, verb",A1,0.000309,5.49
282,service,"noun, verb",B1,0.000309,5.49
283,country,noun,A2,0.000302,5.48
284,open,"adjective, verb",A1,0.000302,5.48
285,season,noun,B1,0.000302,5.48
286,thank,verb,A1,0.000302,5.48
287,everyone,pronoun,A1,0.000295,5.47
288,general,"adjective, noun",B1,0.000295,5.47
289,united,adjective,B2,0.000295,5.47
290,full-time,"adjective, adverb",B1,0.000294,5.47
291,good-looking,adjective,A2,0.00029,5.46
292,area,noun,A2,0.000288,5.46
293,black,"adjective, noun",A1,0.000288,5.46
294,following,"adjective, preposition",B2,0.000288,5.46
295,law,noun,A2,0.000288,5.46
296,together,adverb,A1,0.000288,5.46
297,war,noun,A1,0.000288,5.46
298,whole,"adjective, noun",B1,0.000288,5.46
299,car,noun,A1,0.000282,5.45
300,face,"noun, verb",A2,0.000282,5.45
301,five,number,A1,0.000282,5.45
302,kind,"adjective, noun",A1,0.000282,5.45
303,maybe,adverb,A1,0.000282,5.45
304,per,preposition,B1,0.000282,5.45
305,president,noun,B1,0.000282,5.45
306,story,noun,A1,0.000282,5.45
307,working,adjective,B1,0.000282,5.45
308,first person,noun,B2,0.000278,5.44
309,course,noun,A1,0.000275,5.44
310,health,noun,A1,0.000275,5.44
311,hope,"noun, verb",B1,0.000275,5.44
312,important,adjective,A1,0.000275,5.44
313,least,"adverb, determiner, pronoun",B2,0.000275,5.44
314,means,noun,B2,0.000275,5.44
315,news,noun,A1,0.000275,5.44
316,within,preposition,A2,0.000275,5.44
317,able,adjective,B1,0.000269,5.43
318,book,"noun, verb",B1,0.000269,5.43
319,early,"adjective, adverb",A1,0.000269,5.43
320,information,noun,A1,0.000269,5.43
321,local,adjective,A2,0.000269,5.43
322,post,"noun, verb",A2,0.000269,5.43
323,thanks,noun,A1,0.000269,5.43
324,video,noun,A1,0.000269,5.43
325,young,adjective,A1,0.000269,5.43
326,high school,noun,A2,0.000268,5.43
327,ago,adverb,A1,0.000263,5.42
328,social,adjective,A1,0.000263,5.42
329,talk,"noun, verb",A1,0.000263,5.42
330,last name,noun,A1,0.000261,5.42
331,court,noun,A2,0.000257,5.41
332,fact,noun,A2,0.000257,5.41
333,given,adjective,A2,0.000257,5.41
334,half,"adverb, determiner, noun, pronoun",A2,0.000257,5.41
335,hand,"noun, verb",A2,0.000257,5.41
336,level,"adjective, noun, verb",B2,0.000257,5.41
337,mind,"noun, verb",A2,0.000257,5.41
338,often,adverb,A1,0.000257,5.41
339,single,"adjective, noun",B1,0.000257,5.41
340,become,verb,A1,0.000251,5.4
341,body,noun,A1,0.000251,5.4
342,control,"noun, verb",B1,0.000251,5.4
343,death,noun,A2,0.000251,5.4
344,food,noun,A1,0.000251,5.4
345,guy,noun,A1,0.000251,5.4
346,office,noun,A1,0.000251,5.4
347,pay,"noun, verb",A1,0.000251,5.4
348,problem,noun,A1,0.000251,5.4
349,south,"adjective, adverb, noun",A2,0.000251,5.4
350,true,adjective,A1,0.000251,5.4
351,almost,adverb,A1,0.000245,5.39
352,history,noun,A1,0.000245,5.39
353,known,adjective,B2,0.000245,5.39
354,large,adjective,A1,0.000245,5.39
355,lost,adjective,A2,0.000245,5.39
356,'m,be-verb,A1,0.000245,5.39
357,mr./mr,noun,A1,0.000245,5.39
358,research,"noun, verb",B2,0.000245,5.39
359,room,"noun, verb",B1,0.000245,5.39
360,several,"determiner, pronoun",A2,0.000245,5.39
361,university,noun,A2,0.000245,5.39
362,win,"noun, verb",A1,0.000245,5.39
363,wrong,"adjective, adverb",A2,0.000245,5.39
364,along,"adverb, preposition",A2,0.00024,5.38
365,anyone,pronoun,A1,0.00024,5.38
366,else,adverb,A1,0.00024,5.38
367,girl,noun,A1,0.00024,5.38
368,matter,"noun, verb",A2,0.00024,5.38
369,pretty,"adjective, adverb",A2,0.00024,5.38
370,remember,verb,A1,0.00024,5.38
371,air,noun,A2,0.000234,5.37
372,bit,noun,A2,0.000234,5.37
373,friend,noun,A1,0.000234,5.37
374,hit,"noun, verb",A2,0.000234,5.37
375,nice,adjective,A1,0.000234,5.37
376,probably,adverb,A2,0.000234,5.37
377,understand,verb,A2,0.000234,5.37
378,yeah,adverb,A2,0.000234,5.37
379,class,noun,A1,0.000229,5.36
380,close,"adjective, verb",A1,0.000229,5.36
381,idea,noun,A1,0.000229,5.36
382,international,adjective,A2,0.000229,5.36
383,past,"adjective, adverb, preposition",A1,0.000229,5.36
384,possible,adjective,A2,0.000229,5.36
385,cause,"noun, verb",A2,0.000224,5.35
386,due,adjective,A1,0.000224,5.35
387,happy,adjective,A1,0.000224,5.35
388,human,"adjective, noun",B1,0.000224,5.35
389,move,"noun, verb",A2,0.000224,5.35
390,question,"noun, verb",B2,0.000224,5.35
391,series,noun,B1,0.000224,5.35
392,wait,"noun, verb",A1,0.000224,5.35
393,woman,noun,A1,0.000224,5.35
394,ask,verb,A1,0.000219,5.34
395,community,noun,B2,0.000219,5.34
396,data,noun,B2,0.000219,5.34
397,late,"adjective, adverb",A1,0.000219,5.34
398,leave,"noun, verb",A1,0.000219,5.34
399,north,"adjective, adverb, noun",A2,0.000219,5.34
400,saw,"noun, verb",B2,0.000219,5.34
401,special,adjective,A1,0.000219,5.34
402,watch,"noun, verb",A1,0.000219,5.34
403,either,"adverb, conjunction, determiner, pronoun",B1,0.000214,5.33
404,future,"adjective, noun",A1,0.000214,5.33
405,light,"adjective, noun, verb",B1,0.000214,5.33
406,low,"adjective, adverb",A2,0.000214,5.33
407,million,number,A2,0.000214,5.33
408,morning,noun,A1,0.000214,5.33
409,police,noun,A2,0.000214,5.33
410,short,"adjective, adverb",A1,0.000214,5.33
411,stay,"noun, verb",A1,0.000214,5.33
412,age,noun,A1,0.000209,5.32
413,buy,verb,A1,0.000209,5.32
414,deal,"noun, verb",B1,0.000209,5.32
415,rather,adverb,A2,0.000209,5.32
416,reason,noun,A1,0.000209,5.32
417,red,"adjective, noun",A2,0.000209,5.32
418,report,"noun, verb",B1,0.000209,5.32
419,soon,adverb,A1,0.000209,5.32
420,third,adjective,A2,0.000209,5.32
421,turn,"noun, verb",A1,0.000209,5.32
422,whether,conjunction,B1,0.000209,5.32
423,among,preposition,A2,0.000204,5.31
424,check,"noun, verb",A2,0.000204,5.31
425,development,noun,B1,0.000204,5.31
426,form,"noun, verb",B1,0.000204,5.31
427,further,"adjective, adverb",B1,0.000204,5.31
428,heart,noun,A1,0.000204,5.31
429,myself,pronoun,A2,0.000204,5.31
430,yourself,pronoun,A1,0.000204,5.31
431,right-hand,adjective,A2,0.000201,5.3
432,act,"noun, verb",B1,0.0002,5.3
433,although,conjunction,A2,0.0002,5.3
434,child,noun,A1,0.0002,5.3
435,fire,"noun, verb",B2,0.0002,5.3
436,fun,"adjective, noun",A1,0.0002,5.3
437,living,"adjective, noun",B2,0.0002,5.3
438,major,"adjective, noun",B2,0.0002,5.3
439,media,noun,B2,0.0002,5.3
440,phone,"noun, verb",A1,0.0002,5.3
441,well-known,adjective,A2,0.0002,5.3
442,art,noun,A1,0.000195,5.29
443,behind,"adverb, preposition",A1,0.000195,5.29
444,building,noun,A1,0.000195,5.29
445,easy,adjective,A1,0.000195,5.29
446,market,"noun, verb",B1,0.000195,5.29
447,near,"adjective, adverb, preposition",A1,0.000195,5.29
448,plan,"noun, verb",B1,0.000195,5.29
449,political,adjective,A2,0.000195,5.29
450,quite,adverb,A2,0.000195,5.29
451,six,number,A1,0.000195,5.29
452,west,"adjective, adverb, noun",A2,0.000195,5.29
453,second person,noun,B2,0.000194,5.29
454,available,adjective,B1,0.000191,5.28
455,education,noun,A2,0.000191,5.28
456,final,"adjective, noun",A2,0.000191,5.28
457,former,adjective,B1,0.000191,5.28
458,front,"adjective, noun",A2,0.000191,5.28
459,list,"noun, verb",B2,0.000191,5.28
460,ready,adjective,A1,0.000191,5.28
461,sometimes,adverb,B1,0.000191,5.28
462,son,noun,A1,0.000191,5.28
463,street,noun,A1,0.000191,5.28
464,according to,preposition,B1,0.000189,5.28
465,bring,verb,A1,0.000186,5.27
466,college,noun,A1,0.000186,5.27
467,current,adjective,B1,0.000186,5.27
468,example,noun,A1,0.000186,5.27
469,experience,"noun, verb",B1,0.000186,5.27
470,meet,verb,A1,0.000186,5.27
471,type,"noun, verb",B1,0.000186,5.27
472,good morning,interjection,A1,0.000184,5.26
473,baby,noun,A1,0.000182,5.26
474,chance,noun,A2,0.000182,5.26
475,father,noun,A1,0.000182,5.26
476,march,"noun, verb",B1,0.000182,5.26
477,process,"noun, verb",B2,0.000182,5.26
478,song,noun,A1,0.000182,5.26
479,study,"noun, verb",A1,0.000182,5.26
480,word,noun,A1,0.000182,5.26
481,across,"adverb, preposition",A2,0.000178,5.25
482,action,noun,A1,0.000178,5.25
483,clear,"adjective, verb",B1,0.000178,5.25
484,himself,pronoun,A2,0.000178,5.25
485,month,noun,A1,0.000178,5.25
486,outside,"adjective, adverb, noun, preposition",A2,0.000178,5.25
487,self,noun,A1,0.000178,5.25
488,video game,noun,A2,0.000178,5.25
489,board,"noun, verb",B1,0.000174,5.24
490,cost,"noun, verb",A2,0.000174,5.24
491,cut,"noun, verb",A1,0.000174,5.24
492,field,noun,A1,0.000174,5.24
493,instead,adverb,A2,0.000174,5.24
494,main,adjective,B1,0.000174,5.24
495,moment,noun,A1,0.000174,5.24
496,mother,noun,A1,0.000174,5.24
497,road,noun,A2,0.000174,5.24
498,town,noun,A1,0.000174,5.24
499,instead of,preposition,B1,0.000173,5.24
500,department,noun,B1,0.00017,5.23
501,energy,noun,B2,0.00017,5.23
502,fight,"noun, verb",B1,0.00017,5.23
503,fine,"adjective, adverb, noun, verb",B2,0.00017,5.23
504,force,"noun, verb",B2,0.00017,5.23
505,hear,verb,A1,0.00017,5.23
506,issue,"noun, verb",B2,0.00017,5.23
507,price,"noun, verb",B2,0.00017,5.23
508,'re,be-verb,A1,0.00017,5.23
509,rest,"noun, verb",B1,0.00017,5.23
510,running,noun,A2,0.00017,5.23
511,space,noun,A2,0.00017,5.23
512,summer,noun,A1,0.00017,5.23
513,term,noun,B1,0.00017,5.23
514,wife,noun,A1,0.00017,5.23
515,full stop,noun,B1,0.000169,5.23
516,beautiful,adjective,A1,0.000166,5.22
517,date,"noun, verb",B1,0.000166,5.22
518,land,"noun, verb",A2,0.000166,5.22
519,miss,"noun, verb",A1,0.000166,5.22
520,project,"noun, verb",B2,0.000166,5.22
521,sex,noun,B1,0.000166,5.22
522,shot,noun,A2,0.000166,5.22
523,site,noun,A1,0.000166,5.22
524,strong,adjective,A1,0.000166,5.22
525,account,"noun, verb",B1,0.000162,5.21
526,especially,adverb,A2,0.000162,5.21
527,include,verb,A2,0.000162,5.21
528,june,noun,A1,0.000162,5.21
529,period,noun,A1,0.000162,5.21
530,position,noun,A2,0.000162,5.21
531,record,"noun, verb",A2,0.000162,5.21
532,similar,adjective,A2,0.000162,5.21
533,total,"adjective, noun",B1,0.000162,5.21
534,second-hand,"adjective, adverb",B1,0.00016,5.2
535,left-hand,adjective,A2,0.000159,5.2
536,above,"adjective, adverb, preposition",A1,0.000158,5.2
537,club,noun,A1,0.000158,5.2
538,common,adjective,A2,0.000158,5.2
539,film,"noun, verb",B1,0.000158,5.2
540,lead,"adjective, noun, verb",B1,0.000158,5.2
541,likely,adjective,A2,0.000158,5.2
542,military,adjective,A2,0.000158,5.2
543,perfect,adjective,A2,0.000158,5.2
544,personal,adjective,A1,0.000158,5.2
545,security,noun,B1,0.000158,5.2
546,share,"noun, verb",A1,0.000158,5.2
547,tv,noun,A1,0.000158,5.2
548,health care,noun,B2,0.000157,5.2
549,april,noun,A1,0.000155,5.19
550,county,noun,B1,0.000155,5.19
551,couple,noun,A2,0.000155,5.19
552,dead,adjective,A2,0.000155,5.19
553,happen,verb,A1,0.000155,5.19
554,hold,"noun, verb",A2,0.000155,5.19
555,industry,noun,B1,0.000155,5.19
556,inside,"adjective, adverb, noun, preposition",A1,0.000155,5.19
557,online,"adjective, adverb",A2,0.000155,5.19
558,player,noun,A1,0.000155,5.19
559,private,adjective,A2,0.000155,5.19
560,return,"noun, verb",A2,0.000155,5.19
561,sense,"noun, verb",B2,0.000155,5.19
562,star,"noun, verb",B1,0.000155,5.19
563,test,"noun, verb",B2,0.000155,5.19
564,up-to-date,adjective,B1,0.000155,5.19
565,view,"noun, verb",B1,0.000155,5.19
566,hard-working,adjective,B1,0.000154,5.19
567,out-of-date,adjective,B1,0.000154,5.19
568,break,"noun, verb",A1,0.000151,5.18
569,event,noun,A1,0.000151,5.18
570,hour,noun,A1,0.000151,5.18
571,member,noun,A2,0.000151,5.18
572,middle,"adjective, noun",A2,0.000151,5.18
573,present,"adjective, noun, verb",B2,0.000151,5.18
574,result,"noun, verb",B1,0.000151,5.18
575,sorry,adjective,A1,0.000151,5.18
576,training,noun,A2,0.000151,5.18
577,wish,"noun, verb",A2,0.000151,5.18
578,answer,"noun, verb",A1,0.000148,5.17
579,boy,noun,A1,0.000148,5.17
580,design,"noun, verb",B1,0.000148,5.17
581,finally,adverb,A2,0.000148,5.17
582,gold,"adjective, noun",A2,0.000148,5.17
583,guess,"noun, verb",A1,0.000148,5.17
584,interest,"noun, verb",B1,0.000148,5.17
585,july,noun,A1,0.000148,5.17
586,king,noun,A1,0.000148,5.17
587,learn,verb,A1,0.000148,5.17
588,policy,noun,B1,0.000148,5.17
589,society,noun,A2,0.000148,5.17
590,alone,"adjective, adverb",A1,0.000145,5.16
591,average,"adjective, noun",A2,0.000145,5.16
592,bank,"noun, verb",A2,0.000145,5.16
593,certain,adjective,A2,0.000145,5.16
594,church,noun,A1,0.000145,5.16
595,east,"adjective, adverb, noun",A2,0.000145,5.16
596,hot,adjective,A1,0.000145,5.16
597,medical,adjective,A2,0.000145,5.16
598,movie,noun,A1,0.000145,5.16
599,original,"adjective, noun",B2,0.000145,5.16
600,park,"noun, verb",A2,0.000145,5.16
601,performance,noun,A2,0.000145,5.16
602,press,"noun, verb",B1,0.000145,5.16
603,role,noun,A1,0.000145,5.16
604,themselves,pronoun,A2,0.000145,5.16
605,worth,adjective,B1,0.000145,5.16
606,bill,"noun, verb",B1,0.000141,5.15
607,cool,"adjective, verb",B2,0.000141,5.15
608,director,noun,A2,0.000141,5.15
609,exactly,adverb,A2,0.000141,5.15
610,ground,noun,A1,0.000141,5.15
611,meeting,noun,A1,0.000141,5.15
612,provide,verb,A2,0.000141,5.15
613,relationship,noun,B1,0.000141,5.15
614,september,noun,A1,0.000141,5.15
615,sound,"adjective, noun, verb",A2,0.000141,5.15
616,source,noun,A2,0.000141,5.15
617,usually,adverb,A1,0.000141,5.15
618,value,"noun, verb",B2,0.000141,5.15
619,face to face,adverb,B1,0.00014,5.15
620,face-to-face,adjective,B1,0.00014,5.15
621,evidence,noun,A2,0.000138,5.14
622,follow,verb,A2,0.000138,5.14
623,official,"adjective, noun",B2,0.000138,5.14
624,production,noun,A2,0.000138,5.14
625,rate,"noun, verb",B2,0.000138,5.14
626,reading,noun,A1,0.000138,5.14
627,round,"adjective, adverb, noun, preposition, verb",B2,0.000138,5.14
628,save,verb,A1,0.000138,5.14
629,stand,"noun, verb",A2,0.000138,5.14
630,stuff,"noun, verb",B2,0.000138,5.14
631,tax,noun,B1,0.000138,5.14
632,whatever,"determiner, pronoun",B1,0.000138,5.14
633,amount,noun,B1,0.000135,5.13
634,blue,"adjective, noun",A1,0.000135,5.13
635,drive,"noun, verb",A2,0.000135,5.13
636,eat,verb,A1,0.000135,5.13
637,fall,"noun, verb",A2,0.000135,5.13
638,fast,"adjective, adverb",A1,0.000135,5.13
639,federal,adjective,B2,0.000135,5.13
640,feeling,noun,A1,0.000135,5.13
641,green,"adjective, noun",A2,0.000135,5.13
642,league,noun,B1,0.000135,5.13
643,management,noun,B1,0.000135,5.13
644,match,"noun, verb",B1,0.000135,5.13
645,model,"adjective, noun, verb",B1,0.000135,5.13
646,picture,"noun, verb",B2,0.000135,5.13
647,size,noun,A1,0.000135,5.13
648,step,"noun, verb",A1,0.000135,5.13
649,trust,"noun, verb",A2,0.000135,5.13
650,long-term,adjective,B2,0.000134,5.13
651,central,adjective,B1,0.000132,5.12
652,forward,adverb,A2,0.000132,5.12
653,hey,interjection,A2,0.000132,5.12
654,key,"adjective, noun",A1,0.000132,5.12
655,mom,noun,A1,0.000132,5.12
656,page,noun,A1,0.000132,5.12
657,paid,adjective,B1,0.000132,5.12
658,range,"noun, verb",B2,0.000132,5.12
659,review,"noun, verb",B2,0.000132,5.12
660,science,noun,A1,0.000132,5.12
661,trade,"noun, verb",B2,0.000132,5.12
662,upon,preposition,A2,0.000132,5.12
663,various,adjective,B1,0.000132,5.12
664,board game,noun,A2,0.000131,5.12
665,third person,noun,B2,0.000131,5.12
666,post office,noun,A2,0.00013,5.11
667,attention,noun,A2,0.000129,5.11
668,brother,noun,A1,0.000129,5.11
669,character,noun,A1,0.000129,5.11
670,chief,"adjective, noun",B2,0.000129,5.11
671,cup,noun,A1,0.000129,5.11
672,football,noun,A1,0.000129,5.11
673,hate,"noun, verb",A2,0.000129,5.11
674,lower,verb,B2,0.000129,5.11
675,natural,adjective,A2,0.000129,5.11
676,october,noun,A1,0.000129,5.11
677,property,noun,B1,0.000129,5.11
678,quality,"adjective, noun",A2,0.000129,5.11
679,send,verb,A2,0.000129,5.11
680,style,noun,A2,0.000129,5.11
681,vote,"noun, verb",B1,0.000129,5.11
682,amazing,adjective,B1,0.000126,5.1
683,august,noun,A1,0.000126,5.1
684,blood,noun,A2,0.000126,5.1
685,complete,"adjective, verb",B1,0.000126,5.1
686,dog,noun,A1,0.000126,5.1
687,economic,adjective,B1,0.000126,5.1
688,hell,noun,B2,0.000126,5.1
689,involved,adjective,B1,0.000126,5.1
690,itself,pronoun,A2,0.000126,5.1
691,language,noun,A1,0.000126,5.1
692,november,noun,A1,0.000126,5.1
693,oil,noun,A2,0.000126,5.1
694,related,adjective,B2,0.000126,5.1
695,serious,adjective,B1,0.000126,5.1
696,stage,noun,A1,0.000126,5.1
697,title,noun,A2,0.000126,5.1
698,add,verb,A1,0.000123,5.09
699,article,noun,A1,0.000123,5.09
700,attack,"noun, verb",A2,0.000123,5.09
701,damn,"adjective, adverb, interjection",B2,0.000123,5.09
702,decision,noun,B1,0.000123,5.09
703,enjoy,verb,A1,0.000123,5.09
704,entire,adjective,B1,0.000123,5.09
705,january,noun,A1,0.000123,5.09
706,kill,verb,A1,0.000123,5.09
707,perhaps,adverb,A2,0.000123,5.09
708,poor,adjective,A1,0.000123,5.09
709,release,"noun, verb",B1,0.000123,5.09
710,situation,noun,A2,0.000123,5.09
711,technology,noun,A1,0.000123,5.09
712,website,noun,A2,0.000123,5.09
713,written,adjective,B1,0.000123,5.09
714,choice,noun,A2,0.00012,5.08
715,code,noun,A1,0.00012,5.08
716,continue,verb,A2,0.00012,5.08
717,council,noun,B1,0.00012,5.08
718,cover,"noun, verb",A2,0.00012,5.08
719,currently,adverb,B1,0.00012,5.08
720,door,noun,A1,0.00012,5.08
721,election,noun,B1,0.00012,5.08
722,financial,adjective,B1,0.00012,5.08
723,foreign,adjective,A1,0.00012,5.08
724,hair,noun,A1,0.00012,5.08
725,increase,"noun, verb",A2,0.00012,5.08
726,legal,adjective,B1,0.00012,5.08
727,lose,verb,A2,0.00012,5.08
728,pick,"noun, verb",A1,0.00012,5.08
729,race,"noun, verb",B1,0.00012,5.08
730,seem,verb,A2,0.00012,5.08
731,seven,number,A1,0.00012,5.08
732,sign,"noun, verb",B1,0.00012,5.08
733,simple,adjective,A2,0.00012,5.08
734,simply,adverb,A2,0.00012,5.08
735,staff,noun,A2,0.00012,5.08
736,super,adjective,A1,0.00012,5.08
737,union,noun,B1,0.00012,5.08
738,walk,"noun, verb",A1,0.00012,5.08
739,bed,noun,A1,0.000117,5.07
740,career,noun,B1,0.000117,5.07
741,crazy,adjective,A2,0.000117,5.07
742,daily,"adjective, adverb",A2,0.000117,5.07
743,daughter,noun,A1,0.000117,5.07
744,december,noun,A1,0.000117,5.07
745,die,verb,A2,0.000117,5.07
746,difficult,adjective,A1,0.000117,5.07
747,figure,"noun, verb",A2,0.000117,5.07
748,hospital,noun,A1,0.000117,5.07
749,loss,noun,B1,0.000117,5.07
750,modern,adjective,A2,0.000117,5.07
751,paper,noun,A1,0.000117,5.07
752,popular,adjective,A2,0.000117,5.07
753,safe,adjective,A2,0.000117,5.07
754,version,noun,B2,0.000117,5.07
755,voice,noun,A2,0.000117,5.07
756,well-paid,adjective,B2,0.000117,5.07
757,whose,"determiner, pronoun",A1,0.000117,5.07
758,writing,noun,A2,0.000117,5.07
759,army,noun,B1,0.000115,5.06
760,earth,noun,A2,0.000115,5.06
761,first language,noun,B2,0.000115,5.06
762,forget,verb,A1,0.000115,5.06
763,goal,noun,A1,0.000115,5.06
764,huge,adjective,B1,0.000115,5.06
765,listen,verb,A1,0.000115,5.06
766,practice,noun,A1,0.000115,5.06
767,sea,noun,A1,0.000115,5.06
768,sir,noun,A1,0.000115,5.06
769,success,noun,A2,0.000115,5.06
770,son-in-law,noun,B2,0.000114,5.06
771,self-service,adjective,B1,0.000113,5.05
772,access,"noun, verb",B2,0.000112,5.05
773,base,"noun, verb",B1,0.000112,5.05
774,below,"adverb, preposition",A1,0.000112,5.05
775,deep,"adjective, adverb",A2,0.000112,5.05
776,mark,"noun, verb",A2,0.000112,5.05
777,missing,adjective,A2,0.000112,5.05
778,offer,"noun, verb",A2,0.000112,5.05
779,pass,"noun, verb",A2,0.000112,5.05
780,professional,"adjective, noun",B2,0.000112,5.05
781,risk,"noun, verb",B2,0.000112,5.05
782,sleep,"noun, verb",A1,0.000112,5.05
783,table,noun,A1,0.000112,5.05
784,ten,number,A1,0.000112,5.05
785,truth,noun,A2,0.000112,5.05
786,father-in-law,noun,B2,0.000111,5.05
787,ball,noun,A1,0.00011,5.04
788,box,noun,A1,0.00011,5.04
789,build,verb,A1,0.00011,5.04
790,card,noun,A1,0.00011,5.04
791,dark,adjective,A1,0.00011,5.04
792,district,noun,B1,0.00011,5.04
793,living room,noun,A1,0.00011,5.04
794,mine,"noun, pronoun",A1,0.00011,5.04
795,minister,noun,B2,0.00011,5.04
796,note,"noun, verb",A1,0.00011,5.04
797,piece,noun,A1,0.00011,5.04
798,recent,adjective,A2,0.00011,5.04
799,straight,"adjective, adverb",A1,0.00011,5.04
800,visit,"noun, verb",A1,0.00011,5.04
801,wall,noun,A1,0.00011,5.04
802,mother-in-law,noun,B2,0.000108,5.03
803,culture,noun,A1,0.000107,5.03
804,february,noun,A1,0.000107,5.03
805,growth,noun,B1,0.000107,5.03
806,main course,noun,A2,0.000107,5.03
807,married,adjective,A2,0.000107,5.03
808,officer,noun,A1,0.000107,5.03
809,pain,noun,B1,0.000107,5.03
810,point of view,noun,B2,0.000107,5.03
811,respect,"noun, verb",B1,0.000107,5.03
812,response,noun,A2,0.000107,5.03
813,river,noun,A1,0.000107,5.03
814,rock,"noun, verb",B2,0.000107,5.03
815,shall,modal auxiliary,A2,0.000107,5.03
816,speak,verb,A1,0.000107,5.03
817,specific,adjective,A2,0.000107,5.03
818,standard,"adjective, noun",B1,0.000107,5.03
819,tonight,"adverb, noun",A2,0.000107,5.03
820,write,verb,A1,0.000107,5.03
821,well-built,adjective,B2,0.000106,5.03
822,album,noun,A1,0.000105,5.02
823,century,noun,A2,0.000105,5.02
824,charge,"noun, verb",B1,0.000105,5.02
825,cold,"adjective, noun",A1,0.000105,5.02
826,create,verb,A2,0.000105,5.02
827,effect,noun,A2,0.000105,5.02
828,eight,number,A1,0.000105,5.02
829,except,"conjunction, preposition",A2,0.000105,5.02
830,eye,noun,A1,0.000105,5.02
831,funny,adjective,A1,0.000105,5.02
832,limited,adjective,B1,0.000105,5.02
833,moving,adjective,B2,0.000105,5.02
834,network,noun,B1,0.000105,5.02
835,peace,noun,A1,0.000105,5.02
836,provided,conjunction,B1,0.000105,5.02
837,recently,adverb,A2,0.000105,5.02
838,store,"noun, verb",B2,0.000105,5.02
839,student,noun,A1,0.000105,5.02
840,tomorrow,"adverb, noun",A1,0.000105,5.02
841,track,"noun, verb",B2,0.000105,5.02
842,via,preposition,B1,0.000105,5.02
843,weight,noun,A2,0.000105,5.02
844,hand-held,adjective,B1,0.000104,5.02
845,addition,noun,A2,0.000102,5.01
846,ahead,adverb,A2,0.000102,5.01
847,allow,verb,A2,0.000102,5.01
848,anti,adjective,B1,0.000102,5.01
849,association,noun,A2,0.000102,5.01
850,beat,"noun, verb",B1,0.000102,5.01
851,brown,"adjective, noun",A2,0.000102,5.01
852,capital,noun,A2,0.000102,5.01
853,committee,noun,A2,0.000102,5.01
854,conference,noun,B2,0.000102,5.01
855,difference,noun,A1,0.000102,5.01
856,double,"adjective, noun, verb",B2,0.000102,5.01
857,expect,verb,A2,0.000102,5.01
858,gas,noun,A2,0.000102,5.01
859,half-price,"adjective, adverb",A2,0.000102,5.01
860,island,noun,A1,0.000102,5.01
861,normal,adjective,A2,0.000102,5.01
862,population,noun,A2,0.000102,5.01
863,potential,"adjective, noun",B1,0.000102,5.01
864,pressure,noun,A2,0.000102,5.01
865,radio,noun,A1,0.000102,5.01
866,station,noun,A1,0.000102,5.01
867,text,"noun, verb",A2,0.000102,5.01
868,treatment,noun,B1,0.000102,5.01
869,western,adjective,B2,0.000102,5.01
870,beginning,noun,A2,0.0001,5.0
871,campaign,noun,B2,0.0001,5.0
872,certainly,adverb,A2,0.0001,5.0
873,completely,adverb,B1,0.0001,5.0
874,content,"adjective, noun",B1,0.0001,5.0
875,credit,noun,A2,0.0001,5.0
876,cross,"noun, verb",A2,0.0001,5.0
877,despite,preposition,B1,0.0001,5.0
878,female,"adjective, noun",B2,0.0001,5.0
879,focus,"noun, verb",A1,0.0001,5.0
880,hi,interjection,A1,0.0001,5.0
881,husband,noun,A1,0.0001,5.0
882,ice,noun,A1,0.0001,5.0
883,individual,"adjective, noun",B2,0.0001,5.0
884,interesting,adjective,A1,0.0001,5.0
885,join,verb,A1,0.0001,5.0
886,leading,adjective,B1,0.0001,5.0
887,message,noun,A1,0.0001,5.0
888,nearly,adverb,A2,0.0001,5.0
889,particular,adjective,B2,0.0001,5.0
890,previous,adjective,B1,0.0001,5.0
891,quickly,adverb,A1,0.0001,5.0
892,region,noun,B1,0.0001,5.0
893,section,noun,A1,0.0001,5.0
894,sort,"noun, verb",B2,0.0001,5.0
895,speed,"noun, verb",B1,0.0001,5.0
896,travel,"noun, verb",A1,0.0001,5.0
897,air force,noun,B1,9.85e-05,4.99
898,consider,verb,A2,9.77e-05,4.99
899,contact,"noun, verb",A2,9.77e-05,4.99
900,drop,"noun, verb",A1,9.77e-05,4.99
901,fair,"adjective, noun",B1,9.77e-05,4.99
902,kid,"noun, verb",B1,9.77e-05,4.99
903,link,"noun, verb",B1,9.77e-05,4.99
904,positive,adjective,B1,9.77e-05,4.99
905,sale,noun,A1,9.77e-05,4.99
906,throughout,preposition,B1,9.77e-05,4.99
907,tour,"noun, verb",B1,9.77e-05,4.99
908,welcome,"adjective, interjection, noun, verb",A1,9.77e-05,4.99
909,next door,adverb,B1,9.7e-05,4.99
910,next-door,adjective,B1,9.7e-05,4.99
911,hard drive,noun,B2,9.65e-05,4.98
912,absolutely,adverb,B1,9.55e-05,4.98
913,additional,adjective,A2,9.55e-05,4.98
914,beyond,preposition,A2,9.55e-05,4.98
915,car park,noun,A2,9.55e-05,4.98
916,extra,"adjective, adverb, noun",B1,9.55e-05,4.98
917,immediately,adverb,B1,9.55e-05,4.98
918,minute,noun,A1,9.55e-05,4.98
919,nature,noun,A2,9.55e-05,4.98
920,quick,adjective,A2,9.55e-05,4.98
921,sell,verb,A1,9.55e-05,4.98
922,significant,adjective,A2,9.55e-05,4.98
923,unless,conjunction,B1,9.55e-05,4.98
924,short-term,adjective,B2,9.46e-05,4.98
925,agree,verb,A1,9.33e-05,4.97
926,clean,"adjective, verb",A1,9.33e-05,4.97
927,computer,noun,A1,9.33e-05,4.97
928,construction,noun,B1,9.33e-05,4.97
929,episode,noun,A2,9.33e-05,4.97
930,income,noun,B1,9.33e-05,4.97
931,justice,noun,B1,9.33e-05,4.97
932,manager,noun,A2,9.33e-05,4.97
933,movement,noun,B1,9.33e-05,4.97
934,photo,noun,A1,9.33e-05,4.97
935,safety,noun,B1,9.33e-05,4.97
936,scene,noun,A2,9.33e-05,4.97
937,spend,verb,A1,9.33e-05,4.97
938,statement,noun,A2,9.33e-05,4.97
939,sun,noun,A1,9.33e-05,4.97
940,human rights,noun,B2,9.15e-05,4.96
941,ability,noun,A2,9.12e-05,4.96
942,coach,"noun, verb",B2,9.12e-05,4.96
943,collection,noun,A1,9.12e-05,4.96
944,definitely,adverb,B1,9.12e-05,4.96
945,expected,adjective,B2,9.12e-05,4.96
946,friday,noun,A1,9.12e-05,4.96
947,gun,noun,A2,9.12e-05,4.96
948,heavy,adjective,A1,9.12e-05,4.96
949,knowledge,noun,A2,9.12e-05,4.96
950,particularly,adverb,B1,9.12e-05,4.96
951,search,"noun, verb",B1,9.12e-05,4.96
952,subject,noun,A1,9.12e-05,4.96
953,train,"noun, verb",A2,9.12e-05,4.96
954,wide,"adjective, adverb",A2,9.12e-05,4.96
955,author,noun,A2,8.91e-05,4.95
956,claim,"noun, verb",A2,8.91e-05,4.95
957,dad,noun,A1,8.91e-05,4.95
958,developed,adjective,A2,8.91e-05,4.95
959,fear,"noun, verb",B2,8.91e-05,4.95
960,fit,"adjective, noun, verb",B1,8.91e-05,4.95
961,generally,adverb,B1,8.91e-05,4.95
962,global,adjective,B1,8.91e-05,4.95
963,hotel,noun,A1,8.91e-05,4.95
964,interested,adjective,A1,8.91e-05,4.95
965,judge,"noun, verb",A1,8.91e-05,4.95
966,lady,noun,A1,8.91e-05,4.95
967,leader,noun,A1,8.91e-05,4.95
968,letter,noun,A1,8.91e-05,4.95
969,material,noun,A2,8.91e-05,4.95
970,nobody,pronoun,A2,8.91e-05,4.95
971,opportunity,noun,A2,8.91e-05,4.95
972,plus,"conjunction, noun, preposition",A2,8.91e-05,4.95
973,product,noun,A2,8.91e-05,4.95
974,regular,adjective,A2,8.91e-05,4.95
975,secretary,noun,A2,8.91e-05,4.95
976,sister,noun,A1,8.91e-05,4.95
977,unit,noun,A2,8.91e-05,4.95
978,brother-in-law,noun,B2,8.86e-05,4.95
979,fast food,noun,A2,8.78e-05,4.94
980,annual,adjective,B1,8.71e-05,4.94
981,anymore,adverb,A2,8.71e-05,4.94
982,bar,"noun, verb",B1,8.71e-05,4.94
983,battle,noun,B1,8.71e-05,4.94
984,brain,noun,A1,8.71e-05,4.94
985,contract,noun,B2,8.71e-05,4.94
986,degree,noun,A2,8.71e-05,4.94
987,floor,noun,A1,8.71e-05,4.94
988,growing,adjective,B2,8.71e-05,4.94
989,hurt,"adjective, verb",A1,8.71e-05,4.94
990,image,noun,A2,8.71e-05,4.94
991,insurance,noun,B1,8.71e-05,4.94
992,majority,noun,B1,8.71e-05,4.94
993,opening,noun,B1,8.71e-05,4.94
994,opinion,noun,A2,8.71e-05,4.94
995,physical,adjective,A2,8.71e-05,4.94
996,pro,noun,A2,8.71e-05,4.94
997,reach,"noun, verb",A2,8.71e-05,4.94
998,rule,"noun, verb",B2,8.71e-05,4.94
999,seriously,adverb,A2,8.71e-05,4.94
1000,sports,adjective,B1,8.71e-05,4.94
1001,stupid,adjective,B1,8.71e-05,4.94
1002,successful,adjective,A1,8.71e-05,4.94
1003,active,adjective,B1,8.51e-05,4.93
1004,administration,noun,B1,8.51e-05,4.93
1005,approach,"noun, verb",B2,8.51e-05,4.93
1006,cancer,noun,B1,8.51e-05,4.93
1007,civil,adjective,B1,8.51e-05,4.93
1008,dance,"noun, verb",A1,8.51e-05,4.93
1009,direction,noun,A2,8.51e-05,4.93
1010,independent,adjective,B1,8.51e-05,4.93
1011,master,noun,B2,8.51e-05,4.93
1012,none,pronoun,B1,8.51e-05,4.93
1013,ship,"noun, verb",B1,8.51e-05,4.93
1014,stock,noun,B2,8.51e-05,4.93
1015,weekend,noun,A1,8.51e-05,4.93
1016,wonder,"noun, verb",A2,8.51e-05,4.93
1017,worst,"adjective, adverb, noun",B1,8.51e-05,4.93
1018,last minute,noun,B2,8.44e-05,4.93
1019,last-minute,adjective,B2,8.44e-05,4.93
1020,first lady,noun,B1,8.34e-05,4.92
1021,awesome,adjective,B1,8.32e-05,4.92
1022,band,noun,A1,8.32e-05,4.92
1023,beach,noun,A1,8.32e-05,4.92
1024,cash,noun,A2,8.32e-05,4.92
1025,clearly,adverb,A2,8.32e-05,4.92
1026,commercial,"adjective, noun",B2,8.32e-05,4.92
1027,effort,noun,A2,8.32e-05,4.92
1028,fan,noun,A1,8.32e-05,4.92
1029,fighting,noun,B2,8.32e-05,4.92
1030,imagine,verb,A1,8.32e-05,4.92
1031,impact,noun,A2,8.32e-05,4.92
1032,lack,"noun, verb",B2,8.32e-05,4.92
1033,latest,adjective,A2,8.32e-05,4.92
1034,learning,noun,B2,8.32e-05,4.92
1035,multiple,adjective,B2,8.32e-05,4.92
1036,operation,noun,B1,8.32e-05,4.92
1037,protect,verb,B1,8.32e-05,4.92
1038,secret,"adjective, noun",A2,8.32e-05,4.92
1039,senior,"adjective, noun",A2,8.32e-05,4.92
1040,spring,noun,A1,8.32e-05,4.92
1041,sunday,noun,A1,8.32e-05,4.92
1042,wear,verb,A1,8.32e-05,4.92
1043,daughter-in-law,noun,B2,8.31e-05,4.92
1044,first floor,noun,B1,8.16e-05,4.91
1045,first-floor,adjective,B1,8.16e-05,4.91
1046,address,"noun, verb",B1,8.13e-05,4.91
1047,analysis,noun,B1,8.13e-05,4.91
1048,anyway,adverb,A2,8.13e-05,4.91
1049,choose,verb,A1,8.13e-05,4.91
1050,commission,noun,B2,8.13e-05,4.91
1051,competition,noun,A2,8.13e-05,4.91
1052,direct,"adjective, verb",B1,8.13e-05,4.91
1053,dream,"noun, verb",A2,8.13e-05,4.91
1054,easily,adverb,A2,8.13e-05,4.91
1055,finish,"noun, verb",A1,8.13e-05,4.91
1056,grand,adjective,B2,8.13e-05,4.91
1057,literally,adverb,B2,8.13e-05,4.91
1058,luck,noun,A1,8.13e-05,4.91
1059,marriage,noun,B1,8.13e-05,4.91
1060,necessary,adjective,A2,8.13e-05,4.91
1061,rich,adjective,A1,8.13e-05,4.91
1062,skin,noun,B1,8.13e-05,4.91
1063,sweet,"adjective, noun",A2,8.13e-05,4.91
1064,thus,adverb,B1,8.13e-05,4.91
1065,touch,"noun, verb",B1,8.13e-05,4.91
1066,yesterday,adverb,A1,8.13e-05,4.91
1067,closed,adjective,A1,7.94e-05,4.9
1068,damage,"noun, verb",B1,7.94e-05,4.9
1069,directly,adverb,B1,7.94e-05,4.9
1070,disease,noun,B1,7.94e-05,4.9
1071,doubt,"noun, verb",B2,7.94e-05,4.9
1072,drink,"noun, verb",A1,7.94e-05,4.9
1073,fish,"noun, verb",B1,7.94e-05,4.9
1074,gay,adjective,B1,7.94e-05,4.9
1075,glad,adjective,A1,7.94e-05,4.9
1076,grow,verb,A1,7.94e-05,4.9
1077,machine,noun,A1,7.94e-05,4.9
1078,notice,"noun, verb",B1,7.94e-05,4.9
1079,overall,"adjective, adverb",B2,7.94e-05,4.9
1080,planning,noun,B2,7.94e-05,4.9
1081,professor,noun,B1,7.94e-05,4.9
1082,sit,verb,A1,7.94e-05,4.9
1083,trip,"noun, verb",B2,7.94e-05,4.9
1084,common sense,noun,B1,7.83e-05,4.89
1085,basic,adjective,A2,7.76e-05,4.89
1086,captain,noun,A2,7.76e-05,4.89
1087,carry,verb,A1,7.76e-05,4.89
1088,crime,noun,A2,7.76e-05,4.89
1089,effective,adjective,B1,7.76e-05,4.89
1090,explain,verb,A2,7.76e-05,4.89
1091,fully,adverb,A2,7.76e-05,4.89
1092,highly,adverb,B1,7.76e-05,4.89
1093,male,"adjective, noun",A2,7.76e-05,4.89
1094,plant,"noun, verb",B1,7.76e-05,4.89
1095,reality,noun,B1,7.76e-05,4.89
1096,smith,noun,A1,7.76e-05,4.89
1097,spot,"noun, verb",B2,7.76e-05,4.89
1098,winter,noun,A1,7.76e-05,4.89
1099,worse,"adjective, adverb, noun",B2,7.76e-05,4.89
1100,heart attack,noun,B1,7.68e-05,4.89
1101,bank account,noun,B1,7.64e-05,4.88
1102,advice,noun,A2,7.59e-05,4.88
1103,agreement,noun,B1,7.59e-05,4.88
1104,award,"noun, verb",B1,7.59e-05,4.88
1105,block,"noun, verb",B1,7.59e-05,4.88
1106,broken,adjective,A1,7.59e-05,4.88
1107,challenge,"noun, verb",B2,7.59e-05,4.88
1108,christian,adjective,B1,7.59e-05,4.88
1109,comment,"noun, verb",B2,7.59e-05,4.88
1110,equipment,noun,B1,7.59e-05,4.88
1111,eventually,adverb,B1,7.59e-05,4.88
1112,holy,adjective,B1,7.59e-05,4.88
1113,killing,noun,B1,7.59e-05,4.88
1114,nation,noun,A2,7.59e-05,4.88
1115,otherwise,adverb,B1,7.59e-05,4.88
1116,primary,adjective,B2,7.59e-05,4.88
1117,purpose,noun,A2,7.59e-05,4.88
1118,responsible,adjective,B1,7.59e-05,4.88
1119,shop,"noun, verb",B1,7.59e-05,4.88
1120,sick,adjective,A1,7.59e-05,4.88
1121,teacher,noun,A1,7.59e-05,4.88
1122,theory,noun,B1,7.59e-05,4.88
1123,question mark,noun,B1,7.47e-05,4.87
1124,agency,noun,A2,7.41e-05,4.87
1125,avoid,verb,A2,7.41e-05,4.87
1126,camera,noun,A1,7.41e-05,4.87
1127,catch,"noun, verb",A1,7.41e-05,4.87
1128,cell,noun,B1,7.41e-05,4.87
1129,coast,"noun, verb",B1,7.41e-05,4.87
1130,drug,noun,A2,7.41e-05,4.87
1131,economy,noun,B1,7.41e-05,4.87
1132,environment,noun,B2,7.41e-05,4.87
1133,executive,"adjective, noun",B2,7.41e-05,4.87
1134,foot,noun,B1,7.41e-05,4.87
1135,hall,noun,A1,7.41e-05,4.87
1136,mass,"adjective, noun",B2,7.41e-05,4.87
1137,meaning,noun,A2,7.41e-05,4.87
1138,mission,noun,B1,7.41e-05,4.87
1139,nine,number,A1,7.41e-05,4.87
1140,politics,noun,B1,7.41e-05,4.87
1141,pop,"noun, verb",B2,7.41e-05,4.87
1142,saturday,noun,A1,7.41e-05,4.87
1143,status,noun,B1,7.41e-05,4.87
1144,therefore,adverb,A2,7.41e-05,4.87
1145,trial,noun,B2,7.41e-05,4.87
1146,truly,adverb,A2,7.41e-05,4.87
1147,weather,noun,A1,7.41e-05,4.87
1148,activity,noun,A1,7.24e-05,4.86
1149,application,noun,B1,7.24e-05,4.86
1150,coffee,noun,A1,7.24e-05,4.86
1151,complex,adjective,B1,7.24e-05,4.86
1152,condition,noun,A2,7.24e-05,4.86
1153,division,noun,B2,7.24e-05,4.86
1154,evening,noun,A1,7.24e-05,4.86
1155,flight,noun,A2,7.24e-05,4.86
1156,freedom,noun,A2,7.24e-05,4.86
1157,heat,"noun, verb",B1,7.24e-05,4.86
1158,interview,"noun, verb",B1,7.24e-05,4.86
1159,library,noun,A1,7.24e-05,4.86
1160,location,noun,B1,7.24e-05,4.86
1161,murder,"noun, verb",B1,7.24e-05,4.86
1162,queen,noun,A2,7.24e-05,4.86
1163,walking,noun,A2,7.24e-05,4.86
1164,police officer,noun,A2,7.14e-05,4.85
1165,accept,verb,A2,7.08e-05,4.85
1166,actual,adjective,B2,7.08e-05,4.85
1167,appear,verb,A2,7.08e-05,4.85
1168,attempt,"noun, verb",B1,7.08e-05,4.85
1169,channel,noun,B1,7.08e-05,4.85
1170,distance,noun,B1,7.08e-05,4.85
1171,exchange,"noun, verb",B1,7.08e-05,4.85
1172,fat,"adjective, noun",B2,7.08e-05,4.85
1173,finding,noun,B1,7.08e-05,4.85
1174,glass,noun,A1,7.08e-05,4.85
1175,mobile,"adjective, noun",A1,7.08e-05,4.85
1176,northern,adjective,B1,7.08e-05,4.85
1177,powerful,adjective,A2,7.08e-05,4.85
1178,prior,adjective,B2,7.08e-05,4.85
1179,protection,noun,B1,7.08e-05,4.85
1180,receive,verb,A2,7.08e-05,4.85
1181,religious,adjective,B1,7.08e-05,4.85
1182,ride,"noun, verb",A1,7.08e-05,4.85
1183,royal,adjective,A2,7.08e-05,4.85
1184,screen,"noun, verb",B2,7.08e-05,4.85
1185,serve,verb,A2,7.08e-05,4.85
1186,slow,"adjective, adverb, verb",B1,7.08e-05,4.85
1187,species,noun,B2,7.08e-05,4.85
1188,speech,noun,A1,7.08e-05,4.85
1189,traffic,noun,A2,7.08e-05,4.85
1190,tree,noun,A1,7.08e-05,4.85
1191,whom,pronoun,A2,7.08e-05,4.85
1192,wonderful,adjective,A1,7.08e-05,4.85
1193,airport,noun,A1,6.92e-05,4.84
1194,begin,verb,A1,6.92e-05,4.84
1195,bottom,noun,A1,6.92e-05,4.84
1196,demand,"noun, verb",B1,6.92e-05,4.84
1197,engine,noun,B1,6.92e-05,4.84
1198,everybody,pronoun,A1,6.92e-05,4.84
1199,famous,adjective,A1,6.92e-05,4.84
1200,investment,noun,B2,6.92e-05,4.84
1201,lie,"noun, verb",A2,6.92e-05,4.84
1202,partner,noun,A1,6.92e-05,4.84
1203,police station,noun,A2,6.92e-05,4.84
1204,sad,adjective,A1,6.92e-05,4.84
1205,solution,noun,A2,6.92e-05,4.84
1206,southern,adjective,B1,6.92e-05,4.84
1207,square,"adjective, noun",A2,6.92e-05,4.84
1208,structure,noun,A2,6.92e-05,4.84
1209,traditional,adjective,A2,6.92e-05,4.84
1210,twice,adverb,A2,6.92e-05,4.84
1211,wind,"noun, verb",B2,6.92e-05,4.84
1212,worry,"noun, verb",A2,6.92e-05,4.84
1213,sister-in-law,noun,B2,6.78e-05,4.83
1214,brand,noun,A2,6.76e-05,4.83
1215,bus,noun,A1,6.76e-05,4.83
1216,cent,noun,A2,6.76e-05,4.83
1217,count,"noun, verb",A2,6.76e-05,4.83
1218,critical,adjective,B1,6.76e-05,4.83
1219,digital,adjective,B1,6.76e-05,4.83
1220,fire station,noun,B1,6.76e-05,4.83
1221,fresh,adjective,A2,6.76e-05,4.83
1222,lake,noun,A2,6.76e-05,4.83
1223,mental,adjective,B1,6.76e-05,4.83
1224,mostly,adverb,A2,6.76e-05,4.83
1225,mouth,noun,A1,6.76e-05,4.83
1226,owner,noun,A1,6.76e-05,4.83
1227,previously,adverb,B2,6.76e-05,4.83
1228,remain,verb,A2,6.76e-05,4.83
1229,scale,noun,A2,6.76e-05,4.83
1230,score,"noun, verb",B1,6.76e-05,4.83
1231,separate,"adjective, verb",B2,6.76e-05,4.83
1232,smart,adjective,A1,6.76e-05,4.83
1233,surface,noun,B1,6.76e-05,4.83
1234,throw,"noun, verb",A2,6.76e-05,4.83
1235,totally,adverb,B1,6.76e-05,4.83
1236,wedding,noun,A2,6.76e-05,4.83
1237,benefit,"noun, verb",B2,6.61e-05,4.82
1238,budget,"adjective, noun",A2,6.61e-05,4.82
1239,click,"noun, verb",A2,6.61e-05,4.82
1240,estate,noun,B2,6.61e-05,4.82
1241,faith,noun,B2,6.61e-05,4.82
1242,fashion,noun,A2,6.61e-05,4.82
1243,feature,"noun, verb",B2,6.61e-05,4.82
1244,fund,"noun, verb",B1,6.61e-05,4.82
1245,generation,noun,A2,6.61e-05,4.82
1246,hearing,noun,B1,6.61e-05,4.82
1247,hill,noun,A1,6.61e-05,4.82
1248,metal,noun,A2,6.61e-05,4.82
1249,primary school,noun,B1,6.61e-05,4.82
1250,profile,noun,B2,6.61e-05,4.82
1251,pull,verb,A2,6.61e-05,4.82
1252,push,"noun, verb",A1,6.61e-05,4.82
1253,rose,noun,A1,6.61e-05,4.82
1254,seat,noun,A1,6.61e-05,4.82
1255,sexual,adjective,B2,6.61e-05,4.82
1256,target,noun,A2,6.61e-05,4.82
1257,understanding,"adjective, noun",B2,6.61e-05,4.82
1258,village,noun,A2,6.61e-05,4.82
1259,brand-new,adjective,B1,6.51e-05,4.81
1260,department store,noun,A2,6.48e-05,4.81
1261,agent,noun,A2,6.46e-05,4.81
1262,animal,noun,A1,6.46e-05,4.81
1263,apply,verb,A2,6.46e-05,4.81
1264,authority,noun,B1,6.46e-05,4.81
1265,basis,noun,B1,6.46e-05,4.81
1266,draw,"noun, verb",A1,6.46e-05,4.81
1267,dude,noun,B1,6.46e-05,4.81
1268,enter,verb,A2,6.46e-05,4.81
1269,foundation,noun,B1,6.46e-05,4.81
1270,gain,"noun, verb",B1,6.46e-05,4.81
1271,memory,noun,A1,6.46e-05,4.81
1272,prime,adjective,B2,6.46e-05,4.81
1273,ring,"noun, verb",A1,6.46e-05,4.81
1274,rise,"noun, verb",B1,6.46e-05,4.81
1275,silver,"adjective, noun",A2,6.46e-05,4.81
1276,soul,noun,B1,6.46e-05,4.81
1277,spread,"noun, verb",B2,6.46e-05,4.81
1278,supply,"noun, verb",B2,6.46e-05,4.81
1279,waste,"adjective, noun, verb",B1,6.46e-05,4.81
1280,weird,adjective,B1,6.46e-05,4.81
1281,long-distance,adjective,B2,6.38e-05,4.8
1282,message board,noun,B1,6.35e-05,4.8
1283,adult,"adjective, noun",A2,6.31e-05,4.8
1284,apparently,adverb,A2,6.31e-05,4.8
1285,artist,noun,B1,6.31e-05,4.8
1286,chairman,noun,A2,6.31e-05,4.8
1287,edition,noun,B1,6.31e-05,4.8
1288,engineering,noun,B1,6.31e-05,4.8
1289,grade,"noun, verb",B2,6.31e-05,4.8
1290,healthy,adjective,A1,6.31e-05,4.8
1291,institute,noun,B1,6.31e-05,4.8
1292,method,noun,A2,6.31e-05,4.8
1293,monday,noun,A1,6.31e-05,4.8
1294,obviously,adverb,B1,6.31e-05,4.8
1295,option,noun,B1,6.31e-05,4.8
1296,prison,noun,B1,6.31e-05,4.8
1297,remains,noun,B2,6.31e-05,4.8
1298,somebody,pronoun,A2,6.31e-05,4.8
1299,stone,noun,A1,6.31e-05,4.8
1300,strength,noun,A2,6.31e-05,4.8
1301,wild,adjective,A2,6.31e-05,4.8
1302,window,noun,A1,6.31e-05,4.8
1303,winner,noun,A2,6.31e-05,4.8
1304,ok/okay,"adjective, adverb",A1,6.27e-05,4.8
1305,bag,noun,A1,6.17e-05,4.79
1306,bet,verb,B1,6.17e-05,4.79
1307,camp,"noun, verb",A2,6.17e-05,4.79
1308,cast,"noun, verb",B2,6.17e-05,4.79
1309,correct,"adjective, verb",B2,6.17e-05,4.79
1310,dangerous,adjective,A2,6.17e-05,4.79
1311,extremely,adverb,A2,6.17e-05,4.79
1312,firm,"adjective, noun",B1,6.17e-05,4.79
1313,handle,"noun, verb",B1,6.17e-05,4.79
1314,improve,verb,A2,6.17e-05,4.79
1315,indeed,adverb,A2,6.17e-05,4.79
1316,negative,adjective,A2,6.17e-05,4.79
1317,prevent,verb,A2,6.17e-05,4.79
1318,spirit,noun,B1,6.17e-05,4.79
1319,television,noun,A1,6.17e-05,4.79
1320,till,"conjunction, preposition",A2,6.17e-05,4.79
1321,trouble,"noun, verb",B1,6.17e-05,4.79
1322,advantage,noun,A2,6.03e-05,4.78
1323,apart,adverb,A2,6.03e-05,4.78
1324,aware,adjective,B1,6.03e-05,4.78
1325,cat,noun,A1,6.03e-05,4.78
1326,decide,verb,A2,6.03e-05,4.78
1327,dinner,noun,A1,6.03e-05,4.78
1328,eastern,adjective,B1,6.03e-05,4.78
1329,fifth,noun,B1,6.03e-05,4.78
1330,function,"noun, verb",A2,6.03e-05,4.78
1331,gift,noun,A1,6.03e-05,4.78
1332,herself,pronoun,A2,6.03e-05,4.78
1333,impossible,adjective,A2,6.03e-05,4.78
1334,influence,"noun, verb",B2,6.03e-05,4.78
1335,marketing,noun,B2,6.03e-05,4.78
1336,nor,conjunction,B1,6.03e-05,4.78
1337,produce,verb,A2,6.03e-05,4.78
1338,progress,"noun, verb",B2,6.03e-05,4.78
1339,proud,adjective,B1,6.03e-05,4.78
1340,require,verb,B1,6.03e-05,4.78
1341,shooting,noun,B2,6.03e-05,4.78
1342,shut,"adjective, verb",A2,6.03e-05,4.78
1343,van,noun,B1,6.03e-05,4.78
1344,wood,noun,A2,6.03e-05,4.78
1345,stock market,noun,B2,5.93e-05,4.77
1346,background,noun,A2,5.89e-05,4.77
1347,birth,noun,A1,5.89e-05,4.77
1348,bridge,noun,A1,5.89e-05,4.77
1349,concept,noun,B1,5.89e-05,4.77
1350,copy,"noun, verb",A2,5.89e-05,4.77
1351,dear,"adjective, noun",B2,5.89e-05,4.77
1352,garden,noun,A1,5.89e-05,4.77
1353,host,noun,A2,5.89e-05,4.77
1354,journal,noun,B1,5.89e-05,4.77
1355,leadership,noun,B1,5.89e-05,4.77
1356,length,noun,B1,5.89e-05,4.77
1357,lucky,adjective,A1,5.89e-05,4.77
1358,neither,"adverb, conjunction, determiner, pronoun",B2,5.89e-05,4.77
1359,patient,"adjective, noun",A2,5.89e-05,4.77
1360,possibly,adverb,A2,5.89e-05,4.77
1361,prove,verb,B1,5.89e-05,4.77
1362,rare,adjective,B1,5.89e-05,4.77
1363,setting,noun,B1,5.89e-05,4.77
1364,software,noun,A2,5.89e-05,4.77
1365,tough,adjective,B2,5.89e-05,4.77
1366,onto/on to,preposition,B1,5.83e-05,4.77
1367,ad,noun,B1,5.75e-05,4.76
1368,alive,adjective,A2,5.75e-05,4.76
1369,apple,noun,A1,5.75e-05,4.76
1370,balance,"noun, verb",B2,5.75e-05,4.76
1371,birthday,noun,A1,5.75e-05,4.76
1372,boss,noun,A2,5.75e-05,4.76
1373,dress,"noun, verb",A2,5.75e-05,4.76
1374,fellow,"adjective, noun",B1,5.75e-05,4.76
1375,horse,noun,A1,5.75e-05,4.76
1376,magic,"adjective, noun",A2,5.75e-05,4.76
1377,map,noun,A1,5.75e-05,4.76
1378,net,"adjective, noun",B1,5.75e-05,4.76
1379,request,"noun, verb",B1,5.75e-05,4.76
1380,stick,"noun, verb",B1,5.75e-05,4.76
1381,vehicle,noun,B1,5.75e-05,4.76
1382,volume,noun,B1,5.75e-05,4.76
1383,wake,"noun, verb",B1,5.75e-05,4.76
1384,internet/internet,noun,A1,5.74e-05,4.76
1385,real estate,noun,B2,5.67e-05,4.75
1386,center/centre,noun,A2,5.66e-05,4.75
1387,aid,"noun, verb",B1,5.62e-05,4.75
1388,beauty,noun,A2,5.62e-05,4.75
1389,billion,noun,B2,5.62e-05,4.75
1390,busy,adjective,A1,5.62e-05,4.75
1391,concerned,adjective,B1,5.62e-05,4.75
1392,conversation,noun,A1,5.62e-05,4.75
1393,corner,noun,A1,5.62e-05,4.75
1394,criminal,"adjective, noun",B1,5.62e-05,4.75
1395,cultural,adjective,B1,5.62e-05,4.75
1396,develop,verb,A2,5.62e-05,4.75
1397,driver,noun,A1,5.62e-05,4.75
1398,existing,adjective,B2,5.62e-05,4.75
1399,farm,noun,A1,5.62e-05,4.75
1400,file,"noun, verb",B2,5.62e-05,4.75
1401,fix,"noun, verb",B1,5.62e-05,4.75
1402,fly,"noun, verb",A1,5.62e-05,4.75
1403,frank,adjective,A2,5.62e-05,4.75
1404,guide,"noun, verb",B1,5.62e-05,4.75
1405,investigation,noun,B1,5.62e-05,4.75
1406,raise,verb,A2,5.62e-05,4.75
1407,responsibility,noun,B1,5.62e-05,4.75
1408,roll,"noun, verb",B2,5.62e-05,4.75
1409,slightly,adverb,B1,5.62e-05,4.75
1410,suggest,verb,A2,5.62e-05,4.75
1411,surprise,"noun, verb",B1,5.62e-05,4.75
1412,technical,adjective,B2,5.62e-05,4.75
1413,treat,"noun, verb",B2,5.62e-05,4.75
1414,unique,adjective,B1,5.62e-05,4.75
1415,variety,noun,B1,5.62e-05,4.75
1416,violence,noun,B1,5.62e-05,4.75
1417,yours,pronoun,A1,5.62e-05,4.75
1418,youth,noun,A2,5.62e-05,4.75
1419,bus stop,noun,A2,5.61e-05,4.75
1420,sitting room,noun,A2,5.59e-05,4.75
1421,appreciate,verb,A2,5.5e-05,4.74
1422,dry,"adjective, verb",A2,5.5e-05,4.74
1423,edge,noun,B1,5.5e-05,4.74
1424,evil,"adjective, noun",B2,5.5e-05,4.74
1425,excited,adjective,A1,5.5e-05,4.74
1426,forever,adverb,A2,5.5e-05,4.74
1427,injury,noun,B1,5.5e-05,4.74
1428,iron,"noun, verb",B1,5.5e-05,4.74
1429,lovely,adjective,A1,5.5e-05,4.74
1430,mad,adjective,A2,5.5e-05,4.74
1431,magazine,noun,A1,5.5e-05,4.74
1432,parliament,noun,B2,5.5e-05,4.74
1433,prepared,adjective,B1,5.5e-05,4.74
1434,reference,noun,B2,5.5e-05,4.74
1435,religion,noun,B1,5.5e-05,4.74
1436,somewhere,adverb,A2,5.5e-05,4.74
1437,strategy,noun,A2,5.5e-05,4.74
1438,web,noun,A2,5.5e-05,4.74
1439,wine,noun,A2,5.5e-05,4.74
1440,ground floor,noun,B1,5.39e-05,4.73
1441,arm,"noun, verb",B1,5.37e-05,4.73
1442,audience,noun,A2,5.37e-05,4.73
1443,bay,noun,A2,5.37e-05,4.73
1444,blog,noun,B1,5.37e-05,4.73
1445,core,noun,B2,5.37e-05,4.73
1446,democratic,adjective,B1,5.37e-05,4.73
1447,description,noun,A2,5.37e-05,4.73
1448,excellent,adjective,A1,5.37e-05,4.73
1449,exist,verb,A2,5.37e-05,4.73
1450,guard,"noun, verb",B2,5.37e-05,4.73
1451,honest,adjective,B1,5.37e-05,4.73
1452,medicine,noun,A1,5.37e-05,4.73
1453,mention,"noun, verb",B1,5.37e-05,4.73
1454,mountain,noun,A1,5.37e-05,4.73
1455,nuclear,adjective,B1,5.37e-05,4.73
1456,port,noun,B1,5.37e-05,4.73
1457,presence,noun,B1,5.37e-05,4.73
1458,reaction,noun,B2,5.37e-05,4.73
1459,reduce,verb,B1,5.37e-05,4.73
1460,shoot,verb,A2,5.37e-05,4.73
1461,solid,adjective,B1,5.37e-05,4.73
1462,sport,noun,A1,5.37e-05,4.73
1463,stress,"noun, verb",B2,5.37e-05,4.73
1464,taste,"noun, verb",B1,5.37e-05,4.73
1465,tea,noun,A1,5.37e-05,4.73
1466,victory,noun,B1,5.37e-05,4.73
1467,traffic light,noun,A2,5.32e-05,4.73
1468,afternoon,noun,A1,5.25e-05,4.72
1469,assistant,"adjective, noun",B1,5.25e-05,4.72
1470,classic,"adjective, noun",B2,5.25e-05,4.72
1471,clothes,noun,A1,5.25e-05,4.72
1472,electric,adjective,A2,5.25e-05,4.72
1473,emergency,noun,A2,5.25e-05,4.72
1474,entirely,adverb,B1,5.25e-05,4.72
1475,failure,noun,B1,5.25e-05,4.72
1476,festival,noun,A1,5.25e-05,4.72
1477,flat,"adjective, adverb, noun",A1,5.25e-05,4.72
1478,fuel,noun,B1,5.25e-05,4.72
1479,hello,noun,A1,5.25e-05,4.72
1480,ill,adjective,A2,5.25e-05,4.72
1481,initial,"adjective, noun",B1,5.25e-05,4.72
1482,kick,"noun, verb",A1,5.25e-05,4.72
1483,mail,"noun, verb",B1,5.25e-05,4.72
1484,massive,adjective,B1,5.25e-05,4.72
1485,pair,noun,A1,5.25e-05,4.72
1486,plane,noun,A1,5.25e-05,4.72
1487,plenty,"noun, pronoun",B1,5.25e-05,4.72
1488,prince,noun,A1,5.25e-05,4.72
1489,proper,adjective,A2,5.25e-05,4.72
1490,quarter,noun,A1,5.25e-05,4.72
1491,regional,adjective,B1,5.25e-05,4.72
1492,session,noun,B1,5.25e-05,4.72
1493,shape,"noun, verb",B1,5.25e-05,4.72
1494,sky,noun,A1,5.25e-05,4.72
1495,teaching,noun,B1,5.25e-05,4.72
1496,transfer,"noun, verb",B1,5.25e-05,4.72
1497,upper,adjective,B1,5.25e-05,4.72
1498,useful,adjective,A2,5.25e-05,4.72
1499,valley,noun,A2,5.25e-05,4.72
1500,willing,adjective,B2,5.25e-05,4.72
1501,zone,noun,A2,5.25e-05,4.72
1502,credit card,noun,A1,5.23e-05,4.72
1503,mobile phone,noun,A1,5.23e-05,4.72
1504,accident,noun,A2,5.13e-05,4.71
1505,advanced,adjective,A2,5.13e-05,4.71
1506,alternative,"adjective, noun",B1,5.13e-05,4.71
1507,anywhere,adverb,A2,5.13e-05,4.71
1508,bear,"noun, verb",A2,5.13e-05,4.71
1509,boat,noun,A1,5.13e-05,4.71
1510,capacity,noun,B1,5.13e-05,4.71
1511,cheap,adjective,A2,5.13e-05,4.71
1512,climate,noun,B1,5.13e-05,4.71
1513,discussion,noun,A2,5.13e-05,4.71
1514,duty,noun,B1,5.13e-05,4.71
1515,fantastic,adjective,A2,5.13e-05,4.71
1516,governor,noun,B1,5.13e-05,4.71
1517,hundred,number,A2,5.13e-05,4.71
1518,industrial,adjective,B1,5.13e-05,4.71
1519,joint,"adjective, noun",B2,5.13e-05,4.71
1520,mix,"noun, verb",A2,5.13e-05,4.71
1521,museum,noun,A2,5.13e-05,4.71
1522,path,noun,A2,5.13e-05,4.71
1523,promise,"noun, verb",B1,5.13e-05,4.71
1524,proposed,adjective,B2,5.13e-05,4.71
1525,purchase,"noun, verb",B2,5.13e-05,4.71
1526,rain,"noun, verb",A1,5.13e-05,4.71
1527,remove,verb,B1,5.13e-05,4.71
1528,steel,noun,B1,5.13e-05,4.71
1529,terrible,adjective,A1,5.13e-05,4.71
1530,tired,adjective,A1,5.13e-05,4.71
1531,turning,noun,B1,5.13e-05,4.71
1532,vice,adjective,B1,5.13e-05,4.71
1533,warm,"adjective, verb",B1,5.13e-05,4.71
1534,text message,noun,A2,5.06e-05,4.7
1535,good afternoon,interjection,A1,5.05e-05,4.7
1536,afraid,adjective,A1,5.01e-05,4.7
1537,beer,noun,A2,5.01e-05,4.7
1538,border,noun,B1,5.01e-05,4.7
1539,command,noun,B1,5.01e-05,4.7
1540,crew,noun,B2,5.01e-05,4.7
1541,crowd,noun,A2,5.01e-05,4.7
1542,dating,noun,B1,5.01e-05,4.7
1543,enemy,noun,B1,5.01e-05,4.7
1544,ensure,verb,B1,5.01e-05,4.7
1545,environmental,adjective,B1,5.01e-05,4.7
1546,fixed,adjective,B2,5.01e-05,4.7
1547,forest,noun,A2,5.01e-05,4.7
1548,intelligence,noun,A2,5.01e-05,4.7
1549,limit,"noun, verb",B1,5.01e-05,4.7
1550,moon,noun,A1,5.01e-05,4.7
1551,ocean,noun,B1,5.01e-05,4.7
1552,profit,noun,B2,5.01e-05,4.7
1553,proof,noun,B1,5.01e-05,4.7
1554,suit,"noun, verb",A2,5.01e-05,4.7
1555,appearance,noun,A2,4.9e-05,4.69
1556,chair,noun,A1,4.9e-05,4.69
1557,debt,noun,B1,4.9e-05,4.69
1558,domestic,adjective,B2,4.9e-05,4.69
1559,expensive,adjective,A1,4.9e-05,4.69
1560,historical,adjective,B1,4.9e-05,4.69
1561,honestly,adverb,B1,4.9e-05,4.69
1562,jump,"noun, verb",A1,4.9e-05,4.69
1563,launch,verb,B1,4.9e-05,4.69
1564,minimum,"adjective, noun",B1,4.9e-05,4.69
1565,native,adjective,A2,4.9e-05,4.69
1566,originally,adverb,B2,4.9e-05,4.69
1567,ray,noun,A2,4.9e-05,4.69
1568,suddenly,adverb,B1,4.9e-05,4.69
1569,survey,noun,A1,4.9e-05,4.69
1570,update,"noun, verb",B1,4.9e-05,4.69
1571,user,noun,B2,4.9e-05,4.69
1572,writer,noun,A1,4.9e-05,4.69
1573,yellow,"adjective, noun",A1,4.9e-05,4.69
1574,ancient,adjective,A2,4.79e-05,4.68
1575,communication,noun,A2,4.79e-05,4.68
1576,download,"noun, verb",A2,4.79e-05,4.68
1577,email,verb,A2,4.79e-05,4.68
1578,ending,noun,A2,4.79e-05,4.68
1579,exercise,"noun, verb",A1,4.79e-05,4.68
1580,express,"noun, verb",B1,4.79e-05,4.68
1581,flow,"noun, verb",B1,4.79e-05,4.68
1582,girlfriend,noun,A1,4.79e-05,4.68
1583,hero,noun,A2,4.79e-05,4.68
1584,illegal,adjective,A2,4.79e-05,4.68
1585,joke,"noun, verb",B1,4.79e-05,4.68
1586,loan,noun,B2,4.79e-05,4.68
1587,planet,noun,A2,4.79e-05,4.68
1588,restaurant,noun,A1,4.79e-05,4.68
1589,shopping,noun,A1,4.79e-05,4.68
1590,soft,adjective,A2,4.79e-05,4.68
1591,stuck,adjective,B1,4.79e-05,4.68
1592,sugar,noun,A1,4.79e-05,4.68
1593,surprised,adjective,A2,4.79e-05,4.68
1594,transport,"noun, verb",B2,4.79e-05,4.68
1595,capital letter,noun,A2,4.76e-05,4.68
1596,appeal,"noun, verb",B2,4.68e-05,4.67
1597,appropriate,adjective,A2,4.68e-05,4.67
1598,device,noun,B1,4.68e-05,4.67
1599,drama,noun,A1,4.68e-05,4.67
1600,entry,noun,B1,4.68e-05,4.67
1601,era,noun,B1,4.68e-05,4.67
1602,exchange rate,noun,B1,4.68e-05,4.67
1603,factor,noun,B2,4.68e-05,4.67
1604,feed,"noun, verb",B1,4.68e-05,4.67
1605,golden,adjective,A2,4.68e-05,4.67
1606,grant,"noun, verb",B1,4.68e-05,4.67
1607,lawyer,noun,A2,4.68e-05,4.67
1608,mistake,noun,A2,4.68e-05,4.67
1609,platform,noun,B1,4.68e-05,4.67
1610,pool,noun,A1,4.68e-05,4.67
1611,regarding,preposition,B1,4.68e-05,4.67
1612,route,noun,B2,4.68e-05,4.67
1613,schedule,"noun, verb",B2,4.68e-05,4.67
1614,scientific,adjective,A2,4.68e-05,4.67
1615,smoke,"noun, verb",A2,4.68e-05,4.67
1616,squad,noun,B2,4.68e-05,4.67
1617,teach,verb,A1,4.68e-05,4.67
1618,grown-up,"adjective, noun",B2,4.59e-05,4.66
1619,duty-free,adjective,B1,4.58e-05,4.66
1620,abuse,noun,B2,4.57e-05,4.66
1621,angry,adjective,A1,4.57e-05,4.66
1622,candidate,noun,B2,4.57e-05,4.66
1623,comfortable,adjective,A2,4.57e-05,4.66
1624,concern,"noun, verb",B2,4.57e-05,4.66
1625,developing,adjective,B2,4.57e-05,4.66
1626,discuss,verb,A1,4.57e-05,4.66
1627,emotional,adjective,B1,4.57e-05,4.66
1628,everywhere,adverb,A1,4.57e-05,4.66
1629,facilities,noun,B2,4.57e-05,4.66
1630,fox,noun,B2,4.57e-05,4.66
1631,hole,noun,A1,4.57e-05,4.66
1632,holiday,noun,A1,4.57e-05,4.66
1633,internal,adjective,B1,4.57e-05,4.66
1634,laugh,"noun, verb",A1,4.57e-05,4.66
1635,leg,noun,A1,4.57e-05,4.66
1636,liberal,adjective,B2,4.57e-05,4.66
1637,lunch,noun,A1,4.57e-05,4.66
1638,max,noun,A2,4.57e-05,4.66
1639,milk,noun,A1,4.57e-05,4.66
1640,pack,"noun, verb",A2,4.57e-05,4.66
1641,payment,noun,B2,4.57e-05,4.66
1642,perform,verb,A2,4.57e-05,4.66
1643,relatively,adverb,B1,4.57e-05,4.66
1644,sector,noun,B2,4.57e-05,4.66
1645,snow,"noun, verb",A2,4.57e-05,4.66
1646,storm,noun,A2,4.57e-05,4.66
1647,strike,"noun, verb",B1,4.57e-05,4.66
1648,studio,noun,B1,4.57e-05,4.66
1649,weak,adjective,A2,4.57e-05,4.66
1650,actor,noun,A1,4.47e-05,4.65
1651,advance,"noun, verb",B1,4.47e-05,4.65
1652,apartment,noun,A2,4.47e-05,4.65
1653,chain,noun,A2,4.47e-05,4.65
1654,chapter,noun,A2,4.47e-05,4.65
1655,climate change,noun,B2,4.47e-05,4.65
1656,confidence,noun,B1,4.47e-05,4.65
1657,cook,"noun, verb",A1,4.47e-05,4.65
1658,cute,adjective,A1,4.47e-05,4.65
1659,equal,"adjective, noun, verb",B2,4.47e-05,4.65
1660,fake,adjective,B1,4.47e-05,4.65
1661,finance,"noun, verb",B1,4.47e-05,4.65
1662,identity,noun,B1,4.47e-05,4.65
1663,journey,noun,A2,4.47e-05,4.65
1664,kitchen,noun,A1,4.47e-05,4.65
1665,maintain,verb,B1,4.47e-05,4.65
1666,measure,"noun, verb",B1,4.47e-05,4.65
1667,numerous,adjective,B1,4.47e-05,4.65
1668,quiet,"adjective, noun",B2,4.47e-05,4.65
1669,specifically,adverb,B2,4.47e-05,4.65
1670,split,"adjective, noun, verb",B2,4.47e-05,4.65
1671,task,noun,A2,4.47e-05,4.65
1672,twenty,number,A1,4.47e-05,4.65
1673,urban,adjective,B2,4.47e-05,4.65
1674,aircraft,noun,B2,4.37e-05,4.64
1675,approximately,adverb,B1,4.37e-05,4.64
1676,argument,noun,A2,4.37e-05,4.64
1677,conflict,noun,B1,4.37e-05,4.64
1678,considering,"conjunction, preposition",B2,4.37e-05,4.64
1679,corporate,adjective,B2,4.37e-05,4.64
1680,debate,noun,A2,4.37e-05,4.64
1681,determined,adjective,B2,4.37e-05,4.64
1682,distribution,noun,B1,4.37e-05,4.64
1683,escape,"noun, verb",B1,4.37e-05,4.64
1684,fault,noun,A2,4.37e-05,4.64
1685,fill,verb,A1,4.37e-05,4.64
1686,friendly,adjective,B2,4.37e-05,4.64
1687,lay,verb,B1,4.37e-05,4.64
1688,phase,noun,B2,4.37e-05,4.64
1689,properly,adverb,B1,4.37e-05,4.64
1690,pure,adjective,B1,4.37e-05,4.64
1691,revenue,noun,B2,4.37e-05,4.64
1692,secure,adjective,B1,4.37e-05,4.64
1693,smile,"noun, verb",B1,4.37e-05,4.64
1694,strange,adjective,A1,4.37e-05,4.64
1695,talent,noun,A2,4.37e-05,4.64
1696,temperature,noun,A2,4.37e-05,4.64
1697,thousand,number,A2,4.37e-05,4.64
1698,truck,noun,A1,4.37e-05,4.64
1699,vice president,noun,B1,4.34e-05,4.64
1700,basically,adverb,A2,4.27e-05,4.63
1701,besides,"adverb, preposition",B1,4.27e-05,4.63
1702,bird,noun,A1,4.27e-05,4.63
1703,blame,"noun, verb",A2,4.27e-05,4.63
1704,bowl,"noun, verb",B1,4.27e-05,4.63
1705,chicken,noun,A1,4.27e-05,4.63
1706,context,noun,A2,4.27e-05,4.63
1707,determine,verb,B1,4.27e-05,4.63
1708,display,"noun, verb",B1,4.27e-05,4.63
1709,experienced,adjective,B1,4.27e-05,4.63
1710,false,adjective,A1,4.27e-05,4.63
1711,incredible,adjective,B1,4.27e-05,4.63
1712,meat,noun,A1,4.27e-05,4.63
1713,neck,noun,A1,4.27e-05,4.63
1714,novel,noun,A2,4.27e-05,4.63
1715,obvious,adjective,B1,4.27e-05,4.63
1716,remaining,adjective,B2,4.27e-05,4.63
1717,shirt,noun,A1,4.27e-05,4.63
1718,slowly,adverb,A2,4.27e-05,4.63
1719,stadium,noun,A2,4.27e-05,4.63
1720,surgery,noun,B1,4.27e-05,4.63
1721,tuesday,noun,A1,4.27e-05,4.63
1722,vision,noun,B1,4.27e-05,4.63
1723,whenever,"adverb, conjunction",B1,4.27e-05,4.63
1724,worried,adjective,A2,4.27e-05,4.63
1725,public transport,noun,B1,4.24e-05,4.63
1726,champion,noun,B1,4.17e-05,4.62
1727,cream,"adjective, noun",A1,4.17e-05,4.62
1728,crisis,noun,B1,4.17e-05,4.62
1729,editor,noun,A2,4.17e-05,4.62
1730,estimated,adjective,B2,4.17e-05,4.62
1731,giant,adjective,B1,4.17e-05,4.62
1732,kingdom,noun,A2,4.17e-05,4.62
1733,literature,noun,B1,4.17e-05,4.62
1734,mayor,noun,B1,4.17e-05,4.62
1735,minor,adjective,B1,4.17e-05,4.62
1736,opposite,"adjective, adverb, noun, preposition",A2,4.17e-05,4.62
1737,orange,"adjective, noun",A1,4.17e-05,4.62
1738,ourselves,pronoun,A2,4.17e-05,4.62
1739,selection,noun,B1,4.17e-05,4.62
1740,signal,noun,B1,4.17e-05,4.62
1741,stream,"noun, verb",B1,4.17e-05,4.62
1742,struggle,"noun, verb",B2,4.17e-05,4.62
1743,suicide,noun,B1,4.17e-05,4.62
1744,theme,noun,B2,4.17e-05,4.62
1745,thursday,noun,A1,4.17e-05,4.62
1746,tiny,adjective,B1,4.17e-05,4.62
1747,typically,adverb,B1,4.17e-05,4.62
1748,unfortunately,adverb,A2,4.17e-05,4.62
1749,usual,adjective,A2,4.17e-05,4.62
1750,wave,"noun, verb",B1,4.17e-05,4.62
1751,doctor/dr./dr,noun,A1,4.15e-05,4.62
1752,alcohol,noun,B1,4.07e-05,4.61
1753,assembly,noun,B2,4.07e-05,4.61
1754,breakfast,noun,A1,4.07e-05,4.61
1755,bright,adjective,A1,4.07e-05,4.61
1756,bus station,noun,A2,4.07e-05,4.61
1757,capable,adjective,B1,4.07e-05,4.61
1758,combination,noun,B1,4.07e-05,4.61
1759,conservative,adjective,B1,4.07e-05,4.61
1760,customer,noun,A2,4.07e-05,4.61
1761,desire,"noun, verb",B2,4.07e-05,4.61
1762,drunk,adjective,B1,4.07e-05,4.61
1763,essential,adjective,B1,4.07e-05,4.61
1764,fail,verb,A2,4.07e-05,4.61
1765,familiar,adjective,A2,4.07e-05,4.61
1766,guilty,adjective,B1,4.07e-05,4.61
1767,id,noun,A2,4.07e-05,4.61
1768,improved,adjective,B2,4.07e-05,4.61
1769,largely,adverb,B1,4.07e-05,4.61
1770,medium,"adjective, noun",B1,4.07e-05,4.61
1771,perfectly,adverb,A2,4.07e-05,4.61
1772,recommend,verb,B1,4.07e-05,4.61
1773,relevant,adjective,B2,4.07e-05,4.61
1774,seek,verb,A2,4.07e-05,4.61
1775,solo,"adjective, adverb, noun",B2,4.07e-05,4.61
1776,ticket,noun,A1,4.07e-05,4.61
1777,unable,adjective,B1,4.07e-05,4.61
1778,upset,"adjective, verb",B2,4.07e-05,4.61
1779,wing,noun,B1,4.07e-05,4.61
1780,prime minister,noun,B2,4.06e-05,4.61
1781,bomb,"noun, verb",B1,3.98e-05,4.6
1782,creative,adjective,A2,3.98e-05,4.6
1783,cycle,"noun, verb",B1,3.98e-05,4.6
1784,educational,adjective,A2,3.98e-05,4.6
1785,entertainment,noun,A2,3.98e-05,4.6
1786,extreme,adjective,B1,3.98e-05,4.6
1787,facility,noun,B1,3.98e-05,4.6
1788,goods,noun,B1,3.98e-05,4.6
1789,hang,"noun, verb",B1,3.98e-05,4.6
1790,mainly,adverb,A2,3.98e-05,4.6
1791,maximum,"adjective, noun",B1,3.98e-05,4.6
1792,newspaper,noun,A1,3.98e-05,4.6
1793,painting,noun,A1,3.98e-05,4.6
1794,republic,noun,B1,3.98e-05,4.6
1795,reserve,"noun, verb",B1,3.98e-05,4.6
1796,row,"noun, verb",B2,3.98e-05,4.6
1797,salt,noun,A2,3.98e-05,4.6
1798,scared,adjective,B1,3.98e-05,4.6
1799,statistics,noun,B2,3.98e-05,4.6
1800,switch,"noun, verb",B1,3.98e-05,4.6
1801,territory,noun,B2,3.98e-05,4.6
1802,threat,noun,B1,3.98e-05,4.6
1803,travel agent,noun,B1,3.92e-05,4.59
1804,affect,verb,B1,3.89e-05,4.59
1805,armed,adjective,A2,3.89e-05,4.59
1806,aside,adverb,B1,3.89e-05,4.59
1807,assistance,noun,B1,3.89e-05,4.59
1808,bell,noun,A1,3.89e-05,4.59
1809,blow,"noun, verb",A1,3.89e-05,4.59
1810,bond,noun,B1,3.89e-05,4.59
1811,boyfriend,noun,A1,3.89e-05,4.59
1812,careful,adjective,A1,3.89e-05,4.59
1813,corporation,noun,B2,3.89e-05,4.59
1814,cry,"noun, verb",A2,3.89e-05,4.59
1815,danger,noun,A2,3.89e-05,4.59
1816,delivery,noun,B1,3.89e-05,4.59
1817,deserve,verb,B1,3.89e-05,4.59
1818,dollar,noun,A1,3.89e-05,4.59
1819,empty,adjective,A2,3.89e-05,4.59
1820,gender,noun,A2,3.89e-05,4.59
1821,instance,noun,B1,3.89e-05,4.59
1822,mile,noun,B1,3.89e-05,4.59
1823,motion,noun,B2,3.89e-05,4.59
1824,pacific,adjective,A2,3.89e-05,4.59
1825,prize,noun,B1,3.89e-05,4.59
1826,reasonable,adjective,B1,3.89e-05,4.59
1827,register,"noun, verb",B1,3.89e-05,4.59
1828,resolution,noun,B2,3.89e-05,4.59
1829,rural,adjective,B2,3.89e-05,4.59
1830,singing,noun,A2,3.89e-05,4.59
1831,typical,adjective,B1,3.89e-05,4.59
1832,universe,noun,B1,3.89e-05,4.59
1833,warning,noun,B1,3.89e-05,4.59
1834,wednesday,noun,A1,3.89e-05,4.59
1835,mrs./mrs,noun,A1,3.88e-05,4.59
1836,web page,noun,A2,3.88e-05,4.59
1837,admit,verb,A2,3.8e-05,4.58
1838,attitude,noun,A2,3.8e-05,4.58
1839,branch,"noun, verb",B1,3.8e-05,4.58
1840,definition,noun,B1,3.8e-05,4.58
1841,drawing,noun,A2,3.8e-05,4.58
1842,flag,noun,A1,3.8e-05,4.58
1843,frame,"noun, verb",B2,3.8e-05,4.58
1844,guest,noun,A1,3.8e-05,4.58
1845,heaven,noun,B1,3.8e-05,4.58
1846,independence,noun,A2,3.8e-05,4.58
1847,kiss,"noun, verb",B1,3.8e-05,4.58
1848,load,"noun, verb",B2,3.8e-05,4.58
1849,plot,noun,B2,3.8e-05,4.58
1850,possibility,noun,B1,3.8e-05,4.58
1851,recovery,noun,B1,3.8e-05,4.58
1852,rent,"noun, verb",A2,3.8e-05,4.58
1853,replace,verb,A2,3.8e-05,4.58
1854,represent,verb,A2,3.8e-05,4.58
1855,senator,noun,B2,3.8e-05,4.58
1856,sentence,"noun, verb",B2,3.8e-05,4.58
1857,x-ray,noun,B2,3.74e-05,4.57
1858,academic,adjective,B1,3.72e-05,4.57
1859,academy,noun,B1,3.72e-05,4.57
1860,accurate,adjective,B1,3.72e-05,4.57
1861,achieve,verb,A2,3.72e-05,4.57
1862,afford,verb,B1,3.72e-05,4.57
1863,assume,verb,B1,3.72e-05,4.57
1864,bottle,"noun, verb",B2,3.72e-05,4.57
1865,bunch,noun,B1,3.72e-05,4.57
1866,category,noun,B1,3.72e-05,4.57
1867,chat,"noun, verb",A2,3.72e-05,4.57
1868,cheese,noun,A1,3.72e-05,4.57
1869,chemical,"adjective, noun",B1,3.72e-05,4.57
1870,competitive,adjective,B1,3.72e-05,4.57
1871,detail,noun,A2,3.72e-05,4.57
1872,diet,noun,A2,3.72e-05,4.57
1873,fruit,noun,A1,3.72e-05,4.57
1874,index,noun,B2,3.72e-05,4.57
1875,item,noun,A1,3.72e-05,4.57
1876,lane,noun,A2,3.72e-05,4.57
1877,mess,"noun, verb",B2,3.72e-05,4.57
1878,navy,noun,B2,3.72e-05,4.57
1879,normally,adverb,B1,3.72e-05,4.57
1880,opposition,noun,B1,3.72e-05,4.57
1881,parent,noun,A1,3.72e-05,4.57
1882,permanent,adjective,B1,3.72e-05,4.57
1883,personally,adverb,B1,3.72e-05,4.57
1884,pleasure,noun,A1,3.72e-05,4.57
1885,prefer,verb,A2,3.72e-05,4.57
1886,representative,noun,B1,3.72e-05,4.57
1887,scheme,noun,B2,3.72e-05,4.57
1888,shift,"noun, verb",B1,3.72e-05,4.57
1889,storage,noun,B1,3.72e-05,4.57
1890,tank,noun,B1,3.72e-05,4.57
1891,tend,verb,B1,3.72e-05,4.57
1892,tight,"adjective, adverb",B2,3.72e-05,4.57
1893,transportation,noun,B1,3.72e-05,4.57
1894,ultimately,adverb,B2,3.72e-05,4.57
1895,unlike,"adjective, preposition",B2,3.72e-05,4.57
1896,weekly,"adjective, adverb",A2,3.72e-05,4.57
1897,yard,noun,A1,3.72e-05,4.57
1898,percent/per cent,noun,B1,3.64e-05,4.56
1899,anybody,pronoun,A1,3.63e-05,4.56
1900,basketball,noun,A1,3.63e-05,4.56
1901,button,noun,A1,3.63e-05,4.56
1902,constitution,noun,B1,3.63e-05,4.56
1903,consumer,noun,B1,3.63e-05,4.56
1904,counter,"noun, verb",B1,3.63e-05,4.56
1905,creation,noun,B2,3.63e-05,4.56
1906,crown,noun,A2,3.63e-05,4.56
1907,depression,noun,B1,3.63e-05,4.56
1908,describe,verb,A1,3.63e-05,4.56
1909,employment,noun,B1,3.63e-05,4.56
1910,exclusive,adjective,B1,3.63e-05,4.56
1911,excuse,"noun, verb",B1,3.63e-05,4.56
1912,expert,"adjective, noun",A2,3.63e-05,4.56
1913,frequently,adverb,B1,3.63e-05,4.56
1914,golf,noun,A2,3.63e-05,4.56
1915,grace,noun,A2,3.63e-05,4.56
1916,hopefully,adverb,B1,3.63e-05,4.56
1917,identify,verb,B2,3.63e-05,4.56
1918,importance,noun,A2,3.63e-05,4.56
1919,latter,"adjective, adverb, pronoun",A2,3.63e-05,4.56
1920,manufacturing,noun,B2,3.63e-05,4.56
1921,object,"noun, verb",B2,3.63e-05,4.56
1922,pattern,noun,B1,3.63e-05,4.56
1923,personnel,noun,B2,3.63e-05,4.56
1924,perspective,noun,B2,3.63e-05,4.56
1925,pregnant,adjective,B1,3.63e-05,4.56
1926,promote,verb,B1,3.63e-05,4.56
1927,revolution,noun,B2,3.63e-05,4.56
1928,severe,adjective,B1,3.63e-05,4.56
1929,suppose,verb,B1,3.63e-05,4.56
1930,tool,noun,A1,3.63e-05,4.56
1931,tournament,noun,B1,3.63e-05,4.56
1932,turkey,noun,A1,3.63e-05,4.56
1933,victim,noun,B1,3.63e-05,4.56
1934,toward/towards,preposition,A2,3.6e-05,4.56
1935,self-confidence,noun,B2,3.57e-05,4.55
1936,tour guide,noun,A2,3.57e-05,4.55
1937,arrest,"noun, verb",B1,3.55e-05,4.55
1938,attend,verb,B1,3.55e-05,4.55
1939,ban,"noun, verb",B2,3.55e-05,4.55
1940,brilliant,adjective,A2,3.55e-05,4.55
1941,carbon,noun,B2,3.55e-05,4.55
1942,circle,"noun, verb",B1,3.55e-05,4.55
1943,concert,noun,A1,3.55e-05,4.55
1944,crash,"noun, verb",B1,3.55e-05,4.55
1945,deliver,verb,B1,3.55e-05,4.55
1946,depth,noun,B1,3.55e-05,4.55
1947,deputy,noun,B2,3.55e-05,4.55
1948,dirty,adjective,A1,3.55e-05,4.55
1949,electronic,adjective,B1,3.55e-05,4.55
1950,error,noun,A2,3.55e-05,4.55
1951,existence,noun,B1,3.55e-05,4.55
1952,expression,noun,A2,3.55e-05,4.55
1953,factory,noun,A1,3.55e-05,4.55
1954,interior,noun,B2,3.55e-05,4.55
1955,joy,noun,A2,3.55e-05,4.55
1956,legislation,noun,B2,3.55e-05,4.55
1957,maintenance,noun,B1,3.55e-05,4.55
1958,manner,noun,A2,3.55e-05,4.55
1959,mate,noun,B2,3.55e-05,4.55
1960,nearby,"adjective, adverb",B1,3.55e-05,4.55
1961,noise,noun,A1,3.55e-05,4.55
1962,origin,noun,B1,3.55e-05,4.55
1963,panel,noun,B2,3.55e-05,4.55
1964,personality,noun,A2,3.55e-05,4.55
1965,plate,noun,A2,3.55e-05,4.55
1966,prepare,verb,A2,3.55e-05,4.55
1967,relief,noun,B2,3.55e-05,4.55
1968,resistance,noun,B2,3.55e-05,4.55
1969,retail,noun,B1,3.55e-05,4.55
1970,rice,noun,A1,3.55e-05,4.55
1971,roof,noun,A2,3.55e-05,4.55
1972,shame,noun,B1,3.55e-05,4.55
1973,somewhat,adverb,B2,3.55e-05,4.55
1974,surely,adverb,B1,3.55e-05,4.55
1975,tip,"noun, verb",B2,3.55e-05,4.55
1976,digital camera,noun,A2,3.54e-05,4.55
1977,absolute,adjective,B1,3.47e-05,4.54
1978,advertising,noun,A2,3.47e-05,4.54
1979,baseball,noun,A1,3.47e-05,4.54
1980,bathroom,noun,A1,3.47e-05,4.54
1981,cable,noun,B2,3.47e-05,4.54
1982,calm,adjective,B1,3.47e-05,4.54
1983,championship,noun,A2,3.47e-05,4.54
1984,client,noun,B2,3.47e-05,4.54
1985,constant,adjective,B2,3.47e-05,4.54
1986,dumb,adjective,B2,3.47e-05,4.54
1987,empire,noun,B1,3.47e-05,4.54
1988,exciting,adjective,A1,3.47e-05,4.54
1989,expansion,noun,B2,3.47e-05,4.54
1990,heavily,adverb,A2,3.47e-05,4.54
1991,hide,verb,A1,3.47e-05,4.54
1992,incident,noun,B1,3.47e-05,4.54
1993,manage,verb,A2,3.47e-05,4.54
1994,print,"noun, verb",A2,3.47e-05,4.54
1995,quit,"adjective, verb",A2,3.47e-05,4.54
1996,sight,noun,A1,3.47e-05,4.54
1997,significantly,adverb,B2,3.47e-05,4.54
1998,sing,verb,A1,3.47e-05,4.54
1999,soviet,noun,B2,3.47e-05,4.54
2000,weapon,noun,B1,3.47e-05,4.54
2001,wet,adjective,A2,3.47e-05,4.54
2002,widely,adverb,A2,3.47e-05,4.54
2003,worldwide,"adjective, adverb",A2,3.47e-05,4.54
2004,chat show,noun,B1,3.45e-05,4.54
2005,anniversary,noun,A2,3.39e-05,4.53
2006,attractive,adjective,A2,3.39e-05,4.53
2007,bike,noun,A1,3.39e-05,4.53
2008,broad,adjective,B1,3.39e-05,4.53
2009,burn,"noun, verb",B1,3.39e-05,4.53
2010,cake,noun,A1,3.39e-05,4.53
2011,closely,adverb,B1,3.39e-05,4.53
2012,constantly,adverb,B1,3.39e-05,4.53
2013,contest,noun,A1,3.39e-05,4.53
2014,hardly,adverb,A2,3.39e-05,4.53
2015,hat,noun,A1,3.39e-05,4.53
2016,height,noun,B1,3.39e-05,4.53
2017,hidden,adjective,B1,3.39e-05,4.53
2018,loud,"adjective, adverb",B1,3.39e-05,4.53
2019,marine,adjective,B1,3.39e-05,4.53
2020,motor,noun,B1,3.39e-05,4.53
2021,officially,adverb,B1,3.39e-05,4.53
2022,pc,noun,A2,3.39e-05,4.53
2023,peak,noun,B2,3.39e-05,4.53
2024,portion,noun,B2,3.39e-05,4.53
2025,princess,noun,A1,3.39e-05,4.53
2026,raw,adjective,A2,3.39e-05,4.53
2027,reform,noun,B2,3.39e-05,4.53
2028,respond,verb,B1,3.39e-05,4.53
2029,retirement,noun,B2,3.39e-05,4.53
2030,sample,noun,A2,3.39e-05,4.53
2031,secondary,adjective,B2,3.39e-05,4.53
2032,solar,adjective,B2,3.39e-05,4.53
2033,somehow,adverb,B1,3.39e-05,4.53
2034,suffering,noun,B2,3.39e-05,4.53
2035,ultimate,adjective,B2,3.39e-05,4.53
2036,unknown,adjective,A2,3.39e-05,4.53
2037,attached,adjective,B2,3.31e-05,4.52
2038,automatically,adverb,A2,3.31e-05,4.52
2039,battery,noun,A2,3.31e-05,4.52
2040,blind,adjective,B1,3.31e-05,4.52
2041,breath,noun,B1,3.31e-05,4.52
2042,brief,adjective,B1,3.31e-05,4.52
2043,chest,noun,A2,3.31e-05,4.52
2044,conduct,"noun, verb",B2,3.31e-05,4.52
2045,decade,noun,B2,3.31e-05,4.52
2046,destroy,verb,A2,3.31e-05,4.52
2047,engaged,adjective,B1,3.31e-05,4.52
2048,external,adjective,B2,3.31e-05,4.52
2049,fantasy,noun,B1,3.31e-05,4.52
2050,grab,verb,B1,3.31e-05,4.52
2051,immediate,adjective,B1,3.31e-05,4.52
2052,introduction,noun,B1,3.31e-05,4.52
2053,paint,"noun, verb",A1,3.31e-05,4.52
2054,pilot,noun,A2,3.31e-05,4.52
2055,pink,"adjective, noun",A2,3.31e-05,4.52
2056,presidential,adjective,B2,3.31e-05,4.52
2057,principal,"adjective, noun",B2,3.31e-05,4.52
2058,regularly,adverb,A2,3.31e-05,4.52
2059,shipping,noun,B2,3.31e-05,4.52
2060,singer,noun,A1,3.31e-05,4.52
2061,smoking,noun,A1,3.31e-05,4.52
2062,steam,noun,B1,3.31e-05,4.52
2063,survive,verb,A2,3.31e-05,4.52
2064,tall,adjective,A1,3.31e-05,4.52
2065,therapy,noun,B2,3.31e-05,4.52
2066,witness,"noun, verb",B1,3.31e-05,4.52
2067,adopted,adjective,B2,3.24e-05,4.51
2068,aim,"noun, verb",B2,3.24e-05,4.51
2069,campus,noun,A2,3.24e-05,4.51
2070,cap,noun,A1,3.24e-05,4.51
2071,childhood,noun,A2,3.24e-05,4.51
2072,comedy,noun,B1,3.24e-05,4.51
2073,commander,noun,B2,3.24e-05,4.51
2074,comparison,noun,B1,3.24e-05,4.51
2075,defeat,"noun, verb",B1,3.24e-05,4.51
2076,democracy,noun,B1,3.24e-05,4.51
2077,detailed,adjective,B2,3.24e-05,4.51
2078,exact,adjective,B1,3.24e-05,4.51
2079,fee,noun,A2,3.24e-05,4.51
2080,injured,adjective,B2,3.24e-05,4.51
2081,lock,"noun, verb",B1,3.24e-05,4.51
2082,musical,"adjective, noun",B2,3.24e-05,4.51
2083,nose,noun,A1,3.24e-05,4.51
2084,plastic,"adjective, noun",B1,3.24e-05,4.51
2085,quote,"noun, verb",B2,3.24e-05,4.51
2086,recording,noun,B1,3.24e-05,4.51
2087,suspect,"noun, verb",B2,3.24e-05,4.51
2088,swear,verb,B1,3.24e-05,4.51
2089,tie,"noun, verb",B1,3.24e-05,4.51
2090,trend,noun,B1,3.24e-05,4.51
2091,valuable,adjective,B1,3.24e-05,4.51
2092,wealth,noun,A2,3.24e-05,4.51
2093,wise,adjective,A2,3.24e-05,4.51
2094,fed up,adjective,B2,3.19e-05,4.5
2095,secondary school,noun,B1,3.18e-05,4.5
2096,identity card,noun,B1,3.17e-05,4.5
2097,aged,adjective,A2,3.16e-05,4.5
2098,approval,noun,B1,3.16e-05,4.5
2099,bread,noun,A1,3.16e-05,4.5
2100,burning,adjective,B1,3.16e-05,4.5
2101,contain,verb,B1,3.16e-05,4.5
2102,convention,noun,B2,3.16e-05,4.5
2103,dancing,noun,A1,3.16e-05,4.5
2104,document,noun,B1,3.16e-05,4.5
2105,employee,noun,B2,3.16e-05,4.5
2106,engineer,noun,A1,3.16e-05,4.5
2107,fairly,adverb,A2,3.16e-05,4.5
2108,gang,noun,B2,3.16e-05,4.5
2109,graduate,"noun, verb",A2,3.16e-05,4.5
2110,hanging,adjective,B1,3.16e-05,4.5
2111,inner,adjective,A2,3.16e-05,4.5
2112,lift,"noun, verb",B1,3.16e-05,4.5
2113,marked,adjective,B1,3.16e-05,4.5
2114,monthly,"adjective, adverb",B1,3.16e-05,4.5
2115,operate,verb,A2,3.16e-05,4.5
2116,outstanding,adjective,B1,3.16e-05,4.5
2117,permission,noun,A2,3.16e-05,4.5
2118,reply,"noun, verb",B1,3.16e-05,4.5
2119,rid,verb,B1,3.16e-05,4.5
2120,shoulder,noun,A1,3.16e-05,4.5
2121,shower,"noun, verb",B2,3.16e-05,4.5
2122,tower,noun,A1,3.16e-05,4.5
2123,tradition,noun,A2,3.16e-05,4.5
2124,visual,adjective,B1,3.16e-05,4.5
2125,wheel,noun,A1,3.16e-05,4.5
2126,program/programme,"noun, verb",B1,3.1e-05,4.49
2127,shop assistant,noun,A2,3.1e-05,4.49
2128,appointment,noun,A2,3.09e-05,4.49
2129,barely,adverb,B1,3.09e-05,4.49
2130,bush,noun,A2,3.09e-05,4.49
2131,cabinet,noun,B2,3.09e-05,4.49
2132,celebrate,verb,A1,3.09e-05,4.49
2133,chocolate,noun,A1,3.09e-05,4.49
2134,coal,noun,B1,3.09e-05,4.49
2135,contemporary,adjective,B2,3.09e-05,4.49
2136,criticism,noun,B2,3.09e-05,4.49
2137,dna,noun,B2,3.09e-05,4.49
2138,effectively,adverb,B2,3.09e-05,4.49
2139,extensive,adjective,B2,3.09e-05,4.49
2140,formation,noun,B2,3.09e-05,4.49
2141,gallery,noun,A2,3.09e-05,4.49
2142,highway,noun,A2,3.09e-05,4.49
2143,historic,adjective,B1,3.09e-05,4.49
2144,hunt,"noun, verb",B1,3.09e-05,4.49
2145,improvement,noun,B1,3.09e-05,4.49
2146,inch,"noun, verb",B2,3.09e-05,4.49
2147,initially,adverb,B1,3.09e-05,4.49
2148,junior,adjective,A2,3.09e-05,4.49
2149,jury,noun,B2,3.09e-05,4.49
2150,monster,noun,B1,3.09e-05,4.49
2151,olympic,adjective,A2,3.09e-05,4.49
2152,philosophy,noun,B1,3.09e-05,4.49
2153,pride,noun,A2,3.09e-05,4.49
2154,repeat,verb,A1,3.09e-05,4.49
2155,rough,adjective,B1,3.09e-05,4.49
2156,settlement,noun,B1,3.09e-05,4.49
2157,smell,"noun, verb",B1,3.09e-05,4.49
2158,speaker,noun,A2,3.09e-05,4.49
2159,surrounding,adjective,B1,3.09e-05,4.49
2160,tone,noun,A2,3.09e-05,4.49
2161,topic,noun,A1,3.09e-05,4.49
2162,universal,adjective,B2,3.09e-05,4.49
2163,vast,adjective,B1,3.09e-05,4.49
2164,consistent,adjective,B2,3.02e-05,4.48
2165,earn,verb,A2,3.02e-05,4.48
2166,finger,noun,B1,3.02e-05,4.48
2167,guitar,noun,A1,3.02e-05,4.48
2168,ignore,verb,B1,3.02e-05,4.48
2169,meal,noun,A1,3.02e-05,4.48
2170,meanwhile,adverb,B1,3.02e-05,4.48
2171,naturally,adverb,B1,3.02e-05,4.48
2172,necessarily,adverb,B2,3.02e-05,4.48
2173,pants,noun,A1,3.02e-05,4.48
2174,partnership,noun,B2,3.02e-05,4.48
2175,percentage,noun,B2,3.02e-05,4.48
2176,pocket,noun,A1,3.02e-05,4.48
2177,practical,adjective,B1,3.02e-05,4.48
2178,primarily,adverb,B1,3.02e-05,4.48
2179,rape,"noun, verb",B2,3.02e-05,4.48
2180,regardless,adverb,B2,3.02e-05,4.48
2181,relative,"adjective, noun",B1,3.02e-05,4.48
2182,rescue,"noun, verb",B1,3.02e-05,4.48
2183,rush,"noun, verb",B1,3.02e-05,4.48
2184,sharp,"adjective, adverb",B2,3.02e-05,4.48
2185,soccer,noun,A1,3.02e-05,4.48
2186,stable,adjective,B1,3.02e-05,4.48
2187,temporary,adjective,B1,3.02e-05,4.48
2188,trick,"noun, verb",B2,3.02e-05,4.48
2189,soft drink,noun,A2,2.99e-05,4.48
2190,id card,noun,A2,2.97e-05,4.47
2191,audio,adjective,A2,2.95e-05,4.47
2192,bone,noun,A1,2.95e-05,4.47
2193,chart,noun,A2,2.95e-05,4.47
2194,circuit,noun,B2,2.95e-05,4.47
2195,clothing,noun,B2,2.95e-05,4.47
2196,complicated,adjective,B1,2.95e-05,4.47
2197,confused,adjective,A2,2.95e-05,4.47
2198,defend,verb,B1,2.95e-05,4.47
2199,divided,adjective,B2,2.95e-05,4.47
2200,everyday,adjective,A1,2.95e-05,4.47
2201,extent,noun,B1,2.95e-05,4.47
2202,fishing,noun,A1,2.95e-05,4.47
2203,format,"noun, verb",B1,2.95e-05,4.47
2204,gap,noun,B1,2.95e-05,4.47
2205,gate,noun,A2,2.95e-05,4.47
2206,harm,"noun, verb",A2,2.95e-05,4.47
2207,household,noun,B1,2.95e-05,4.47
2208,immigration,noun,B1,2.95e-05,4.47
2209,impressive,adjective,B1,2.95e-05,4.47
2210,killer,noun,A2,2.95e-05,4.47
2211,lesson,noun,A1,2.95e-05,4.47
2212,membership,noun,B1,2.95e-05,4.47
2213,mirror,noun,A2,2.95e-05,4.47
2214,mount,"noun, verb",B2,2.95e-05,4.47
2215,occur,verb,B1,2.95e-05,4.47
2216,parking,noun,B1,2.95e-05,4.47
2217,proposal,noun,B1,2.95e-05,4.47
2218,province,noun,B2,2.95e-05,4.47
2219,recognition,noun,B2,2.95e-05,4.47
2220,reputation,noun,B1,2.95e-05,4.47
2221,rolling,adjective,B1,2.95e-05,4.47
2222,shortly,adverb,B1,2.95e-05,4.47
2223,strongly,adverb,A2,2.95e-05,4.47
2224,technique,noun,B1,2.95e-05,4.47
2225,thin,adjective,A1,2.95e-05,4.47
2226,ice cream,noun,A1,2.94e-05,4.47
2227,navy blue,adjective,B1,2.91e-05,4.46
2228,adventure,noun,A2,2.88e-05,4.46
2229,argue,verb,A2,2.88e-05,4.46
2230,assessment,noun,B2,2.88e-05,4.46
2231,atmosphere,noun,B1,2.88e-05,4.46
2232,awful,adjective,A2,2.88e-05,4.46
2233,bedroom,noun,A1,2.88e-05,4.46
2234,belief,noun,B1,2.88e-05,4.46
2235,bound,adjective,B1,2.88e-05,4.46
2236,carefully,adverb,A1,2.88e-05,4.46
2237,cloud,noun,A1,2.88e-05,4.46
2238,contrast,noun,A2,2.88e-05,4.46
2239,egg,noun,A1,2.88e-05,4.46
2240,element,noun,B1,2.88e-05,4.46
2241,elsewhere,adverb,A2,2.88e-05,4.46
2242,establish,verb,A2,2.88e-05,4.46
2243,extension,noun,B2,2.88e-05,4.46
2244,gear,noun,B2,2.88e-05,4.46
2245,hip,noun,B1,2.88e-05,4.46
2246,loose,adjective,A2,2.88e-05,4.46
2247,moral,"adjective, noun",B1,2.88e-05,4.46
2248,offensive,adjective,B1,2.88e-05,4.46
2249,pa,noun,B2,2.88e-05,4.46
2250,package,noun,B1,2.88e-05,4.46
2251,poverty,noun,B1,2.88e-05,4.46
2252,qualified,adjective,B1,2.88e-05,4.46
2253,railway,noun,B1,2.88e-05,4.46
2254,ridiculous,adjective,B1,2.88e-05,4.46
2255,sensitive,adjective,B2,2.88e-05,4.46
2256,server,noun,B1,2.88e-05,4.46
2257,shock,"noun, verb",B2,2.88e-05,4.46
2258,silence,noun,A2,2.88e-05,4.46
2259,soldier,noun,A2,2.88e-05,4.46
2260,superior,adjective,B1,2.88e-05,4.46
2261,thick,adjective,A1,2.88e-05,4.46
2262,transition,noun,B2,2.88e-05,4.46
2263,violent,adjective,A2,2.88e-05,4.46
2264,wash,"noun, verb",A1,2.88e-05,4.46
2265,non-smoking,adjective,B2,2.83e-05,4.45
2266,acid,noun,B2,2.82e-05,4.45
2267,actress,noun,B1,2.82e-05,4.45
2268,administrative,adjective,B2,2.82e-05,4.45
2269,alongside,preposition,B2,2.82e-05,4.45
2270,angel,noun,A2,2.82e-05,4.45
2271,anxiety,noun,B1,2.82e-05,4.45
2272,bonus,noun,A2,2.82e-05,4.45
2273,castle,noun,A2,2.82e-05,4.45
2274,charity,noun,B1,2.82e-05,4.45
2275,compare,verb,A2,2.82e-05,4.45
2276,cooking,noun,A2,2.82e-05,4.45
2277,curious,adjective,B1,2.82e-05,4.45
2278,discovery,noun,B1,2.82e-05,4.45
2279,encourage,verb,A2,2.82e-05,4.45
2280,flash,"adjective, noun, verb",B2,2.82e-05,4.45
2281,formal,adjective,B1,2.82e-05,4.45
2282,formula,noun,B1,2.82e-05,4.45
2283,gross,adjective,B2,2.82e-05,4.45
2284,hungry,adjective,A1,2.82e-05,4.45
2285,innocent,adjective,B1,2.82e-05,4.45
2286,mystery,noun,A2,2.82e-05,4.45
2287,olympics,noun,A1,2.82e-05,4.45
2288,palace,noun,A1,2.82e-05,4.45
2289,penalty,noun,B2,2.82e-05,4.45
2290,pet,noun,A1,2.82e-05,4.45
2291,photography,noun,A2,2.82e-05,4.45
2292,pocket money,noun,B1,2.82e-05,4.45
2293,protest,"noun, verb",B2,2.82e-05,4.45
2294,publication,noun,B2,2.82e-05,4.45
2295,rating,noun,A2,2.82e-05,4.45
2296,refer,verb,A2,2.82e-05,4.45
2297,scheduled,adjective,B2,2.82e-05,4.45
2298,select,"adjective, verb",B2,2.82e-05,4.45
2299,silent,adjective,B1,2.82e-05,4.45
2300,successfully,adverb,A2,2.82e-05,4.45
2301,suffer,verb,B1,2.82e-05,4.45
2302,temple,noun,A1,2.82e-05,4.45
2303,trail,"noun, verb",B2,2.82e-05,4.45
2304,uncle,noun,A1,2.82e-05,4.45
2305,unusual,adjective,A2,2.82e-05,4.45
2306,semi-final,noun,B2,2.77e-05,4.44
2307,arrival,noun,B1,2.75e-05,4.44
2308,assault,noun,B2,2.75e-05,4.44
2309,awareness,noun,B1,2.75e-05,4.44
2310,badly,adverb,A2,2.75e-05,4.44
2311,bath,noun,A1,2.75e-05,4.44
2312,chase,"noun, verb",B2,2.75e-05,4.44
2313,concrete,"adjective, noun",B2,2.75e-05,4.44
2314,deeply,adverb,A2,2.75e-05,4.44
2315,explanation,noun,A2,2.75e-05,4.44
2316,fiction,noun,A2,2.75e-05,4.44
2317,guarantee,"noun, verb",B2,2.75e-05,4.44
2318,happiness,noun,A2,2.75e-05,4.44
2319,horrible,adjective,B1,2.75e-05,4.44
2320,ideal,adjective,A1,2.75e-05,4.44
2321,legend,noun,B2,2.75e-05,4.44
2322,mood,noun,A2,2.75e-05,4.44
2323,muscle,noun,B1,2.75e-05,4.44
2324,passion,noun,B1,2.75e-05,4.44
2325,pleased,adjective,A2,2.75e-05,4.44
2326,procedure,noun,B2,2.75e-05,4.44
2327,producer,noun,B1,2.75e-05,4.44
2328,rank,noun,B1,2.75e-05,4.44
2329,replacement,noun,B2,2.75e-05,4.44
2330,retired,adjective,A2,2.75e-05,4.44
2331,sand,noun,B1,2.75e-05,4.44
2332,shadow,"noun, verb",B1,2.75e-05,4.44
2333,tag,noun,B2,2.75e-05,4.44
2334,tape,"noun, verb",B1,2.75e-05,4.44
2335,thread,noun,B2,2.75e-05,4.44
2336,wage,noun,B2,2.75e-05,4.44
2337,extreme sports,noun,B1,2.73e-05,4.44
2338,labor/labour,noun,A2,2.71e-05,4.43
2339,avenue,noun,B1,2.69e-05,4.43
2340,boring,adjective,A1,2.69e-05,4.43
2341,clock,noun,A1,2.69e-05,4.43
2342,commitment,noun,A2,2.69e-05,4.43
2343,confident,adjective,A2,2.69e-05,4.43
2344,custom,noun,A2,2.69e-05,4.43
2345,desk,noun,A1,2.69e-05,4.43
2346,ear,noun,A1,2.69e-05,4.43
2347,electricity,noun,B1,2.69e-05,4.43
2348,gym,noun,B1,2.69e-05,4.43
2349,helpful,adjective,A2,2.69e-05,4.43
2350,horror,noun,A2,2.69e-05,4.43
2351,label,noun,B2,2.69e-05,4.43
2352,naked,adjective,B1,2.69e-05,4.43
2353,output,noun,B2,2.69e-05,4.43
2354,pitch,"noun, verb",B2,2.69e-05,4.43
2355,pizza,noun,A1,2.69e-05,4.43
2356,plain,adjective,B1,2.69e-05,4.43
2357,rear,adjective,B2,2.69e-05,4.43
2358,reveal,verb,A2,2.69e-05,4.43
2359,romantic,adjective,A2,2.69e-05,4.43
2360,strategic,adjective,B1,2.69e-05,4.43
2361,swimming,noun,A1,2.69e-05,4.43
2362,welfare,noun,B2,2.69e-05,4.43
2363,wire,"noun, verb",B2,2.69e-05,4.43
2364,worker,noun,A1,2.69e-05,4.43
2365,check-in counter/check-in,noun,B1,2.67e-05,4.43
2366,favorite/favourite,"adjective, noun",A1,2.66e-05,4.42
2367,afterwards,adverb,B1,2.63e-05,4.42
2368,alright,"adjective, adverb",A2,2.63e-05,4.42
2369,anger,noun,B1,2.63e-05,4.42
2370,architecture,noun,A2,2.63e-05,4.42
2371,assist,verb,B1,2.63e-05,4.42
2372,behalf,noun,B1,2.63e-05,4.42
2373,belt,noun,A2,2.63e-05,4.42
2374,capture,"noun, verb",B1,2.63e-05,4.42
2375,ceremony,noun,B1,2.63e-05,4.42
2376,comic,"adjective, noun",A2,2.63e-05,4.42
2377,designer,"adjective, noun",B1,2.63e-05,4.42
2378,diamond,noun,A2,2.63e-05,4.42
2379,disappointed,adjective,A2,2.63e-05,4.42
2380,dressed,adjective,A2,2.63e-05,4.42
2381,economics,noun,B1,2.63e-05,4.42
2382,efficient,adjective,B1,2.63e-05,4.42
2383,electrical,adjective,B1,2.63e-05,4.42
2384,essentially,adverb,B2,2.63e-05,4.42
2385,establishment,noun,B1,2.63e-05,4.42
2386,flower,noun,A1,2.63e-05,4.42
2387,ghost,noun,A1,2.63e-05,4.42
2388,hockey,noun,A2,2.63e-05,4.42
2389,hunting,noun,B2,2.63e-05,4.42
2390,kit,noun,A2,2.63e-05,4.42
2391,lab,noun,B1,2.63e-05,4.42
2392,nervous,adjective,A2,2.63e-05,4.42
2393,newly,adverb,B1,2.63e-05,4.42
2394,odd,adjective,B2,2.63e-05,4.42
2395,ordinary,adjective,B1,2.63e-05,4.42
2396,participate,verb,B1,2.63e-05,4.42
2397,prayer,noun,B1,2.63e-05,4.42
2398,racist,noun,B2,2.63e-05,4.42
2399,rarely,adverb,B1,2.63e-05,4.42
2400,sexy,adjective,B2,2.63e-05,4.42
2401,skill,noun,A1,2.63e-05,4.42
2402,soil,"noun, verb",B1,2.63e-05,4.42
2403,solve,verb,A1,2.63e-05,4.42
2404,stomach,noun,A2,2.63e-05,4.42
2405,suck,verb,B2,2.63e-05,4.42
2406,trash,noun,B1,2.63e-05,4.42
2407,ugly,adjective,A1,2.63e-05,4.42
2408,virus,noun,B1,2.63e-05,4.42
2409,walker,noun,B2,2.63e-05,4.42
2410,whoever,pronoun,B1,2.63e-05,4.42
2411,middle-aged,adjective,B1,2.62e-05,4.42
2412,aspect,noun,B1,2.57e-05,4.41
2413,boost,"noun, verb",B2,2.57e-05,4.41
2414,bureau,noun,B1,2.57e-05,4.41
2415,comfort,noun,B1,2.57e-05,4.41
2416,cousin,noun,A1,2.57e-05,4.41
2417,crack,"noun, verb",B2,2.57e-05,4.41
2418,deck,noun,B2,2.57e-05,4.41
2419,dramatic,adjective,B1,2.57e-05,4.41
2420,dust,noun,A2,2.57e-05,4.41
2421,evolution,noun,B2,2.57e-05,4.41
2422,illness,noun,B1,2.57e-05,4.41
2423,inspiration,noun,A2,2.57e-05,4.41
2424,institution,noun,B2,2.57e-05,4.41
2425,knife,noun,A1,2.57e-05,4.41
2426,lately,adverb,B1,2.57e-05,4.41
2427,memorial,noun,B2,2.57e-05,4.41
2428,minority,noun,B1,2.57e-05,4.41
2429,mum,noun,A1,2.57e-05,4.41
2430,priority,noun,B2,2.57e-05,4.41
2431,promotion,noun,B1,2.57e-05,4.41
2432,rail,noun,B1,2.57e-05,4.41
2433,remote,adjective,A2,2.57e-05,4.41
2434,repair,"noun, verb",A2,2.57e-05,4.41
2435,root,noun,A2,2.57e-05,4.41
2436,steal,verb,A2,2.57e-05,4.41
2437,telephone,"noun, verb",A2,2.57e-05,4.41
2438,well-dressed,adjective,B1,2.57e-05,4.41
2439,whereas,conjunction,B2,2.57e-05,4.41
2440,rush hour,noun,B2,2.52e-05,4.4
2441,abandoned,adjective,B2,2.51e-05,4.4
2442,alliance,noun,B2,2.51e-05,4.4
2443,annoying,adjective,A2,2.51e-05,4.4
2444,bid,verb,B2,2.51e-05,4.4
2445,buddy,noun,B1,2.51e-05,4.4
2446,butter,noun,A1,2.51e-05,4.4
2447,conclusion,noun,B1,2.51e-05,4.4
2448,confirm,verb,B1,2.51e-05,4.4
2449,convinced,adjective,B2,2.51e-05,4.4
2450,decent,adjective,B2,2.51e-05,4.4
2451,decline,"noun, verb",B2,2.51e-05,4.4
2452,delay,"noun, verb",B1,2.51e-05,4.4
2453,desert,noun,A2,2.51e-05,4.4
2454,downtown,adverb,A2,2.51e-05,4.4
2455,elite,noun,B2,2.51e-05,4.4
2456,forth,adverb,B1,2.51e-05,4.4
2457,hire,verb,B1,2.51e-05,4.4
2458,hop,noun,B1,2.51e-05,4.4
2459,insane,adjective,B1,2.51e-05,4.4
2460,landing,noun,B2,2.51e-05,4.4
2461,layer,noun,B1,2.51e-05,4.4
2462,marry,verb,A2,2.51e-05,4.4
2463,nowhere,adverb,B1,2.51e-05,4.4
2464,nurse,"noun, verb",B1,2.51e-05,4.4
2465,obtain,verb,B1,2.51e-05,4.4
2466,organic,adjective,B1,2.51e-05,4.4
2467,poetry,noun,B1,2.51e-05,4.4
2468,pot,noun,B1,2.51e-05,4.4
2469,pray,verb,A1,2.51e-05,4.4
2470,recall,verb,B1,2.51e-05,4.4
2471,rugby,noun,A2,2.51e-05,4.4
2472,sake,noun,A2,2.51e-05,4.4
2473,sheet,noun,B1,2.51e-05,4.4
2474,smooth,adjective,A2,2.51e-05,4.4
2475,spiritual,adjective,B1,2.51e-05,4.4
2476,string,noun,A2,2.51e-05,4.4
2477,sudden,adjective,A2,2.51e-05,4.4
2478,vacation,noun,A1,2.51e-05,4.4
2479,sports center/sports centre,noun,A2,2.46e-05,4.39
2480,abroad,adverb,A2,2.45e-05,4.39
2481,associate,verb,B1,2.45e-05,4.39
2482,atlantic,adjective,B1,2.45e-05,4.39
2483,bench,noun,A2,2.45e-05,4.39
2484,bother,"noun, verb",A2,2.45e-05,4.39
2485,broadcast,"noun, verb",B2,2.45e-05,4.39
2486,bye,noun,A1,2.45e-05,4.39
2487,citizen,noun,A2,2.45e-05,4.39
2488,compete,verb,B1,2.45e-05,4.39
2489,cricket,noun,A2,2.45e-05,4.39
2490,damaged,adjective,B1,2.45e-05,4.39
2491,disaster,noun,B1,2.45e-05,4.39
2492,discover,verb,A2,2.45e-05,4.39
2493,entrance,noun,A2,2.45e-05,4.39
2494,equally,adverb,B1,2.45e-05,4.39
2495,fallen,adjective,B1,2.45e-05,4.39
2496,fitness,noun,B1,2.45e-05,4.39
2497,friendship,noun,A2,2.45e-05,4.39
2498,idiot,noun,B2,2.45e-05,4.39
2499,intense,adjective,B1,2.45e-05,4.39
2500,lifetime,noun,B2,2.45e-05,4.39
2501,liquid,"adjective, noun",B1,2.45e-05,4.39
2502,medal,noun,A2,2.45e-05,4.39
2503,mortgage,noun,B2,2.45e-05,4.39
2504,narrative,adjective,B1,2.45e-05,4.39
2505,narrow,adjective,B1,2.45e-05,4.39
2506,occasionally,adverb,B1,2.45e-05,4.39
2507,pan,noun,A2,2.45e-05,4.39
2508,physics,noun,B1,2.45e-05,4.39
2509,potentially,adverb,B2,2.45e-05,4.39
2510,reduction,noun,B1,2.45e-05,4.39
2511,reflect,verb,A2,2.45e-05,4.39
2512,refuse,"noun, verb",B1,2.45e-05,4.39
2513,resource,noun,B1,2.45e-05,4.39
2514,shell,"noun, verb",B2,2.45e-05,4.39
2515,silly,adjective,A2,2.45e-05,4.39
2516,translation,noun,B2,2.45e-05,4.39
2517,visible,adjective,B1,2.45e-05,4.39
2518,angle,noun,B1,2.4e-05,4.38
2519,arrive,verb,A1,2.4e-05,4.38
2520,belong,verb,A2,2.4e-05,4.38
2521,bishop,noun,B1,2.4e-05,4.38
2522,commonly,adverb,B1,2.4e-05,4.38
2523,connect,verb,B1,2.4e-05,4.38
2524,efficiency,noun,B1,2.4e-05,4.38
2525,enterprise,noun,B2,2.4e-05,4.38
2526,experiment,"noun, verb",B2,2.4e-05,4.38
2527,grass,noun,A1,2.4e-05,4.38
2528,increasingly,adverb,B1,2.4e-05,4.38
2529,incredibly,adverb,B1,2.4e-05,4.38
2530,journalist,noun,B1,2.4e-05,4.38
2531,mill,noun,B2,2.4e-05,4.38
2532,occasion,"noun, verb",B1,2.4e-05,4.38
2533,pace,noun,B1,2.4e-05,4.38
2534,passenger,noun,A2,2.4e-05,4.38
2535,pen,noun,A1,2.4e-05,4.38
2536,possession,noun,B1,2.4e-05,4.38
2537,rapid,adjective,B1,2.4e-05,4.38
2538,regulation,noun,B1,2.4e-05,4.38
2539,resident,"adjective, noun",B2,2.4e-05,4.38
2540,spin,verb,B2,2.4e-05,4.38
2541,suitable,adjective,A2,2.4e-05,4.38
2542,thirty,number,A1,2.4e-05,4.38
2543,valid,adjective,B2,2.4e-05,4.38
2544,vital,adjective,B2,2.4e-05,4.38
2545,agriculture,noun,B1,2.34e-05,4.37
2546,collect,verb,A1,2.34e-05,4.37
2547,commerce,noun,B2,2.34e-05,4.37
2548,cop,noun,A1,2.34e-05,4.37
2549,creek,noun,B2,2.34e-05,4.37
2550,currency,noun,B1,2.34e-05,4.37
2551,defense/defence,noun,B1,2.34e-05,4.37
2552,exhibition,noun,A2,2.34e-05,4.37
2553,fraud,noun,B2,2.34e-05,4.37
2554,funeral,noun,B1,2.34e-05,4.37
2555,genuine,adjective,B2,2.34e-05,4.37
2556,honey,noun,A2,2.34e-05,4.37
2557,hook,"noun, verb",B2,2.34e-05,4.37
2558,hunter,noun,A2,2.34e-05,4.37
2559,introduce,verb,A1,2.34e-05,4.37
2560,log,noun,B1,2.34e-05,4.37
2561,merely,adverb,B1,2.34e-05,4.37
2562,monitor,"noun, verb",B1,2.34e-05,4.37
2563,ms./ms,noun,A2,2.34e-05,4.37
2564,programming,noun,B2,2.34e-05,4.37
2565,regret,"noun, verb",A2,2.34e-05,4.37
2566,remind,verb,A2,2.34e-05,4.37
2567,resort,noun,B1,2.34e-05,4.37
2568,reverse,verb,B2,2.34e-05,4.37
2569,routine,noun,B1,2.34e-05,4.37
2570,scary,adjective,B1,2.34e-05,4.37
2571,seed,noun,A2,2.34e-05,4.37
2572,self-confident,adjective,B2,2.34e-05,4.37
2573,settle,verb,B1,2.34e-05,4.37
2574,spell,"noun, verb",A2,2.34e-05,4.37
2575,summary,noun,A2,2.34e-05,4.37
2576,survival,noun,B1,2.34e-05,4.37
2577,sword,noun,B1,2.34e-05,4.37
2578,tongue,noun,B1,2.34e-05,4.37
2579,ward,noun,B1,2.34e-05,4.37
2580,remote control,noun,B1,2.33e-05,4.37
2581,achievement,noun,B1,2.29e-05,4.36
2582,asleep,adjective,A2,2.29e-05,4.36
2583,automatic,adjective,A2,2.29e-05,4.36
2584,cd,noun,A1,2.29e-05,4.36
2585,coat,noun,A1,2.29e-05,4.36
2586,comprehensive,adjective,B2,2.29e-05,4.36
2587,consent,noun,B2,2.29e-05,4.36
2588,daddy,noun,A1,2.29e-05,4.36
2589,destruction,noun,B1,2.29e-05,4.36
2590,divorce,"noun, verb",B2,2.29e-05,4.36
2591,doc,noun,B1,2.29e-05,4.36
2592,engage,verb,B1,2.29e-05,4.36
2593,extraordinary,adjective,B1,2.29e-05,4.36
2594,fate,noun,B2,2.29e-05,4.36
2595,frequency,noun,B1,2.29e-05,4.36
2596,gene,noun,B1,2.29e-05,4.36
2597,glory,noun,B1,2.29e-05,4.36
2598,headquarters,noun,B2,2.29e-05,4.36
2599,heritage,noun,B2,2.29e-05,4.36
2600,initiative,noun,B2,2.29e-05,4.36
2601,juice,noun,A1,2.29e-05,4.36
2602,landscape,noun,A2,2.29e-05,4.36
2603,logic,noun,B1,2.29e-05,4.36
2604,objective,"adjective, noun",B1,2.29e-05,4.36
2605,privacy,noun,B1,2.29e-05,4.36
2606,regard,"noun, verb",B1,2.29e-05,4.36
2607,residence,noun,B2,2.29e-05,4.36
2608,roughly,adverb,A2,2.29e-05,4.36
2609,salary,noun,B2,2.29e-05,4.36
2610,script,noun,A2,2.29e-05,4.36
2611,strip,"noun, verb",B2,2.29e-05,4.36
2612,tube,noun,A1,2.29e-05,4.36
2613,science fiction,noun,B1,2.28e-05,4.36
2614,ambassador,noun,B2,2.24e-05,4.35
2615,banking,noun,A2,2.24e-05,4.35
2616,breast,noun,B1,2.24e-05,4.35
2617,chemistry,noun,B1,2.24e-05,4.35
2618,color/colour,"noun, verb",A1,2.24e-05,4.35
2619,consumption,noun,B1,2.24e-05,4.35
2620,corruption,noun,B2,2.24e-05,4.35
2621,cotton,noun,B1,2.24e-05,4.35
2622,discount,noun,B1,2.24e-05,4.35
2623,dozen,"determiner, noun",B1,2.24e-05,4.35
2624,exception,noun,B2,2.24e-05,4.35
2625,exit,"noun, verb",B1,2.24e-05,4.35
2626,expand,verb,B1,2.24e-05,4.35
2627,fancy,"adjective, noun, verb",B1,2.24e-05,4.35
2628,gorgeous,adjective,B1,2.24e-05,4.35
2629,grateful,adjective,A2,2.24e-05,4.35
2630,impression,noun,B1,2.24e-05,4.35
2631,indicate,verb,A2,2.24e-05,4.35
2632,input,noun,B2,2.24e-05,4.35
2633,knock,"noun, verb",B1,2.24e-05,4.35
2634,leather,noun,A2,2.24e-05,4.35
2635,luxury,"adjective, noun",B1,2.24e-05,4.35
2636,lyrics,noun,B2,2.24e-05,4.35
2637,ought to,modal auxiliary,B1,2.24e-05,4.35
2638,outcome,noun,B2,2.24e-05,4.35
2639,reporter,noun,A1,2.24e-05,4.35
2640,rob,verb,A2,2.24e-05,4.35
2641,sequence,noun,B1,2.24e-05,4.35
2642,stretch,verb,B1,2.24e-05,4.35
2643,tear,"noun, verb",B1,2.24e-05,4.35
2644,tennis,noun,A1,2.24e-05,4.35
2645,terrorist,"adjective, noun",B1,2.24e-05,4.35
2646,twelve,number,A1,2.24e-05,4.35
2647,wolf,noun,B2,2.24e-05,4.35
2648,absence,noun,B1,2.19e-05,4.34
2649,agricultural,adjective,B1,2.19e-05,4.34
2650,bull,noun,B1,2.19e-05,4.34
2651,commonwealth,noun,B2,2.19e-05,4.34
2652,contribute,verb,B1,2.19e-05,4.34
2653,contribution,noun,B1,2.19e-05,4.34
2654,delicious,adjective,A1,2.19e-05,4.34
2655,deny,verb,B1,2.19e-05,4.34
2656,ease,"noun, verb",B2,2.19e-05,4.34
2657,extend,verb,B1,2.19e-05,4.34
2658,fame,noun,B2,2.19e-05,4.34
2659,flood,"noun, verb",B1,2.19e-05,4.34
2660,genetic,adjective,B1,2.19e-05,4.34
2661,glasses,noun,A1,2.19e-05,4.34
2662,impressed,adjective,B2,2.19e-05,4.34
2663,instant,adjective,A2,2.19e-05,4.34
2664,liberty,noun,A2,2.19e-05,4.34
2665,principle,noun,B1,2.19e-05,4.34
2666,progressive,adjective,A2,2.19e-05,4.34
2667,punishment,noun,B1,2.19e-05,4.34
2668,rally,noun,B2,2.19e-05,4.34
2669,rapidly,adverb,B1,2.19e-05,4.34
2670,reader,noun,A1,2.19e-05,4.34
2671,sum,noun,A1,2.19e-05,4.34
2672,swing,"noun, verb",B2,2.19e-05,4.34
2673,tail,noun,B2,2.19e-05,4.34
2674,twin,noun,B1,2.19e-05,4.34
2675,alert,verb,B2,2.14e-05,4.33
2676,arena,noun,B2,2.14e-05,4.33
2677,boom,noun,B1,2.14e-05,4.33
2678,brave,adjective,A2,2.14e-05,4.33
2679,column,noun,A2,2.14e-05,4.33
2680,commit,verb,B1,2.14e-05,4.33
2681,compensation,noun,B2,2.14e-05,4.33
2682,composition,noun,B1,2.14e-05,4.33
2683,conservation,noun,B1,2.14e-05,4.33
2684,crossing,noun,B1,2.14e-05,4.33
2685,difficulty,noun,A2,2.14e-05,4.33
2686,elementary,adjective,A1,2.14e-05,4.33
2687,ethnic,adjective,B2,2.14e-05,4.33
2688,fleet,noun,B2,2.14e-05,4.33
2689,fundamental,adjective,B2,2.14e-05,4.33
2690,genius,noun,B2,2.14e-05,4.33
2691,greatly,adverb,A2,2.14e-05,4.33
2692,guidance,noun,B1,2.14e-05,4.33
2693,infection,noun,B1,2.14e-05,4.33
2694,intention,noun,B1,2.14e-05,4.33
2695,knee,noun,A1,2.14e-05,4.33
2696,mechanical,adjective,B1,2.14e-05,4.33
2697,participation,noun,B2,2.14e-05,4.33
2698,precious,adjective,B1,2.14e-05,4.33
2699,pretend,"adjective, verb",A2,2.14e-05,4.33
2700,priest,noun,B1,2.14e-05,4.33
2701,prominent,adjective,B1,2.14e-05,4.33
2702,proven,adjective,B2,2.14e-05,4.33
2703,radical,noun,B2,2.14e-05,4.33
2704,residential,adjective,B1,2.14e-05,4.33
2705,reward,"noun, verb",B2,2.14e-05,4.33
2706,robin,noun,A2,2.14e-05,4.33
2707,satellite,noun,B1,2.14e-05,4.33
2708,shake,"noun, verb",B1,2.14e-05,4.33
2709,shore,noun,A2,2.14e-05,4.33
2710,substantial,adjective,B1,2.14e-05,4.33
2711,teen,noun,B1,2.14e-05,4.33
2712,transmission,noun,B2,2.14e-05,4.33
2713,trap,noun,A2,2.14e-05,4.33
2714,uniform,"adjective, noun",A2,2.14e-05,4.33
2715,wildlife,noun,B1,2.14e-05,4.33
2716,wooden,adjective,A2,2.14e-05,4.33
2717,check-in desk/check-in,noun,B1,2.13e-05,4.33
2718,aggressive,adjective,B1,2.09e-05,4.32
2719,apparent,adjective,B1,2.09e-05,4.32
2720,bang,"noun, verb",B1,2.09e-05,4.32
2721,blast,"noun, verb",B2,2.09e-05,4.32
2722,complaint,noun,A2,2.09e-05,4.32
2723,component,noun,B2,2.09e-05,4.32
2724,courage,noun,B1,2.09e-05,4.32
2725,cure,"noun, verb",B2,2.09e-05,4.32
2726,desperate,adjective,B1,2.09e-05,4.32
2727,faculty,noun,B2,2.09e-05,4.32
2728,feedback,noun,B2,2.09e-05,4.32
2729,fighter,noun,A2,2.09e-05,4.32
2730,frozen,adjective,B1,2.09e-05,4.32
2731,humanity,noun,B1,2.09e-05,4.32
2732,innovation,noun,B2,2.09e-05,4.32
2733,invest,verb,B1,2.09e-05,4.32
2734,jacket,noun,A1,2.09e-05,4.32
2735,legislative,adjective,B2,2.09e-05,4.32
2736,manual,"adjective, noun",B2,2.09e-05,4.32
2737,operator,noun,B2,2.09e-05,4.32
2738,painful,adjective,B1,2.09e-05,4.32
2739,pound,"noun, verb",B2,2.09e-05,4.32
2740,preparation,noun,B1,2.09e-05,4.32
2741,punch,"noun, verb",B2,2.09e-05,4.32
2742,purple,"adjective, noun",A1,2.09e-05,4.32
2743,railroad,noun,B1,2.09e-05,4.32
2744,registration,noun,B1,2.09e-05,4.32
2745,romance,noun,A2,2.09e-05,4.32
2746,sufficient,adjective,B1,2.09e-05,4.32
2747,tissue,noun,B1,2.09e-05,4.32
2748,trailer,noun,B2,2.09e-05,4.32
2749,underground,"adjective, adverb",B2,2.09e-05,4.32
2750,versus,preposition,B2,2.09e-05,4.32
2751,virtual,adjective,B1,2.09e-05,4.32
2752,ice hockey,noun,B1,2.08e-05,4.32
2753,amongst,preposition,B2,2.04e-05,4.31
2754,announcement,noun,B1,2.04e-05,4.31
2755,biological,adjective,B2,2.04e-05,4.31
2756,bite,"noun, verb",B1,2.04e-05,4.31
2757,chip,noun,B2,2.04e-05,4.31
2758,concerning,preposition,B2,2.04e-05,4.31
2759,dare,verb,B1,2.04e-05,4.31
2760,database,noun,B2,2.04e-05,4.31
2761,define,verb,B1,2.04e-05,4.31
2762,discrimination,noun,B1,2.04e-05,4.31
2763,disorder,noun,B2,2.04e-05,4.31
2764,documentary,noun,B1,2.04e-05,4.31
2765,dynamic,adjective,B2,2.04e-05,4.31
2766,engagement,noun,B2,2.04e-05,4.31
2767,explore,verb,A2,2.04e-05,4.31
2768,grave,noun,B1,2.04e-05,4.31
2769,investigate,verb,B2,2.04e-05,4.31
2770,jazz,noun,B1,2.04e-05,4.31
2771,laboratory,noun,B1,2.04e-05,4.31
2772,literary,adjective,B1,2.04e-05,4.31
2773,mask,noun,B2,2.04e-05,4.31
2774,midnight,noun,A2,2.04e-05,4.31
2775,mouse,noun,A1,2.04e-05,4.31
2776,packed,adjective,B2,2.04e-05,4.31
2777,piano,noun,A1,2.04e-05,4.31
2778,praise,"noun, verb",B2,2.04e-05,4.31
2779,presentation,noun,B1,2.04e-05,4.31
2780,psychology,noun,B2,2.04e-05,4.31
2781,relation,noun,B1,2.04e-05,4.31
2782,rocket,noun,B2,2.04e-05,4.31
2783,ruin,"noun, verb",A2,2.04e-05,4.31
2784,slave,noun,A2,2.04e-05,4.31
2785,stability,noun,B2,2.04e-05,4.31
2786,steady,adjective,B1,2.04e-05,4.31
2787,symbol,noun,A2,2.04e-05,4.31
2788,terminal,noun,B1,2.04e-05,4.31
2789,toilet,noun,A1,2.04e-05,4.31
2790,treaty,noun,B2,2.04e-05,4.31
2791,unlikely,adjective,B1,2.04e-05,4.31
2792,affair,noun,A2,2e-05,4.3
2793,agenda,noun,B1,2e-05,4.3
2794,bat,"noun, verb",B1,2e-05,4.3
2795,bow,"noun, verb",B2,2e-05,4.3
2796,calendar,noun,A2,2e-05,4.3
2797,cd player,noun,A1,2e-05,4.3
2798,cooperation,noun,B2,2e-05,4.3
2799,craft,noun,B1,2e-05,4.3
2800,darkness,noun,B1,2e-05,4.3
2801,devil,noun,B2,2e-05,4.3
2802,edit,"noun, verb",B2,2e-05,4.3
2803,enable,verb,B1,2e-05,4.3
2804,equity,noun,B2,2e-05,4.3
2805,fortune,noun,A2,2e-05,4.3
2806,hardware,noun,B2,2e-05,4.3
2807,intellectual,"adjective, noun",B2,2e-05,4.3
2808,invite,verb,A2,2e-05,4.3
2809,involvement,noun,B2,2e-05,4.3
2810,partly,adverb,A2,2e-05,4.3
2811,phrase,noun,B1,2e-05,4.3
2812,physically,adverb,A2,2e-05,4.3
2813,racial,adjective,B1,2e-05,4.3
2814,regime,noun,B2,2e-05,4.3
2815,sauce,noun,A2,2e-05,4.3
2816,seal,noun,B2,2e-05,4.3
2817,shield,noun,B2,2e-05,4.3
2818,similarly,adverb,B1,2e-05,4.3
2819,slide,"noun, verb",B2,2e-05,4.3
2820,stem,verb,B1,2e-05,4.3
2821,summit,noun,B1,2e-05,4.3
2822,talented,adjective,B1,2e-05,4.3
2823,throat,noun,B2,2e-05,4.3
2824,tiger,noun,A1,2e-05,4.3
2825,toy,noun,A1,2e-05,4.3
2826,wisdom,noun,A2,2e-05,4.3
2827,awkward,adjective,B1,1.95e-05,4.29
2828,beast,noun,B1,1.95e-05,4.29
2829,beef,noun,A1,1.95e-05,4.29
2830,candy,noun,A1,1.95e-05,4.29
2831,celebration,noun,A1,1.95e-05,4.29
2832,celebrity,noun,B1,1.95e-05,4.29
2833,certificate,noun,B2,1.95e-05,4.29
2834,coaching,noun,B2,1.95e-05,4.29
2835,dated,adjective,B2,1.95e-05,4.29
2836,disabled,adjective,B1,1.95e-05,4.29
2837,drag,verb,B1,1.95e-05,4.29
2838,educated,adjective,B2,1.95e-05,4.29
2839,eligible,adjective,B2,1.95e-05,4.29
2840,estimate,"noun, verb",B1,1.95e-05,4.29
2841,execution,noun,B2,1.95e-05,4.29
2842,fifty,number,A1,1.95e-05,4.29
2843,fool,"noun, verb",B1,1.95e-05,4.29
2844,furniture,noun,A2,1.95e-05,4.29
2845,intelligent,adjective,A2,1.95e-05,4.29
2846,interaction,noun,B1,1.95e-05,4.29
2847,jet,noun,A1,1.95e-05,4.29
2848,lifestyle,noun,A2,1.95e-05,4.29
2849,lighting,noun,B2,1.95e-05,4.29
2850,mall,noun,A2,1.95e-05,4.29
2851,overseas,"adjective, adverb",A2,1.95e-05,4.29
2852,polish,noun,B2,1.95e-05,4.29
2853,recover,verb,B1,1.95e-05,4.29
2854,relax,verb,A2,1.95e-05,4.29
2855,reliable,adjective,B1,1.95e-05,4.29
2856,rely,verb,B1,1.95e-05,4.29
2857,remarkable,adjective,B1,1.95e-05,4.29
2858,succeed,verb,A2,1.95e-05,4.29
2859,tale,noun,B1,1.95e-05,4.29
2860,timing,noun,B2,1.95e-05,4.29
2861,ton,noun,B2,1.95e-05,4.29
2862,worship,noun,B2,1.95e-05,4.29
2863,worthy,adjective,B1,1.95e-05,4.29
2864,alarm,"noun, verb",B1,1.91e-05,4.28
2865,bloody,"adjective, adverb",B2,1.91e-05,4.28
2866,consideration,noun,B1,1.91e-05,4.28
2867,crucial,adjective,B2,1.91e-05,4.28
2868,dependent,adjective,B1,1.91e-05,4.28
2869,filter,noun,B1,1.91e-05,4.28
2870,globe,noun,A2,1.91e-05,4.28
2871,intent,adjective,B2,1.91e-05,4.28
2872,involve,verb,B1,1.91e-05,4.28
2873,logo,noun,B1,1.91e-05,4.28
2874,mature,adjective,B2,1.91e-05,4.28
2875,peaceful,adjective,A2,1.91e-05,4.28
2876,photographer,noun,A2,1.91e-05,4.28
2877,pin,"noun, verb",B1,1.91e-05,4.28
2878,prevention,noun,B2,1.91e-05,4.28
2879,publicly,adverb,B1,1.91e-05,4.28
2880,pump,noun,B1,1.91e-05,4.28
2881,revenge,noun,B2,1.91e-05,4.28
2882,satisfied,adjective,B1,1.91e-05,4.28
2883,slip,"noun, verb",B1,1.91e-05,4.28
2884,spare,"adjective, verb",B2,1.91e-05,4.28
2885,specialist,noun,B1,1.91e-05,4.28
2886,stranger,noun,A2,1.91e-05,4.28
2887,submit,verb,B2,1.91e-05,4.28
2888,surprising,adjective,A2,1.91e-05,4.28
2889,tap,"noun, verb",B2,1.91e-05,4.28
2890,tourism,noun,B1,1.91e-05,4.28
2891,volunteer,"noun, verb",B1,1.91e-05,4.28
2892,high-tech/hi-tech,adjective,B2,1.9e-05,4.28
2893,native speaker,noun,B2,1.89e-05,4.28
2894,table tennis,noun,A2,1.87e-05,4.27
2895,acceptable,adjective,A2,1.86e-05,4.27
2896,challenging,adjective,B1,1.86e-05,4.27
2897,chaos,noun,B1,1.86e-05,4.27
2898,concentration,noun,B1,1.86e-05,4.27
2899,copper,noun,B2,1.86e-05,4.27
2900,dawn,noun,B2,1.86e-05,4.27
2901,dispute,noun,B2,1.86e-05,4.27
2902,earnings,noun,B2,1.86e-05,4.27
2903,frequent,adjective,B1,1.86e-05,4.27
2904,hilarious,adjective,B2,1.86e-05,4.27
2905,margin,noun,B2,1.86e-05,4.27
2906,moderate,adjective,B1,1.86e-05,4.27
2907,opera,noun,A1,1.86e-05,4.27
2908,overcome,verb,B1,1.86e-05,4.27
2909,passage,noun,A2,1.86e-05,4.27
2910,pit,noun,B1,1.86e-05,4.27
2911,psychological,adjective,B1,1.86e-05,4.27
2912,radiation,noun,B1,1.86e-05,4.27
2913,shocked,adjective,B1,1.86e-05,4.27
2914,stroke,"noun, verb",B2,1.86e-05,4.27
2915,stunning,adjective,B1,1.86e-05,4.27
2916,tune,noun,A2,1.86e-05,4.27
2917,utility,noun,B2,1.86e-05,4.27
2918,vessel,noun,B1,1.86e-05,4.27
2919,weed,noun,B2,1.86e-05,4.27
2920,wherever,conjunction,B1,1.86e-05,4.27
2921,acquisition,noun,B2,1.82e-05,4.26
2922,announce,verb,B1,1.82e-05,4.26
2923,autumn,noun,A1,1.82e-05,4.26
2924,bold,"adjective, noun",B2,1.82e-05,4.26
2925,breathe,verb,A1,1.82e-05,4.26
2926,classical,adjective,B1,1.82e-05,4.26
2927,clip,noun,B1,1.82e-05,4.26
2928,controversy,noun,B2,1.82e-05,4.26
2929,convince,verb,B1,1.82e-05,4.26
2930,encounter,"noun, verb",B2,1.82e-05,4.26
2931,equality,noun,B1,1.82e-05,4.26
2932,exam,noun,A2,1.82e-05,4.26
2933,examination,noun,B1,1.82e-05,4.26
2934,fiscal,adjective,B2,1.82e-05,4.26
2935,homeless,adjective,B1,1.82e-05,4.26
2936,instrument,noun,A2,1.82e-05,4.26
2937,lover,noun,A2,1.82e-05,4.26
2938,menu,noun,A2,1.82e-05,4.26
2939,mutual,adjective,B1,1.82e-05,4.26
2940,oral,"adjective, noun",B1,1.82e-05,4.26
2941,panic,"noun, verb",B2,1.82e-05,4.26
2942,pursue,verb,A2,1.82e-05,4.26
2943,requirement,noun,B1,1.82e-05,4.26
2944,rip,verb,B2,1.82e-05,4.26
2945,scope,noun,B1,1.82e-05,4.26
2946,segment,noun,B2,1.82e-05,4.26
2947,terror,noun,B1,1.82e-05,4.26
2948,venture,noun,B2,1.82e-05,4.26
2949,virtually,adverb,B2,1.82e-05,4.26
2950,worn,adjective,B1,1.82e-05,4.26
2951,organization/organisation,noun,B1,1.8e-05,4.26
2952,arrangement,noun,B1,1.78e-05,4.25
2953,brick,noun,B1,1.78e-05,4.25
2954,considerable,adjective,B1,1.78e-05,4.25
2955,conventional,adjective,B2,1.78e-05,4.25
2956,dvd,noun,A1,1.78e-05,4.25
2957,emperor,noun,B1,1.78e-05,4.25
2958,enormous,adjective,A2,1.78e-05,4.25
2959,forgive,verb,B1,1.78e-05,4.25
2960,garage,noun,A2,1.78e-05,4.25
2961,inspector,noun,B2,1.78e-05,4.25
2962,lion,noun,A1,1.78e-05,4.25
2963,lonely,adjective,A1,1.78e-05,4.25
2964,mercy,noun,B2,1.78e-05,4.25
2965,nevertheless,adverb,B1,1.78e-05,4.25
2966,outer,adjective,B1,1.78e-05,4.25
2967,oxygen,noun,B1,1.78e-05,4.25
2968,pipe,noun,B1,1.78e-05,4.25
2969,poem,noun,A1,1.78e-05,4.25
2970,powder,"noun, verb",B2,1.78e-05,4.25
2971,racism,noun,B2,1.78e-05,4.25
2972,rude,adjective,A1,1.78e-05,4.25
2973,screw,"noun, verb",B2,1.78e-05,4.25
2974,shelter,noun,B1,1.78e-05,4.25
2975,signature,noun,B1,1.78e-05,4.25
2976,spider,noun,B1,1.78e-05,4.25
2977,trigger,noun,B1,1.78e-05,4.25
2978,vary,verb,B1,1.78e-05,4.25
2979,venue,noun,B2,1.78e-05,4.25
2980,accuracy,noun,B1,1.74e-05,4.24
2981,artificial,adjective,A2,1.74e-05,4.24
2982,beneath,preposition,B1,1.74e-05,4.24
2983,bullet,noun,B1,1.74e-05,4.24
2984,conversion,noun,B2,1.74e-05,4.24
2985,copyright,noun,B1,1.74e-05,4.24
2986,deposit,"noun, verb",B2,1.74e-05,4.24
2987,destination,noun,B1,1.74e-05,4.24
2988,dirt,noun,B1,1.74e-05,4.24
2989,diverse,adjective,B1,1.74e-05,4.24
2990,divine,adjective,B1,1.74e-05,4.24
2991,exclusively,adverb,B2,1.74e-05,4.24
2992,export,"noun, verb",B2,1.74e-05,4.24
2993,formerly,adverb,B2,1.74e-05,4.24
2994,functional,adjective,B2,1.74e-05,4.24
2995,gather,verb,A2,1.74e-05,4.24
2996,grandfather,noun,A1,1.74e-05,4.24
2997,habit,noun,A1,1.74e-05,4.24
2998,jealous,adjective,B1,1.74e-05,4.24
2999,lazy,adjective,A1,1.74e-05,4.24
3000,naval,adjective,B2,1.74e-05,4.24
3001,neutral,adjective,B1,1.74e-05,4.24
3002,noble,adjective,B2,1.74e-05,4.24
3003,popularity,noun,B2,1.74e-05,4.24
3004,relate,verb,B1,1.74e-05,4.24
3005,robot,noun,B1,1.74e-05,4.24
3006,sacred,adjective,B1,1.74e-05,4.24
3007,shoe,noun,A1,1.74e-05,4.24
3008,spy,noun,A1,1.74e-05,4.24
3009,terrorism,noun,B1,1.74e-05,4.24
3010,toxic,adjective,B2,1.74e-05,4.24
3011,tunnel,noun,B2,1.74e-05,4.24
3012,upgrade,"noun, verb",B2,1.74e-05,4.24
3013,wound,"noun, verb",B2,1.74e-05,4.24
3014,classical music,noun,A2,1.72e-05,4.24
3015,swimming pool,noun,A1,1.71e-05,4.23
3016,actively,adverb,B2,1.7e-05,4.23
3017,baker,noun,B1,1.7e-05,4.23
3018,brush,"noun, verb",A1,1.7e-05,4.23
3019,burden,"noun, verb",B2,1.7e-05,4.23
3020,casual,adjective,B1,1.7e-05,4.23
3021,chef,noun,A2,1.7e-05,4.23
3022,coalition,noun,B2,1.7e-05,4.23
3023,complain,verb,A2,1.7e-05,4.23
3024,controversial,adjective,B1,1.7e-05,4.23
3025,differently,adverb,A2,1.7e-05,4.23
3026,discipline,noun,B2,1.7e-05,4.23
3027,disgusting,adjective,B1,1.7e-05,4.23
3028,dj,noun,B1,1.7e-05,4.23
3029,essay,noun,A2,1.7e-05,4.23
3030,expense,noun,B1,1.7e-05,4.23
3031,furthermore,adverb,B1,1.7e-05,4.23
3032,graphic,adjective,B1,1.7e-05,4.23
3033,healing,adjective,B1,1.7e-05,4.23
3034,instantly,adverb,B2,1.7e-05,4.23
3035,invasion,noun,B1,1.7e-05,4.23
3036,laptop,noun,B2,1.7e-05,4.23
3037,legendary,adjective,B2,1.7e-05,4.23
3038,maker,noun,A2,1.7e-05,4.23
3039,outdoor,adjective,B1,1.7e-05,4.23
3040,palm,noun,B1,1.7e-05,4.23
3041,photograph,"noun, verb",B2,1.7e-05,4.23
3042,pole,noun,B1,1.7e-05,4.23
3043,pub,noun,B1,1.7e-05,4.23
3044,reception,noun,B1,1.7e-05,4.23
3045,recipe,noun,B2,1.7e-05,4.23
3046,rubber,noun,B1,1.7e-05,4.23
3047,serial,adjective,B2,1.7e-05,4.23
3048,shed,noun,B2,1.7e-05,4.23
3049,snake,noun,A1,1.7e-05,4.23
3050,strict,adjective,A1,1.7e-05,4.23
3051,substance,noun,B2,1.7e-05,4.23
3052,suggestion,noun,A1,1.7e-05,4.23
3053,syndrome,noun,B1,1.7e-05,4.23
3054,unexpected,adjective,B1,1.7e-05,4.23
3055,usage,noun,B1,1.7e-05,4.23
3056,video clip,noun,B1,1.7e-05,4.23
3057,accidentally,adverb,B1,1.66e-05,4.22
3058,affordable,adjective,B2,1.66e-05,4.22
3059,bearing,noun,B2,1.66e-05,4.22
3060,bin,noun,B1,1.66e-05,4.22
3061,biology,noun,B1,1.66e-05,4.22
3062,briefly,adverb,B1,1.66e-05,4.22
3063,canal,noun,B1,1.66e-05,4.22
3064,climb,"noun, verb",A2,1.66e-05,4.22
3065,completion,noun,B2,1.66e-05,4.22
3066,cruise,"noun, verb",B2,1.66e-05,4.22
3067,delete,verb,B1,1.66e-05,4.22
3068,departure,noun,B1,1.66e-05,4.22
3069,dig,"noun, verb",B1,1.66e-05,4.22
3070,employer,noun,B2,1.66e-05,4.22
3071,explosion,noun,B1,1.66e-05,4.22
3072,fever,noun,A1,1.66e-05,4.22
3073,fluid,adjective,B2,1.66e-05,4.22
3074,folk,noun,B1,1.66e-05,4.22
3075,generate,verb,B1,1.66e-05,4.22
3076,handsome,adjective,A1,1.66e-05,4.22
3077,imagination,noun,A2,1.66e-05,4.22
3078,interpretation,noun,B2,1.66e-05,4.22
3079,leaf,noun,A1,1.66e-05,4.22
3080,legitimate,adjective,B2,1.66e-05,4.22
3081,lightning,noun,B1,1.66e-05,4.22
3082,magical,adjective,B1,1.66e-05,4.22
3083,motivation,noun,B1,1.66e-05,4.22
3084,nasty,adjective,B1,1.66e-05,4.22
3085,outfit,noun,B2,1.66e-05,4.22
3086,pension,noun,B2,1.66e-05,4.22
3087,permit,verb,B1,1.66e-05,4.22
3088,pleasant,adjective,A2,1.66e-05,4.22
3089,portrait,noun,A2,1.66e-05,4.22
3090,productive,adjective,B1,1.66e-05,4.22
3091,safely,adverb,B1,1.66e-05,4.22
3092,slight,"adjective, noun",B1,1.66e-05,4.22
3093,sue,verb,B2,1.66e-05,4.22
3094,tension,noun,B1,1.66e-05,4.22
3095,twist,"noun, verb",B1,1.66e-05,4.22
3096,unemployment,noun,B1,1.66e-05,4.22
3097,useless,adjective,B1,1.66e-05,4.22
3098,virtual reality,noun,B2,1.65e-05,4.22
3099,backup,noun,B2,1.62e-05,4.21
3100,bitter,adjective,B1,1.62e-05,4.21
3101,clever,adjective,A1,1.62e-05,4.21
3102,clinic,noun,B1,1.62e-05,4.21
3103,continuous,adjective,B1,1.62e-05,4.21
3104,correctly,adverb,A2,1.62e-05,4.21
3105,creator,noun,B1,1.62e-05,4.21
3106,detective,noun,B1,1.62e-05,4.21
3107,disability,noun,B1,1.62e-05,4.21
3108,dish,noun,A1,1.62e-05,4.21
3109,duck,noun,A2,1.62e-05,4.21
3110,evaluation,noun,B2,1.62e-05,4.21
3111,excess,noun,B1,1.62e-05,4.21
3112,farming,noun,B1,1.62e-05,4.21
3113,fence,noun,A2,1.62e-05,4.21
3114,gradually,adverb,A2,1.62e-05,4.21
3115,highlight,"noun, verb",B1,1.62e-05,4.21
3116,holder,noun,B2,1.62e-05,4.21
3117,hood,noun,B2,1.62e-05,4.21
3118,identical,adjective,B2,1.62e-05,4.21
3119,legally,adverb,B1,1.62e-05,4.21
3120,manufacturer,noun,B2,1.62e-05,4.21
3121,nail,noun,B1,1.62e-05,4.21
3122,nonsense,noun,B1,1.62e-05,4.21
3123,phoenix,noun,B1,1.62e-05,4.21
3124,poet,noun,B1,1.62e-05,4.21
3125,repeatedly,adverb,B1,1.62e-05,4.21
3126,scientist,noun,A1,1.62e-05,4.21
3127,sink,"noun, verb",B1,1.62e-05,4.21
3128,skip,verb,B2,1.62e-05,4.21
3129,slavery,noun,B1,1.62e-05,4.21
3130,snap,verb,B2,1.62e-05,4.21
3131,swim,"noun, verb",A1,1.62e-05,4.21
3132,transformation,noun,B1,1.62e-05,4.21
3133,veteran,noun,B2,1.62e-05,4.21
3134,wealthy,adjective,B2,1.62e-05,4.21
3135,saving/savings,noun,B2,1.61e-05,4.21
3136,honor/honour,"noun, verb",B2,1.59e-05,4.2
3137,additionally,adverb,B2,1.58e-05,4.2
3138,attract,verb,B1,1.58e-05,4.2
3139,bored,adjective,A2,1.58e-05,4.2
3140,bronze,noun,B1,1.58e-05,4.2
3141,bug,noun,A2,1.58e-05,4.2
3142,caring,adjective,B2,1.58e-05,4.2
3143,cave,noun,B1,1.58e-05,4.2
3144,communicate,verb,A2,1.58e-05,4.2
3145,demonstrate,verb,B1,1.58e-05,4.2
3146,depend,verb,A2,1.58e-05,4.2
3147,distinguished,adjective,B2,1.58e-05,4.2
3148,dose,noun,B2,1.58e-05,4.2
3149,flesh,noun,B2,1.58e-05,4.2
3150,flip,verb,B2,1.58e-05,4.2
3151,forty,number,A1,1.58e-05,4.2
3152,generous,adjective,B1,1.58e-05,4.2
3153,implement,"noun, verb",B2,1.58e-05,4.2
3154,laser,noun,B2,1.58e-05,4.2
3155,loyal,adjective,B1,1.58e-05,4.2
3156,mentally,adverb,B1,1.58e-05,4.2
3157,occupation,noun,A2,1.58e-05,4.2
3158,opponent,noun,B2,1.58e-05,4.2
3159,patch,noun,B2,1.58e-05,4.2
3160,patience,noun,B1,1.58e-05,4.2
3161,pollution,noun,A1,1.58e-05,4.2
3162,precisely,adverb,B2,1.58e-05,4.2
3163,prisoner,noun,B1,1.58e-05,4.2
3164,privilege,noun,B2,1.58e-05,4.2
3165,radar,noun,B2,1.58e-05,4.2
3166,resist,verb,B1,1.58e-05,4.2
3167,striking,adjective,B2,1.58e-05,4.2
3168,tourist,noun,A2,1.58e-05,4.2
3169,villa,noun,B2,1.58e-05,4.2
3170,wrap,"noun, verb",B1,1.58e-05,4.2
3171,yoga,noun,B1,1.58e-05,4.2
3172,behavior/behaviour,noun,A2,1.56e-05,4.19
3173,adopt,verb,B1,1.55e-05,4.19
3174,beside,preposition,A1,1.55e-05,4.19
3175,blade,noun,B2,1.55e-05,4.19
3176,boot,noun,B1,1.55e-05,4.19
3177,coastal,adjective,B1,1.55e-05,4.19
3178,coin,noun,A2,1.55e-05,4.19
3179,confusion,noun,B1,1.55e-05,4.19
3180,corn,noun,A1,1.55e-05,4.19
3181,customs,noun,B1,1.55e-05,4.19
3182,dealer,noun,B1,1.55e-05,4.19
3183,destiny,noun,B2,1.55e-05,4.19
3184,distant,adjective,B1,1.55e-05,4.19
3185,electronics,noun,B2,1.55e-05,4.19
3186,emotion,noun,B1,1.55e-05,4.19
3187,emphasis,noun,B1,1.55e-05,4.19
3188,excitement,noun,B1,1.55e-05,4.19
3189,exploration,noun,B1,1.55e-05,4.19
3190,filling,noun,B1,1.55e-05,4.19
3191,graphics,noun,B1,1.55e-05,4.19
3192,insight,noun,B1,1.55e-05,4.19
3193,nerve,noun,B2,1.55e-05,4.19
3194,nightmare,noun,B2,1.55e-05,4.19
3195,overnight,"adjective, adverb",B1,1.55e-05,4.19
3196,pie,noun,B1,1.55e-05,4.19
3197,poster,noun,A1,1.55e-05,4.19
3198,practically,adverb,B2,1.55e-05,4.19
3199,preserve,verb,B1,1.55e-05,4.19
3200,qualify,verb,B1,1.55e-05,4.19
3201,ram,noun,B2,1.55e-05,4.19
3202,sandy,adjective,A2,1.55e-05,4.19
3203,sheep,noun,A1,1.55e-05,4.19
3204,taxi,noun,A1,1.55e-05,4.19
3205,threatening,adjective,B1,1.55e-05,4.19
3206,tobacco,noun,B1,1.55e-05,4.19
3207,trace,"noun, verb",B2,1.55e-05,4.19
3208,uncomfortable,adjective,A2,1.55e-05,4.19
3209,weakness,noun,B1,1.55e-05,4.19
3210,widespread,adjective,B1,1.55e-05,4.19
3211,film-maker,noun,B1,1.53e-05,4.18
3212,accessible,adjective,B1,1.51e-05,4.18
3213,acknowledge,verb,B1,1.51e-05,4.18
3214,animation,noun,B1,1.51e-05,4.18
3215,assignment,noun,B1,1.51e-05,4.18
3216,balanced,adjective,B2,1.51e-05,4.18
3217,bare,"adjective, verb",B2,1.51e-05,4.18
3218,basement,noun,B1,1.51e-05,4.18
3219,cancel,verb,B1,1.51e-05,4.18
3220,carpet,noun,B1,1.51e-05,4.18
3221,ceiling,noun,B2,1.51e-05,4.18
3222,cherry,noun,B2,1.51e-05,4.18
3223,classification,noun,B2,1.51e-05,4.18
3224,clue,noun,A2,1.51e-05,4.18
3225,collapse,"noun, verb",B2,1.51e-05,4.18
3226,compound,noun,B1,1.51e-05,4.18
3227,conscious,adjective,B1,1.51e-05,4.18
3228,costume,noun,B2,1.51e-05,4.18
3229,devoted,adjective,B2,1.51e-05,4.18
3230,endless,adjective,B1,1.51e-05,4.18
3231,examine,verb,B1,1.51e-05,4.18
3232,garbage,noun,A1,1.51e-05,4.18
3233,grain,noun,B2,1.51e-05,4.18
3234,heating,noun,A2,1.51e-05,4.18
3235,identification,noun,B2,1.51e-05,4.18
3236,lap,noun,B2,1.51e-05,4.18
3237,liver,noun,B1,1.51e-05,4.18
3238,mixture,noun,B2,1.51e-05,4.18
3239,oak,noun,A2,1.51e-05,4.18
3240,perception,noun,B2,1.51e-05,4.18
3241,physician,noun,B2,1.51e-05,4.18
3242,proceed,verb,B1,1.51e-05,4.18
3243,restore,verb,B1,1.51e-05,4.18
3244,rival,noun,B2,1.51e-05,4.18
3245,runner,noun,A2,1.51e-05,4.18
3246,sadly,adverb,A2,1.51e-05,4.18
3247,significance,noun,B1,1.51e-05,4.18
3248,soap,noun,A2,1.51e-05,4.18
3249,spray,"noun, verb",B2,1.51e-05,4.18
3250,stressed,adjective,B1,1.51e-05,4.18
3251,tropical,adjective,B1,1.51e-05,4.18
3252,unnecessary,adjective,A2,1.51e-05,4.18
3253,verse,"noun, verb",B2,1.51e-05,4.18
3254,well-balanced,adjective,B2,1.49e-05,4.17
3255,adoption,noun,B2,1.48e-05,4.17
3256,anonymous,adjective,B2,1.48e-05,4.17
3257,artistic,adjective,B1,1.48e-05,4.17
3258,attendance,noun,B2,1.48e-05,4.17
3259,barrel,noun,B1,1.48e-05,4.17
3260,beloved,adjective,B1,1.48e-05,4.17
3261,bless,verb,B1,1.48e-05,4.17
3262,boxing,noun,B1,1.48e-05,4.17
3263,cinema,noun,A1,1.48e-05,4.17
3264,colonial,adjective,B2,1.48e-05,4.17
3265,contrary,adjective,B1,1.48e-05,4.17
3266,couch,noun,A1,1.48e-05,4.17
3267,crush,noun,B1,1.48e-05,4.17
3268,dam,noun,A2,1.48e-05,4.17
3269,decrease,"noun, verb",B1,1.48e-05,4.17
3270,genre,noun,B2,1.48e-05,4.17
3271,gentle,adjective,A2,1.48e-05,4.17
3272,grammar,noun,A1,1.48e-05,4.17
3273,hiv,noun,B1,1.48e-05,4.17
3274,jam,"noun, verb",B2,1.48e-05,4.17
3275,lease,noun,B2,1.48e-05,4.17
3276,loyalty,noun,B1,1.48e-05,4.17
3277,mysterious,adjective,A2,1.48e-05,4.17
3278,notion,noun,B1,1.48e-05,4.17
3279,partial,adjective,B1,1.48e-05,4.17
3280,rat,noun,A1,1.48e-05,4.17
3281,reflection,noun,B1,1.48e-05,4.17
3282,resolve,verb,B1,1.48e-05,4.17
3283,revolutionary,adjective,B2,1.48e-05,4.17
3284,scandal,noun,B2,1.48e-05,4.17
3285,shine,verb,A2,1.48e-05,4.17
3286,simultaneously,adverb,B1,1.48e-05,4.17
3287,substitute,"noun, verb",B2,1.48e-05,4.17
3288,surveillance,noun,B2,1.48e-05,4.17
3289,testimony,noun,B2,1.48e-05,4.17
3290,treasure,noun,A2,1.48e-05,4.17
3291,trophy,noun,B2,1.48e-05,4.17
3292,unfair,adjective,A2,1.48e-05,4.17
3293,gray/grey,"adjective, noun",A1,1.46e-05,4.16
3294,acceptance,noun,B1,1.45e-05,4.16
3295,annually,adverb,B1,1.45e-05,4.16
3296,ash,noun,B2,1.45e-05,4.16
3297,aunt,noun,A1,1.45e-05,4.16
3298,bubble,noun,B1,1.45e-05,4.16
3299,creature,noun,A2,1.45e-05,4.16
3300,deadly,adjective,B1,1.45e-05,4.16
3301,determination,noun,B1,1.45e-05,4.16
3302,embrace,noun,B2,1.45e-05,4.16
3303,exhibit,verb,B2,1.45e-05,4.16
3304,gentleman,noun,B1,1.45e-05,4.16
3305,hammer,"noun, verb",B2,1.45e-05,4.16
3306,icon,noun,B2,1.45e-05,4.16
3307,legislature,noun,B2,1.45e-05,4.16
3308,marathon,noun,B2,1.45e-05,4.16
3309,moreover,adverb,B1,1.45e-05,4.16
3310,ours,pronoun,A1,1.45e-05,4.16
3311,parade,noun,B2,1.45e-05,4.16
3312,paradise,noun,B1,1.45e-05,4.16
3313,politician,noun,B1,1.45e-05,4.16
3314,preliminary,adjective,B2,1.45e-05,4.16
3315,presidency,noun,B2,1.45e-05,4.16
3316,react,verb,B1,1.45e-05,4.16
3317,realistic,adjective,B1,1.45e-05,4.16
3318,retain,verb,B1,1.45e-05,4.16
3319,rocky,adjective,B2,1.45e-05,4.16
3320,satisfaction,noun,B1,1.45e-05,4.16
3321,scratch,"noun, verb",B2,1.45e-05,4.16
3322,shade,noun,A2,1.45e-05,4.16
3323,sheriff,noun,B1,1.45e-05,4.16
3324,shy,adjective,A1,1.45e-05,4.16
3325,sometime,adverb,B1,1.45e-05,4.16
3326,strictly,adverb,B2,1.45e-05,4.16
3327,sunshine,noun,A1,1.45e-05,4.16
3328,warrior,noun,B1,1.45e-05,4.16
3329,yield,verb,B2,1.45e-05,4.16
3330,email/e-mail/e-mail,noun,A1,1.44e-05,4.16
3331,realize/realise,verb,A2,1.43e-05,4.16
3332,admission,noun,B1,1.41e-05,4.15
3333,bacon,noun,B1,1.41e-05,4.15
3334,barrier,noun,B2,1.41e-05,4.15
3335,burst,verb,B1,1.41e-05,4.15
3336,cattle,noun,B1,1.41e-05,4.15
3337,classroom,noun,A1,1.41e-05,4.15
3338,compromise,"noun, verb",B2,1.41e-05,4.15
3339,convenient,adjective,A2,1.41e-05,4.15
3340,crop,noun,B1,1.41e-05,4.15
3341,earthquake,noun,A2,1.41e-05,4.15
3342,elderly,adjective,A2,1.41e-05,4.15
3343,eliminate,verb,B1,1.41e-05,4.15
3344,embarrassing,adjective,A2,1.41e-05,4.15
3345,farmer,noun,A1,1.41e-05,4.15
3346,inform,verb,B1,1.41e-05,4.15
3347,mathematics,noun,B1,1.41e-05,4.15
3348,medication,noun,B2,1.41e-05,4.15
3349,quietly,adverb,A2,1.41e-05,4.15
3350,salad,noun,A1,1.41e-05,4.15
3351,scholarship,noun,B1,1.41e-05,4.15
3352,soup,noun,A1,1.41e-05,4.15
3353,southeast,"adjective, noun",B1,1.41e-05,4.15
3354,stake,noun,B2,1.41e-05,4.15
3355,strain,"noun, verb",B2,1.41e-05,4.15
3356,swift,adjective,B2,1.41e-05,4.15
3357,tackle,verb,B2,1.41e-05,4.15
3358,torture,verb,B2,1.41e-05,4.15
3359,urgent,adjective,B1,1.41e-05,4.15
3360,wallet,noun,A2,1.41e-05,4.15
3361,workshop,noun,B1,1.41e-05,4.15
3362,aboard,adverb,B1,1.38e-05,4.14
3363,abstract,adjective,B1,1.38e-05,4.14
3364,accent,noun,B1,1.38e-05,4.14
3365,addiction,noun,B2,1.38e-05,4.14
3366,awake,adjective,A1,1.38e-05,4.14
3367,beam,noun,B2,1.38e-05,4.14
3368,blank,adjective,A1,1.38e-05,4.14
3369,corrupt,adjective,B2,1.38e-05,4.14
3370,cow,noun,A1,1.38e-05,4.14
3371,curve,noun,B1,1.38e-05,4.14
3372,depressed,adjective,B1,1.38e-05,4.14
3373,encouraging,adjective,B1,1.38e-05,4.14
3374,fifteen,number,A1,1.38e-05,4.14
3375,grandmother,noun,A1,1.38e-05,4.14
3376,horn,noun,B1,1.38e-05,4.14
3377,hurry,"noun, verb",A2,1.38e-05,4.14
3378,inflation,noun,B2,1.38e-05,4.14
3379,inspection,noun,B1,1.38e-05,4.14
3380,instruction,noun,B1,1.38e-05,4.14
3381,invitation,noun,B1,1.38e-05,4.14
3382,justify,verb,B2,1.38e-05,4.14
3383,lean,"adjective, verb",B2,1.38e-05,4.14
3384,lecture,noun,B1,1.38e-05,4.14
3385,logical,adjective,A2,1.38e-05,4.14
3386,meaningful,adjective,B1,1.38e-05,4.14
3387,migration,noun,B2,1.38e-05,4.14
3388,missile,noun,B2,1.38e-05,4.14
3389,motivated,adjective,B2,1.38e-05,4.14
3390,northwest,"adjective, noun",B1,1.38e-05,4.14
3391,organ,noun,B1,1.38e-05,4.14
3392,patrol,noun,B1,1.38e-05,4.14
3393,pearl,noun,B2,1.38e-05,4.14
3394,peer,noun,B2,1.38e-05,4.14
3395,pepper,noun,A2,1.38e-05,4.14
3396,pig,noun,A1,1.38e-05,4.14
3397,pile,noun,A2,1.38e-05,4.14
3398,plug,"noun, verb",B2,1.38e-05,4.14
3399,provision,noun,B2,1.38e-05,4.14
3400,scream,"noun, verb",B1,1.38e-05,4.14
3401,sweat,"noun, verb",A2,1.38e-05,4.14
3402,tattoo,noun,B2,1.38e-05,4.14
3403,teenage,adjective,A2,1.38e-05,4.14
3404,thunder,noun,B1,1.38e-05,4.14
3405,tragedy,noun,B1,1.38e-05,4.14
3406,zoo,noun,A1,1.38e-05,4.14
3407,central heating,noun,B1,1.36e-05,4.13
3408,acquire,verb,B1,1.35e-05,4.13
3409,alike,"adjective, adverb",B1,1.35e-05,4.13
3410,arrow,noun,B1,1.35e-05,4.13
3411,availability,noun,B2,1.35e-05,4.13
3412,bend,"noun, verb",A2,1.35e-05,4.13
3413,cabin,noun,B1,1.35e-05,4.13
3414,cage,noun,B1,1.35e-05,4.13
3415,chancellor,noun,B2,1.35e-05,4.13
3416,combine,verb,B1,1.35e-05,4.13
3417,companion,noun,B1,1.35e-05,4.13
3418,consciousness,noun,B2,1.35e-05,4.13
3419,consultant,noun,B2,1.35e-05,4.13
3420,corresponding,adjective,B2,1.35e-05,4.13
3421,courtesy,noun,B2,1.35e-05,4.13
3422,demanding,adjective,B2,1.35e-05,4.13
3423,eagle,noun,B2,1.35e-05,4.13
3424,embassy,noun,B2,1.35e-05,4.13
3425,fascinating,adjective,A2,1.35e-05,4.13
3426,flexible,adjective,B2,1.35e-05,4.13
3427,goodness,interjection,B1,1.35e-05,4.13
3428,guilt,noun,B1,1.35e-05,4.13
3429,haven,noun,B1,1.35e-05,4.13
3430,helicopter,noun,B2,1.35e-05,4.13
3431,homework,noun,A1,1.35e-05,4.13
3432,infected,adjective,B2,1.35e-05,4.13
3433,keen,adjective,B2,1.35e-05,4.13
3434,lip,noun,A2,1.35e-05,4.13
3435,mere,adjective,B1,1.35e-05,4.13
3436,miracle,noun,B1,1.35e-05,4.13
3437,mud,noun,B1,1.35e-05,4.13
3438,observation,noun,B1,1.35e-05,4.13
3439,owe,verb,B1,1.35e-05,4.13
3440,phenomenon,noun,B1,1.35e-05,4.13
3441,precise,adjective,A2,1.35e-05,4.13
3442,profession,noun,B1,1.35e-05,4.13
3443,prospect,noun,B2,1.35e-05,4.13
3444,protective,adjective,B1,1.35e-05,4.13
3445,publisher,noun,B1,1.35e-05,4.13
3446,retreat,"noun, verb",B2,1.35e-05,4.13
3447,sandwich,noun,A1,1.35e-05,4.13
3448,separation,noun,B1,1.35e-05,4.13
3449,ski,"noun, verb",B1,1.35e-05,4.13
3450,skilled,adjective,B2,1.35e-05,4.13
3451,surgeon,noun,B1,1.35e-05,4.13
3452,theft,noun,B1,1.35e-05,4.13
3453,visa,noun,B1,1.35e-05,4.13
3454,theater/theatre,noun,A1,1.34e-05,4.13
3455,washing-up,noun,A2,1.34e-05,4.13
3456,favor/favour,noun,A2,1.33e-05,4.12
3457,appreciation,noun,B1,1.32e-05,4.12
3458,athletic,adjective,B1,1.32e-05,4.12
3459,charm,noun,B1,1.32e-05,4.12
3460,climbing,noun,A2,1.32e-05,4.12
3461,cruel,adjective,B1,1.32e-05,4.12
3462,curriculum,noun,B1,1.32e-05,4.12
3463,deadline,noun,B1,1.32e-05,4.12
3464,deer,noun,B2,1.32e-05,4.12
3465,dive,"noun, verb",B1,1.32e-05,4.12
3466,divide,"noun, verb",A2,1.32e-05,4.12
3467,eleven,number,A1,1.32e-05,4.12
3468,excessive,adjective,B2,1.32e-05,4.12
3469,ham,noun,A2,1.32e-05,4.12
3470,heal,verb,B1,1.32e-05,4.12
3471,journalism,noun,B2,1.32e-05,4.12
3472,jungle,noun,B1,1.32e-05,4.12
3473,occasional,adjective,B1,1.32e-05,4.12
3474,pursuit,noun,B2,1.32e-05,4.12
3475,rap,"noun, verb",B1,1.32e-05,4.12
3476,reminder,noun,B2,1.32e-05,4.12
3477,resume,verb,B2,1.32e-05,4.12
3478,ridge,noun,B2,1.32e-05,4.12
3479,tribe,noun,B2,1.32e-05,4.12
3480,unfortunate,adjective,B1,1.32e-05,4.12
3481,worrying,adjective,B2,1.32e-05,4.12
3482,dining room,noun,A1,1.31e-05,4.12
3483,alternate,verb,B2,1.29e-05,4.11
3484,athlete,noun,A2,1.29e-05,4.11
3485,attraction,noun,B1,1.29e-05,4.11
3486,bankruptcy,noun,B2,1.29e-05,4.11
3487,canon,noun,B2,1.29e-05,4.11
3488,closure,noun,B2,1.29e-05,4.11
3489,convert,verb,B2,1.29e-05,4.11
3490,defender,noun,B1,1.29e-05,4.11
3491,dental,adjective,B2,1.29e-05,4.11
3492,drum,noun,A1,1.29e-05,4.11
3493,editorial,noun,B2,1.29e-05,4.11
3494,entertaining,adjective,B2,1.29e-05,4.11
3495,eternal,adjective,B1,1.29e-05,4.11
3496,freeze,verb,A2,1.29e-05,4.11
3497,grandma,noun,A1,1.29e-05,4.11
3498,grip,"noun, verb",B2,1.29e-05,4.11
3499,happily,adverb,A2,1.29e-05,4.11
3500,harmony,noun,A2,1.29e-05,4.11
3501,humble,adjective,B2,1.29e-05,4.11
3502,hybrid,adjective,B2,1.29e-05,4.11
3503,keyboard,noun,B1,1.29e-05,4.11
3504,lasting,adjective,B1,1.29e-05,4.11
3505,mild,adjective,B1,1.29e-05,4.11
3506,noon,noun,A2,1.29e-05,4.11
3507,nowadays,adverb,A2,1.29e-05,4.11
3508,openly,adverb,B2,1.29e-05,4.11
3509,potato,noun,A1,1.29e-05,4.11
3510,preference,noun,B1,1.29e-05,4.11
3511,proportion,noun,B1,1.29e-05,4.11
3512,rage,noun,B1,1.29e-05,4.11
3513,respected,adjective,B2,1.29e-05,4.11
3514,selfish,adjective,B1,1.29e-05,4.11
3515,silk,noun,B1,1.29e-05,4.11
3516,stamp,"noun, verb",B2,1.29e-05,4.11
3517,urge,"noun, verb",B2,1.29e-05,4.11
3518,voter,noun,B2,1.29e-05,4.11
3519,ally,noun,B2,1.26e-05,4.1
3520,belly,noun,A2,1.26e-05,4.1
3521,booth,noun,B2,1.26e-05,4.1
3522,breakdown,noun,B2,1.26e-05,4.1
3523,citizenship,noun,B1,1.26e-05,4.1
3524,cliff,noun,B1,1.26e-05,4.1
3525,consensus,noun,B2,1.26e-05,4.1
3526,cycling,noun,A2,1.26e-05,4.1
3527,declaration,noun,B1,1.26e-05,4.1
3528,distinction,noun,B1,1.26e-05,4.1
3529,faithful,adjective,B1,1.26e-05,4.1
3530,fatal,adjective,B2,1.26e-05,4.1
3531,genuinely,adverb,B2,1.26e-05,4.1
3532,hunger,noun,B1,1.26e-05,4.1
3533,import,verb,B2,1.26e-05,4.1
3534,innovative,adjective,B2,1.26e-05,4.1
3535,laughter,noun,B1,1.26e-05,4.1
3536,lemon,noun,A2,1.26e-05,4.1
3537,lung,noun,B1,1.26e-05,4.1
3538,mighty,adjective,B2,1.26e-05,4.1
3539,nutrition,noun,B1,1.26e-05,4.1
3540,pine,noun,B2,1.26e-05,4.1
3541,pose,noun,B2,1.26e-05,4.1
3542,pour,verb,A2,1.26e-05,4.1
3543,publish,verb,A2,1.26e-05,4.1
3544,rental,noun,B2,1.26e-05,4.1
3545,severely,adverb,B1,1.26e-05,4.1
3546,shocking,adjective,B1,1.26e-05,4.1
3547,southwest,"adjective, noun",B1,1.26e-05,4.1
3548,technically,adverb,B2,1.26e-05,4.1
3549,unlimited,adjective,B2,1.26e-05,4.1
3550,advise,verb,A2,1.23e-05,4.09
3551,anxious,adjective,A2,1.23e-05,4.09
3552,bee,noun,A1,1.23e-05,4.09
3553,bombing,noun,B2,1.23e-05,4.09
3554,darling,"adjective, noun",B2,1.23e-05,4.09
3555,delighted,adjective,B1,1.23e-05,4.09
3556,diary,noun,A2,1.23e-05,4.09
3557,disagree,verb,A2,1.23e-05,4.09
3558,disappear,verb,A2,1.23e-05,4.09
3559,drill,noun,A2,1.23e-05,4.09
3560,euro,noun,A2,1.23e-05,4.09
3561,forecast,noun,B1,1.23e-05,4.09
3562,hug,"noun, verb",A2,1.23e-05,4.09
3563,importantly,adverb,A2,1.23e-05,4.09
3564,indoor,adjective,A2,1.23e-05,4.09
3565,influential,adjective,B2,1.23e-05,4.09
3566,intend,verb,B1,1.23e-05,4.09
3567,invisible,adjective,B2,1.23e-05,4.09
3568,jeans,noun,A1,1.23e-05,4.09
3569,lawsuit,noun,B2,1.23e-05,4.09
3570,leak,"noun, verb",B2,1.23e-05,4.09
3571,lighter,noun,B1,1.23e-05,4.09
3572,olive,noun,B2,1.23e-05,4.09
3573,passionate,adjective,B2,1.23e-05,4.09
3574,recommendation,noun,B2,1.23e-05,4.09
3575,servant,noun,B2,1.23e-05,4.09
3576,slot,noun,B1,1.23e-05,4.09
3577,smash,verb,B2,1.23e-05,4.09
3578,statue,noun,A2,1.23e-05,4.09
3579,surprisingly,adverb,B1,1.23e-05,4.09
3580,surrender,verb,B2,1.23e-05,4.09
3581,suspicious,adjective,B2,1.23e-05,4.09
3582,teenager,noun,A2,1.23e-05,4.09
3583,tender,adjective,B2,1.23e-05,4.09
3584,thoroughly,adverb,B2,1.23e-05,4.09
3585,traffic jam,noun,B1,1.22e-05,4.09
3586,approve,verb,B1,1.2e-05,4.08
3587,architect,noun,B1,1.2e-05,4.08
3588,basin,noun,B1,1.2e-05,4.08
3589,beneficial,adjective,B2,1.2e-05,4.08
3590,breed,"noun, verb",B1,1.2e-05,4.08
3591,breeding,noun,B1,1.2e-05,4.08
3592,bride,noun,A2,1.2e-05,4.08
3593,bud,noun,B2,1.2e-05,4.08
3594,cartoon,noun,A1,1.2e-05,4.08
3595,coke,noun,A1,1.2e-05,4.08
3596,confirmation,noun,B1,1.2e-05,4.08
3597,console,verb,B2,1.2e-05,4.08
3598,diameter,noun,B1,1.2e-05,4.08
3599,dump,"noun, verb",B1,1.2e-05,4.08
3600,elephant,noun,A2,1.2e-05,4.08
3601,exhausted,adjective,B1,1.2e-05,4.08
3602,fabric,noun,B2,1.2e-05,4.08
3603,fabulous,adjective,B2,1.2e-05,4.08
3604,fairy,noun,A1,1.2e-05,4.08
3605,fold,"noun, verb",B1,1.2e-05,4.08
3606,freak,verb,B2,1.2e-05,4.08
3607,frustrated,adjective,B1,1.2e-05,4.08
3608,gambling,noun,B2,1.2e-05,4.08
3609,gently,adverb,B2,1.2e-05,4.08
3610,glorious,adjective,B1,1.2e-05,4.08
3611,grief,noun,B2,1.2e-05,4.08
3612,inevitable,adjective,B1,1.2e-05,4.08
3613,lodge,noun,B1,1.2e-05,4.08
3614,merchant,noun,B1,1.2e-05,4.08
3615,micro,noun,B2,1.2e-05,4.08
3616,myth,noun,B1,1.2e-05,4.08
3617,overwhelming,adjective,B1,1.2e-05,4.08
3618,pale,adjective,B1,1.2e-05,4.08
3619,pastor,noun,B2,1.2e-05,4.08
3620,permanently,adverb,B1,1.2e-05,4.08
3621,poison,"noun, verb",B2,1.2e-05,4.08
3622,predict,verb,A2,1.2e-05,4.08
3623,rebel,"noun, verb",B2,1.2e-05,4.08
3624,separately,adverb,B2,1.2e-05,4.08
3625,subtle,adjective,B2,1.2e-05,4.08
3626,toll,noun,B2,1.2e-05,4.08
3627,tooth,noun,A1,1.2e-05,4.08
3628,tragic,adjective,B1,1.2e-05,4.08
3629,trainer,noun,B2,1.2e-05,4.08
3630,unbelievable,adjective,B1,1.2e-05,4.08
3631,underneath,"adverb, preposition",B1,1.2e-05,4.08
3632,variation,noun,B2,1.2e-05,4.08
3633,widow,noun,B2,1.2e-05,4.08
3634,adjust,verb,A2,1.17e-05,4.07
3635,altogether,adverb,B1,1.17e-05,4.07
3636,animated,adjective,B1,1.17e-05,4.07
3637,assess,verb,B2,1.17e-05,4.07
3638,assumption,noun,B2,1.17e-05,4.07
3639,basket,noun,A2,1.17e-05,4.07
3640,beard,noun,B1,1.17e-05,4.07
3641,bio,noun,B2,1.17e-05,4.07
3642,blanket,noun,A2,1.17e-05,4.07
3643,bucket,noun,A1,1.17e-05,4.07
3644,burger,noun,A1,1.17e-05,4.07
3645,capability,noun,B2,1.17e-05,4.07
3646,charming,adjective,B2,1.17e-05,4.07
3647,concentrate,verb,A2,1.17e-05,4.07
3648,consequence,noun,A2,1.17e-05,4.07
3649,continent,noun,A2,1.17e-05,4.07
3650,cookie,noun,A1,1.17e-05,4.07
3651,curse,noun,A2,1.17e-05,4.07
3652,drain,"noun, verb",B2,1.17e-05,4.07
3653,excellence,noun,B1,1.17e-05,4.07
3654,flame,noun,B2,1.17e-05,4.07
3655,freely,adverb,B1,1.17e-05,4.07
3656,graduation,noun,B1,1.17e-05,4.07
3657,hint,noun,B2,1.17e-05,4.07
3658,horizon,noun,B1,1.17e-05,4.07
3659,ink,noun,B1,1.17e-05,4.07
3660,miserable,adjective,B1,1.17e-05,4.07
3661,monkey,noun,A1,1.17e-05,4.07
3662,motorcycle,noun,B1,1.17e-05,4.07
3663,nationwide,"adjective, adverb",B2,1.17e-05,4.07
3664,nicely,adverb,B2,1.17e-05,4.07
3665,nomination,noun,B2,1.17e-05,4.07
3666,obligation,noun,B2,1.17e-05,4.07
3667,outlook,noun,B2,1.17e-05,4.07
3668,penny,noun,B1,1.17e-05,4.07
3669,petty,adjective,B2,1.17e-05,4.07
3670,quantity,noun,B1,1.17e-05,4.07
3671,rainbow,noun,B2,1.17e-05,4.07
3672,reed,noun,B2,1.17e-05,4.07
3673,scan,"noun, verb",B2,1.17e-05,4.07
3674,scare,verb,B1,1.17e-05,4.07
3675,span,verb,B2,1.17e-05,4.07
3676,sunny,adjective,A1,1.17e-05,4.07
3677,supporter,noun,B1,1.17e-05,4.07
3678,toe,noun,A2,1.17e-05,4.07
3679,tremendous,adjective,B1,1.17e-05,4.07
3680,accommodation,noun,B2,1.15e-05,4.06
3681,adorable,adjective,B1,1.15e-05,4.06
3682,ambulance,noun,B1,1.15e-05,4.06
3683,ashamed,adjective,B1,1.15e-05,4.06
3684,assure,verb,B2,1.15e-05,4.06
3685,ballot,noun,B2,1.15e-05,4.06
3686,blessing,noun,B1,1.15e-05,4.06
3687,cemetery,noun,B2,1.15e-05,4.06
3688,cheat,verb,B2,1.15e-05,4.06
3689,cheer,verb,A2,1.15e-05,4.06
3690,cigarette,noun,A2,1.15e-05,4.06
3691,deficit,noun,B2,1.15e-05,4.06
3692,demonstration,noun,B1,1.15e-05,4.06
3693,doll,noun,A1,1.15e-05,4.06
3694,fried,adjective,A2,1.15e-05,4.06
3695,independently,adverb,B2,1.15e-05,4.06
3696,intensive,adjective,B1,1.15e-05,4.06
3697,interactive,adjective,B2,1.15e-05,4.06
3698,intimate,adjective,B2,1.15e-05,4.06
3699,laundry,noun,B2,1.15e-05,4.06
3700,northeast,"adjective, noun",B1,1.15e-05,4.06
3701,observe,verb,B1,1.15e-05,4.06
3702,packing,noun,B1,1.15e-05,4.06
3703,password,noun,B1,1.15e-05,4.06
3704,politically,adverb,B2,1.15e-05,4.06
3705,presumably,adverb,B2,1.15e-05,4.06
3706,pulse,noun,B2,1.15e-05,4.06
3707,rational,adjective,B1,1.15e-05,4.06
3708,rope,noun,A2,1.15e-05,4.06
3709,shout,"noun, verb",B1,1.15e-05,4.06
3710,spectacular,adjective,B1,1.15e-05,4.06
3711,technological,adjective,B1,1.15e-05,4.06
3712,temporarily,adverb,B2,1.15e-05,4.06
3713,traditionally,adverb,B1,1.15e-05,4.06
3714,unhappy,adjective,A2,1.15e-05,4.06
3715,washing machine,noun,A2,1.15e-05,4.06
3716,accomplish,verb,B1,1.12e-05,4.05
3717,adequate,adjective,B2,1.12e-05,4.05
3718,alarm clock,noun,A2,1.12e-05,4.05
3719,alter,verb,B2,1.12e-05,4.05
3720,apology,noun,B1,1.12e-05,4.05
3721,beg,verb,A2,1.12e-05,4.05
3722,brass,noun,B1,1.12e-05,4.05
3723,buzz,"noun, verb",B2,1.12e-05,4.05
3724,declare,verb,B1,1.12e-05,4.05
3725,detect,verb,B2,1.12e-05,4.05
3726,dip,verb,B2,1.12e-05,4.05
3727,dot,noun,B1,1.12e-05,4.05
3728,effectiveness,noun,B2,1.12e-05,4.05
3729,embarrassed,adjective,B1,1.12e-05,4.05
3730,exceptional,adjective,B2,1.12e-05,4.05
3731,foul,adjective,B2,1.12e-05,4.05
3732,frankly,adverb,B2,1.12e-05,4.05
3733,freezing,adjective,B1,1.12e-05,4.05
3734,graph,noun,B1,1.12e-05,4.05
3735,hatred,noun,B1,1.12e-05,4.05
3736,ignorant,adjective,B2,1.12e-05,4.05
3737,interact,verb,B1,1.12e-05,4.05
3738,lamp,noun,A2,1.12e-05,4.05
3739,measurement,noun,B1,1.12e-05,4.05
3740,mobility,noun,B2,1.12e-05,4.05
3741,olive oil,noun,A2,1.12e-05,4.05
3742,oven,noun,A2,1.12e-05,4.05
3743,passport,noun,B1,1.12e-05,4.05
3744,rabbit,noun,A1,1.12e-05,4.05
3745,retire,verb,A2,1.12e-05,4.05
3746,rhythm,noun,A2,1.12e-05,4.05
3747,slim,adjective,A2,1.12e-05,4.05
3748,someday,adverb,A2,1.12e-05,4.05
3749,sophisticated,adjective,B2,1.12e-05,4.05
3750,stack,noun,B2,1.12e-05,4.05
3751,subway,noun,A1,1.12e-05,4.05
3752,supportive,adjective,B1,1.12e-05,4.05
3753,tablet,noun,B1,1.12e-05,4.05
3754,tent,noun,B1,1.12e-05,4.05
3755,thesis,noun,B2,1.12e-05,4.05
3756,tide,noun,B1,1.12e-05,4.05
3757,withdraw,verb,B2,1.12e-05,4.05
3758,withdrawal,noun,B2,1.12e-05,4.05
3759,short/shorts,noun,A2,1.11e-05,4.05
3760,airline,noun,B1,1.1e-05,4.04
3761,audit,noun,B2,1.1e-05,4.04
3762,blonde,adjective,A2,1.1e-05,4.04
3763,bolt,"noun, verb",B2,1.1e-05,4.04
3764,bust,verb,B1,1.1e-05,4.04
3765,collar,noun,B1,1.1e-05,4.04
3766,cope,verb,B2,1.1e-05,4.04
3767,creepy,adjective,B2,1.1e-05,4.04
3768,divorced,adjective,B1,1.1e-05,4.04
3769,donate,verb,B2,1.1e-05,4.04
3770,emotionally,adverb,B1,1.1e-05,4.04
3771,enhance,verb,B2,1.1e-05,4.04
3772,ignorance,noun,B2,1.1e-05,4.04
3773,immigrant,noun,B2,1.1e-05,4.04
3774,intermediate,adjective,B1,1.1e-05,4.04
3775,invention,noun,A2,1.1e-05,4.04
3776,likewise,adverb,B2,1.1e-05,4.04
3777,magnificent,adjective,B1,1.1e-05,4.04
3778,mathematical,adjective,B2,1.1e-05,4.04
3779,nonetheless,adverb,B1,1.1e-05,4.04
3780,nut,noun,B2,1.1e-05,4.04
3781,o'clock,adverb,A1,1.1e-05,4.04
3782,recreation,noun,B2,1.1e-05,4.04
3783,shallow,adjective,B1,1.1e-05,4.04
3784,sketch,verb,B2,1.1e-05,4.04
3785,soda,noun,A2,1.1e-05,4.04
3786,spite,noun,B2,1.1e-05,4.04
3787,sponsor,"noun, verb",B2,1.1e-05,4.04
3788,strengthen,verb,B1,1.1e-05,4.04
3789,sunset,noun,B1,1.1e-05,4.04
3790,transform,verb,B1,1.1e-05,4.04
3791,workplace,noun,B1,1.1e-05,4.04
3792,a.m./a.m./am/am,adverb,A1,1.08e-05,4.03
3793,martial art,noun,B2,1.08e-05,4.03
3794,analyst,noun,B2,1.07e-05,4.03
3795,arctic,adjective,B2,1.07e-05,4.03
3796,buyer,noun,B1,1.07e-05,4.03
3797,cease,verb,B2,1.07e-05,4.03
3798,cloth,noun,A1,1.07e-05,4.03
3799,container,noun,A2,1.07e-05,4.03
3800,differ,verb,B1,1.07e-05,4.03
3801,eager,adjective,B1,1.07e-05,4.03
3802,elect,verb,B2,1.07e-05,4.03
3803,essence,noun,B1,1.07e-05,4.03
3804,fork,noun,A2,1.07e-05,4.03
3805,fur,noun,B1,1.07e-05,4.03
3806,harvest,noun,A2,1.07e-05,4.03
3807,headline,noun,B1,1.07e-05,4.03
3808,insist,verb,B1,1.07e-05,4.03
3809,junk,noun,A2,1.07e-05,4.03
3810,ladder,noun,B1,1.07e-05,4.03
3811,lobby,noun,B2,1.07e-05,4.03
3812,mineral,noun,B1,1.07e-05,4.03
3813,modest,adjective,B2,1.07e-05,4.03
3814,navigation,noun,B2,1.07e-05,4.03
3815,orbit,noun,B1,1.07e-05,4.03
3816,paragraph,noun,A1,1.07e-05,4.03
3817,passive,adjective,B1,1.07e-05,4.03
3818,pill,noun,A2,1.07e-05,4.03
3819,pork,noun,B1,1.07e-05,4.03
3820,profitable,adjective,B2,1.07e-05,4.03
3821,reasonably,adverb,B2,1.07e-05,4.03
3822,reject,verb,B1,1.07e-05,4.03
3823,remainder,noun,B1,1.07e-05,4.03
3824,semester,noun,A2,1.07e-05,4.03
3825,supplement,noun,B2,1.07e-05,4.03
3826,tin,noun,B1,1.07e-05,4.03
3827,trunk,noun,B2,1.07e-05,4.03
3828,uncertainty,noun,B1,1.07e-05,4.03
3829,varied,adjective,B2,1.07e-05,4.03
3830,weather forecast,noun,B1,1.06e-05,4.03
3831,abandon,verb,B1,1.05e-05,4.02
3832,accordingly,adverb,B2,1.05e-05,4.02
3833,anchor,noun,B2,1.05e-05,4.02
3834,arch,noun,B2,1.05e-05,4.02
3835,axis,noun,B2,1.05e-05,4.02
3836,badge,noun,B2,1.05e-05,4.02
3837,bizarre,adjective,B2,1.05e-05,4.02
3838,bounce,"noun, verb",B1,1.05e-05,4.02
3839,complexity,noun,B2,1.05e-05,4.02
3840,confusing,adjective,B1,1.05e-05,4.02
3841,convenience,noun,A2,1.05e-05,4.02
3842,deliberately,adverb,B2,1.05e-05,4.02
3843,dictionary,noun,A1,1.05e-05,4.02
3844,dignity,noun,B2,1.05e-05,4.02
3845,dimension,noun,B2,1.05e-05,4.02
3846,disappointing,adjective,A2,1.05e-05,4.02
3847,diving,noun,B1,1.05e-05,4.02
3848,enthusiasm,noun,B1,1.05e-05,4.02
3849,equation,noun,B2,1.05e-05,4.02
3850,extract,"noun, verb",B2,1.05e-05,4.02
3851,ferry,noun,B1,1.05e-05,4.02
3852,flexibility,noun,B2,1.05e-05,4.02
3853,fridge,noun,A2,1.05e-05,4.02
3854,goat,noun,B2,1.05e-05,4.02
3855,helmet,noun,B1,1.05e-05,4.02
3856,ideology,noun,B2,1.05e-05,4.02
3857,instructor,noun,B1,1.05e-05,4.02
3858,isolation,noun,B1,1.05e-05,4.02
3859,keeper,noun,B2,1.05e-05,4.02
3860,lamb,noun,B1,1.05e-05,4.02
3861,liar,noun,B1,1.05e-05,4.02
3862,mansion,noun,B2,1.05e-05,4.02
3863,nerves,noun,B2,1.05e-05,4.02
3864,possess,verb,B1,1.05e-05,4.02
3865,probability,noun,B1,1.05e-05,4.02
3866,resignation,noun,B2,1.05e-05,4.02
3867,rider,noun,B2,1.05e-05,4.02
3868,ritual,noun,B2,1.05e-05,4.02
3869,shelf,noun,A1,1.05e-05,4.02
3870,slam,verb,B2,1.05e-05,4.02
3871,tire,verb,B1,1.05e-05,4.02
3872,utterly,adverb,B2,1.05e-05,4.02
3873,warn,verb,B1,1.05e-05,4.02
3874,width,noun,B2,1.05e-05,4.02
3875,workout,noun,B1,1.05e-05,4.02
3876,mineral water,noun,A2,1.04e-05,4.02
3877,grocery store,noun,A2,1.03e-05,4.01
3878,junk food,noun,B2,1.03e-05,4.01
3879,creativity,noun,A2,1.02e-05,4.01
3880,delicate,adjective,B1,1.02e-05,4.01
3881,disappointment,noun,B1,1.02e-05,4.01
3882,evaluate,verb,B2,1.02e-05,4.01
3883,formally,adverb,B1,1.02e-05,4.01
3884,goddess,noun,B1,1.02e-05,4.01
3885,massage,noun,B2,1.02e-05,4.01
3886,musician,noun,A1,1.02e-05,4.01
3887,nephew,noun,B1,1.02e-05,4.01
3888,orchestra,noun,B1,1.02e-05,4.01
3889,pad,noun,B2,1.02e-05,4.01
3890,preservation,noun,B1,1.02e-05,4.01
3891,privately,adverb,B2,1.02e-05,4.01
3892,relaxed,adjective,A2,1.02e-05,4.01
3893,sail,verb,B2,1.02e-05,4.01
3894,salmon,noun,B1,1.02e-05,4.01
3895,secretly,adverb,B1,1.02e-05,4.01
3896,seller,noun,B2,1.02e-05,4.01
3897,sheer,adjective,B1,1.02e-05,4.01
3898,specially,adverb,B1,1.02e-05,4.01
3899,sympathy,noun,B1,1.02e-05,4.01
3900,tan,noun,B2,1.02e-05,4.01
3901,thumb,noun,B1,1.02e-05,4.01
3902,transparent,adjective,B2,1.02e-05,4.01
3903,visitor,noun,A2,1.02e-05,4.01
3904,vitamin,noun,B2,1.02e-05,4.01
3905,wheat,noun,B2,1.02e-05,4.01
3906,whip,verb,B2,1.02e-05,4.01
3907,wipe,verb,B2,1.02e-05,4.01
3908,wrist,noun,B1,1.02e-05,4.01
3909,upside down,"adjective, adverb",B2,1.01e-05,4.0
3910,acute,adjective,B2,1e-05,4.0
3911,arrange,verb,B1,1e-05,4.0
3912,banana,noun,A1,1e-05,4.0
3913,behave,verb,B1,1e-05,4.0
3914,borrow,verb,A1,1e-05,4.0
3915,camping,noun,A2,1e-05,4.0
3916,chin,noun,A2,1e-05,4.0
3917,clerk,noun,A2,1e-05,4.0
3918,considerably,adverb,B2,1e-05,4.0
3919,cottage,noun,B2,1e-05,4.0
3920,dash,"noun, verb",B2,1e-05,4.0
3921,disposal,noun,B2,1e-05,4.0
3922,donation,noun,B2,1e-05,4.0
3923,firmly,adverb,B1,1e-05,4.0
3924,flour,noun,A2,1e-05,4.0
3925,indirect,adjective,B1,1e-05,4.0
3926,inspire,verb,B1,1e-05,4.0
3927,kindly,"adjective, adverb",B1,1e-05,4.0
3928,kindness,noun,B1,1e-05,4.0
3929,lottery,noun,B1,1e-05,4.0
3930,minus,preposition,B1,1e-05,4.0
3931,outlet,noun,B2,1e-05,4.0
3932,pause,"noun, verb",B1,1e-05,4.0
3933,prescription,noun,B1,1e-05,4.0
3934,publicity,noun,B2,1e-05,4.0
3935,puppy,noun,B1,1e-05,4.0
3936,slice,"noun, verb",B2,1e-05,4.0
3937,spelling,noun,B1,1e-05,4.0
3938,survivor,noun,B1,1e-05,4.0
3939,vaccine,noun,B2,1e-05,4.0
3940,global warming,noun,B2,9.97e-06,4.0
3941,mixing bowl,noun,B1,9.89e-06,4.0
3942,accurately,adverb,B1,9.77e-06,3.99
3943,barn,noun,B2,9.77e-06,3.99
3944,bent,adjective,B1,9.77e-06,3.99
3945,cathedral,noun,B2,9.77e-06,3.99
3946,clause,noun,B2,9.77e-06,3.99
3947,dancer,noun,A2,9.77e-06,3.99
3948,deaf,adjective,B1,9.77e-06,3.99
3949,dock,noun,B2,9.77e-06,3.99
3950,entrepreneur,noun,B2,9.77e-06,3.99
3951,evident,adjective,B1,9.77e-06,3.99
3952,expectation,noun,B2,9.77e-06,3.99
3953,expedition,noun,B2,9.77e-06,3.99
3954,facilitate,verb,B2,9.77e-06,3.99
3955,feat,noun,B2,9.77e-06,3.99
3956,honesty,noun,B1,9.77e-06,3.99
3957,infant,noun,B2,9.77e-06,3.99
3958,injection,noun,B2,9.77e-06,3.99
3959,insult,"noun, verb",B2,9.77e-06,3.99
3960,mediterranean,noun,B1,9.77e-06,3.99
3961,neat,adjective,B2,9.77e-06,3.99
3962,negotiate,verb,B1,9.77e-06,3.99
3963,outbreak,noun,B2,9.77e-06,3.99
3964,pal,noun,A2,9.77e-06,3.99
3965,probe,noun,B2,9.77e-06,3.99
3966,propose,verb,B1,9.77e-06,3.99
3967,sailing,noun,A2,9.77e-06,3.99
3968,sneak,verb,B2,9.77e-06,3.99
3969,sore,adjective,B1,9.77e-06,3.99
3970,spark,noun,B2,9.77e-06,3.99
3971,steep,adjective,B1,9.77e-06,3.99
3972,straw,noun,B1,9.77e-06,3.99
3973,uncertain,adjective,A2,9.77e-06,3.99
3974,upload,verb,B1,9.77e-06,3.99
3975,weigh,verb,A2,9.77e-06,3.99
3976,swimming costume,noun,A2,9.69e-06,3.99
3977,absent,adjective,B1,9.55e-06,3.98
3978,adapt,verb,B1,9.55e-06,3.98
3979,atomic,adjective,B1,9.55e-06,3.98
3980,bean,noun,A1,9.55e-06,3.98
3981,bicycle,noun,A1,9.55e-06,3.98
3982,bump,verb,B1,9.55e-06,3.98
3983,circus,noun,B1,9.55e-06,3.98
3984,colleague,noun,B2,9.55e-06,3.98
3985,construct,verb,B1,9.55e-06,3.98
3986,crowded,adjective,A2,9.55e-06,3.98
3987,dense,adjective,B2,9.55e-06,3.98
3988,desperately,adverb,B2,9.55e-06,3.98
3989,expose,verb,B1,9.55e-06,3.98
3990,financially,adverb,B2,9.55e-06,3.98
3991,freshman,noun,B1,9.55e-06,3.98
3992,furious,adjective,B2,9.55e-06,3.98
3993,geography,noun,B1,9.55e-06,3.98
3994,habitat,noun,B1,9.55e-06,3.98
3995,hazard,noun,B1,9.55e-06,3.98
3996,jaw,noun,B2,9.55e-06,3.98
3997,lawn,noun,B2,9.55e-06,3.98
3998,manufacture,"noun, verb",B2,9.55e-06,3.98
3999,needle,noun,B1,9.55e-06,3.98
4000,oval,adjective,B2,9.55e-06,3.98
4001,pity,noun,A2,9.55e-06,3.98
4002,pond,noun,B1,9.55e-06,3.98
4003,refugee,noun,B2,9.55e-06,3.98
4004,satisfy,verb,A2,9.55e-06,3.98
4005,seasonal,adjective,B2,9.55e-06,3.98
4006,sensible,adjective,B2,9.55e-06,3.98
4007,twisted,adjective,B2,9.55e-06,3.98
4008,whale,noun,B1,9.55e-06,3.98
4009,admire,verb,A2,9.33e-06,3.97
4010,ankle,noun,A2,9.33e-06,3.97
4011,berry,noun,B2,9.33e-06,3.97
4012,caution,noun,B1,9.33e-06,3.97
4013,certification,noun,B2,9.33e-06,3.97
4014,characteristic,"adjective, noun",B1,9.33e-06,3.97
4015,compatible,adjective,B2,9.33e-06,3.97
4016,continuously,adverb,B1,9.33e-06,3.97
4017,curiosity,noun,B1,9.33e-06,3.97
4018,delight,"noun, verb",B2,9.33e-06,3.97
4019,explosive,"adjective, noun",B2,9.33e-06,3.97
4020,fortunate,adjective,B1,9.33e-06,3.97
4021,fortunately,adverb,A2,9.33e-06,3.97
4022,frontier,noun,B2,9.33e-06,3.97
4023,frustration,noun,B1,9.33e-06,3.97
4024,geographic,adjective,B2,9.33e-06,3.97
4025,grasp,noun,B2,9.33e-06,3.97
4026,handy,adjective,B1,9.33e-06,3.97
4027,harmful,adjective,A2,9.33e-06,3.97
4028,headache,noun,A1,9.33e-06,3.97
4029,hers,pronoun,A1,9.33e-06,3.97
4030,incentive,noun,B2,9.33e-06,3.97
4031,madness,noun,B2,9.33e-06,3.97
4032,memorable,adjective,B1,9.33e-06,3.97
4033,merger,noun,B2,9.33e-06,3.97
4034,ph,noun,B2,9.33e-06,3.97
4035,resign,verb,B2,9.33e-06,3.97
4036,robbery,noun,A2,9.33e-06,3.97
4037,rub,verb,B2,9.33e-06,3.97
4038,slap,"noun, verb",B2,9.33e-06,3.97
4039,steak,noun,A2,9.33e-06,3.97
4040,superintendent,noun,B2,9.33e-06,3.97
4041,suspicion,noun,B1,9.33e-06,3.97
4042,sweep,verb,B2,9.33e-06,3.97
4043,therapist,noun,B2,9.33e-06,3.97
4044,thereafter,adverb,B2,9.33e-06,3.97
4045,thorough,adjective,B1,9.33e-06,3.97
4046,tuition,noun,B2,9.33e-06,3.97
4047,bothered,adjective,B2,9.12e-06,3.96
4048,cheek,noun,A2,9.12e-06,3.96
4049,circular,adjective,B1,9.12e-06,3.96
4050,coincidence,noun,B2,9.12e-06,3.96
4051,comedian,noun,B1,9.12e-06,3.96
4052,conscience,noun,B2,9.12e-06,3.96
4053,cooler,noun,A2,9.12e-06,3.96
4054,countless,adjective,B1,9.12e-06,3.96
4055,curry,noun,A2,9.12e-06,3.96
4056,dedication,noun,B2,9.12e-06,3.96
4057,employ,verb,B2,9.12e-06,3.96
4058,enforce,verb,B2,9.12e-06,3.96
4059,flu,noun,B1,9.12e-06,3.96
4060,forbidden,adjective,B1,9.12e-06,3.96
4061,investor,noun,B2,9.12e-06,3.96
4062,lightly,adverb,B1,9.12e-06,3.96
4063,marble,noun,B1,9.12e-06,3.96
4064,melt,verb,B1,9.12e-06,3.96
4065,nominee,noun,B2,9.12e-06,3.96
4066,oath,noun,B2,9.12e-06,3.96
4067,pee,verb,B2,9.12e-06,3.96
4068,pillow,noun,B1,9.12e-06,3.96
4069,pirate,noun,B2,9.12e-06,3.96
4070,prediction,noun,A2,9.12e-06,3.96
4071,puzzle,noun,B1,9.12e-06,3.96
4072,revelation,noun,B2,9.12e-06,3.96
4073,scholar,noun,B1,9.12e-06,3.96
4074,skirt,noun,A1,9.12e-06,3.96
4075,socially,adverb,B1,9.12e-06,3.96
4076,spa,noun,B2,9.12e-06,3.96
4077,sprint,noun,B2,9.12e-06,3.96
4078,stir,verb,B1,9.12e-06,3.96
4079,stuffed,adjective,B1,9.12e-06,3.96
4080,superb,adjective,B2,9.12e-06,3.96
4081,supposedly,adverb,B1,9.12e-06,3.96
4082,tendency,noun,B1,9.12e-06,3.96
4083,theirs,pronoun,A2,9.12e-06,3.96
4084,toast,noun,A2,9.12e-06,3.96
4085,trek,noun,B2,9.12e-06,3.96
4086,tricky,adjective,B2,9.12e-06,3.96
4087,triumph,noun,B1,9.12e-06,3.96
4088,underwear,noun,B2,9.12e-06,3.96
4089,unto,preposition,B2,9.12e-06,3.96
4090,waist,noun,B2,9.12e-06,3.96
4091,wit,noun,B2,9.12e-06,3.96
4092,wreck,noun,B2,9.12e-06,3.96
4093,absurd,adjective,B2,8.91e-06,3.95
4094,ambitious,adjective,B1,8.91e-06,3.95
4095,annoyed,adjective,B1,8.91e-06,3.95
4096,ballet,noun,B2,8.91e-06,3.95
4097,bargain,"noun, verb",B2,8.91e-06,3.95
4098,blend,"noun, verb",B1,8.91e-06,3.95
4099,brake,"noun, verb",B2,8.91e-06,3.95
4100,businessman,noun,A2,8.91e-06,3.95
4101,cab,noun,A2,8.91e-06,3.95
4102,compassion,noun,B2,8.91e-06,3.95
4103,correction,noun,B1,8.91e-06,3.95
4104,cough,"noun, verb",B1,8.91e-06,3.95
4105,critic,noun,B1,8.91e-06,3.95
4106,dramatically,adverb,B2,8.91e-06,3.95
4107,elegant,adjective,B2,8.91e-06,3.95
4108,elevator,noun,A2,8.91e-06,3.95
4109,execute,verb,B2,8.91e-06,3.95
4110,feast,noun,B1,8.91e-06,3.95
4111,frost,noun,B1,8.91e-06,3.95
4112,hike,noun,A2,8.91e-06,3.95
4113,hollow,adjective,B2,8.91e-06,3.95
4114,internationally,adverb,B1,8.91e-06,3.95
4115,lame,adjective,B2,8.91e-06,3.95
4116,lily,noun,A1,8.91e-06,3.95
4117,meditation,noun,B1,8.91e-06,3.95
4118,messenger,noun,B2,8.91e-06,3.95
4119,pencil,noun,A1,8.91e-06,3.95
4120,philosophical,adjective,B2,8.91e-06,3.95
4121,punish,verb,B1,8.91e-06,3.95
4122,purse,noun,B1,8.91e-06,3.95
4123,relieved,adjective,B2,8.91e-06,3.95
4124,reservation,noun,B1,8.91e-06,3.95
4125,sigh,"noun, verb",B2,8.91e-06,3.95
4126,sixteen,number,A1,8.91e-06,3.95
4127,supervisor,noun,B2,8.91e-06,3.95
4128,tense,"adjective, noun",B1,8.91e-06,3.95
4129,terrifying,adjective,B2,8.91e-06,3.95
4130,wilderness,noun,B2,8.91e-06,3.95
4131,p.m./p.m./pm/pm,adverb,A1,8.81e-06,3.94
4132,organized/organised,adjective,A2,8.77e-06,3.94
4133,chess,noun,A2,8.71e-06,3.94
4134,consequently,adverb,B1,8.71e-06,3.94
4135,consist,verb,A2,8.71e-06,3.94
4136,dull,adjective,B1,8.71e-06,3.94
4137,fare,noun,A2,8.71e-06,3.94
4138,float,"noun, verb",B1,8.71e-06,3.94
4139,gum,noun,B2,8.71e-06,3.94
4140,hobby,noun,A1,8.71e-06,3.94
4141,idol,noun,B1,8.71e-06,3.94
4142,incorrect,adjective,B1,8.71e-06,3.94
4143,lance,noun,B2,8.71e-06,3.94
4144,leap,"noun, verb",B1,8.71e-06,3.94
4145,locate,verb,B1,8.71e-06,3.94
4146,motive,noun,B1,8.71e-06,3.94
4147,oppose,verb,A2,8.71e-06,3.94
4148,overtime,"adverb, noun",B2,8.71e-06,3.94
4149,postal,adjective,B2,8.71e-06,3.94
4150,refund,noun,B1,8.71e-06,3.94
4151,risky,adjective,B2,8.71e-06,3.94
4152,spice,noun,B1,8.71e-06,3.94
4153,squeeze,verb,B2,8.71e-06,3.94
4154,supervision,noun,B2,8.71e-06,3.94
4155,terrified,adjective,B1,8.71e-06,3.94
4156,threaten,verb,B2,8.71e-06,3.94
4157,thrilled,adjective,B2,8.71e-06,3.94
4158,towel,noun,A1,8.71e-06,3.94
4159,trio,noun,B2,8.71e-06,3.94
4160,unconscious,adjective,B2,8.71e-06,3.94
4161,vegetable,noun,A1,8.71e-06,3.94
4162,virtue,noun,B2,8.71e-06,3.94
4163,well-organized/well-organised,adjective,B2,8.62e-06,3.94
4164,old-fashioned,adjective,B1,8.58e-06,3.93
4165,arise,verb,B1,8.51e-06,3.93
4166,battlefield,noun,B2,8.51e-06,3.93
4167,bloom,noun,A2,8.51e-06,3.93
4168,bore,verb,B1,8.51e-06,3.93
4169,butterfly,noun,A1,8.51e-06,3.93
4170,clown,noun,A2,8.51e-06,3.93
4171,conjunction,noun,B2,8.51e-06,3.93
4172,costly,adjective,B2,8.51e-06,3.93
4173,desktop,noun,B2,8.51e-06,3.93
4174,dial,"noun, verb",B1,8.51e-06,3.93
4175,discharge,noun,B2,8.51e-06,3.93
4176,ginger,noun,B1,8.51e-06,3.93
4177,impress,verb,A2,8.51e-06,3.93
4178,jar,noun,B1,8.51e-06,3.93
4179,mentor,noun,B2,8.51e-06,3.93
4180,merchandise,noun,B2,8.51e-06,3.93
4181,monk,noun,B1,8.51e-06,3.93
4182,occupy,verb,B1,8.51e-06,3.93
4183,painter,noun,A2,8.51e-06,3.93
4184,printer,noun,A2,8.51e-06,3.93
4185,readily,adverb,B2,8.51e-06,3.93
4186,reunion,noun,A2,8.51e-06,3.93
4187,revival,noun,B2,8.51e-06,3.93
4188,sixty,number,A1,8.51e-06,3.93
4189,sleeve,noun,B1,8.51e-06,3.93
4190,soundtrack,noun,B2,8.51e-06,3.93
4191,sustain,verb,B2,8.51e-06,3.93
4192,thankful,adjective,B1,8.51e-06,3.93
4193,translate,verb,B1,8.51e-06,3.93
4194,triangle,noun,B2,8.51e-06,3.93
4195,unclear,adjective,B1,8.51e-06,3.93
4196,wizard,adjective,B1,8.51e-06,3.93
4197,social networking,noun,B1,8.43e-06,3.93
4198,soap opera,noun,B1,8.35e-06,3.92
4199,affection,noun,B1,8.32e-06,3.92
4200,altitude,noun,B2,8.32e-06,3.92
4201,beautifully,adverb,B1,8.32e-06,3.92
4202,competent,adjective,B2,8.32e-06,3.92
4203,countryside,noun,A2,8.32e-06,3.92
4204,debris,noun,B1,8.32e-06,3.92
4205,educate,verb,B1,8.32e-06,3.92
4206,exceed,verb,B2,8.32e-06,3.92
4207,fierce,adjective,B2,8.32e-06,3.92
4208,garlic,noun,A2,8.32e-06,3.92
4209,gratitude,noun,B1,8.32e-06,3.92
4210,hail,verb,B2,8.32e-06,3.92
4211,illustration,noun,B2,8.32e-06,3.92
4212,impose,verb,B2,8.32e-06,3.92
4213,leisure,noun,A2,8.32e-06,3.92
4214,lend,verb,A2,8.32e-06,3.92
4215,luckily,adverb,A2,8.32e-06,3.92
4216,mint,noun,B2,8.32e-06,3.92
4217,outline,"noun, verb",B1,8.32e-06,3.92
4218,pasta,noun,A2,8.32e-06,3.92
4219,pi,noun,B2,8.32e-06,3.92
4220,polite,adjective,A2,8.32e-06,3.92
4221,receipt,noun,A2,8.32e-06,3.92
4222,researcher,noun,B1,8.32e-06,3.92
4223,runway,noun,B1,8.32e-06,3.92
4224,sculpture,noun,B1,8.32e-06,3.92
4225,showcase,noun,B2,8.32e-06,3.92
4226,underwater,"adjective, adverb",B2,8.32e-06,3.92
4227,wax,"noun, verb",B1,8.32e-06,3.92
4228,alcoholic,"adjective, noun",B2,8.13e-06,3.91
4229,amazed,adjective,B1,8.13e-06,3.91
4230,ambition,noun,A2,8.13e-06,3.91
4231,bake,verb,A2,8.13e-06,3.91
4232,batch,noun,A2,8.13e-06,3.91
4233,collector,noun,B2,8.13e-06,3.91
4234,compliment,noun,B1,8.13e-06,3.91
4235,continually,adverb,B1,8.13e-06,3.91
4236,enjoyable,adjective,B1,8.13e-06,3.91
4237,exotic,adjective,B2,8.13e-06,3.91
4238,fountain,noun,B1,8.13e-06,3.91
4239,glance,"noun, verb",B1,8.13e-06,3.91
4240,glow,noun,B2,8.13e-06,3.91
4241,hay,noun,B2,8.13e-06,3.91
4242,hometown,noun,A1,8.13e-06,3.91
4243,liberation,noun,B1,8.13e-06,3.91
4244,massacre,noun,B2,8.13e-06,3.91
4245,nationalist,noun,B1,8.13e-06,3.91
4246,necessity,noun,B2,8.13e-06,3.91
4247,nickname,noun,B1,8.13e-06,3.91
4248,observer,noun,B2,8.13e-06,3.91
4249,offshore,adjective,B2,8.13e-06,3.91
4250,optional,adjective,B2,8.13e-06,3.91
4251,prosperity,noun,B1,8.13e-06,3.91
4252,refuge,noun,B2,8.13e-06,3.91
4253,sack,verb,B2,8.13e-06,3.91
4254,shortage,noun,B1,8.13e-06,3.91
4255,sphere,noun,B1,8.13e-06,3.91
4256,stare,verb,B1,8.13e-06,3.91
4257,terribly,adverb,B1,8.13e-06,3.91
4258,thriller,noun,B1,8.13e-06,3.91
4259,toss,verb,B1,8.13e-06,3.91
4260,turtle,noun,B1,8.13e-06,3.91
4261,verbal,adjective,B2,8.13e-06,3.91
4262,wool,noun,A2,8.13e-06,3.91
4263,balloon,noun,A2,7.94e-06,3.9
4264,burial,noun,B2,7.94e-06,3.9
4265,champagne,noun,A2,7.94e-06,3.9
4266,cleaner,noun,A2,7.94e-06,3.9
4267,conclude,verb,B1,7.94e-06,3.9
4268,drought,noun,B2,7.94e-06,3.9
4269,fog,noun,A2,7.94e-06,3.9
4270,gesture,noun,B1,7.94e-06,3.9
4271,historian,noun,B1,7.94e-06,3.9
4272,hospitality,noun,B2,7.94e-06,3.9
4273,misleading,adjective,B2,7.94e-06,3.9
4274,moisture,noun,B1,7.94e-06,3.9
4275,monument,noun,B1,7.94e-06,3.9
4276,obsession,noun,B2,7.94e-06,3.9
4277,particle,noun,B2,7.94e-06,3.9
4278,peanut,noun,B1,7.94e-06,3.9
4279,persistent,adjective,B2,7.94e-06,3.9
4280,rack,noun,B2,7.94e-06,3.9
4281,rebuild,verb,B1,7.94e-06,3.9
4282,rejection,noun,B2,7.94e-06,3.9
4283,relaxing,adjective,B1,7.94e-06,3.9
4284,sensation,noun,B1,7.94e-06,3.9
4285,slope,noun,B1,7.94e-06,3.9
4286,snack,noun,A2,7.94e-06,3.9
4287,stern,adjective,B2,7.94e-06,3.9
4288,stiff,adjective,B2,7.94e-06,3.9
4289,terrific,adjective,B1,7.94e-06,3.9
4290,unemployed,adjective,B1,7.94e-06,3.9
4291,unite,verb,B1,7.94e-06,3.9
4292,unlock,verb,B2,7.94e-06,3.9
4293,vet,noun,B1,7.94e-06,3.9
4294,wagon,noun,B1,7.94e-06,3.9
4295,adverse,adjective,B2,7.76e-06,3.89
4296,biography,noun,B1,7.76e-06,3.89
4297,browser,noun,B2,7.76e-06,3.89
4298,bury,verb,A2,7.76e-06,3.89
4299,cocktail,noun,B2,7.76e-06,3.89
4300,cod,noun,B1,7.76e-06,3.89
4301,destructive,adjective,B1,7.76e-06,3.89
4302,dislike,"noun, verb",B1,7.76e-06,3.89
4303,emerge,verb,B1,7.76e-06,3.89
4304,farewell,noun,B1,7.76e-06,3.89
4305,fond,adjective,B1,7.76e-06,3.89
4306,foolish,adjective,B1,7.76e-06,3.89
4307,frog,noun,A1,7.76e-06,3.89
4308,fry,"noun, verb",B1,7.76e-06,3.89
4309,gifted,adjective,B1,7.76e-06,3.89
4310,holocaust,noun,B2,7.76e-06,3.89
4311,imprisonment,noun,B2,7.76e-06,3.89
4312,landlord,noun,B1,7.76e-06,3.89
4313,midst,noun,B2,7.76e-06,3.89
4314,misery,noun,B1,7.76e-06,3.89
4315,mosque,noun,A2,7.76e-06,3.89
4316,moss,noun,B1,7.76e-06,3.89
4317,nursery,noun,B2,7.76e-06,3.89
4318,onion,noun,A2,7.76e-06,3.89
4319,plague,noun,B2,7.76e-06,3.89
4320,positively,adverb,B1,7.76e-06,3.89
4321,recruit,verb,B2,7.76e-06,3.89
4322,sharply,adverb,B2,7.76e-06,3.89
4323,specialty,noun,B2,7.76e-06,3.89
4324,supernatural,adjective,B2,7.76e-06,3.89
4325,thirteen,number,A1,7.76e-06,3.89
4326,tomb,noun,B2,7.76e-06,3.89
4327,trim,noun,B1,7.76e-06,3.89
4328,umbrella,noun,A1,7.76e-06,3.89
4329,voyage,noun,B1,7.76e-06,3.89
4330,polar bear,noun,B2,7.74e-06,3.89
4331,fire brigade,noun,B2,7.64e-06,3.88
4332,adjustment,noun,B2,7.59e-06,3.88
4333,attachment,noun,B1,7.59e-06,3.88
4334,bomber,noun,B2,7.59e-06,3.88
4335,candle,noun,B1,7.59e-06,3.88
4336,choir,noun,B1,7.59e-06,3.88
4337,coconut,noun,B2,7.59e-06,3.88
4338,confession,noun,B2,7.59e-06,3.88
4339,consume,verb,B1,7.59e-06,3.88
4340,corridor,noun,B2,7.59e-06,3.88
4341,critically,adverb,B2,7.59e-06,3.88
4342,fourteen,number,A1,7.59e-06,3.88
4343,gossip,"noun, verb",B2,7.59e-06,3.88
4344,interfere,verb,B2,7.59e-06,3.88
4345,intersection,noun,B2,7.59e-06,3.88
4346,mankind,noun,B1,7.59e-06,3.88
4347,metric,adjective,B2,7.59e-06,3.88
4348,pointless,adjective,B2,7.59e-06,3.88
4349,proximity,noun,B2,7.59e-06,3.88
4350,qualification,noun,B2,7.59e-06,3.88
4351,ranger,noun,B2,7.59e-06,3.88
4352,sadness,noun,B1,7.59e-06,3.88
4353,shiny,adjective,B1,7.59e-06,3.88
4354,sour,adjective,B1,7.59e-06,3.88
4355,spoon,noun,A2,7.59e-06,3.88
4356,stressful,adjective,B1,7.59e-06,3.88
4357,terrace,noun,B2,7.59e-06,3.88
4358,thief,noun,A2,7.59e-06,3.88
4359,undoubtedly,adverb,B2,7.59e-06,3.88
4360,whistle,"noun, verb",B2,7.59e-06,3.88
4361,air conditioning,noun,B1,7.51e-06,3.88
4362,appetite,noun,B1,7.41e-06,3.87
4363,backyard,noun,B2,7.41e-06,3.87
4364,bully,verb,B2,7.41e-06,3.87
4365,calculate,verb,B1,7.41e-06,3.87
4366,consult,verb,B2,7.41e-06,3.87
4367,distinguish,verb,B1,7.41e-06,3.87
4368,dominate,verb,B2,7.41e-06,3.87
4369,dynasty,noun,B1,7.41e-06,3.87
4370,economist,noun,B2,7.41e-06,3.87
4371,extensively,adverb,B1,7.41e-06,3.87
4372,forehead,noun,B1,7.41e-06,3.87
4373,hiking,noun,A2,7.41e-06,3.87
4374,illegally,adverb,B1,7.41e-06,3.87
4375,informal,adjective,B2,7.41e-06,3.87
4376,messy,adjective,B1,7.41e-06,3.87
4377,optimistic,adjective,B2,7.41e-06,3.87
4378,owl,noun,B2,7.41e-06,3.87
4379,pharmacy,noun,B1,7.41e-06,3.87
4380,regulate,verb,B2,7.41e-06,3.87
4381,roast,"adjective, verb",A2,7.41e-06,3.87
4382,rubbish,noun,B1,7.41e-06,3.87
4383,salon,noun,B2,7.41e-06,3.87
4384,seventeen,number,A1,7.41e-06,3.87
4385,swallow,verb,A2,7.41e-06,3.87
4386,systematic,adjective,B1,7.41e-06,3.87
4387,unacceptable,adjective,B2,7.41e-06,3.87
4388,unaware,adjective,B2,7.41e-06,3.87
4389,uncommon,adjective,B2,7.41e-06,3.87
4390,upstairs,"adjective, adverb, noun",B1,7.41e-06,3.87
4391,vague,adjective,B1,7.41e-06,3.87
4392,zip,noun,B2,7.41e-06,3.87
4393,license/licence,verb,A2,7.28e-06,3.86
4394,abundance,noun,B1,7.24e-06,3.86
4395,ant,noun,B1,7.24e-06,3.86
4396,antique,"adjective, noun",B1,7.24e-06,3.86
4397,booking,noun,B1,7.24e-06,3.86
4398,breeze,noun,A2,7.24e-06,3.86
4399,carnival,noun,B2,7.24e-06,3.86
4400,cooperative,adjective,B2,7.24e-06,3.86
4401,coral,noun,B2,7.24e-06,3.86
4402,correspondent,noun,B2,7.24e-06,3.86
4403,curtain,noun,B1,7.24e-06,3.86
4404,dentist,noun,A2,7.24e-06,3.86
4405,endangered,adjective,A2,7.24e-06,3.86
4406,envelope,noun,A2,7.24e-06,3.86
4407,fade,verb,B1,7.24e-06,3.86
4408,fictional,adjective,B2,7.24e-06,3.86
4409,instinct,noun,B2,7.24e-06,3.86
4410,lively,adjective,A2,7.24e-06,3.86
4411,maple,noun,B1,7.24e-06,3.86
4412,morality,noun,B2,7.24e-06,3.86
4413,mortal,adjective,B2,7.24e-06,3.86
4414,prestigious,adjective,B2,7.24e-06,3.86
4415,prompt,"adjective, noun, verb",B2,7.24e-06,3.86
4416,referee,noun,B1,7.24e-06,3.86
4417,relay,noun,B2,7.24e-06,3.86
4418,sunlight,noun,A2,7.24e-06,3.86
4419,surf,"noun, verb",A2,7.24e-06,3.86
4420,symbolic,adjective,B2,7.24e-06,3.86
4421,wheelchair,noun,A2,7.24e-06,3.86
4422,allowance,noun,B1,7.08e-06,3.85
4423,bark,"noun, verb",B2,7.08e-06,3.85
4424,blogger,noun,B1,7.08e-06,3.85
4425,bra,noun,A2,7.08e-06,3.85
4426,brotherhood,noun,B1,7.08e-06,3.85
4427,builder,noun,B1,7.08e-06,3.85
4428,carriage,noun,B1,7.08e-06,3.85
4429,clarify,verb,B2,7.08e-06,3.85
4430,composer,noun,A2,7.08e-06,3.85
4431,constitute,verb,B1,7.08e-06,3.85
4432,correspondence,noun,B2,7.08e-06,3.85
4433,desirable,adjective,B2,7.08e-06,3.85
4434,devastating,adjective,B1,7.08e-06,3.85
4435,diagram,noun,B1,7.08e-06,3.85
4436,dismiss,verb,B2,7.08e-06,3.85
4437,explorer,noun,B2,7.08e-06,3.85
4438,farther,adverb,B1,7.08e-06,3.85
4439,geographical,adjective,B1,7.08e-06,3.85
4440,governmental,adjective,B2,7.08e-06,3.85
4441,grandson,noun,A2,7.08e-06,3.85
4442,ivory,noun,B1,7.08e-06,3.85
4443,lengthy,adjective,B2,7.08e-06,3.85
4444,mock,adjective,B2,7.08e-06,3.85
4445,necklace,noun,B1,7.08e-06,3.85
4446,porch,noun,B2,7.08e-06,3.85
4447,possessed,adjective,B2,7.08e-06,3.85
4448,recession,noun,B2,7.08e-06,3.85
4449,rim,noun,B2,7.08e-06,3.85
4450,secondly,adverb,B2,7.08e-06,3.85
4451,spiral,adjective,B1,7.08e-06,3.85
4452,splash,"noun, verb",A2,7.08e-06,3.85
4453,successive,adjective,B2,7.08e-06,3.85
4454,timely,adjective,B1,7.08e-06,3.85
4455,tomato,noun,A1,7.08e-06,3.85
4456,tub,noun,B2,7.08e-06,3.85
4457,undergraduate,noun,B2,7.08e-06,3.85
4458,utter,verb,B2,7.08e-06,3.85
4459,volleyball,noun,A1,7.08e-06,3.85
4460,yell,"noun, verb",B2,7.08e-06,3.85
4461,advertisement,noun,A2,6.92e-06,3.84
4462,bracket,noun,B2,6.92e-06,3.84
4463,daylight,noun,A2,6.92e-06,3.84
4464,elbow,noun,B1,6.92e-06,3.84
4465,enthusiastic,adjective,B1,6.92e-06,3.84
4466,envy,"noun, verb",B2,6.92e-06,3.84
4467,exile,noun,B2,6.92e-06,3.84
4468,genetics,noun,B1,6.92e-06,3.84
4469,grill,"noun, verb",B1,6.92e-06,3.84
4470,heel,noun,B1,6.92e-06,3.84
4471,hut,noun,B1,6.92e-06,3.84
4472,outrage,noun,B2,6.92e-06,3.84
4473,paperwork,noun,B2,6.92e-06,3.84
4474,promptly,adverb,B2,6.92e-06,3.84
4475,ruler,noun,A1,6.92e-06,3.84
4476,sincere,adjective,B2,6.92e-06,3.84
4477,skating,noun,A2,6.92e-06,3.84
4478,skiing,noun,A2,6.92e-06,3.84
4479,slaughter,noun,B2,6.92e-06,3.84
4480,spill,verb,A2,6.92e-06,3.84
4481,steadily,adverb,B1,6.92e-06,3.84
4482,supplier,noun,B2,6.92e-06,3.84
4483,swan,noun,B2,6.92e-06,3.84
4484,tasty,adjective,B1,6.92e-06,3.84
4485,teammate,noun,B1,6.92e-06,3.84
4486,testify,verb,B2,6.92e-06,3.84
4487,tolerate,verb,B2,6.92e-06,3.84
4488,neighborhood/neighbourhood,noun,B1,6.83e-06,3.83
4489,afterward,adverb,B1,6.76e-06,3.83
4490,applause,noun,B1,6.76e-06,3.83
4491,bald,adjective,B1,6.76e-06,3.83
4492,boil,verb,A2,6.76e-06,3.83
4493,breakthrough,noun,B1,6.76e-06,3.83
4494,cone,noun,B2,6.76e-06,3.83
4495,convey,verb,B1,6.76e-06,3.83
4496,decay,verb,B2,6.76e-06,3.83
4497,depressing,adjective,B1,6.76e-06,3.83
4498,dessert,noun,A2,6.76e-06,3.83
4499,entertain,verb,B1,6.76e-06,3.83
4500,exploit,verb,B2,6.76e-06,3.83
4501,gateway,noun,B2,6.76e-06,3.83
4502,imagery,noun,B2,6.76e-06,3.83
4503,imply,verb,B2,6.76e-06,3.83
4504,investigator,noun,B2,6.76e-06,3.83
4505,isle,noun,B1,6.76e-06,3.83
4506,merry,adjective,A1,6.76e-06,3.83
4507,naughty,adjective,B2,6.76e-06,3.83
4508,notorious,adjective,B1,6.76e-06,3.83
4509,obey,verb,B2,6.76e-06,3.83
4510,overly,adverb,B2,6.76e-06,3.83
4511,pumpkin,noun,B2,6.76e-06,3.83
4512,ramp,noun,B2,6.76e-06,3.83
4513,reef,noun,B1,6.76e-06,3.83
4514,refusal,noun,B1,6.76e-06,3.83
4515,sage,noun,B2,6.76e-06,3.83
4516,shave,verb,B1,6.76e-06,3.83
4517,sickness,noun,B1,6.76e-06,3.83
4518,straightforward,adjective,B2,6.76e-06,3.83
4519,superstar,noun,A2,6.76e-06,3.83
4520,telecommunications,noun,B1,6.76e-06,3.83
4521,thoughtful,adjective,B2,6.76e-06,3.83
4522,zoom,noun,B2,6.76e-06,3.83
4523,steering wheel,noun,B2,6.71e-06,3.83
4524,recognize/recognise,verb,B1,6.65e-06,3.82
4525,accidental,adjective,B1,6.61e-06,3.82
4526,addicted,adjective,B2,6.61e-06,3.82
4527,athletics,noun,B2,6.61e-06,3.82
4528,broadly,adverb,B2,6.61e-06,3.82
4529,certainty,noun,B1,6.61e-06,3.82
4530,compression,noun,B2,6.61e-06,3.82
4531,confess,verb,B2,6.61e-06,3.82
4532,cube,noun,B2,6.61e-06,3.82
4533,decoration,noun,B2,6.61e-06,3.82
4534,deliberate,adjective,B2,6.61e-06,3.82
4535,despair,noun,B1,6.61e-06,3.82
4536,dye,noun,B2,6.61e-06,3.82
4537,electron,noun,B1,6.61e-06,3.82
4538,endure,verb,B1,6.61e-06,3.82
4539,globally,adverb,B2,6.61e-06,3.82
4540,hatch,noun,B1,6.61e-06,3.82
4541,inadequate,adjective,B2,6.61e-06,3.82
4542,intentionally,adverb,B1,6.61e-06,3.82
4543,murderer,noun,B1,6.61e-06,3.82
4544,nap,noun,B1,6.61e-06,3.82
4545,niece,noun,B1,6.61e-06,3.82
4546,pardon,"noun, verb",B1,6.61e-06,3.82
4547,persuade,verb,B1,6.61e-06,3.82
4548,quiz,noun,A2,6.61e-06,3.82
4549,rainfall,noun,B1,6.61e-06,3.82
4550,remedy,noun,B1,6.61e-06,3.82
4551,revision,noun,B1,6.61e-06,3.82
4552,scent,noun,B2,6.61e-06,3.82
4553,sunrise,noun,B1,6.61e-06,3.82
4554,surge,noun,B2,6.61e-06,3.82
4555,tornado,noun,B1,6.61e-06,3.82
4556,vocabulary,noun,A2,6.61e-06,3.82
4557,willingness,noun,B1,6.61e-06,3.82
4558,worthless,adjective,B2,6.61e-06,3.82
4559,yacht,noun,B2,6.61e-06,3.82
4560,ice skating,noun,B1,6.47e-06,3.81
4561,absorb,verb,B1,6.46e-06,3.81
4562,accompany,verb,B1,6.46e-06,3.81
4563,advancement,noun,B2,6.46e-06,3.81
4564,alternatively,adverb,B2,6.46e-06,3.81
4565,assurance,noun,B2,6.46e-06,3.81
4566,barber,noun,A2,6.46e-06,3.81
4567,bidding,noun,B2,6.46e-06,3.81
4568,competitor,noun,B1,6.46e-06,3.81
4569,dioxide,noun,B1,6.46e-06,3.81
4570,doom,noun,B2,6.46e-06,3.81
4571,eighteen,number,A1,6.46e-06,3.81
4572,enjoyment,noun,B1,6.46e-06,3.81
4573,exhaust,noun,B2,6.46e-06,3.81
4574,flee,verb,B2,6.46e-06,3.81
4575,glimpse,noun,B1,6.46e-06,3.81
4576,infectious,adjective,B2,6.46e-06,3.81
4577,interpret,verb,B2,6.46e-06,3.81
4578,lid,noun,B2,6.46e-06,3.81
4579,masterpiece,noun,B2,6.46e-06,3.81
4580,melody,noun,B2,6.46e-06,3.81
4581,narrator,noun,B2,6.46e-06,3.81
4582,partisan,noun,B2,6.46e-06,3.81
4583,pupil,noun,B1,6.46e-06,3.81
4584,reluctant,adjective,B2,6.46e-06,3.81
4585,respiratory,adjective,B2,6.46e-06,3.81
4586,ribbon,noun,A1,6.46e-06,3.81
4587,roommate,noun,B2,6.46e-06,3.81
4588,rotten,adjective,B1,6.46e-06,3.81
4589,sofa,noun,A1,6.46e-06,3.81
4590,spoil,verb,B1,6.46e-06,3.81
4591,submarine,noun,B1,6.46e-06,3.81
4592,suburb,noun,B2,6.46e-06,3.81
4593,sympathetic,adjective,B2,6.46e-06,3.81
4594,temper,noun,B1,6.46e-06,3.81
4595,undergo,verb,B1,6.46e-06,3.81
4596,altar,noun,B2,6.31e-06,3.8
4597,awe,noun,B2,6.31e-06,3.8
4598,coffin,noun,B1,6.31e-06,3.8
4599,conductor,noun,B2,6.31e-06,3.8
4600,confront,verb,B2,6.31e-06,3.8
4601,crow,noun,B1,6.31e-06,3.8
4602,decisive,adjective,B2,6.31e-06,3.8
4603,decorative,adjective,B2,6.31e-06,3.8
4604,eternity,noun,B1,6.31e-06,3.8
4605,evolve,verb,B2,6.31e-06,3.8
4606,explode,verb,B2,6.31e-06,3.8
4607,grandpa,noun,A1,6.31e-06,3.8
4608,hairy,adjective,B2,6.31e-06,3.8
4609,luggage,noun,B1,6.31e-06,3.8
4610,madame,noun,B2,6.31e-06,3.8
4611,microwave,noun,B2,6.31e-06,3.8
4612,ounce,noun,B2,6.31e-06,3.8
4613,peel,"noun, verb",B2,6.31e-06,3.8
4614,performer,noun,B1,6.31e-06,3.8
4615,picnic,noun,A1,6.31e-06,3.8
4616,primitive,adjective,B1,6.31e-06,3.8
4617,psychologist,noun,A2,6.31e-06,3.8
4618,restrict,verb,B1,6.31e-06,3.8
4619,royalty,noun,B2,6.31e-06,3.8
4620,sausage,noun,A2,6.31e-06,3.8
4621,seize,verb,B1,6.31e-06,3.8
4622,skeleton,noun,B1,6.31e-06,3.8
4623,spicy,adjective,B1,6.31e-06,3.8
4624,sticky,adjective,B1,6.31e-06,3.8
4625,sufficiently,adverb,B2,6.31e-06,3.8
4626,tick,"noun, verb",B1,6.31e-06,3.8
4627,unpleasant,adjective,A2,6.31e-06,3.8
4628,unrelated,adjective,B1,6.31e-06,3.8
4629,vacant,adjective,B2,6.31e-06,3.8
4630,wardrobe,noun,B1,6.31e-06,3.8
4631,warmth,noun,B1,6.31e-06,3.8
4632,bulletin,noun,B1,6.17e-06,3.79
4633,cautious,adjective,B1,6.17e-06,3.79
4634,cooperate,verb,B2,6.17e-06,3.79
4635,distribute,verb,B1,6.17e-06,3.79
4636,encouragement,noun,B1,6.17e-06,3.79
4637,goalkeeper,noun,B1,6.17e-06,3.79
4638,harmless,adjective,B2,6.17e-06,3.79
4639,hesitate,verb,B1,6.17e-06,3.79
4640,hopeful,adjective,B1,6.17e-06,3.79
4641,hygiene,noun,B2,6.17e-06,3.79
4642,imaginary,adjective,B1,6.17e-06,3.79
4643,loudly,adverb,A2,6.17e-06,3.79
4644,mechanic,noun,B1,6.17e-06,3.79
4645,modify,verb,B1,6.17e-06,3.79
4646,neglect,noun,B2,6.17e-06,3.79
4647,northwestern,adjective,B1,6.17e-06,3.79
4648,oppression,noun,B1,6.17e-06,3.79
4649,patriotic,adjective,B2,6.17e-06,3.79
4650,playground,noun,A2,6.17e-06,3.79
4651,prejudice,noun,B1,6.17e-06,3.79
4652,probable,adjective,B2,6.17e-06,3.79
4653,projection,noun,B2,6.17e-06,3.79
4654,shrimp,noun,B1,6.17e-06,3.79
4655,spokesman,noun,B2,6.17e-06,3.79
4656,stall,noun,B1,6.17e-06,3.79
4657,starving,adjective,B2,6.17e-06,3.79
4658,surround,verb,B1,6.17e-06,3.79
4659,surroundings,noun,B2,6.17e-06,3.79
4660,offense/offence,noun,B2,6.08e-06,3.78
4661,aboriginal,adjective,B2,6.03e-06,3.78
4662,allergic,adjective,B1,6.03e-06,3.78
4663,backpack,noun,B1,6.03e-06,3.78
4664,balcony,noun,A2,6.03e-06,3.78
4665,banker,noun,B2,6.03e-06,3.78
4666,compensate,verb,B2,6.03e-06,3.78
4667,daisy,noun,B1,6.03e-06,3.78
4668,definite,adjective,B1,6.03e-06,3.78
4669,disco,noun,A2,6.03e-06,3.78
4670,distraction,noun,B2,6.03e-06,3.78
4671,drawer,noun,A2,6.03e-06,3.78
4672,ecological,adjective,B1,6.03e-06,3.78
4673,ecosystem,noun,B1,6.03e-06,3.78
4674,exclude,verb,B2,6.03e-06,3.78
4675,faint,"adjective, verb",B2,6.03e-06,3.78
4676,greenhouse,noun,B1,6.03e-06,3.78
4677,jade,noun,B1,6.03e-06,3.78
4678,negotiation,noun,B1,6.03e-06,3.78
4679,newborn,adjective,B1,6.03e-06,3.78
4680,parental,adjective,B1,6.03e-06,3.78
4681,participant,noun,B1,6.03e-06,3.78
4682,penguin,noun,B2,6.03e-06,3.78
4683,phantom,adjective,B1,6.03e-06,3.78
4684,prom,noun,B2,6.03e-06,3.78
4685,queue,"noun, verb",B2,6.03e-06,3.78
4686,sailor,noun,A1,6.03e-06,3.78
4687,seventy,number,A1,6.03e-06,3.78
4688,specify,verb,B2,6.03e-06,3.78
4689,stab,verb,B2,6.03e-06,3.78
4690,supermarket,noun,A1,6.03e-06,3.78
4691,sweater,noun,A2,6.03e-06,3.78
4692,unwanted,adjective,B1,6.03e-06,3.78
4693,vegetarian,"adjective, noun",B1,6.03e-06,3.78
4694,abundant,adjective,B1,5.89e-06,3.77
4695,attribute,"noun, verb",B2,5.89e-06,3.77
4696,audition,noun,B2,5.89e-06,3.77
4697,chop,verb,B2,5.89e-06,3.77
4698,comparative,noun,A2,5.89e-06,3.77
4699,complement,noun,B1,5.89e-06,3.77
4700,conquer,verb,B1,5.89e-06,3.77
4701,conquest,noun,B2,5.89e-06,3.77
4702,crawl,verb,B2,5.89e-06,3.77
4703,delightful,adjective,B1,5.89e-06,3.77
4704,dinosaur,noun,A2,5.89e-06,3.77
4705,embarrassment,noun,B1,5.89e-06,3.77
4706,guts,noun,B2,5.89e-06,3.77
4707,hearted,adjective,B1,5.89e-06,3.77
4708,herb,noun,B2,5.89e-06,3.77
4709,herd,noun,B1,5.89e-06,3.77
4710,immortal,adjective,B2,5.89e-06,3.77
4711,insufficient,adjective,B2,5.89e-06,3.77
4712,interval,noun,B1,5.89e-06,3.77
4713,jelly,noun,A2,5.89e-06,3.77
4714,lick,verb,B2,5.89e-06,3.77
4715,literal,adjective,B2,5.89e-06,3.77
4716,modification,noun,B2,5.89e-06,3.77
4717,objection,noun,B1,5.89e-06,3.77
4718,outrageous,adjective,B2,5.89e-06,3.77
4719,packet,noun,B2,5.89e-06,3.77
4720,peach,noun,B2,5.89e-06,3.77
4721,polo,noun,B2,5.89e-06,3.77
4722,presenter,noun,B2,5.89e-06,3.77
4723,prohibition,noun,B1,5.89e-06,3.77
4724,relieve,verb,B2,5.89e-06,3.77
4725,remarkably,adverb,B2,5.89e-06,3.77
4726,scar,noun,B2,5.89e-06,3.77
4727,seminar,noun,B2,5.89e-06,3.77
4728,softly,adverb,A2,5.89e-06,3.77
4729,symphony,noun,A2,5.89e-06,3.77
4730,textbook,noun,A2,5.89e-06,3.77
4731,trader,noun,B2,5.89e-06,3.77
4732,valentine,noun,B2,5.89e-06,3.77
4733,vein,noun,B1,5.89e-06,3.77
4734,viewer,noun,B2,5.89e-06,3.77
4735,worm,noun,B2,5.89e-06,3.77
4736,disk/disc,noun,B1,5.82e-06,3.76
4737,accountant,noun,B1,5.75e-06,3.76
4738,amusing,adjective,B1,5.75e-06,3.76
4739,calculation,noun,B1,5.75e-06,3.76
4740,cane,noun,B2,5.75e-06,3.76
4741,catalyst,noun,B2,5.75e-06,3.76
4742,crab,noun,B2,5.75e-06,3.76
4743,cruelty,noun,B2,5.75e-06,3.76
4744,diploma,noun,B2,5.75e-06,3.76
4745,extinction,noun,B1,5.75e-06,3.76
4746,geology,noun,B1,5.75e-06,3.76
4747,heavenly,adjective,B1,5.75e-06,3.76
4748,insect,noun,A2,5.75e-06,3.76
4749,predictable,adjective,B2,5.75e-06,3.76
4750,queer,adjective,B2,5.75e-06,3.76
4751,reckon,verb,B2,5.75e-06,3.76
4752,recycling,noun,B1,5.75e-06,3.76
4753,restriction,noun,B2,5.75e-06,3.76
4754,stubborn,adjective,B1,5.75e-06,3.76
4755,tightly,adverb,B1,5.75e-06,3.76
4756,unusually,adverb,B1,5.75e-06,3.76
4757,volcano,noun,B1,5.75e-06,3.76
4758,definite article,noun,B1,5.74e-06,3.76
4759,harbor/harbour,noun,B1,5.7e-06,3.76
4760,attach,verb,B1,5.62e-06,3.75
4761,bind,verb,B2,5.62e-06,3.75
4762,boiling,adjective,B2,5.62e-06,3.75
4763,bum,noun,B2,5.62e-06,3.75
4764,butcher,"noun, verb",B2,5.62e-06,3.75
4765,conception,noun,B2,5.62e-06,3.75
4766,deed,noun,B1,5.62e-06,3.75
4767,dwarf,noun,B2,5.62e-06,3.75
4768,eighty,number,A1,5.62e-06,3.75
4769,forthcoming,adjective,B2,5.62e-06,3.75
4770,gallon,noun,B1,5.62e-06,3.75
4771,gown,noun,B1,5.62e-06,3.75
4772,greedy,adjective,A2,5.62e-06,3.75
4773,ideally,adverb,B2,5.62e-06,3.75
4774,inspirational,adjective,B2,5.62e-06,3.75
4775,lifelong,adjective,B1,5.62e-06,3.75
4776,liner,noun,B2,5.62e-06,3.75
4777,merge,verb,B2,5.62e-06,3.75
4778,mortar,noun,B2,5.62e-06,3.75
4779,noticeable,adjective,B1,5.62e-06,3.75
4780,perfume,noun,A2,5.62e-06,3.75
4781,pleasing,adjective,A2,5.62e-06,3.75
4782,prestige,noun,B2,5.62e-06,3.75
4783,retailer,noun,B2,5.62e-06,3.75
4784,telescope,noun,B2,5.62e-06,3.75
4785,thickness,noun,B2,5.62e-06,3.75
4786,tray,noun,B2,5.62e-06,3.75
4787,unreasonable,adjective,B2,5.62e-06,3.75
4788,unsure,adjective,B2,5.62e-06,3.75
4789,violate,verb,B2,5.62e-06,3.75
4790,vivid,adjective,B1,5.62e-06,3.75
4791,amusement,noun,A2,5.5e-06,3.74
4792,anticipation,noun,B2,5.5e-06,3.74
4793,appropriately,adverb,B2,5.5e-06,3.74
4794,arrogant,adjective,B2,5.5e-06,3.74
4795,auxiliary,adjective,B1,5.5e-06,3.74
4796,baggage,noun,B1,5.5e-06,3.74
4797,boxer,noun,B2,5.5e-06,3.74
4798,cereal,noun,A2,5.5e-06,3.74
4799,cola,noun,A2,5.5e-06,3.74
4800,coma,noun,B2,5.5e-06,3.74
4801,comfortably,adverb,B2,5.5e-06,3.74
4802,contempt,noun,B2,5.5e-06,3.74
4803,disappearance,noun,B2,5.5e-06,3.74
4804,ecology,noun,B1,5.5e-06,3.74
4805,emergence,noun,B2,5.5e-06,3.74
4806,endurance,noun,B2,5.5e-06,3.74
4807,evacuation,noun,B2,5.5e-06,3.74
4808,exceptionally,adverb,B2,5.5e-06,3.74
4809,folder,noun,A2,5.5e-06,3.74
4810,frightened,adjective,A2,5.5e-06,3.74
4811,hedge,noun,B2,5.5e-06,3.74
4812,ingredient,noun,B1,5.5e-06,3.74
4813,ironically,adverb,B2,5.5e-06,3.74
4814,nod,"noun, verb",B2,5.5e-06,3.74
4815,notebook,noun,A1,5.5e-06,3.74
4816,overweight,adjective,A2,5.5e-06,3.74
4817,pneumonia,noun,B2,5.5e-06,3.74
4818,policeman,noun,A2,5.5e-06,3.74
4819,potent,adjective,B2,5.5e-06,3.74
4820,rainy,adjective,A1,5.5e-06,3.74
4821,salty,adjective,B2,5.5e-06,3.74
4822,singular,"adjective, noun",A2,5.5e-06,3.74
4823,skate,"noun, verb",B1,5.5e-06,3.74
4824,supper,noun,A2,5.5e-06,3.74
4825,sweetheart,noun,A2,5.5e-06,3.74
4826,thirsty,adjective,A2,5.5e-06,3.74
4827,torch,noun,B2,5.5e-06,3.74
4828,unchanged,adjective,B2,5.5e-06,3.74
4829,understandable,adjective,B2,5.5e-06,3.74
4830,upright,"adjective, adverb",B2,5.5e-06,3.74
4831,vain,adjective,B1,5.5e-06,3.74
4832,vanity,noun,B2,5.5e-06,3.74
4833,violin,noun,A2,5.5e-06,3.74
4834,whisper,"noun, verb",B2,5.5e-06,3.74
4835,worthwhile,adjective,B1,5.5e-06,3.74
4836,carbon dioxide,noun,B2,5.46e-06,3.74
4837,anticipate,verb,B2,5.37e-06,3.73
4838,bankrupt,verb,B2,5.37e-06,3.73
4839,blink,verb,B2,5.37e-06,3.73
4840,childish,adjective,B2,5.37e-06,3.73
4841,devotion,noun,B1,5.37e-06,3.73
4842,dilemma,noun,B2,5.37e-06,3.73
4843,disgrace,noun,B2,5.37e-06,3.73
4844,excel,verb,B2,5.37e-06,3.73
4845,firstly,adverb,B2,5.37e-06,3.73
4846,glove,noun,A2,5.37e-06,3.73
4847,greet,verb,A1,5.37e-06,3.73
4848,inflammation,noun,B2,5.37e-06,3.73
4849,lava,noun,B2,5.37e-06,3.73
4850,metaphor,noun,B2,5.37e-06,3.73
4851,millionaire,noun,B2,5.37e-06,3.73
4852,owing,adjective,B1,5.37e-06,3.73
4853,owing to,preposition,B2,5.37e-06,3.73
4854,patriot,noun,B2,5.37e-06,3.73
4855,patron,noun,B2,5.37e-06,3.73
4856,popcorn,noun,B1,5.37e-06,3.73
4857,regain,verb,B1,5.37e-06,3.73
4858,renew,verb,B1,5.37e-06,3.73
4859,resemble,verb,B1,5.37e-06,3.73
4860,rightly,adverb,B2,5.37e-06,3.73
4861,shrink,"noun, verb",B2,5.37e-06,3.73
4862,sorrow,noun,B1,5.37e-06,3.73
4863,thigh,noun,B2,5.37e-06,3.73
4864,undertake,verb,B2,5.37e-06,3.73
4865,unsuccessful,adjective,B2,5.37e-06,3.73
4866,warranty,noun,B1,5.37e-06,3.73
4867,aisle,noun,A2,5.25e-06,3.72
4868,atom,noun,A2,5.25e-06,3.72
4869,bleed,verb,B1,5.25e-06,3.72
4870,caption,noun,B2,5.25e-06,3.72
4871,choke,verb,B1,5.25e-06,3.72
4872,condemn,verb,B2,5.25e-06,3.72
4873,disguise,"noun, verb",B2,5.25e-06,3.72
4874,downstairs,"adjective, adverb",A2,5.25e-06,3.72
4875,impulse,noun,B2,5.25e-06,3.72
4876,inflammatory,adjective,B2,5.25e-06,3.72
4877,integrate,verb,B2,5.25e-06,3.72
4878,judgment/judgement,noun,B1,5.25e-06,3.72
4879,knot,noun,B2,5.25e-06,3.72
4880,lecturer,noun,B2,5.25e-06,3.72
4881,microphone,noun,B2,5.25e-06,3.72
4882,miniature,adjective,B2,5.25e-06,3.72
4883,motto,noun,B1,5.25e-06,3.72
4884,nationality,noun,A1,5.25e-06,3.72
4885,obstacle,noun,B1,5.25e-06,3.72
4886,perceive,verb,B2,5.25e-06,3.72
4887,petrol,noun,A2,5.25e-06,3.72
4888,philosopher,noun,B1,5.25e-06,3.72
4889,prose,noun,B2,5.25e-06,3.72
4890,razor,noun,B1,5.25e-06,3.72
4891,rug,noun,B2,5.25e-06,3.72
4892,slogan,noun,B1,5.25e-06,3.72
4893,steer,verb,B2,5.25e-06,3.72
4894,strawberry,noun,B1,5.25e-06,3.72
4895,strive,verb,B2,5.25e-06,3.72
4896,sunglasses,noun,A2,5.25e-06,3.72
4897,surfing,noun,A2,5.25e-06,3.72
4898,temptation,noun,B2,5.25e-06,3.72
4899,thrill,noun,B2,5.25e-06,3.72
4900,tile,noun,B1,5.25e-06,3.72
4901,unhealthy,adjective,A2,5.25e-06,3.72
4902,unpopular,adjective,B2,5.25e-06,3.72
4903,verb,noun,A2,5.25e-06,3.72
4904,abnormal,adjective,B1,5.13e-06,3.71
4905,accuse,verb,B1,5.13e-06,3.71
4906,ample,adjective,B2,5.13e-06,3.71
4907,analogy,noun,B2,5.13e-06,3.71
4908,calf,noun,B1,5.13e-06,3.71
4909,digest,noun,B2,5.13e-06,3.71
4910,disadvantage,noun,A2,5.13e-06,3.71
4911,distract,verb,B2,5.13e-06,3.71
4912,downward,adjective,B1,5.13e-06,3.71
4913,eco,noun,B1,5.13e-06,3.71
4914,energetic,adjective,A2,5.13e-06,3.71
4915,funk,noun,B2,5.13e-06,3.71
4916,greatness,noun,B2,5.13e-06,3.71
4917,grilled,adjective,A2,5.13e-06,3.71
4918,hazardous,adjective,B2,5.13e-06,3.71
4919,hopeless,adjective,B1,5.13e-06,3.71
4920,hourly,adjective,B2,5.13e-06,3.71
4921,illustrate,verb,B2,5.13e-06,3.71
4922,indirectly,adverb,B1,5.13e-06,3.71
4923,limitation,noun,B1,5.13e-06,3.71
4924,litter,noun,B2,5.13e-06,3.71
4925,mug,noun,A2,5.13e-06,3.71
4926,ninety,number,A1,5.13e-06,3.71
4927,outdoors,adverb,B1,5.13e-06,3.71
4928,pedestrian,noun,B2,5.13e-06,3.71
4929,preferably,adverb,B2,5.13e-06,3.71
4930,proudly,adverb,B2,5.13e-06,3.71
4931,relaxation,noun,B2,5.13e-06,3.71
4932,respectable,adjective,B1,5.13e-06,3.71
4933,sticker,noun,B1,5.13e-06,3.71
4934,stove,noun,A2,5.13e-06,3.71
4935,unexpectedly,adverb,B1,5.13e-06,3.71
4936,upward,adjective,B1,5.13e-06,3.71
4937,wildly,adverb,B1,5.13e-06,3.71
4938,winding,adjective,B2,5.13e-06,3.71
4939,adore,verb,B2,5.01e-06,3.7
4940,alphabet,noun,B1,5.01e-06,3.7
4941,appoint,verb,B1,5.01e-06,3.7
4942,bikini,noun,B2,5.01e-06,3.7
4943,bracelet,noun,B1,5.01e-06,3.7
4944,capsule,noun,B1,5.01e-06,3.7
4945,captive,noun,B2,5.01e-06,3.7
4946,compulsory,adjective,B2,5.01e-06,3.7
4947,crisp,noun,A2,5.01e-06,3.7
4948,delegate,noun,B2,5.01e-06,3.7
4949,functionality,noun,B2,5.01e-06,3.7
4950,gaze,noun,B2,5.01e-06,3.7
4951,grape,noun,A1,5.01e-06,3.7
4952,haircut,noun,A1,5.01e-06,3.7
4953,idle,adjective,B2,5.01e-06,3.7
4954,irregular,adjective,B1,5.01e-06,3.7
4955,juicy,adjective,B1,5.01e-06,3.7
4956,jumper,noun,B1,5.01e-06,3.7
4957,limb,noun,B2,5.01e-06,3.7
4958,misunderstanding,noun,B1,5.01e-06,3.7
4959,moody,adjective,B2,5.01e-06,3.7
4960,offender,noun,B2,5.01e-06,3.7
4961,overlap,noun,B2,5.01e-06,3.7
4962,pentagon,noun,B2,5.01e-06,3.7
4963,pottery,noun,B1,5.01e-06,3.7
4964,roar,verb,B2,5.01e-06,3.7
4965,stain,"noun, verb",B2,5.01e-06,3.7
4966,stimulation,noun,B2,5.01e-06,3.7
4967,stylish,adjective,B1,5.01e-06,3.7
4968,transcript,noun,B2,5.01e-06,3.7
4969,trousers,noun,A1,5.01e-06,3.7
4970,unwilling,adjective,B2,5.01e-06,3.7
4971,whichever,"determiner, pronoun",B2,5.01e-06,3.7
4972,petrol station,noun,A2,4.99e-06,3.7
4973,t-shirt/tee-shirt,noun,A1,4.95e-06,3.69
4974,blaze,"noun, verb",B2,4.9e-06,3.69
4975,broadband,noun,B2,4.9e-06,3.69
4976,bumper,noun,B2,4.9e-06,3.69
4977,diplomat,noun,B2,4.9e-06,3.69
4978,feather,noun,A2,4.9e-06,3.69
4979,firearm,noun,B2,4.9e-06,3.69
4980,flock,noun,B1,4.9e-06,3.69
4981,footballer,noun,A2,4.9e-06,3.69
4982,forestry,noun,B2,4.9e-06,3.69
4983,ghetto,noun,B2,4.9e-06,3.69
4984,grim,adjective,B2,4.9e-06,3.69
4985,helpless,adjective,B1,4.9e-06,3.69
4986,lastly,adverb,B2,4.9e-06,3.69
4987,manipulate,verb,B2,4.9e-06,3.69
4988,mustard,noun,B1,4.9e-06,3.69
4989,negatively,adverb,B2,4.9e-06,3.69
4990,retrieve,verb,B2,4.9e-06,3.69
4991,sophomore,noun,B1,4.9e-06,3.69
4992,trait,noun,B2,4.9e-06,3.69
4993,traitor,noun,B2,4.9e-06,3.69
4994,troop,noun,B2,4.9e-06,3.69
4995,underestimate,verb,B2,4.9e-06,3.69
4996,addict,noun,B2,4.79e-06,3.68
4997,boiled,adjective,A2,4.79e-06,3.68
4998,clone,verb,A2,4.79e-06,3.68
4999,disastrous,adjective,B1,4.79e-06,3.68
5000,drown,verb,B1,4.79e-06,3.68
5001,exclusion,noun,B2,4.79e-06,3.68
5002,greeting,noun,B1,4.79e-06,3.68
5003,honeymoon,noun,B1,4.79e-06,3.68
5004,jewel,noun,B1,4.79e-06,3.68
5005,navigate,verb,B2,4.79e-06,3.68
5006,pandemic,adjective,B2,4.79e-06,3.68
5007,rehearsal,noun,B2,4.79e-06,3.68
5008,reinforce,verb,B2,4.79e-06,3.68
5009,revive,verb,B2,4.79e-06,3.68
5010,scarf,noun,A2,4.79e-06,3.68
5011,scenery,noun,A2,4.79e-06,3.68
5012,sidewalk,noun,B1,4.79e-06,3.68
5013,sleepy,adjective,A2,4.79e-06,3.68
5014,smoothly,adverb,A2,4.79e-06,3.68
5015,strand,noun,B2,4.79e-06,3.68
5016,suspend,verb,B2,4.79e-06,3.68
5017,unpredictable,adjective,B1,4.79e-06,3.68
5018,visually,adverb,B1,4.79e-06,3.68
5019,adviser/advisor,noun,B1,4.71e-06,3.67
5020,humor/humour,noun,B1,4.71e-06,3.67
5021,math/maths,noun,A1,4.69e-06,3.67
5022,advent,noun,B2,4.68e-06,3.67
5023,astonishing,adjective,B2,4.68e-06,3.67
5024,bakery,noun,B1,4.68e-06,3.67
5025,chaotic,adjective,B2,4.68e-06,3.67
5026,confuse,verb,A2,4.68e-06,3.67
5027,coward,noun,B2,4.68e-06,3.67
5028,depart,verb,B1,4.68e-06,3.67
5029,disappoint,verb,B1,4.68e-06,3.67
5030,dolphin,noun,B1,4.68e-06,3.67
5031,dove,noun,B2,4.68e-06,3.67
5032,dusty,adjective,B1,4.68e-06,3.67
5033,enduring,adjective,B2,4.68e-06,3.67
5034,frightening,adjective,A2,4.68e-06,3.67
5035,gardening,noun,B1,4.68e-06,3.67
5036,goodwill,noun,B2,4.68e-06,3.67
5037,govern,verb,B1,4.68e-06,3.67
5038,gradual,adjective,B2,4.68e-06,3.67
5039,harness,noun,B1,4.68e-06,3.67
5040,irresponsible,adjective,B2,4.68e-06,3.67
5041,mist,noun,B2,4.68e-06,3.67
5042,molecule,noun,B1,4.68e-06,3.67
5043,noisy,adjective,A2,4.68e-06,3.67
5044,parcel,noun,B1,4.68e-06,3.67
5045,peculiar,adjective,B1,4.68e-06,3.67
5046,rash,adjective,B2,4.68e-06,3.67
5047,replica,noun,B2,4.68e-06,3.67
5048,ripe,adjective,B1,4.68e-06,3.67
5049,scenic,adjective,B1,4.68e-06,3.67
5050,stimulate,verb,B2,4.68e-06,3.67
5051,strangely,adverb,B1,4.68e-06,3.67
5052,translator,noun,B2,4.68e-06,3.67
5053,transmit,verb,B2,4.68e-06,3.67
5054,tutor,noun,B2,4.68e-06,3.67
5055,unsafe,adjective,B2,4.68e-06,3.67
5056,wander,verb,A2,4.68e-06,3.67
5057,advertise,verb,B1,4.57e-06,3.66
5058,assign,verb,B1,4.57e-06,3.66
5059,brewery,noun,B2,4.57e-06,3.66
5060,bulb,noun,A2,4.57e-06,3.66
5061,cardboard,noun,B2,4.57e-06,3.66
5062,casually,adverb,B2,4.57e-06,3.66
5063,chew,verb,B2,4.57e-06,3.66
5064,circumstance,noun,B2,4.57e-06,3.66
5065,daytime,noun,B2,4.57e-06,3.66
5066,dictator,noun,B2,4.57e-06,3.66
5067,dime,noun,B2,4.57e-06,3.66
5068,disagreement,noun,B1,4.57e-06,3.66
5069,disregard,noun,B2,4.57e-06,3.66
5070,distributor,noun,B2,4.57e-06,3.66
5071,dreadful,adjective,B2,4.57e-06,3.66
5072,earnest,adjective,B1,4.57e-06,3.66
5073,extinct,adjective,B1,4.57e-06,3.66
5074,forbid,verb,A2,4.57e-06,3.66
5075,freezer,noun,B1,4.57e-06,3.66
5076,genetically,adverb,B1,4.57e-06,3.66
5077,imperative,noun,B2,4.57e-06,3.66
5078,ineffective,adjective,B2,4.57e-06,3.66
5079,knit,verb,B1,4.57e-06,3.66
5080,needless,adjective,B2,4.57e-06,3.66
5081,novelty,noun,B2,4.57e-06,3.66
5082,optimism,noun,B2,4.57e-06,3.66
5083,pence,noun,A2,4.57e-06,3.66
5084,pint,noun,B2,4.57e-06,3.66
5085,pronounce,verb,A2,4.57e-06,3.66
5086,remark,"noun, verb",B1,4.57e-06,3.66
5087,repay,verb,B1,4.57e-06,3.66
5088,soaked,adjective,B2,4.57e-06,3.66
5089,spur,noun,B2,4.57e-06,3.66
5090,suppress,verb,B2,4.57e-06,3.66
5091,trivial,adjective,B2,4.57e-06,3.66
5092,unofficial,adjective,B2,4.57e-06,3.66
5093,wed,verb,B2,4.57e-06,3.66
5094,cd-rom,noun,B1,4.52e-06,3.66
5095,artery,noun,B2,4.47e-06,3.65
5096,corporal,adjective,B2,4.47e-06,3.65
5097,discomfort,noun,B1,4.47e-06,3.65
5098,duel,noun,B2,4.47e-06,3.65
5099,evenly,adverb,B1,4.47e-06,3.65
5100,fashionable,adjective,B1,4.47e-06,3.65
5101,fetch,verb,B1,4.47e-06,3.65
5102,formidable,adjective,B2,4.47e-06,3.65
5103,hugely,adverb,B2,4.47e-06,3.65
5104,inaccurate,adjective,B2,4.47e-06,3.65
5105,loneliness,noun,B2,4.47e-06,3.65
5106,malaria,noun,B2,4.47e-06,3.65
5107,monastery,noun,B2,4.47e-06,3.65
5108,narrowly,adverb,B2,4.47e-06,3.65
5109,nightclub,noun,B2,4.47e-06,3.65
5110,numerical,adjective,B2,4.47e-06,3.65
5111,refresh,noun,B2,4.47e-06,3.65
5112,seafood,noun,A2,4.47e-06,3.65
5113,slash,noun,B2,4.47e-06,3.65
5114,spaghetti,noun,A2,4.47e-06,3.65
5115,vacancy,noun,B1,4.47e-06,3.65
5116,adequately,adverb,B2,4.37e-06,3.64
5117,amazingly,adverb,B2,4.37e-06,3.64
5118,applicant,noun,B2,4.37e-06,3.64
5119,approximate,adjective,B2,4.37e-06,3.64
5120,assemble,verb,B2,4.37e-06,3.64
5121,breakup,noun,B2,4.37e-06,3.64
5122,camel,noun,B1,4.37e-06,3.64
5123,catering,noun,B2,4.37e-06,3.64
5124,checkout,noun,B1,4.37e-06,3.64
5125,chunk,noun,B2,4.37e-06,3.64
5126,cocoa,noun,B2,4.37e-06,3.64
5127,comet,noun,B1,4.37e-06,3.64
5128,culturally,adverb,B2,4.37e-06,3.64
5129,deficiency,noun,B1,4.37e-06,3.64
5130,dread,verb,B2,4.37e-06,3.64
5131,kitten,noun,B1,4.37e-06,3.64
5132,northeastern,adjective,B1,4.37e-06,3.64
5133,ow,noun,B2,4.37e-06,3.64
5134,pedal,noun,B2,4.37e-06,3.64
5135,quarantine,noun,B2,4.37e-06,3.64
5136,query,noun,B2,4.37e-06,3.64
5137,salesman,noun,B1,4.37e-06,3.64
5138,scarlet,noun,B2,4.37e-06,3.64
5139,stitch,noun,B2,4.37e-06,3.64
5140,swell,verb,B1,4.37e-06,3.64
5141,symptom,noun,B1,4.37e-06,3.64
5142,thirst,"noun, verb",B1,4.37e-06,3.64
5143,transitional,adjective,B1,4.37e-06,3.64
5144,tuna,noun,B1,4.37e-06,3.64
5145,viewpoint,noun,B1,4.37e-06,3.64
5146,vinegar,noun,B2,4.37e-06,3.64
5147,accessory,noun,B1,4.27e-06,3.63
5148,aggressively,adverb,B2,4.27e-06,3.63
5149,astronomy,noun,B2,4.27e-06,3.63
5150,await,verb,B2,4.27e-06,3.63
5151,broadcaster,noun,B2,4.27e-06,3.63
5152,coherent,adjective,B2,4.27e-06,3.63
5153,endorse,verb,B2,4.27e-06,3.63
5154,fax,"noun, verb",B1,4.27e-06,3.63
5155,funky,adjective,B2,4.27e-06,3.63
5156,gee,interjection,B1,4.27e-06,3.63
5157,groom,noun,B1,4.27e-06,3.63
5158,guitarist,noun,B1,4.27e-06,3.63
5159,inspect,verb,B2,4.27e-06,3.63
5160,lyric,adjective,A2,4.27e-06,3.63
5161,morally,adverb,B2,4.27e-06,3.63
5162,mushroom,noun,A2,4.27e-06,3.63
5163,paradox,noun,B2,4.27e-06,3.63
5164,peacefully,adverb,B2,4.27e-06,3.63
5165,plead,verb,B2,4.27e-06,3.63
5166,reconsider,verb,B2,4.27e-06,3.63
5167,refrain,noun,B2,4.27e-06,3.63
5168,reproduce,verb,B1,4.27e-06,3.63
5169,rite,noun,B2,4.27e-06,3.63
5170,safari,noun,B1,4.27e-06,3.63
5171,seldom,adverb,B2,4.27e-06,3.63
5172,squash,"noun, verb",B2,4.27e-06,3.63
5173,statewide,adverb,B2,4.27e-06,3.63
5174,subdivision,noun,B2,4.27e-06,3.63
5175,unavailable,adjective,B2,4.27e-06,3.63
5176,unlucky,adjective,B1,4.27e-06,3.63
5177,assert,verb,B2,4.17e-06,3.62
5178,barbecue,"noun, verb",B1,4.17e-06,3.62
5179,blossom,noun,B2,4.17e-06,3.62
5180,canned,adjective,B1,4.17e-06,3.62
5181,caravan,noun,B2,4.17e-06,3.62
5182,carrot,noun,A2,4.17e-06,3.62
5183,damp,adjective,B1,4.17e-06,3.62
5184,debit,"noun, verb",B2,4.17e-06,3.62
5185,dim,adjective,B2,4.17e-06,3.62
5186,donkey,noun,B2,4.17e-06,3.62
5187,faulty,adjective,B2,4.17e-06,3.62
5188,fuss,noun,B1,4.17e-06,3.62
5189,generosity,noun,B2,4.17e-06,3.62
5190,gorilla,noun,B1,4.17e-06,3.62
5191,humane,adjective,B2,4.17e-06,3.62
5192,lawful,adjective,B1,4.17e-06,3.62
5193,loosely,adverb,B2,4.17e-06,3.62
5194,rectangular,adjective,B2,4.17e-06,3.62
5195,unfamiliar,adjective,B2,4.17e-06,3.62
5196,violently,adverb,B1,4.17e-06,3.62
5197,mp3 player,noun,A2,4.15e-06,3.62
5198,beaver,noun,B1,4.07e-06,3.61
5199,caller,noun,B1,4.07e-06,3.61
5200,cv,noun,B1,4.07e-06,3.61
5201,disturbance,noun,B1,4.07e-06,3.61
5202,exquisite,adjective,B2,4.07e-06,3.61
5203,granny,noun,A2,4.07e-06,3.61
5204,handicap,noun,B2,4.07e-06,3.61
5205,informative,adjective,B1,4.07e-06,3.61
5206,infringement,noun,B2,4.07e-06,3.61
5207,interrupt,verb,B1,4.07e-06,3.61
5208,invade,verb,A2,4.07e-06,3.61
5209,irritating,adjective,B2,4.07e-06,3.61
5210,linen,noun,B2,4.07e-06,3.61
5211,moonlight,noun,B2,4.07e-06,3.61
5212,mosquito,noun,B1,4.07e-06,3.61
5213,noun,noun,A2,4.07e-06,3.61
5214,novelist,noun,B1,4.07e-06,3.61
5215,overthrow,verb,B2,4.07e-06,3.61
5216,pavement,noun,B2,4.07e-06,3.61
5217,pudding,noun,B2,4.07e-06,3.61
5218,refrigerator,noun,A2,4.07e-06,3.61
5219,remembrance,noun,B1,4.07e-06,3.61
5220,rusty,adjective,B2,4.07e-06,3.61
5221,soak,"noun, verb",B2,4.07e-06,3.61
5222,sock,noun,A2,4.07e-06,3.61
5223,spectacle,noun,B2,4.07e-06,3.61
5224,thrilling,adjective,B2,4.07e-06,3.61
5225,unrest,noun,B2,4.07e-06,3.61
5226,waiter,noun,A1,4.07e-06,3.61
5227,weary,adjective,B2,4.07e-06,3.61
5228,catalog/catalogue,noun,B2,4.06e-06,3.61
5229,debit card,noun,B2,4.02e-06,3.6
5230,accusation,noun,B2,3.98e-06,3.6
5231,agony,noun,B2,3.98e-06,3.6
5232,astronaut,noun,A2,3.98e-06,3.6
5233,attain,verb,B1,3.98e-06,3.6
5234,bourbon,noun,B2,3.98e-06,3.6
5235,breathtaking,adjective,B2,3.98e-06,3.6
5236,careless,adjective,B1,3.98e-06,3.6
5237,cellar,noun,B2,3.98e-06,3.6
5238,cheerful,adjective,B1,3.98e-06,3.6
5239,colon,noun,B2,3.98e-06,3.6
5240,curly,adjective,B1,3.98e-06,3.6
5241,evidently,adverb,B2,3.98e-06,3.6
5242,exhausting,adjective,B2,3.98e-06,3.6
5243,fascinated,adjective,B2,3.98e-06,3.6
5244,flaw,noun,B2,3.98e-06,3.6
5245,flawless,adjective,B2,3.98e-06,3.6
5246,granddaughter,noun,A2,3.98e-06,3.6
5247,gymnastics,noun,B1,3.98e-06,3.6
5248,humorous,adjective,B1,3.98e-06,3.6
5249,indoors,adverb,B1,3.98e-06,3.6
5250,motivate,verb,B1,3.98e-06,3.6
5251,muddy,adjective,B2,3.98e-06,3.6
5252,ness,noun,B1,3.98e-06,3.6
5253,prick,noun,B2,3.98e-06,3.6
5254,prosperous,adjective,B1,3.98e-06,3.6
5255,shaken,adjective,B2,3.98e-06,3.6
5256,strait,noun,B2,3.98e-06,3.6
5257,meter/metre,noun,A2,3.92e-06,3.59
5258,admiration,noun,B1,3.89e-06,3.59
5259,bravery,noun,B2,3.89e-06,3.59
5260,browse,verb,B2,3.89e-06,3.59
5261,congratulate,verb,B1,3.89e-06,3.59
5262,courageous,adjective,B1,3.89e-06,3.59
5263,disrupt,verb,B2,3.89e-06,3.59
5264,duplicate,noun,B2,3.89e-06,3.59
5265,economical,adjective,B2,3.89e-06,3.59
5266,garment,noun,B1,3.89e-06,3.59
5267,grin,noun,B2,3.89e-06,3.59
5268,heap,"noun, verb",B2,3.89e-06,3.59
5269,inventor,noun,B2,3.89e-06,3.59
5270,leopard,noun,B2,3.89e-06,3.59
5271,librarian,noun,B1,3.89e-06,3.59
5272,madam,noun,B2,3.89e-06,3.59
5273,muse,verb,B2,3.89e-06,3.59
5274,nineteen,number,A1,3.89e-06,3.59
5275,nucleus,noun,B1,3.89e-06,3.59
5276,organism,noun,B1,3.89e-06,3.59
5277,patriotism,noun,B2,3.89e-06,3.59
5278,redundant,adjective,B2,3.89e-06,3.59
5279,rib,noun,B2,3.89e-06,3.59
5280,sloppy,adjective,B2,3.89e-06,3.59
5281,sponge,noun,B1,3.89e-06,3.59
5282,tease,"noun, verb",B2,3.89e-06,3.59
5283,vibration,noun,B2,3.89e-06,3.59
5284,wartime,noun,B2,3.89e-06,3.59
5285,jewelry/jewellery,noun,A1,3.88e-06,3.59
5286,cafe/café,noun,A1,3.86e-06,3.59
5287,catastrophic,adjective,B2,3.8e-06,3.58
5288,columnist,noun,B1,3.8e-06,3.58
5289,competence,noun,B2,3.8e-06,3.58
5290,conveniently,adverb,B2,3.8e-06,3.58
5291,cushion,noun,B1,3.8e-06,3.58
5292,cyclist,noun,B2,3.8e-06,3.58
5293,dorm,noun,B2,3.8e-06,3.58
5294,festive,adjective,B1,3.8e-06,3.58
5295,foreman,noun,B2,3.8e-06,3.58
5296,improper,adjective,B1,3.8e-06,3.58
5297,needy,adjective,B2,3.8e-06,3.58
5298,orphan,noun,A2,3.8e-06,3.58
5299,pineapple,noun,B1,3.8e-06,3.58
5300,priceless,adjective,B2,3.8e-06,3.58
5301,reflective,adjective,B2,3.8e-06,3.58
5302,scissors,noun,A2,3.8e-06,3.58
5303,seaside,noun,A2,3.8e-06,3.58
5304,shampoo,noun,A2,3.8e-06,3.58
5305,silently,adverb,A2,3.8e-06,3.58
5306,similarity,noun,B1,3.8e-06,3.58
5307,tolerant,adjective,B2,3.8e-06,3.58
5308,trumpet,noun,B1,3.8e-06,3.58
5309,tuberculosis,noun,B2,3.8e-06,3.58
5310,willingly,adverb,B2,3.8e-06,3.58
5311,wrapping,noun,B1,3.8e-06,3.58
5312,youthful,adjective,B2,3.8e-06,3.58
5313,ambiguous,adjective,B2,3.72e-06,3.57
5314,comprehension,noun,B2,3.72e-06,3.57
5315,concession,noun,B2,3.72e-06,3.57
5316,de facto,adjective,B2,3.72e-06,3.57
5317,discourage,verb,B1,3.72e-06,3.57
5318,handwriting,noun,B1,3.72e-06,3.57
5319,heartbreaking,adjective,B2,3.72e-06,3.57
5320,inexpensive,adjective,A2,3.72e-06,3.57
5321,invent,verb,A2,3.72e-06,3.57
5322,mastery,noun,B2,3.72e-06,3.57
5323,offend,verb,B2,3.72e-06,3.57
5324,poisonous,adjective,B1,3.72e-06,3.57
5325,sandstone,noun,B2,3.72e-06,3.57
5326,sanitation,noun,B2,3.72e-06,3.57
5327,satisfactory,adjective,B2,3.72e-06,3.57
5328,scooter,noun,B2,3.72e-06,3.57
5329,shameful,adjective,B1,3.72e-06,3.57
5330,swollen,adjective,B1,3.72e-06,3.57
5331,undo,verb,B1,3.72e-06,3.57
5332,windy,adjective,A2,3.72e-06,3.57
5333,abruptly,adverb,B2,3.63e-06,3.56
5334,belongings,noun,B2,3.63e-06,3.56
5335,blush,"noun, verb",B2,3.63e-06,3.56
5336,bun,noun,B2,3.63e-06,3.56
5337,calculator,noun,B1,3.63e-06,3.56
5338,calmly,adverb,B2,3.63e-06,3.56
5339,catastrophe,noun,B2,3.63e-06,3.56
5340,chemotherapy,noun,B2,3.63e-06,3.56
5341,commute,verb,B2,3.63e-06,3.56
5342,disturb,verb,A2,3.63e-06,3.56
5343,follower,noun,B2,3.63e-06,3.56
5344,hardship,noun,B1,3.63e-06,3.56
5345,implication,noun,B2,3.63e-06,3.56
5346,irrational,adjective,B2,3.63e-06,3.56
5347,lettuce,noun,B1,3.63e-06,3.56
5348,lucrative,adjective,B2,3.63e-06,3.56
5349,mango,noun,B2,3.63e-06,3.56
5350,outskirts,noun,B2,3.63e-06,3.56
5351,programmer,noun,B2,3.63e-06,3.56
5352,recycled,adjective,B1,3.63e-06,3.56
5353,rhyme,verb,B2,3.63e-06,3.56
5354,sparkling,adjective,B2,3.63e-06,3.56
5355,tame,adjective,B2,3.63e-06,3.56
5356,vow,noun,B2,3.63e-06,3.56
5357,waitress,noun,A1,3.63e-06,3.56
5358,walnut,noun,B2,3.63e-06,3.56
5359,witty,adjective,B2,3.63e-06,3.56
5360,flavor/flavour,noun,B1,3.6e-06,3.56
5361,acquaintance,noun,B1,3.55e-06,3.55
5362,blur,verb,B2,3.55e-06,3.55
5363,bureaucracy,noun,B2,3.55e-06,3.55
5364,cabbage,noun,B1,3.55e-06,3.55
5365,chimney,noun,B2,3.55e-06,3.55
5366,cloudy,adjective,A1,3.55e-06,3.55
5367,compassionate,adjective,B2,3.55e-06,3.55
5368,crater,noun,B2,3.55e-06,3.55
5369,desperation,noun,B2,3.55e-06,3.55
5370,distortion,noun,B2,3.55e-06,3.55
5371,educator,noun,B2,3.55e-06,3.55
5372,fragment,noun,B1,3.55e-06,3.55
5373,gangster,noun,B2,3.55e-06,3.55
5374,giveaway,noun,B2,3.55e-06,3.55
5375,heater,noun,B1,3.55e-06,3.55
5376,hesitation,noun,B2,3.55e-06,3.55
5377,humiliation,noun,B2,3.55e-06,3.55
5378,impatient,adjective,A2,3.55e-06,3.55
5379,kite,noun,A1,3.55e-06,3.55
5380,lush,adjective,B2,3.55e-06,3.55
5381,luxurious,adjective,B2,3.55e-06,3.55
5382,mash,verb,B1,3.55e-06,3.55
5383,neighbor/neighbour,noun,A1,3.55e-06,3.55
5384,oneself,pronoun,B1,3.55e-06,3.55
5385,outsider,noun,B2,3.55e-06,3.55
5386,penetrate,verb,B2,3.55e-06,3.55
5387,plum,noun,B2,3.55e-06,3.55
5388,plural,noun,A2,3.55e-06,3.55
5389,prevail,verb,B2,3.55e-06,3.55
5390,rag,noun,B2,3.55e-06,3.55
5391,safeguard,"noun, verb",B2,3.55e-06,3.55
5392,slang,noun,B2,3.55e-06,3.55
5393,suitcase,noun,A2,3.55e-06,3.55
5394,telegram,noun,B1,3.55e-06,3.55
5395,turbulence,noun,B1,3.55e-06,3.55
5396,uneven,adjective,B2,3.55e-06,3.55
5397,waterproof,adjective,B2,3.55e-06,3.55
5398,aluminum/aluminium,noun,B2,3.52e-06,3.55
5399,backward/backwards,adverb,B2,3.49e-06,3.54
5400,admittedly,adverb,B2,3.47e-06,3.54
5401,apologize/apologise,verb,A2,3.47e-06,3.54
5402,articulate,verb,B2,3.47e-06,3.54
5403,clap,verb,B2,3.47e-06,3.54
5404,consolation,noun,B2,3.47e-06,3.54
5405,descriptive,adjective,B2,3.47e-06,3.54
5406,downfall,noun,B2,3.47e-06,3.54
5407,ethic,noun,B2,3.47e-06,3.54
5408,fireplace,noun,B2,3.47e-06,3.54
5409,haunt,"noun, verb",B2,3.47e-06,3.54
5410,icy,adjective,B2,3.47e-06,3.54
5411,indulge,verb,B2,3.47e-06,3.54
5412,inscription,noun,B1,3.47e-06,3.54
5413,interpreter,noun,B2,3.47e-06,3.54
5414,kettle,noun,B1,3.47e-06,3.54
5415,lest,conjunction,B2,3.47e-06,3.54
5416,pastoral,adjective,B2,3.47e-06,3.54
5417,pea,noun,A2,3.47e-06,3.54
5418,prominence,noun,B2,3.47e-06,3.54
5419,prosecute,verb,B2,3.47e-06,3.54
5420,radically,adverb,B2,3.47e-06,3.54
5421,runaway,noun,B1,3.47e-06,3.54
5422,unrealistic,adjective,B2,3.47e-06,3.54
5423,vase,noun,A1,3.47e-06,3.54
5424,waterfall,noun,B1,3.47e-06,3.54
5425,yummy,adjective,B2,3.47e-06,3.54
5426,amused,adjective,A2,3.39e-06,3.53
5427,booklet,noun,B2,3.39e-06,3.53
5428,conversely,adverb,B2,3.39e-06,3.53
5429,devote,verb,B2,3.39e-06,3.53
5430,distinctly,adverb,B1,3.39e-06,3.53
5431,evacuate,verb,B2,3.39e-06,3.53
5432,fragrance,noun,B2,3.39e-06,3.53
5433,magician,noun,B1,3.39e-06,3.53
5434,overlook,verb,B2,3.39e-06,3.53
5435,persist,verb,B2,3.39e-06,3.53
5436,playful,adjective,A2,3.39e-06,3.53
5437,salsa,noun,B2,3.39e-06,3.53
5438,simultaneous,adjective,B2,3.39e-06,3.53
5439,tidy,"adjective, verb",A2,3.39e-06,3.53
5440,timeless,adjective,B2,3.39e-06,3.53
5441,unreliable,adjective,B2,3.39e-06,3.53
5442,vomit,noun,B2,3.39e-06,3.53
5443,weave,noun,B2,3.39e-06,3.53
5444,bad-tempered,adjective,B2,3.35e-06,3.53
5445,fiber/fibre,noun,B2,3.32e-06,3.52
5446,beginner,noun,A2,3.31e-06,3.52
5447,bilingual,adjective,B1,3.31e-06,3.52
5448,cherish,verb,B1,3.31e-06,3.52
5449,chuckle,noun,B1,3.31e-06,3.52
5450,comb,"noun, verb",B2,3.31e-06,3.52
5451,conceal,verb,B2,3.31e-06,3.52
5452,curl,noun,B2,3.31e-06,3.52
5453,denim,noun,B2,3.31e-06,3.52
5454,disable,verb,B1,3.31e-06,3.52
5455,dishonest,adjective,A2,3.31e-06,3.52
5456,doubtful,adjective,B2,3.31e-06,3.52
5457,erect,adjective,B2,3.31e-06,3.52
5458,eruption,noun,B2,3.31e-06,3.52
5459,examiner,noun,B1,3.31e-06,3.52
5460,finely,adverb,B2,3.31e-06,3.52
5461,fluent,adjective,B1,3.31e-06,3.52
5462,flute,noun,B1,3.31e-06,3.52
5463,haunting,adjective,B2,3.31e-06,3.52
5464,inherit,verb,B2,3.31e-06,3.52
5465,listener,noun,B2,3.31e-06,3.52
5466,mediocre,adjective,B2,3.31e-06,3.52
5467,outward,adjective,B1,3.31e-06,3.52
5468,piracy,noun,B2,3.31e-06,3.52
5469,sexism,noun,B2,3.31e-06,3.52
5470,starvation,noun,B2,3.31e-06,3.52
5471,starve,verb,B2,3.31e-06,3.52
5472,stool,noun,B2,3.31e-06,3.52
5473,stricken,adjective,B1,3.31e-06,3.52
5474,tread,verb,B2,3.31e-06,3.52
5475,tyranny,noun,B2,3.31e-06,3.52
5476,unfit,adjective,B1,3.31e-06,3.52
5477,neighboring/neighbouring,adjective,B2,3.28e-06,3.52
5478,accessibility,noun,B2,3.24e-06,3.51
5479,aloud,adverb,B1,3.24e-06,3.51
5480,boast,verb,B1,3.24e-06,3.51
5481,cheeky,adjective,B2,3.24e-06,3.51
5482,chemist,noun,B1,3.24e-06,3.51
5483,coastline,noun,B2,3.24e-06,3.51
5484,cuff,noun,B2,3.24e-06,3.51
5485,dedicate,verb,B1,3.24e-06,3.51
5486,derive,verb,B1,3.24e-06,3.51
5487,descend,verb,B2,3.24e-06,3.51
5488,diligence,noun,B1,3.24e-06,3.51
5489,discriminate,verb,B2,3.24e-06,3.51
5490,diversion,noun,B2,3.24e-06,3.51
5491,doorway,noun,B2,3.24e-06,3.51
5492,getaway,noun,B2,3.24e-06,3.51
5493,influenza,noun,B2,3.24e-06,3.51
5494,interviewer,noun,A1,3.24e-06,3.51
5495,ling,noun,B2,3.24e-06,3.51
5496,nutrient,noun,B1,3.24e-06,3.51
5497,outlaw,noun,B1,3.24e-06,3.51
5498,parachute,noun,B1,3.24e-06,3.51
5499,persistence,noun,B2,3.24e-06,3.51
5500,preschool,adjective,B1,3.24e-06,3.51
5501,prohibit,verb,B2,3.24e-06,3.51
5502,pronunciation,noun,A2,3.24e-06,3.51
5503,quotation,noun,B2,3.24e-06,3.51
5504,repression,noun,B2,3.24e-06,3.51
5505,spectator,noun,B1,3.24e-06,3.51
5506,stripe,noun,B1,3.24e-06,3.51
5507,tighten,verb,B1,3.24e-06,3.51
5508,trustworthy,adjective,B1,3.24e-06,3.51
5509,usher,verb,B2,3.24e-06,3.51
5510,practice/practise,verb,A1,3.22e-06,3.51
5511,driver's license/driving licence,noun,A2,3.17e-06,3.5
5512,allegation,noun,B2,3.16e-06,3.5
5513,bartender,noun,B2,3.16e-06,3.5
5514,broccoli,noun,B1,3.16e-06,3.5
5515,correspond,verb,B2,3.16e-06,3.5
5516,despise,verb,B2,3.16e-06,3.5
5517,equip,verb,B2,3.16e-06,3.5
5518,humid,adjective,B1,3.16e-06,3.5
5519,inexperienced,adjective,B2,3.16e-06,3.5
5520,irritated,adjective,B2,3.16e-06,3.5
5521,kangaroo,noun,B2,3.16e-06,3.5
5522,knowingly,adverb,B2,3.16e-06,3.5
5523,microscope,noun,B2,3.16e-06,3.5
5524,multiply,verb,B2,3.16e-06,3.5
5525,nuisance,noun,B2,3.16e-06,3.5
5526,obedience,noun,B2,3.16e-06,3.5
5527,outing,noun,B2,3.16e-06,3.5
5528,picturesque,adjective,B2,3.16e-06,3.5
5529,preventive,adjective,B2,3.16e-06,3.5
5530,raspberry,noun,B1,3.16e-06,3.5
5531,surname,noun,A2,3.16e-06,3.5
5532,tug,noun,B2,3.16e-06,3.5
5533,wink,noun,B2,3.16e-06,3.5
5534,ancestor,noun,A2,3.09e-06,3.49
5535,barley,noun,B2,3.09e-06,3.49
5536,brag,noun,B2,3.09e-06,3.49
5537,catchy,adjective,B2,3.09e-06,3.49
5538,cheque,noun,A2,3.09e-06,3.49
5539,coincide,verb,B2,3.09e-06,3.49
5540,commemorate,verb,B2,3.09e-06,3.49
5541,crocodile,noun,B2,3.09e-06,3.49
5542,diaper,noun,B1,3.09e-06,3.49
5543,dissolve,verb,B1,3.09e-06,3.49
5544,eagerly,adverb,B2,3.09e-06,3.49
5545,exhaustion,noun,B2,3.09e-06,3.49
5546,fisherman,noun,A2,3.09e-06,3.49
5547,flap,verb,B2,3.09e-06,3.49
5548,gardener,noun,B2,3.09e-06,3.49
5549,glee,noun,B2,3.09e-06,3.49
5550,gunshot,noun,B2,3.09e-06,3.49
5551,loaf,noun,B1,3.09e-06,3.49
5552,mimic,noun,B2,3.09e-06,3.49
5553,paddle,noun,B1,3.09e-06,3.49
5554,parrot,noun,B1,3.09e-06,3.49
5555,peg,noun,B2,3.09e-06,3.49
5556,refinery,noun,B2,3.09e-06,3.49
5557,swimmer,noun,B1,3.09e-06,3.49
5558,teller,noun,B1,3.09e-06,3.49
5559,unforgettable,adjective,A2,3.09e-06,3.49
5560,weaken,verb,B2,3.09e-06,3.49
5561,webcam,noun,B1,3.09e-06,3.49
5562,carbon footprint,noun,B2,3.03e-06,3.48
5563,abolish,verb,B2,3.02e-06,3.48
5564,accumulate,verb,B2,3.02e-06,3.48
5565,admirable,adjective,B2,3.02e-06,3.48
5566,adventurous,adjective,B2,3.02e-06,3.48
5567,anyhow,adverb,B1,3.02e-06,3.48
5568,ape,noun,B1,3.02e-06,3.48
5569,concede,verb,B2,3.02e-06,3.48
5570,contradictory,adjective,B2,3.02e-06,3.48
5571,converse,noun,B2,3.02e-06,3.48
5572,crossroads,noun,B1,3.02e-06,3.48
5573,dearly,adverb,B2,3.02e-06,3.48
5574,disposition,noun,B2,3.02e-06,3.48
5575,ecstasy,noun,B1,3.02e-06,3.48
5576,fascination,noun,B2,3.02e-06,3.48
5577,foreigner,noun,A1,3.02e-06,3.48
5578,gravy,noun,B1,3.02e-06,3.48
5579,innate,adjective,B2,3.02e-06,3.48
5580,paralysis,noun,B2,3.02e-06,3.48
5581,patiently,adverb,B2,3.02e-06,3.48
5582,paw,noun,B2,3.02e-06,3.48
5583,postpone,verb,B2,3.02e-06,3.48
5584,repetition,noun,B2,3.02e-06,3.48
5585,revise,verb,B1,3.02e-06,3.48
5586,righteousness,noun,B2,3.02e-06,3.48
5587,sparrow,noun,B2,3.02e-06,3.48
5588,spinach,noun,B1,3.02e-06,3.48
5589,stew,noun,B2,3.02e-06,3.48
5590,teamwork,noun,B1,3.02e-06,3.48
5591,uncover,verb,B1,3.02e-06,3.48
5592,unnatural,adjective,B2,3.02e-06,3.48
5593,unstoppable,adjective,B2,3.02e-06,3.48
5594,urgently,adverb,B2,3.02e-06,3.48
5595,aspire,verb,B2,2.95e-06,3.47
5596,cascade,noun,B2,2.95e-06,3.47
5597,dangerously,adverb,B1,2.95e-06,3.47
5598,hush,verb,B2,2.95e-06,3.47
5599,imitation,noun,B2,2.95e-06,3.47
5600,inconvenient,adjective,B1,2.95e-06,3.47
5601,irresistible,adjective,B2,2.95e-06,3.47
5602,landslide,noun,B2,2.95e-06,3.47
5603,leash,noun,B2,2.95e-06,3.47
5604,nano,noun,B2,2.95e-06,3.47
5605,nobility,noun,B2,2.95e-06,3.47
5606,onstage,adjective,B1,2.95e-06,3.47
5607,ox,noun,B2,2.95e-06,3.47
5608,pear,noun,A2,2.95e-06,3.47
5609,politely,adverb,B1,2.95e-06,3.47
5610,reggae,noun,B2,2.95e-06,3.47
5611,rewrite,verb,B1,2.95e-06,3.47
5612,turbulent,adjective,B2,2.95e-06,3.47
5613,unbearable,adjective,B2,2.95e-06,3.47
5614,underage,adjective,B1,2.95e-06,3.47
5615,advert,noun,B1,2.88e-06,3.46
5616,annoy,verb,A2,2.88e-06,3.46
5617,applaud,verb,B1,2.88e-06,3.46
5618,boredom,noun,B1,2.88e-06,3.46
5619,brilliantly,adverb,B2,2.88e-06,3.46
5620,compose,verb,B1,2.88e-06,3.46
5621,deduction,noun,B2,2.88e-06,3.46
5622,detachment,noun,B2,2.88e-06,3.46
5623,disconnect,verb,B2,2.88e-06,3.46
5624,endlessly,adverb,B2,2.88e-06,3.46
5625,enthusiast,noun,B1,2.88e-06,3.46
5626,grouping,noun,B1,2.88e-06,3.46
5627,humiliating,adjective,B2,2.88e-06,3.46
5628,immoral,adjective,B2,2.88e-06,3.46
5629,motorway,noun,A2,2.88e-06,3.46
5630,roam,noun,B2,2.88e-06,3.46
5631,simplify,verb,B1,2.88e-06,3.46
5632,snowy,adjective,A1,2.88e-06,3.46
5633,statesman,noun,B2,2.88e-06,3.46
5634,stink,verb,B2,2.88e-06,3.46
5635,stormy,adjective,B1,2.88e-06,3.46
5636,tram,noun,A2,2.88e-06,3.46
5637,vigorous,adjective,B2,2.88e-06,3.46
5638,wrongly,adverb,B2,2.88e-06,3.46
5639,chewing gum,noun,B1,2.86e-06,3.46
5640,alcoholism,noun,B2,2.82e-06,3.45
5641,amplifier,noun,B2,2.82e-06,3.45
5642,biscuit,noun,A1,2.82e-06,3.45
5643,contradiction,noun,B2,2.82e-06,3.45
5644,entertainer,noun,B1,2.82e-06,3.45
5645,gasp,noun,B2,2.82e-06,3.45
5646,hamburger,noun,A1,2.82e-06,3.45
5647,prosper,verb,B2,2.82e-06,3.45
5648,quake,noun,B1,2.82e-06,3.45
5649,roadside,noun,B1,2.82e-06,3.45
5650,scientifically,adverb,B2,2.82e-06,3.45
5651,sew,verb,A2,2.82e-06,3.45
5652,shaky,adjective,B2,2.82e-06,3.45
5653,uneasy,adjective,A2,2.82e-06,3.45
5654,unfold,verb,B1,2.82e-06,3.45
5655,artificially,adverb,B2,2.75e-06,3.44
5656,blindness,noun,B2,2.75e-06,3.44
5657,brightly,adverb,B1,2.75e-06,3.44
5658,burglary,noun,B2,2.75e-06,3.44
5659,cafeteria,noun,A2,2.75e-06,3.44
5660,clumsy,adjective,B2,2.75e-06,3.44
5661,cupboard,noun,A2,2.75e-06,3.44
5662,daft,adjective,B2,2.75e-06,3.44
5663,environmentally,adverb,B2,2.75e-06,3.44
5664,everlasting,adjective,B2,2.75e-06,3.44
5665,indifferent,adjective,B2,2.75e-06,3.44
5666,inject,verb,B1,2.75e-06,3.44
5667,invariably,adverb,B2,2.75e-06,3.44
5668,lemonade,noun,A2,2.75e-06,3.44
5669,mule,noun,B1,2.75e-06,3.44
5670,orderly,adjective,B1,2.75e-06,3.44
5671,postcard,noun,B1,2.75e-06,3.44
5672,preferable,adjective,B2,2.75e-06,3.44
5673,questionnaire,noun,B1,2.75e-06,3.44
5674,reclaim,verb,B1,2.75e-06,3.44
5675,riddle,"noun, verb",B1,2.75e-06,3.44
5676,rubble,noun,B2,2.75e-06,3.44
5677,sniff,verb,B2,2.75e-06,3.44
5678,solvent,noun,B2,2.75e-06,3.44
5679,swarm,noun,B1,2.75e-06,3.44
5680,timetable,noun,A2,2.75e-06,3.44
5681,trolley,noun,B2,2.75e-06,3.44
5682,honorable/honourable,adjective,B2,2.71e-06,3.43
5683,ache,"noun, verb",B2,2.69e-06,3.43
5684,dizzy,adjective,A2,2.69e-06,3.43
5685,expressive,adjective,B2,2.69e-06,3.43
5686,hostel,noun,B1,2.69e-06,3.43
5687,karaoke,noun,B2,2.69e-06,3.43
5688,limp,verb,B1,2.69e-06,3.43
5689,mourn,verb,B1,2.69e-06,3.43
5690,nutshell,noun,B2,2.69e-06,3.43
5691,obsessive,adjective,B2,2.69e-06,3.43
5692,overboard,adverb,B2,2.69e-06,3.43
5693,reinforcement,noun,B2,2.69e-06,3.43
5694,repertoire,noun,B2,2.69e-06,3.43
5695,soaking,adjective,B2,2.69e-06,3.43
5696,stereotype,noun,B2,2.69e-06,3.43
5697,stride,verb,B2,2.69e-06,3.43
5698,trainee,noun,B2,2.69e-06,3.43
5699,upbringing,noun,B2,2.69e-06,3.43
5700,anchorage,noun,B2,2.63e-06,3.42
5701,ballad,noun,B2,2.63e-06,3.42
5702,betray,verb,B2,2.63e-06,3.42
5703,biotechnology,noun,B2,2.63e-06,3.42
5704,bookstore,noun,A1,2.63e-06,3.42
5705,corona,noun,B2,2.63e-06,3.42
5706,cowardly,adjective,B2,2.63e-06,3.42
5707,cultivate,verb,B1,2.63e-06,3.42
5708,defy,verb,B2,2.63e-06,3.42
5709,densely,adverb,B2,2.63e-06,3.42
5710,divert,verb,B2,2.63e-06,3.42
5711,elegance,noun,B2,2.63e-06,3.42
5712,englishman,noun,B1,2.63e-06,3.42
5713,extraordinarily,adverb,B2,2.63e-06,3.42
5714,flea,noun,A2,2.63e-06,3.42
5715,handbag,noun,A2,2.63e-06,3.42
5716,handicapped,adjective,A2,2.63e-06,3.42
5717,hemp,noun,B2,2.63e-06,3.42
5718,intrusion,noun,B2,2.63e-06,3.42
5719,irritation,noun,B2,2.63e-06,3.42
5720,ozone,noun,B2,2.63e-06,3.42
5721,prehistoric,adjective,B2,2.63e-06,3.42
5722,standby,adjective,B2,2.63e-06,3.42
5723,stumble,verb,B1,2.63e-06,3.42
5724,truthful,adjective,B2,2.63e-06,3.42
5725,environmentally friendly,adjective,B2,2.59e-06,3.41
5726,carve,verb,B2,2.57e-06,3.41
5727,cherished,adjective,B2,2.57e-06,3.41
5728,coarse,adjective,B2,2.57e-06,3.41
5729,compute,verb,B2,2.57e-06,3.41
5730,confidently,adverb,B2,2.57e-06,3.41
5731,cucumber,noun,B1,2.57e-06,3.41
5732,diver,noun,B1,2.57e-06,3.41
5733,embarrass,verb,B1,2.57e-06,3.41
5734,fortnight,noun,B1,2.57e-06,3.41
5735,helper,noun,B2,2.57e-06,3.41
5736,immortality,noun,B2,2.57e-06,3.41
5737,obituary,noun,B2,2.57e-06,3.41
5738,persuasive,adjective,B1,2.57e-06,3.41
5739,tremendously,adverb,B2,2.57e-06,3.41
5740,tumble,verb,B1,2.57e-06,3.41
5741,verbally,adverb,B2,2.57e-06,3.41
5742,windshield,noun,B2,2.57e-06,3.41
5743,indefinite article,noun,B1,2.52e-06,3.4
5744,arithmetic,noun,B1,2.51e-06,3.4
5745,authoritative,adjective,B2,2.51e-06,3.4
5746,barren,adjective,B2,2.51e-06,3.4
5747,cassette,noun,A2,2.51e-06,3.4
5748,chronological,adjective,B1,2.51e-06,3.4
5749,conceive,verb,B2,2.51e-06,3.4
5750,dialog/dialogue,noun,B1,2.51e-06,3.4
5751,gorge,noun,B2,2.51e-06,3.4
5752,housewife,noun,B2,2.51e-06,3.4
5753,modem,noun,B1,2.51e-06,3.4
5754,newcomer,noun,B1,2.51e-06,3.4
5755,posh,adjective,B2,2.51e-06,3.4
5756,retina,noun,B2,2.51e-06,3.4
5757,stylist,noun,B2,2.51e-06,3.4
5758,traverse,noun,B2,2.51e-06,3.4
5759,vocalist,noun,B2,2.51e-06,3.4
5760,zebra,noun,B2,2.51e-06,3.4
5761,whiskey/whisky,noun,B2,2.5e-06,3.4
5762,checkpoint,noun,B2,2.45e-06,3.39
5763,classify,verb,B1,2.45e-06,3.39
5764,cornerstone,noun,B2,2.45e-06,3.39
5765,correctness,noun,B2,2.45e-06,3.39
5766,emphasize/emphasize,verb,B1,2.45e-06,3.39
5767,gloomy,adjective,B2,2.45e-06,3.39
5768,graceful,adjective,B1,2.45e-06,3.39
5769,hospice,noun,B2,2.45e-06,3.39
5770,misty,adjective,B1,2.45e-06,3.39
5771,peep,noun,B2,2.45e-06,3.39
5772,pickle,noun,B2,2.45e-06,3.39
5773,playwright,noun,B2,2.45e-06,3.39
5774,prescribe,verb,B2,2.45e-06,3.39
5775,rainforest,noun,B1,2.45e-06,3.39
5776,reprint,noun,B2,2.45e-06,3.39
5777,rhythmic,adjective,B2,2.45e-06,3.39
5778,scatter,verb,B1,2.45e-06,3.39
5779,scramble,verb,B2,2.45e-06,3.39
5780,soar,verb,B2,2.45e-06,3.39
5781,subconscious,adjective,B1,2.45e-06,3.39
5782,thinker,noun,B2,2.45e-06,3.39
5783,troublesome,adjective,B2,2.45e-06,3.39
5784,vanish,verb,B2,2.45e-06,3.39
5785,vigorously,adverb,B2,2.45e-06,3.39
5786,visibly,adverb,B2,2.45e-06,3.39
5787,chest of drawers,noun,B1,2.44e-06,3.39
5788,adversity,noun,B2,2.4e-06,3.38
5789,botany,noun,B2,2.4e-06,3.38
5790,compile,verb,B2,2.4e-06,3.38
5791,deceive,verb,B2,2.4e-06,3.38
5792,disciple,noun,B2,2.4e-06,3.38
5793,elemental,adjective,B2,2.4e-06,3.38
5794,guerrilla,noun,B2,2.4e-06,3.38
5795,hearty,adjective,B1,2.4e-06,3.38
5796,impartial,adjective,B2,2.4e-06,3.38
5797,jogging,noun,B1,2.4e-06,3.38
5798,misfortune,noun,B2,2.4e-06,3.38
5799,pilgrim,noun,A2,2.4e-06,3.38
5800,sparkle,noun,B1,2.4e-06,3.38
5801,toothbrush,noun,A2,2.4e-06,3.38
5802,frying pan,noun,B1,2.38e-06,3.38
5803,fulfill/fulfil,verb,B2,2.38e-06,3.38
5804,organize/organise,verb,A2,2.38e-06,3.38
5805,ambiguity,noun,B2,2.34e-06,3.37
5806,anguish,noun,B2,2.34e-06,3.37
5807,birthplace,noun,B2,2.34e-06,3.37
5808,brochure,noun,B2,2.34e-06,3.37
5809,ecstatic,adjective,B2,2.34e-06,3.37
5810,eyebrow,noun,B2,2.34e-06,3.37
5811,firefighter,noun,B1,2.34e-06,3.37
5812,haste,noun,B2,2.34e-06,3.37
5813,interpersonal,adjective,B2,2.34e-06,3.37
5814,intruder,noun,B2,2.34e-06,3.37
5815,lessen,verb,B1,2.34e-06,3.37
5816,microscopic,adjective,B2,2.34e-06,3.37
5817,midday,noun,A2,2.34e-06,3.37
5818,originate,verb,B2,2.34e-06,3.37
5819,predictive,adjective,B2,2.34e-06,3.37
5820,relic,noun,B2,2.34e-06,3.37
5821,retard,verb,B2,2.34e-06,3.37
5822,sanitary,adjective,B2,2.34e-06,3.37
5823,setback,noun,B2,2.34e-06,3.37
5824,smoker,noun,B1,2.34e-06,3.37
5825,stun,verb,B1,2.34e-06,3.37
5826,tack,verb,B2,2.34e-06,3.37
5827,tiring,adjective,B1,2.34e-06,3.37
5828,toothpaste,noun,B1,2.34e-06,3.37
5829,transient,adjective,B2,2.34e-06,3.37
5830,unheard,adjective,B1,2.34e-06,3.37
5831,weep,noun,A2,2.34e-06,3.37
5832,ammonia,noun,B2,2.29e-06,3.36
5833,apron,noun,A1,2.29e-06,3.36
5834,biochemistry,noun,B1,2.29e-06,3.36
5835,decorate,verb,B2,2.29e-06,3.36
5836,discredit,verb,B2,2.29e-06,3.36
5837,favorable/favourable,adjective,B1,2.29e-06,3.36
5838,glare,noun,B2,2.29e-06,3.36
5839,handshake,noun,B1,2.29e-06,3.36
5840,infect,verb,B2,2.29e-06,3.36
5841,interruption,noun,B2,2.29e-06,3.36
5842,itch,verb,B2,2.29e-06,3.36
5843,mischief,noun,B1,2.29e-06,3.36
5844,plumber,noun,B2,2.29e-06,3.36
5845,rebellious,adjective,B2,2.29e-06,3.36
5846,souvenir,noun,B1,2.29e-06,3.36
5847,spaceship,noun,A2,2.29e-06,3.36
5848,sunflower,noun,A2,2.29e-06,3.36
5849,tyrant,noun,B2,2.29e-06,3.36
5850,unattractive,adjective,B2,2.29e-06,3.36
5851,unfairly,adverb,B1,2.29e-06,3.36
5852,colorful/colourful,adjective,A2,2.27e-06,3.36
5853,inquiry/enquiry,noun,B1,2.25e-06,3.35
5854,affectionate,adjective,B2,2.24e-06,3.35
5855,bedside,noun,B1,2.24e-06,3.35
5856,clerical,adjective,B2,2.24e-06,3.35
5857,continual,adjective,B1,2.24e-06,3.35
5858,contradict,verb,B2,2.24e-06,3.35
5859,farmland,noun,B1,2.24e-06,3.35
5860,giggle,noun,B1,2.24e-06,3.35
5861,golfer,noun,B1,2.24e-06,3.35
5862,improperly,adverb,B2,2.24e-06,3.35
5863,learner,noun,A2,2.24e-06,3.35
5864,lighten,verb,B2,2.24e-06,3.35
5865,oily,adjective,B1,2.24e-06,3.35
5866,pancake,noun,B2,2.24e-06,3.35
5867,pleasantly,adverb,B1,2.24e-06,3.35
5868,ponder,verb,B2,2.24e-06,3.35
5869,psychologically,adverb,B2,2.24e-06,3.35
5870,rattle,noun,B2,2.24e-06,3.35
5871,recycle,verb,A2,2.24e-06,3.35
5872,wasp,noun,B2,2.24e-06,3.35
5873,westward,adverb,B1,2.24e-06,3.35
5874,takeoff/take-off,noun,B1,2.23e-06,3.35
5875,adjective,noun,A2,2.19e-06,3.34
5876,angrily,adverb,A2,2.19e-06,3.34
5877,aspirin,noun,B1,2.19e-06,3.34
5878,benevolent,adjective,B2,2.19e-06,3.34
5879,bestseller,noun,B2,2.19e-06,3.34
5880,burglar,noun,B1,2.19e-06,3.34
5881,classmate,noun,A1,2.19e-06,3.34
5882,cooker,noun,A2,2.19e-06,3.34
5883,deceptive,adjective,B2,2.19e-06,3.34
5884,deem,verb,B2,2.19e-06,3.34
5885,folly,noun,B2,2.19e-06,3.34
5886,indispensable,adjective,B2,2.19e-06,3.34
5887,likeness,noun,B1,2.19e-06,3.34
5888,originality,noun,B2,2.19e-06,3.34
5889,pebble,noun,B2,2.19e-06,3.34
5890,perseverance,noun,B2,2.19e-06,3.34
5891,pharmacist,noun,B2,2.19e-06,3.34
5892,picky,adjective,B2,2.19e-06,3.34
5893,relativity,noun,B2,2.19e-06,3.34
5894,sincerity,noun,B2,2.19e-06,3.34
5895,worldly,adjective,B2,2.19e-06,3.34
5896,annoyance,noun,B1,2.14e-06,3.33
5897,blooming,adjective,B2,2.14e-06,3.33
5898,excursion,noun,B2,2.14e-06,3.33
5899,glide,noun,B1,2.14e-06,3.33
5900,grieve,verb,B2,2.14e-06,3.33
5901,inhabit,verb,B2,2.14e-06,3.33
5902,invoke,verb,B2,2.14e-06,3.33
5903,lunchtime,noun,A2,2.14e-06,3.33
5904,mend,verb,B1,2.14e-06,3.33
5905,passionately,adverb,B2,2.14e-06,3.33
5906,persuasion,noun,B2,2.14e-06,3.33
5907,racket,noun,A2,2.14e-06,3.33
5908,roundabout,noun,A2,2.14e-06,3.33
5909,scarcely,adverb,B2,2.14e-06,3.33
5910,temperate,adjective,B2,2.14e-06,3.33
5911,untreated,adjective,B2,2.14e-06,3.33
5912,vowel,noun,B1,2.14e-06,3.33
5913,blindly,adverb,B2,2.09e-06,3.32
5914,dissatisfaction,noun,B2,2.09e-06,3.32
5915,elective,adjective,B2,2.09e-06,3.32
5916,giraffe,noun,B1,2.09e-06,3.32
5917,melon,noun,A2,2.09e-06,3.32
5918,ornament,noun,B2,2.09e-06,3.32
5919,outpatient,noun,B2,2.09e-06,3.32
5920,supervise,verb,B2,2.09e-06,3.32
5921,syllable,noun,B2,2.09e-06,3.32
5922,takeaway,noun,B1,2.09e-06,3.32
5923,analyze/analyse,verb,B1,2.07e-06,3.32
5924,counseling/counselling,noun,B1,2.07e-06,3.32
5925,crease,noun,B2,2.04e-06,3.31
5926,dissatisfied,adjective,B2,2.04e-06,3.31
5927,instruct,verb,B2,2.04e-06,3.31
5928,linger,verb,B2,2.04e-06,3.31
5929,lousy,adjective,B2,2.04e-06,3.31
5930,mailbox,noun,B1,2.04e-06,3.31
5931,quarrel,"noun, verb",B2,2.04e-06,3.31
5932,scuba,noun,B2,2.04e-06,3.31
5933,spreadsheet,noun,B2,2.04e-06,3.31
5934,weekday,noun,A2,2.04e-06,3.31
5935,aspiration,noun,B2,2e-06,3.3
5936,attentive,adjective,B2,2e-06,3.3
5937,beak,noun,B2,2e-06,3.3
5938,broaden,verb,B2,2e-06,3.3
5939,enrich,verb,B1,2e-06,3.3
5940,exaggeration,noun,B2,2e-06,3.3
5941,fright,noun,B1,2e-06,3.3
5942,gall,noun,B1,2e-06,3.3
5943,hastily,adverb,B2,2e-06,3.3
5944,headphone,noun,A2,2e-06,3.3
5945,illuminate,verb,B1,2e-06,3.3
5946,incur,verb,B2,2e-06,3.3
5947,jog,"noun, verb",B1,2e-06,3.3
5948,jug,noun,B1,2e-06,3.3
5949,orchid,noun,B2,2e-06,3.3
5950,overtake,verb,B2,2e-06,3.3
5951,selfless,adjective,B2,2e-06,3.3
5952,shrug,verb,B2,2e-06,3.3
5953,teaspoon,noun,B2,2e-06,3.3
5954,bitterly,adverb,B2,1.95e-06,3.29
5955,cello,noun,B2,1.95e-06,3.29
5956,chariot,noun,B1,1.95e-06,3.29
5957,complexion,noun,B2,1.95e-06,3.29
5958,dishwasher,noun,B1,1.95e-06,3.29
5959,generously,adverb,B2,1.95e-06,3.29
5960,hasty,adjective,B1,1.95e-06,3.29
5961,housekeeper,noun,B2,1.95e-06,3.29
5962,imitate,verb,B1,1.95e-06,3.29
5963,improbable,adjective,B2,1.95e-06,3.29
5964,punctuation,noun,A2,1.95e-06,3.29
5965,retrospect,noun,B1,1.95e-06,3.29
5966,tights,noun,A2,1.95e-06,3.29
5967,tumor/tumour,noun,B2,1.94e-06,3.29
5968,badminton,noun,A2,1.91e-06,3.28
5969,boldly,adverb,B1,1.91e-06,3.28
5970,civilization/civilisation,noun,B1,1.91e-06,3.28
5971,disapproval,noun,B2,1.91e-06,3.28
5972,electronically,adverb,B2,1.91e-06,3.28
5973,eyesight,noun,B1,1.91e-06,3.28
5974,impractical,adjective,B2,1.91e-06,3.28
5975,mold/mould,noun,B2,1.91e-06,3.28
5976,predicament,noun,B2,1.91e-06,3.28
5977,puzzled,adjective,B2,1.91e-06,3.28
5978,recite,verb,B1,1.91e-06,3.28
5979,recollection,noun,B2,1.91e-06,3.28
5980,rosy,adjective,B2,1.91e-06,3.28
5981,shabby,adjective,B2,1.91e-06,3.28
5982,swimsuit,noun,A2,1.91e-06,3.28
5983,mama/mamma,noun,B2,1.87e-06,3.27
5984,adversely,adverb,B2,1.86e-06,3.27
5985,astonished,adjective,B2,1.86e-06,3.27
5986,bravely,adverb,B1,1.86e-06,3.27
5987,comma,noun,B1,1.86e-06,3.27
5988,impulsive,adjective,B2,1.86e-06,3.27
5989,incense,noun,B2,1.86e-06,3.27
5990,injure,verb,A2,1.86e-06,3.27
5991,nervously,adverb,B2,1.86e-06,3.27
5992,outweigh,verb,B1,1.86e-06,3.27
5993,polio,noun,B2,1.86e-06,3.27
5994,proclaim,verb,B1,1.86e-06,3.27
5995,serene,adjective,B2,1.86e-06,3.27
5996,sob,verb,B2,1.86e-06,3.27
5997,straighten,verb,B2,1.86e-06,3.27
5998,unsuitable,adjective,B2,1.86e-06,3.27
5999,wasteful,adjective,B1,1.86e-06,3.27
6000,complicate,verb,B1,1.82e-06,3.26
6001,culmination,noun,B2,1.82e-06,3.26
6002,decomposition,noun,B2,1.82e-06,3.26
6003,electrician,noun,B2,1.82e-06,3.26
6004,eternally,adverb,B2,1.82e-06,3.26
6005,forcefully,adverb,B2,1.82e-06,3.26
6006,godly,adjective,B2,1.82e-06,3.26
6007,hover,verb,B2,1.82e-06,3.26
6008,maestro,noun,B2,1.82e-06,3.26
6009,meditate,verb,B1,1.82e-06,3.26
6010,microscopy,noun,B2,1.82e-06,3.26
6011,olympia,noun,B2,1.82e-06,3.26
6012,orchestral,adjective,B2,1.82e-06,3.26
6013,receptionist,noun,A2,1.82e-06,3.26
6014,stair,noun,A2,1.82e-06,3.26
6015,vividly,adverb,B1,1.82e-06,3.26
6016,worldview,noun,B2,1.82e-06,3.26
6017,attractiveness,noun,B2,1.78e-06,3.25
6018,bony,adjective,B2,1.78e-06,3.25
6019,dependable,adjective,B2,1.78e-06,3.25
6020,enthusiastically,adverb,B2,1.78e-06,3.25
6021,guideline,noun,B2,1.78e-06,3.25
6022,inference,noun,B2,1.78e-06,3.25
6023,inhale,verb,B1,1.78e-06,3.25
6024,judo,noun,B2,1.78e-06,3.25
6025,nectar,noun,B1,1.78e-06,3.25
6026,pessimistic,adjective,B2,1.78e-06,3.25
6027,sag,noun,B2,1.78e-06,3.25
6028,tabloid,"adjective, noun",B2,1.78e-06,3.25
6029,thunderstorm,noun,A2,1.78e-06,3.25
6030,widen,verb,B2,1.78e-06,3.25
6031,carbon monoxide,noun,B2,1.77e-06,3.25
6032,appreciative,adjective,B2,1.74e-06,3.24
6033,bandage,noun,B1,1.74e-06,3.24
6034,eastward,adverb,B2,1.74e-06,3.24
6035,kneel,verb,B2,1.74e-06,3.24
6036,liberate,verb,B1,1.74e-06,3.24
6037,mathematician,noun,B1,1.74e-06,3.24
6038,quantify,verb,B2,1.74e-06,3.24
6039,revolve,verb,B2,1.74e-06,3.24
6040,shadowy,adjective,B1,1.74e-06,3.24
6041,stepfather,noun,B2,1.74e-06,3.24
6042,tenderness,noun,B2,1.74e-06,3.24
6043,tickle,verb,B2,1.74e-06,3.24
6044,unload,verb,B2,1.74e-06,3.24
6045,warmly,adverb,B1,1.74e-06,3.24
6046,diligent,adjective,B1,1.7e-06,3.23
6047,dreamy,adjective,B2,1.7e-06,3.23
6048,endanger,verb,B1,1.7e-06,3.23
6049,lifeless,adjective,B2,1.7e-06,3.23
6050,prefix,noun,B1,1.7e-06,3.23
6051,subtitle,noun,B2,1.7e-06,3.23
6052,unimportant,adjective,A2,1.7e-06,3.23
6053,traveler/traveller,noun,A2,1.69e-06,3.23
6054,alphabetical,adjective,B2,1.66e-06,3.22
6055,bathe,verb,B1,1.66e-06,3.22
6056,clam,noun,B2,1.66e-06,3.22
6057,craftsman,noun,B2,1.66e-06,3.22
6058,cripple,noun,B2,1.66e-06,3.22
6059,misconception,noun,B2,1.66e-06,3.22
6060,mislead,verb,B1,1.66e-06,3.22
6061,momentarily,adverb,B2,1.66e-06,3.22
6062,narcissistic,adjective,B2,1.66e-06,3.22
6063,northward,adverb,B2,1.66e-06,3.22
6064,overturn,verb,B2,1.66e-06,3.22
6065,reverence,noun,B2,1.66e-06,3.22
6066,rumor/rumour,noun,A2,1.66e-06,3.22
6067,seaweed,noun,B1,1.66e-06,3.22
6068,shatter,verb,B2,1.66e-06,3.22
6069,signify,verb,B2,1.66e-06,3.22
6070,tempt,verb,B1,1.66e-06,3.22
6071,thermometer,noun,B2,1.66e-06,3.22
6072,achievable,adjective,B2,1.62e-06,3.21
6073,aristocracy,noun,B2,1.62e-06,3.21
6074,armchair,noun,A2,1.62e-06,3.21
6075,babysitter,noun,B1,1.62e-06,3.21
6076,cardigan,noun,B2,1.62e-06,3.21
6077,eloquent,adjective,B2,1.62e-06,3.21
6078,indebted,adjective,B2,1.62e-06,3.21
6079,lorry,noun,B1,1.62e-06,3.21
6080,mover,noun,B2,1.62e-06,3.21
6081,outback,noun,B2,1.62e-06,3.21
6082,pave,verb,B2,1.62e-06,3.21
6083,skateboard,noun,B2,1.62e-06,3.21
6084,superstition,noun,B1,1.62e-06,3.21
6085,tramp,noun,B2,1.62e-06,3.21
6086,transistor,noun,B2,1.62e-06,3.21
6087,ax/axe,noun,B2,1.61e-06,3.21
6088,endeavor/endeavour,noun,B2,1.59e-06,3.2
6089,curiously,adverb,B1,1.58e-06,3.2
6090,deforestation,noun,B2,1.58e-06,3.2
6091,distressing,adjective,B2,1.58e-06,3.2
6092,fondly,adverb,B2,1.58e-06,3.2
6093,germ,noun,B2,1.58e-06,3.2
6094,legislator,noun,B2,1.58e-06,3.2
6095,skyscraper,noun,B1,1.58e-06,3.2
6096,amaze,verb,B2,1.55e-06,3.19
6097,breathless,adjective,B1,1.55e-06,3.19
6098,carefree,adjective,B2,1.55e-06,3.19
6099,carton,noun,B1,1.55e-06,3.19
6100,deprive,verb,B1,1.55e-06,3.19
6101,exaggerate,noun,B2,1.55e-06,3.19
6102,foggy,adjective,A1,1.55e-06,3.19
6103,furiously,adverb,B2,1.55e-06,3.19
6104,motorbike,noun,B2,1.55e-06,3.19
6105,obedient,adjective,B2,1.55e-06,3.19
6106,paramedic,adjective,B2,1.55e-06,3.19
6107,redo,verb,B2,1.55e-06,3.19
6108,rejoin,verb,B2,1.55e-06,3.19
6109,shopper,noun,B1,1.55e-06,3.19
6110,sneeze,"noun, verb",B2,1.55e-06,3.19
6111,sweatshirt,noun,B1,1.55e-06,3.19
6112,barometer,noun,B2,1.51e-06,3.18
6113,bruise,noun,B2,1.51e-06,3.18
6114,delicacy,noun,B2,1.51e-06,3.18
6115,demolish,verb,B2,1.51e-06,3.18
6116,foresee,verb,B2,1.51e-06,3.18
6117,frantically,adverb,B2,1.51e-06,3.18
6118,handkerchief,noun,B1,1.51e-06,3.18
6119,liter/litre,noun,A2,1.51e-06,3.18
6120,nutritious,adjective,B1,1.51e-06,3.18
6121,sleepless,adjective,A2,1.51e-06,3.18
6122,snowball,noun,B2,1.51e-06,3.18
6123,soothe,verb,B1,1.51e-06,3.18
6124,tulip,noun,B2,1.51e-06,3.18
6125,unbeatable,adjective,B2,1.51e-06,3.18
6126,absentee,noun,B2,1.48e-06,3.17
6127,canteen,noun,B1,1.48e-06,3.17
6128,climber,noun,B1,1.48e-06,3.17
6129,conceivable,adjective,B2,1.48e-06,3.17
6130,dishonesty,noun,B2,1.48e-06,3.17
6131,doubly,adverb,B2,1.48e-06,3.17
6132,footnote,noun,B2,1.48e-06,3.17
6133,furthest,adverb,B1,1.48e-06,3.17
6134,hairdresser,noun,B1,1.48e-06,3.17
6135,hone,noun,B2,1.48e-06,3.17
6136,laziness,noun,A2,1.48e-06,3.17
6137,possessive,adjective,B1,1.48e-06,3.17
6138,pronoun,noun,B1,1.48e-06,3.17
6139,ration,noun,B1,1.48e-06,3.17
6140,skim,verb,B2,1.48e-06,3.17
6141,twinkle,noun,B2,1.48e-06,3.17
6142,unforeseen,adjective,B2,1.48e-06,3.17
6143,weakly,adverb,B2,1.48e-06,3.17
6144,amplify,verb,B2,1.45e-06,3.16
6145,astronomer,noun,B1,1.45e-06,3.16
6146,bloodstream,noun,B2,1.45e-06,3.16
6147,bustling,adjective,B2,1.45e-06,3.16
6148,duplication,noun,B2,1.45e-06,3.16
6149,infer,verb,B2,1.45e-06,3.16
6150,napkin,noun,A2,1.45e-06,3.16
6151,stepmother,noun,B2,1.45e-06,3.16
6152,theorist,noun,B2,1.45e-06,3.16
6153,uncontrollable,adjective,B1,1.45e-06,3.16
6154,marvelous/marvellous,adjective,A2,1.44e-06,3.16
6155,chili/chilli,noun,A2,1.43e-06,3.16
6156,attainment,noun,B2,1.41e-06,3.15
6157,disc jockey/disk jockey,noun,B1,1.41e-06,3.15
6158,disorderly,adjective,B2,1.41e-06,3.15
6159,misunderstand,verb,B2,1.41e-06,3.15
6160,nightlife,noun,B1,1.41e-06,3.15
6161,overwhelm,verb,B1,1.41e-06,3.15
6162,proponent,noun,B2,1.41e-06,3.15
6163,settler,noun,B1,1.41e-06,3.15
6164,skateboarding,noun,A2,1.41e-06,3.15
6165,snowboarding,noun,A2,1.41e-06,3.15
6166,tablespoon,noun,A2,1.41e-06,3.15
6167,unhappiness,noun,B2,1.41e-06,3.15
6168,unimaginable,adjective,B2,1.41e-06,3.15
6169,warship,noun,B2,1.41e-06,3.15
6170,cozy/cosy,adjective,B2,1.39e-06,3.14
6171,animate,verb,B2,1.38e-06,3.14
6172,displeasure,noun,B2,1.38e-06,3.14
6173,fondness,noun,B1,1.38e-06,3.14
6174,furnish,verb,B1,1.38e-06,3.14
6175,lark,noun,B2,1.38e-06,3.14
6176,lovingly,adverb,B1,1.38e-06,3.14
6177,powerfully,adverb,B2,1.38e-06,3.14
6178,proverb,noun,B1,1.38e-06,3.14
6179,refute,verb,B2,1.38e-06,3.14
6180,sightseeing,noun,A2,1.38e-06,3.14
6181,someplace,adverb,B1,1.38e-06,3.14
6182,unwell,adjective,B1,1.38e-06,3.14
6183,wetland,noun,B1,1.38e-06,3.14
6184,dowry,noun,B2,1.35e-06,3.13
6185,grandchild,noun,A2,1.35e-06,3.13
6186,inseparable,adjective,B2,1.35e-06,3.13
6187,intravenous,adjective,B2,1.35e-06,3.13
6188,juror,noun,B2,1.35e-06,3.13
6189,kilo,noun,A2,1.35e-06,3.13
6190,pluck,verb,B2,1.35e-06,3.13
6191,resonant,adjective,B2,1.35e-06,3.13
6192,suitably,adverb,B2,1.35e-06,3.13
6193,synonym,noun,B2,1.35e-06,3.13
6194,tanned,adjective,B2,1.35e-06,3.13
6195,transfusion,noun,B2,1.35e-06,3.13
6196,adaptable,adjective,B2,1.32e-06,3.12
6197,amuse,verb,B2,1.32e-06,3.12
6198,artistry,noun,B2,1.32e-06,3.12
6199,atypical,adjective,B2,1.32e-06,3.12
6200,breezy,adjective,B2,1.32e-06,3.12
6201,disapprove,verb,B2,1.32e-06,3.12
6202,dormitory,noun,B2,1.32e-06,3.12
6203,figurative,adjective,B2,1.32e-06,3.12
6204,leaflet,noun,B2,1.32e-06,3.12
6205,pallet,noun,B2,1.32e-06,3.12
6206,predictor,noun,B2,1.32e-06,3.12
6207,seawater,noun,B1,1.32e-06,3.12
6208,spokeswoman,noun,B2,1.32e-06,3.12
6209,stockpile,noun,B2,1.32e-06,3.12
6210,wondrous,adjective,B2,1.32e-06,3.12
6211,affectionately,adverb,B2,1.29e-06,3.11
6212,bookshop,noun,A2,1.29e-06,3.11
6213,frugal,adjective,B2,1.29e-06,3.11
6214,handball,noun,B1,1.29e-06,3.11
6215,hijack,"noun, verb",B2,1.29e-06,3.11
6216,shipwreck,noun,B2,1.29e-06,3.11
6217,airplane/aeroplane,noun,A1,1.28e-06,3.11
6218,attainable,adjective,B2,1.26e-06,3.1
6219,creatively,adverb,B2,1.26e-06,3.1
6220,dissident,noun,B2,1.26e-06,3.1
6221,ironing,noun,B1,1.26e-06,3.1
6222,postman,noun,B1,1.26e-06,3.1
6223,schoolgirl,noun,B2,1.26e-06,3.1
6224,subtract,verb,B2,1.26e-06,3.1
6225,tactile,adjective,B2,1.26e-06,3.1
6226,unfriendly,adjective,B1,1.26e-06,3.1
6227,anxiously,adverb,B1,1.23e-06,3.09
6228,campsite,noun,B1,1.23e-06,3.09
6229,coherence,noun,B2,1.23e-06,3.09
6230,consonant,noun,B1,1.23e-06,3.09
6231,cursor,noun,B2,1.23e-06,3.09
6232,frigate,noun,B2,1.23e-06,3.09
6233,indulgent,adjective,B2,1.23e-06,3.09
6234,inert,adjective,B2,1.23e-06,3.09
6235,piety,noun,B1,1.23e-06,3.09
6236,prefect,noun,B2,1.23e-06,3.09
6237,reunification,noun,B1,1.23e-06,3.09
6238,soybean,noun,B2,1.23e-06,3.09
6239,unwise,adjective,B2,1.23e-06,3.09
6240,exclamation mark,noun,B2,1.22e-06,3.09
6241,realization/realisation,noun,B2,1.22e-06,3.09
6242,certify,verb,B2,1.2e-06,3.08
6243,dropout,noun,B2,1.2e-06,3.08
6244,earring,noun,A2,1.2e-06,3.08
6245,frighten,verb,A2,1.2e-06,3.08
6246,harrow,noun,B2,1.2e-06,3.08
6247,housework,noun,B1,1.2e-06,3.08
6248,humiliate,verb,B2,1.2e-06,3.08
6249,irritate,verb,B1,1.2e-06,3.08
6250,minimize/minimise,verb,B1,1.2e-06,3.08
6251,momentary,adjective,B2,1.2e-06,3.08
6252,silverware,noun,B2,1.2e-06,3.08
6253,storyteller,noun,B1,1.2e-06,3.08
6254,suspiciously,adverb,B2,1.2e-06,3.08
6255,tiresome,adjective,B2,1.2e-06,3.08
6256,unmistakable,adjective,B2,1.2e-06,3.08
6257,abnormally,adverb,B2,1.17e-06,3.07
6258,circuitry,noun,B2,1.17e-06,3.07
6259,compress,noun,B2,1.17e-06,3.07
6260,draft/draught,noun,B2,1.17e-06,3.07
6261,drugstore,noun,A2,1.17e-06,3.07
6262,emphatically,adverb,B2,1.17e-06,3.07
6263,humanist,noun,B2,1.17e-06,3.07
6264,lawmaker,noun,B2,1.17e-06,3.07
6265,lifeguard,noun,B1,1.17e-06,3.07
6266,mogul,noun,B2,1.17e-06,3.07
6267,motorist,noun,B2,1.17e-06,3.07
6268,nomad,noun,B2,1.17e-06,3.07
6269,purposeful,adjective,B2,1.17e-06,3.07
6270,southward,adverb,B2,1.17e-06,3.07
6271,unify,verb,B1,1.17e-06,3.07
6272,yawn,"noun, verb",B2,1.17e-06,3.07
6273,criticize/criticise,verb,A2,1.16e-06,3.06
6274,beagle,noun,B2,1.15e-06,3.06
6275,excitedly,adverb,B1,1.15e-06,3.06
6276,farthest,adverb,B1,1.15e-06,3.06
6277,flutter,noun,B2,1.15e-06,3.06
6278,hatching,noun,B2,1.15e-06,3.06
6279,islander,noun,B2,1.15e-06,3.06
6280,purify,verb,B1,1.15e-06,3.06
6281,saucer,noun,B1,1.15e-06,3.06
6282,stimulant,noun,B2,1.15e-06,3.06
6283,thirdly,adverb,B2,1.15e-06,3.06
6284,vibrate,verb,B2,1.15e-06,3.06
6285,worsen,verb,B2,1.15e-06,3.06
6286,delicately,adverb,B2,1.12e-06,3.05
6287,fearsome,adjective,B2,1.12e-06,3.05
6288,flax,noun,B2,1.12e-06,3.05
6289,glorify,verb,B2,1.12e-06,3.05
6290,leisurely,adverb,B2,1.12e-06,3.05
6291,motherland,noun,B1,1.12e-06,3.05
6292,respiration,noun,B2,1.12e-06,3.05
6293,shiver,verb,B1,1.12e-06,3.05
6294,standstill,noun,B2,1.12e-06,3.05
6295,suffix,noun,B1,1.12e-06,3.05
6296,tremor,noun,B2,1.12e-06,3.05
6297,unsatisfactory,adjective,B2,1.12e-06,3.05
6298,bookmark,"noun, verb",B2,1.1e-06,3.04
6299,impossibility,noun,B2,1.1e-06,3.04
6300,nervousness,noun,B1,1.1e-06,3.04
6301,penicillin,noun,B2,1.1e-06,3.04
6302,strangle,verb,B2,1.1e-06,3.04
6303,tremble,verb,B1,1.1e-06,3.04
6304,unpack,verb,B1,1.1e-06,3.04
6305,babysit,verb,B1,1.07e-06,3.03
6306,desolation,noun,B2,1.07e-06,3.03
6307,incurable,adjective,B2,1.07e-06,3.03
6308,nourishment,noun,B2,1.07e-06,3.03
6309,petrified,adjective,B2,1.07e-06,3.03
6310,showbiz,noun,B2,1.07e-06,3.03
6311,stingy,adjective,B2,1.07e-06,3.03
6312,tasteless,adjective,B1,1.07e-06,3.03
6313,toil,verb,B2,1.07e-06,3.03
6314,trusty,adjective,B2,1.07e-06,3.03
6315,blackboard,noun,A2,1.05e-06,3.02
6316,dazzle,noun,B1,1.05e-06,3.02
6317,escalator,noun,A2,1.05e-06,3.02
6318,fantastically,adverb,B2,1.05e-06,3.02
6319,fluency,noun,B2,1.05e-06,3.02
6320,kerosene,noun,B2,1.05e-06,3.02
6321,nobleman,noun,B2,1.05e-06,3.02
6322,optimist,noun,B2,1.05e-06,3.02
6323,outwardly,adverb,B2,1.05e-06,3.02
6324,uninterested,adjective,B1,1.05e-06,3.02
6325,wither,verb,B1,1.05e-06,3.02
6326,mustache/moustache,noun,B2,1.04e-06,3.02
6327,adorn,verb,B2,1.02e-06,3.01
6328,eyelid,noun,B2,1.02e-06,3.01
6329,inanimate,adjective,B2,1.02e-06,3.01
6330,inflate,verb,B2,1.02e-06,3.01
6331,innovator,noun,B1,1.02e-06,3.01
6332,intermission,noun,B1,1.02e-06,3.01
6333,legislate,verb,B2,1.02e-06,3.01
6334,mutton,noun,B2,1.02e-06,3.01
6335,rearrange,verb,B1,1.02e-06,3.01
6336,refreshments,noun,B1,1.02e-06,3.01
6337,saucepan,noun,B1,1.02e-06,3.01
6338,snowboard,noun,B1,1.02e-06,3.01
6339,sportsmanship,noun,B1,1.02e-06,3.01
6340,stanza,noun,B2,1.02e-06,3.01
6341,heartwarming/heart-warming,adjective,B2,1.01e-06,3.0
6342,amazement,noun,B2,1e-06,3.0
6343,backpacking,noun,B1,1e-06,3.0
6344,handout,noun,B2,1e-06,3.0
6345,uncomfortably,adverb,B2,1e-06,3.0
6346,barbershop,noun,B2,9.77e-07,2.99
6347,clog,verb,B2,9.77e-07,2.99
6348,cyberspace,noun,B2,9.77e-07,2.99
6349,detach,verb,B2,9.77e-07,2.99
6350,duvet,noun,B1,9.77e-07,2.99
6351,faraway,adjective,B1,9.77e-07,2.99
6352,infringe,verb,B2,9.77e-07,2.99
6353,lowland,noun,B2,9.77e-07,2.99
6354,sliver,noun,B2,9.77e-07,2.99
6355,softness,noun,B2,9.77e-07,2.99
6356,unhelpful,adjective,B2,9.77e-07,2.99
6357,unkind,adjective,B2,9.77e-07,2.99
6358,sulfur/sulphur,noun,B2,9.69e-07,2.99
6359,organizer/organiser,noun,B2,9.57e-07,2.98
6360,bestow,verb,B2,9.55e-07,2.98
6361,bustle,verb,B2,9.55e-07,2.98
6362,cheerfully,adverb,B2,9.55e-07,2.98
6363,fasten,verb,B1,9.55e-07,2.98
6364,graphically,adverb,B2,9.55e-07,2.98
6365,ointment,noun,B2,9.55e-07,2.98
6366,schoolteacher,noun,B1,9.55e-07,2.98
6367,shoplifting,noun,B2,9.55e-07,2.98
6368,simplification,noun,B2,9.55e-07,2.98
6369,subculture,noun,B2,9.55e-07,2.98
6370,underline,"noun, verb",B1,9.55e-07,2.98
6371,bossy,adjective,B2,9.33e-07,2.97
6372,deduce,verb,B2,9.33e-07,2.97
6373,displace,verb,B2,9.33e-07,2.97
6374,elegantly,adverb,B2,9.33e-07,2.97
6375,erupt,verb,B2,9.33e-07,2.97
6376,gleam,noun,B2,9.33e-07,2.97
6377,idiom,noun,B1,9.33e-07,2.97
6378,motionless,adjective,B1,9.33e-07,2.97
6379,overjoyed,adjective,B1,9.33e-07,2.97
6380,sociable,adjective,B2,9.33e-07,2.97
6381,talkative,adjective,B1,9.33e-07,2.97
6382,thump,verb,B1,9.33e-07,2.97
6383,yearn,verb,B2,9.33e-07,2.97
6384,chimpanzee,noun,A2,9.12e-07,2.96
6385,firework,noun,B1,9.12e-07,2.96
6386,foolishly,adverb,B2,9.12e-07,2.96
6387,hospitable,adjective,B2,9.12e-07,2.96
6388,practicality,noun,B2,9.12e-07,2.96
6389,procrastination,noun,B1,9.12e-07,2.96
6390,radiate,verb,B2,9.12e-07,2.96
6391,scrooge,noun,B2,9.12e-07,2.96
6392,sonnet,noun,B2,9.12e-07,2.96
6393,taunt,noun,B2,9.12e-07,2.96
6394,undressed,adjective,B2,9.12e-07,2.96
6395,workman,noun,B2,9.12e-07,2.96
6396,businesswoman,noun,A2,8.91e-07,2.95
6397,cruelly,adverb,B2,8.91e-07,2.95
6398,guidebook,noun,A2,8.91e-07,2.95
6399,loudspeaker,noun,B1,8.91e-07,2.95
6400,communicative,adjective,B2,8.71e-07,2.94
6401,disqualify,verb,B2,8.71e-07,2.94
6402,immerse,verb,B2,8.71e-07,2.94
6403,mausoleum,noun,B2,8.71e-07,2.94
6404,typhoid,noun,B2,8.71e-07,2.94
6405,friendliness,noun,B1,8.51e-07,2.93
6406,gulp,noun,B2,8.51e-07,2.93
6407,hyperbole,noun,B2,8.51e-07,2.93
6408,impair,verb,B1,8.51e-07,2.93
6409,politeness,noun,B2,8.51e-07,2.93
6410,subcontinent,noun,B2,8.51e-07,2.93
6411,unjustly,adverb,B2,8.51e-07,2.93
6412,bookshelf,noun,A2,8.32e-07,2.92
6413,brainstorming,noun,B1,8.32e-07,2.92
6414,confine,verb,B2,8.32e-07,2.92
6415,environmentalist,noun,B1,8.32e-07,2.92
6416,murmur,noun,B2,8.32e-07,2.92
6417,stubbornly,adverb,B2,8.32e-07,2.92
6418,tiredness,noun,B2,8.32e-07,2.92
6419,underpants,noun,B1,8.32e-07,2.92
6420,yogurt/yoghurt,noun,A1,8.25e-07,2.92
6421,fluently,adverb,B1,8.13e-07,2.91
6422,involuntarily,adverb,B1,8.13e-07,2.91
6423,mumble,"noun, verb",B2,8.13e-07,2.91
6424,sandal,noun,B1,8.13e-07,2.91
6425,ungodly,adjective,B2,8.13e-07,2.91
6426,windscreen,noun,B1,8.13e-07,2.91
6427,diarrhea/diarrhoea,noun,B2,8.09e-07,2.91
6428,unauthorized/unauthorised,adjective,B2,8.02e-07,2.9
6429,acknowledgment/acknowledgement,noun,B1,7.97e-07,2.9
6430,antivirus,noun,B2,7.94e-07,2.9
6431,arouse,verb,B2,7.94e-07,2.9
6432,carelessly,adverb,B1,7.94e-07,2.9
6433,countryman,noun,B2,7.94e-07,2.9
6434,dandelion,noun,B2,7.94e-07,2.9
6435,eagerness,noun,B1,7.94e-07,2.9
6436,indescribable,adjective,B2,7.94e-07,2.9
6437,landlady,noun,B2,7.94e-07,2.9
6438,nourish,verb,B2,7.94e-07,2.9
6439,obsess,verb,B2,7.94e-07,2.9
6440,orator,noun,B2,7.94e-07,2.9
6441,thoughtless,adjective,B2,7.94e-07,2.9
6442,villager,noun,B2,7.94e-07,2.9
6443,kilometer/kilometre,noun,A2,7.92e-07,2.9
6444,utilize/utilise,verb,B2,7.85e-07,2.89
6445,antibacterial,adjective,B2,7.76e-07,2.89
6446,calmness,noun,B1,7.76e-07,2.89
6447,daze,noun,B1,7.76e-07,2.89
6448,rudely,adverb,B1,7.76e-07,2.89
6449,snowstorm,noun,B1,7.76e-07,2.89
6450,innocently,adverb,B2,7.59e-07,2.88
6451,oppress,verb,B1,7.59e-07,2.88
6452,polity,noun,B2,7.59e-07,2.88
6453,regrettably,adverb,B2,7.59e-07,2.88
6454,shakespearean,adjective,B2,7.59e-07,2.88
6455,shopkeeper,noun,B2,7.59e-07,2.88
6456,shortness,noun,B2,7.59e-07,2.88
6457,subside,verb,B2,7.59e-07,2.88
6458,cannonball,noun,B2,7.41e-07,2.87
6459,imprison,verb,B2,7.41e-07,2.87
6460,leek,noun,B2,7.41e-07,2.87
6461,papaya,noun,B2,7.41e-07,2.87
6462,prawn,noun,B2,7.41e-07,2.87
6463,undress,verb,B1,7.41e-07,2.87
6464,uninteresting,adjective,B1,7.41e-07,2.87
6465,astonishment,noun,B2,7.24e-07,2.86
6466,pollute,verb,A2,7.24e-07,2.86
6467,precede,verb,B2,7.24e-07,2.86
6468,undersea,adjective,B2,7.24e-07,2.86
6469,brainstorm,noun,A2,7.08e-07,2.85
6470,burdensome,adjective,B2,7.08e-07,2.85
6471,impressionist,noun,B2,7.08e-07,2.85
6472,penniless,adjective,B1,7.08e-07,2.85
6473,predicate,verb,B2,7.08e-07,2.85
6474,rhinoceros,noun,B2,7.08e-07,2.85
6475,eyelash,noun,B2,6.92e-07,2.84
6476,salesperson,noun,B2,6.92e-07,2.84
6477,jail/gaol,noun,B1,6.81e-07,2.83
6478,carelessness,noun,B1,6.76e-07,2.83
6479,contaminate,verb,B2,6.76e-07,2.83
6480,eloquence,noun,B2,6.76e-07,2.83
6481,gaudy,adjective,B2,6.76e-07,2.83
6482,grandparent,noun,A1,6.76e-07,2.83
6483,innermost,adjective,B1,6.76e-07,2.83
6484,overestimate,verb,B2,6.76e-07,2.83
6485,punctual,adjective,B2,6.76e-07,2.83
6486,trample,noun,B2,6.76e-07,2.83
6487,tropic,adjective,B2,6.76e-07,2.83
6488,modernization/modernisation,noun,B2,6.63e-07,2.82
6489,conceit,noun,B2,6.61e-07,2.82
6490,exclaim,verb,B2,6.61e-07,2.82
6491,falter,verb,B2,6.61e-07,2.82
6492,personification,noun,B2,6.61e-07,2.82
6493,playmate,noun,B2,6.61e-07,2.82
6494,repress,verb,B2,6.61e-07,2.82
6495,stagger,noun,B2,6.61e-07,2.82
6496,steely,adjective,B2,6.61e-07,2.82
6497,citywide,adjective,B2,6.46e-07,2.81
6498,cornet,noun,B2,6.46e-07,2.81
6499,intrude,verb,B2,6.46e-07,2.81
6500,lengthen,verb,B2,6.46e-07,2.81
6501,scold,verb,B1,6.46e-07,2.81
6502,inverted commas,noun,B2,6.43e-07,2.81
6503,ecologically,adverb,B2,6.31e-07,2.8
6504,firmness,noun,B2,6.31e-07,2.8
6505,radium,noun,B2,6.31e-07,2.8
6506,terrify,verb,A2,6.31e-07,2.8
6507,pajamas/pyjamas,noun,B2,6.3e-07,2.8
6508,bellow,verb,B2,6.17e-07,2.79
6509,chirp,noun,A2,6.17e-07,2.79
6510,hurriedly,adverb,B1,6.17e-07,2.79
6511,narrate,verb,B1,6.17e-07,2.79
6512,newsworthy,adjective,B2,6.17e-07,2.79
6513,superlative,noun,A2,6.17e-07,2.79
6514,inquire/enquire,verb,B2,6.07e-07,2.78
6515,benevolence,noun,B2,6.03e-07,2.78
6516,bookcase,noun,A2,6.03e-07,2.78
6517,scythe,noun,B2,6.03e-07,2.78
6518,tenderly,adverb,B2,6.03e-07,2.78
6519,unease,noun,B2,6.03e-07,2.78
6520,modal verb/modal,noun,B1,5.98e-07,2.78
6521,barman,noun,B1,5.89e-07,2.77
6522,enclose,verb,B1,5.89e-07,2.77
6523,magnify,verb,B2,5.89e-07,2.77
6524,mutter,"noun, verb",B2,5.89e-07,2.77
6525,nostril,noun,B2,5.89e-07,2.77
6526,overcoat,noun,B2,5.89e-07,2.77
6527,splatter,noun,B2,5.89e-07,2.77
6528,thunderous,adjective,B1,5.89e-07,2.77
6529,apostrophe,noun,B2,5.75e-07,2.76
6530,inhabitant,noun,B1,5.75e-07,2.76
6531,permanence,noun,B2,5.75e-07,2.76
6532,snore,"noun, verb",B2,5.75e-07,2.76
6533,toothache,noun,A2,5.75e-07,2.76
6534,transitive,adjective,B2,5.75e-07,2.76
6535,medieval/mediaeval,adjective,B2,5.72e-07,2.76
6536,aerobics,noun,B1,5.62e-07,2.75
6537,carpool,noun,B2,5.62e-07,2.75
6538,schoolwork,noun,A2,5.62e-07,2.75
6539,bombard,noun,B2,5.5e-07,2.74
6540,cybercrime,noun,B2,5.5e-07,2.74
6541,impatiently,adverb,B2,5.5e-07,2.74
6542,unconcerned,adjective,B2,5.5e-07,2.74
6543,encyclopedia/encyclopaedia,noun,B1,5.4e-07,2.73
6544,countrywide,adjective,B2,5.37e-07,2.73
6545,fingernail,noun,B2,5.37e-07,2.73
6546,mountaintop,noun,B1,5.37e-07,2.73
6547,mournful,adjective,B2,5.37e-07,2.73
6548,punctuality,noun,B2,5.37e-07,2.73
6549,scribble,noun,B2,5.37e-07,2.73
6550,bulimia,noun,B2,5.25e-07,2.72
6551,conferencing,noun,B2,5.25e-07,2.72
6552,iceman,noun,B2,5.25e-07,2.72
6553,outdo,verb,B2,5.25e-07,2.72
6554,outlive,verb,B2,5.25e-07,2.72
6555,tightrope,noun,B2,5.25e-07,2.72
6556,unselfish,adjective,B2,5.25e-07,2.72
6557,cellist,noun,B2,5.13e-07,2.71
6558,entitle,verb,B2,5.13e-07,2.71
6559,overshadow,verb,B2,5.13e-07,2.71
6560,unafraid,adjective,B1,5.13e-07,2.71
6561,skillful/skilful,adjective,B2,5.07e-07,2.71
6562,homeward,adjective,B2,5.01e-07,2.7
6563,interviewee,noun,B1,5.01e-07,2.7
6564,photocopy,noun,B1,5.01e-07,2.7
6565,sneer,noun,B2,5.01e-07,2.7
6566,stopover,noun,B2,5.01e-07,2.7
6567,tracksuit,noun,B1,5.01e-07,2.7
6568,wristwatch,noun,B1,5.01e-07,2.7
6569,specialize/specialise,verb,B1,4.99e-07,2.7
6570,authorize/authorise,verb,B2,4.91e-07,2.69
6571,ageless,adjective,B2,4.9e-07,2.69
6572,pollutant,noun,B1,4.9e-07,2.69
6573,recollect,verb,B2,4.9e-07,2.69
6574,ruinous,adjective,B2,4.9e-07,2.69
6575,skyward,adverb,B2,4.9e-07,2.69
6576,startle,verb,B2,4.9e-07,2.69
6577,subplot,noun,B2,4.9e-07,2.69
6578,tablecloth,noun,B2,4.9e-07,2.69
6579,bothersome,adjective,B2,4.79e-07,2.68
6580,granddad,noun,A2,4.79e-07,2.68
6581,headteacher,noun,A2,4.79e-07,2.68
6582,oversize,adjective,B2,4.79e-07,2.68
6583,perspiration,noun,B2,4.79e-07,2.68
6584,raincoat,noun,A2,4.79e-07,2.68
6585,uplifted,adjective,B1,4.79e-07,2.68
6586,ecologist,noun,B2,4.68e-07,2.67
6587,gravitation,noun,B2,4.68e-07,2.67
6588,jealously,adverb,B2,4.68e-07,2.67
6589,outgrow,verb,B2,4.68e-07,2.67
6590,pessimist,noun,B2,4.68e-07,2.67
6591,timeliness,noun,B2,4.68e-07,2.67
6592,bathhouse,noun,B2,4.57e-07,2.66
6593,engulf,verb,B2,4.57e-07,2.66
6594,essayist,noun,B2,4.57e-07,2.66
6595,gravestone,noun,B2,4.57e-07,2.66
6596,participle,noun,B1,4.57e-07,2.66
6597,pedantic,adjective,B2,4.57e-07,2.66
6598,spellbound,adjective,B2,4.57e-07,2.66
6599,waistcoat,noun,B2,4.57e-07,2.66
6600,diphtheria,noun,B2,4.47e-07,2.65
6601,downsize,verb,B2,4.47e-07,2.65
6602,glint,noun,B1,4.47e-07,2.65
6603,handicraft,noun,B2,4.47e-07,2.65
6604,overhear,verb,B2,4.47e-07,2.65
6605,sunbeam,noun,B2,4.47e-07,2.65
6606,easygoing/easy-going,adjective,B1,4.45e-07,2.65
6607,vigor/vigour,noun,B2,4.38e-07,2.64
6608,backpacker,noun,B1,4.37e-07,2.64
6609,doze,noun,B1,4.37e-07,2.64
6610,filial,adjective,B2,4.37e-07,2.64
6611,hyphen,noun,B2,4.37e-07,2.64
6612,impressionism,noun,B2,4.37e-07,2.64
6613,tiptoe,verb,B2,4.37e-07,2.64
6614,workaholic,adjective,B2,4.37e-07,2.64
6615,anchorman,noun,B2,4.27e-07,2.63
6616,bewilderment,noun,B2,4.27e-07,2.63
6617,fume,noun,B2,4.27e-07,2.63
6618,microbe,noun,B2,4.27e-07,2.63
6619,offhand,adverb,B2,4.27e-07,2.63
6620,permeate,verb,B2,4.27e-07,2.63
6621,solidity,noun,B2,4.27e-07,2.63
6622,thickly,adverb,B2,4.27e-07,2.63
6623,unmistakably,adverb,B2,4.27e-07,2.63
6624,devastate,verb,B1,4.17e-07,2.62
6625,drapery,noun,B2,4.17e-07,2.62
6626,gymnastic,adjective,B2,4.17e-07,2.62
6627,impolite,adjective,B2,4.17e-07,2.62
6628,overwork,noun,B1,4.17e-07,2.62
6629,paintbrush,noun,B2,4.17e-07,2.62
6630,preposition,noun,B1,4.17e-07,2.62
6631,rainstorm,noun,B2,4.17e-07,2.62
6632,hip hop/hip-hop/hiphop,noun,A2,4.1e-07,2.61
6633,laborer/labourer,noun,B2,4.1e-07,2.61
6634,immigrate,verb,B1,4.07e-07,2.61
6635,pullover,noun,B1,4.07e-07,2.61
6636,repaint,noun,B2,4.07e-07,2.61
6637,untidy,adjective,B1,4.07e-07,2.61
6638,enroll/enrol,verb,B2,4.01e-07,2.6
6639,exalt,verb,B2,3.98e-07,2.6
6640,humbug,noun,B2,3.98e-07,2.6
6641,indignity,noun,B2,3.98e-07,2.6
6642,olympiad,noun,B2,3.98e-07,2.6
6643,drinkable,adjective,B2,3.89e-07,2.59
6644,stopwatch,noun,B2,3.89e-07,2.59
6645,toenail,noun,B2,3.89e-07,2.59
6646,truthfulness,noun,B2,3.89e-07,2.59
6647,workbench,noun,B2,3.89e-07,2.59
6648,ravage,noun,B2,3.8e-07,2.58
6649,uncharacteristic,adjective,B2,3.8e-07,2.58
6650,bookish,adjective,B2,3.72e-07,2.57
6651,gaiety,noun,B2,3.72e-07,2.57
6652,infinitive,noun,B1,3.72e-07,2.57
6653,neurosis,noun,B2,3.72e-07,2.57
6654,dustbin,noun,B1,3.63e-07,2.56
6655,rafter,noun,B2,3.63e-07,2.56
6656,characterize/characterise,verb,B1,3.61e-07,2.56
6657,adverb,noun,B1,3.55e-07,2.55
6658,malady,noun,B2,3.55e-07,2.55
6659,pillowcase,noun,B2,3.55e-07,2.55
6660,subjunctive,noun,B2,3.55e-07,2.55
6661,sympathize/sympathise,verb,B2,3.55e-07,2.55
6662,policewoman,noun,A2,3.47e-07,2.54
6663,feverishly,adverb,B1,3.39e-07,2.53
6664,stonework,noun,B2,3.39e-07,2.53
6665,irresistibly,adverb,B2,3.31e-07,2.52
6666,newscaster,noun,B2,3.31e-07,2.52
6667,attentively,adverb,B2,3.24e-07,2.51
6668,beautify,verb,B2,3.24e-07,2.51
6669,droop,noun,B2,3.24e-07,2.51
6670,fascinate,verb,B1,3.24e-07,2.51
6671,nought,noun,B2,3.24e-07,2.51
6672,outshine,verb,B2,3.24e-07,2.51
6673,paratrooper,noun,B2,3.24e-07,2.51
6674,untie,verb,B2,3.24e-07,2.51
6675,walkabout,noun,B2,3.24e-07,2.51
6676,summarize/summarise,verb,B1,3.23e-07,2.51
6677,aircrew,noun,B2,3.16e-07,2.5
6678,socialize/socialise,verb,B2,3.12e-07,2.49
6679,antiaircraft,adjective,B2,3.09e-07,2.49
6680,mistreat,verb,B2,3.09e-07,2.49
6681,noisily,adverb,B1,3.09e-07,2.49
6682,stammer,verb,B2,3.09e-07,2.49
6683,millimeter/millimetre,noun,B2,3.07e-07,2.49
6684,blurt,noun,B2,3.02e-07,2.48
6685,semicolon,noun,B2,3.02e-07,2.48
6686,windsurfing,noun,B1,3.02e-07,2.48
6687,astonish,verb,B2,2.95e-07,2.47
6688,centigrade,noun,B2,2.95e-07,2.47
6689,flexibly,adverb,B2,2.95e-07,2.47
6690,quotable,adjective,B2,2.95e-07,2.47
6691,seesaw,noun,B2,2.95e-07,2.47
6692,skylark,noun,B2,2.95e-07,2.47
6693,signpost,noun,B1,2.88e-07,2.46
6694,sundial,noun,B1,2.88e-07,2.46
6695,connection/connexion,noun,B1,2.87e-07,2.46
6696,birdcage,noun,B2,2.82e-07,2.45
6697,soliloquy,noun,B2,2.82e-07,2.45
6698,anticancer,noun,B2,2.75e-07,2.44
6699,indent,verb,B2,2.75e-07,2.44
6700,unfashionable,adjective,B2,2.75e-07,2.44
6701,disillusion,verb,B2,2.69e-07,2.43
6702,hairdryer,noun,B1,2.69e-07,2.43
6703,inborn,adjective,B2,2.69e-07,2.43
6704,paperless,adjective,B2,2.69e-07,2.43
6705,skateboarder,noun,B2,2.69e-07,2.43
6706,omelet/omelette,noun,A2,2.66e-07,2.42
6707,jeweler/jeweller,noun,B2,2.64e-07,2.42
6708,breakable,adjective,B2,2.63e-07,2.42
6709,aubergine,noun,B2,2.57e-07,2.41
6710,mutable,adjective,B2,2.57e-07,2.41
6711,modernize/modernise,verb,B2,2.53e-07,2.4
6712,cubism,noun,B2,2.51e-07,2.4
6713,generalization/generalisation,noun,B2,2.5e-07,2.4
6714,prance,noun,B2,2.45e-07,2.39
6715,centimeter/centimetre,noun,A2,2.44e-07,2.39
6716,overstep,verb,B2,2.4e-07,2.38
6717,memorize/memorise,verb,B1,2.36e-07,2.37
6718,tortoiseshell,noun,B2,2.29e-07,2.36
6719,unashamedly,adverb,B2,2.29e-07,2.36
6720,handrail,noun,B2,2.24e-07,2.35
6721,masseur,noun,B2,2.24e-07,2.35
6722,addressee,noun,B1,2.19e-07,2.34
6723,archaeologist/archeologist,noun,B2,2.19e-07,2.34
6724,dignify,verb,B2,2.19e-07,2.34
6725,unimaginably,adverb,B2,2.19e-07,2.34
6726,skillfully/skilfully,adverb,B2,2.17e-07,2.34
6727,shoplifter,noun,B2,2.14e-07,2.33
6728,uneasily,adverb,B2,2.14e-07,2.33
6729,jeopardize/jeopardise,verb,B2,2.13e-07,2.33
6730,intransitive,adjective,B2,2.09e-07,2.32
6731,microorganism,noun,B2,2.09e-07,2.32
6732,schoolmate,noun,B1,2.09e-07,2.32
6733,referent,adjective,B2,2.04e-07,2.31
6734,cheerfulness,noun,B2,2e-07,2.3
6735,microcomputer,noun,B2,2e-07,2.3
6736,gook,noun,B2,1.95e-07,2.29
6737,pawnbroker,noun,B2,1.95e-07,2.29
6738,instill/instil,verb,B2,1.93e-07,2.29
6739,saleswoman,noun,B2,1.91e-07,2.28
6740,disorganized/disorganised,adjective,B2,1.9e-07,2.28
6741,speeder,noun,B2,1.86e-07,2.27
6742,keystroke,noun,B2,1.82e-07,2.26
6743,publicize/publicise,verb,B2,1.8e-07,2.26
6744,unenthusiastic,adjective,B2,1.78e-07,2.25
6745,retell,verb,B1,1.74e-07,2.24
6746,sunbathe,verb,B1,1.74e-07,2.24
6747,revolutionize/revolutionise,verb,B2,1.73e-07,2.24
6748,backache,noun,B1,1.66e-07,2.22
6749,quarrelsome,adjective,B2,1.66e-07,2.22
6750,clearness,noun,B2,1.62e-07,2.21
6751,personify,verb,B2,1.62e-07,2.21
6752,pawnshop,noun,B2,1.58e-07,2.2
6753,smokestack,noun,B2,1.58e-07,2.2
6754,categorize/categorise,verb,B1,1.55e-07,2.19
6755,courgette,noun,B1,1.55e-07,2.19
6756,dispensable,adjective,B2,1.55e-07,2.19
6757,impermanent,adjective,B2,1.55e-07,2.19
6758,inscribe,verb,B1,1.55e-07,2.19
6759,salesmanship,noun,B2,1.55e-07,2.19
6760,untalented,adjective,B2,1.51e-07,2.18
6761,flunk,verb,B1,1.48e-07,2.17
6762,exultant,adjective,B2,1.45e-07,2.16
6763,categorization/categorisation,noun,B2,1.43e-07,2.16
6764,invariable,adjective,B2,1.41e-07,2.15
6765,generalize/generalise,verb,B2,1.4e-07,2.15
6766,determiner,noun,B2,1.38e-07,2.14
6767,earache,noun,B1,1.38e-07,2.14
6768,adverbial,adjective,B1,1.35e-07,2.13
6769,furor/furore,noun,B2,1.35e-07,2.13
6770,horrify,verb,B1,1.35e-07,2.13
6771,familiarize/familiarise,verb,B2,1.33e-07,2.12
6772,respectably,adverb,B2,1.32e-07,2.12
6773,reorganize/reorganise,verb,B2,1.31e-07,2.12
6774,aborigine,noun,B1,1.29e-07,2.11
6775,shoplift,verb,B2,1.23e-07,2.09
6776,stomachache,noun,A2,1.23e-07,2.09
6777,accustom,verb,B1,1.15e-07,2.06
6778,doorkeeper,noun,B2,1.15e-07,2.06
6779,admiringly,adverb,B2,1.12e-07,2.05
6780,mistrustful,adjective,B2,1.12e-07,2.05
6781,prejudge,verb,B2,1.12e-07,2.05
6782,wordlessly,adverb,B2,1.07e-07,2.03
6783,collocation,noun,B2,1.05e-07,2.02
6784,ferryboat,noun,B2,1.05e-07,2.02
6785,phrasal verb,noun,B1,1.05e-07,2.02
6786,glamorous/glamourous,adjective,B2,1.04e-07,2.02
6787,penalize/penalise,verb,B2,1.04e-07,2.02
6788,mommy/mommie,noun,A1,1.03e-07,2.01
6789,burgle,verb,B2,1.02e-07,2.01
6790,scholasticism,noun,B2,1.02e-07,2.01
6791,install/instal,verb,B1,9.93e-08,2.0
6792,exactness,noun,B2,9.77e-08,1.99
6793,paralyze/paralyse,verb,B1,9.65e-08,1.98
6794,armful,noun,B2,9.55e-08,1.98
6795,wearisome,adjective,B2,9.55e-08,1.98
6796,antonym,noun,B1,8.91e-08,1.95
6797,woodcarving,noun,B2,8.71e-08,1.94
6798,mutability,noun,B2,8.51e-08,1.93
6799,reunify,verb,B1,8.51e-08,1.93
6800,popularize/popularise,verb,B2,8.35e-08,1.92
6801,mystify,verb,B2,8.32e-08,1.92
6802,predicative,adjective,B2,7.76e-08,1.89
6803,preindustrial,adjective,B2,7.41e-08,1.87
6804,unworldly,adjective,B2,7.41e-08,1.87
6805,wallboard,noun,B2,7.41e-08,1.87
6806,invitingly,adverb,B2,7.24e-08,1.86
6807,latecomer,noun,B1,7.24e-08,1.86
6808,housemaster,noun,B2,7.08e-08,1.85
6809,untrimmed,adjective,B2,6.92e-08,1.84
6810,preoccupy,verb,B2,6.76e-08,1.83
6811,mortify,verb,B2,6.46e-08,1.81
6812,crystallize/crystallise,verb,B2,6.27e-08,1.8
6813,glacis,noun,B2,6.17e-08,1.79
6814,reprove,verb,B2,6.17e-08,1.79
6815,noticeboard,noun,B1,6.03e-08,1.78
6816,idolize/idolise,verb,B2,5.52e-08,1.74
6817,bewilder,verb,B2,5.5e-08,1.74
6818,examinee,noun,B2,5.5e-08,1.74
6819,recommendable,adjective,B2,5.5e-08,1.74
6820,antistatic,adjective,B2,5.37e-08,1.73
6821,nonprofessional,adjective,B2,5.25e-08,1.72
6822,layabout,noun,B2,4.9e-08,1.69
6823,schoolchild,noun,A2,4.9e-08,1.69
6824,undreamed,adjective,B2,4.9e-08,1.69
6825,gracefulness,noun,B2,4.57e-08,1.66
6826,kilogram/kilogramme,noun,A2,4.38e-08,1.64
6827,cashpoint,noun,B1,4.37e-08,1.64
6828,gram/gramme,noun,A2,4.33e-08,1.64
6829,humanize/humanise,verb,B2,3.93e-08,1.59
6830,moonscape,noun,B2,3.89e-08,1.59
6831,balky,adjective,B2,3.72e-08,1.57
6832,worktable,noun,B2,3.47e-08,1.54
6833,unthinkably,adverb,B2,3.24e-08,1.51
6834,glocal,adjective,B2,2.95e-08,1.47
6835,dehumanize/dehumanise,verb,B2,2.94e-08,1.47
6836,coziness/cosiness,noun,B2,2.93e-08,1.47
6837,overbook,verb,B2,2.75e-08,1.44
6838,crossly,adverb,B2,2.63e-08,1.42
6839,habitant,noun,B2,2.34e-08,1.37
6840,agonize/agonise,verb,B2,2.25e-08,1.35
6841,unclearly,adverb,B2,2.09e-08,1.32
6842,industrialize/industrialise,verb,B2,2.05e-08,1.31
6843,micrometer/micrometre,noun,B2,2.02e-08,1.31
6844,tatter,noun,B2,1.91e-08,1.28
6845,impolitely,adverb,B2,1.78e-08,1.25
6846,outdistance,verb,B2,1.74e-08,1.24
6847,prehuman,noun,B2,1.26e-08,1.1
6848,washbowl,noun,B1,1.26e-08,1.1
6849,wornout/worn out/worn-out,adjective,B2,1.26e-08,1.1
6850,unusualness,noun,B2,1.23e-08,1.09
6851,mechanize/mechanise,verb,B2,9.02e-09,0.96
6852,anchorperson,noun,B2,0.0,0.0
6853,antipollution,noun,B2,0.0,0.0
6854,cyberaddict,noun,B2,0.0,0.0
6855,cybercafe/cybercafé,noun,B2,0.0,0.0
6856,cyberpet,noun,B2,0.0,0.0
6857,cyberschool,noun,B2,0.0,0.0
6858,hospitalize/hospitalise,verb,B2,0.0,0.0
6859,italicize/italicise,verb,B2,0.0,0.0
6860,netsurfer/net surfer,noun,B2,0.0,0.0
6861,overemphasize/overemphasise,verb,B2,0.0,0.0
6862,penfriend/pen friend,noun,A2,0.0,0.0
6863,sparerib,noun,B2,0.0,0.0
