rank,word,count,frequency,zipf
1,you,28787591,0.04439312,7.65
2,the,22761659,0.03510057,7.55
3,to,17099834,0.02636952,7.42
4,it,13631703,0.02102134,7.32
5,and,10572938,0.01630444,7.21
6,that,10203742,0.01573511,7.2
7,of,8915110,0.01374792,7.14
8,is,7400675,0.01141252,7.06
9,in,7337058,0.01131442,7.05
10,what,6900164,0.01064069,7.03
11,we,6755687,0.01041789,7.02
12,me,6444985,0.00993876,7.0
13,this,5739788,0.00885128,6.95
14,he,5516364,0.00850674,6.93
15,for,5174060,0.00797888,6.9
16,my,4938948,0.00761631,6.88
17,on,4821861,0.00743575,6.87
18,have,4764010,0.00734654,6.87
19,your,4610945,0.0071105,6.85
20,do,4419883,0.00681587,6.83
21,was,4401531,0.00678757,6.83
22,no,4374975,0.00674661,6.83
23,not,4262273,0.00657282,6.82
24,be,4210868,0.00649355,6.81
25,are,4203821,0.00648268,6.81
26,don,4158644,0.00641301,6.81
27,know,3892394,0.00600243,6.78
28,can,3826118,0.00590023,6.77
29,with,3806977,0.00587071,6.77
30,but,3631462,0.00560005,6.75
31,all,3544700,0.00546625,6.74
32,so,3434152,0.00529578,6.72
33,just,3334392,0.00514194,6.71
34,there,3148528,0.00485532,6.69
35,here,3138591,0.00484,6.68
36,they,3060204,0.00471912,6.67
37,like,2983027,0.0046001,6.66
38,get,2883193,0.00444615,6.65
39,she,2778359,0.00428449,6.63
40,go,2738504,0.00422303,6.63
41,if,2630800,0.00405694,6.61
42,right,2576821,0.0039737,6.6
43,out,2510010,0.00387067,6.59
44,about,2487348,0.00383572,6.58
45,up,2459855,0.00379332,6.58
46,at,2431398,0.00374944,6.57
47,him,2431059,0.00374892,6.57
48,now,2298830,0.00354501,6.55
49,oh,2298308,0.0035442,6.55
50,one,2263956,0.00349123,6.54
51,come,2203919,0.00339865,6.53
52,well,2159909,0.00333078,6.52
53,her,2154982,0.00332318,6.52
54,how,2140365,0.00330064,6.52
55,yeah,2000641,0.00308517,6.49
56,will,1969807,0.00303762,6.48
57,got,1968389,0.00303544,6.48
58,want,1950845,0.00300838,6.48
59,think,1839473,0.00283664,6.45
60,as,1792220,0.00276377,6.44
61,see,1781493,0.00274723,6.44
62,did,1742764,0.0026875,6.43
63,good,1741730,0.00268591,6.43
64,who,1734491,0.00267474,6.43
65,why,1722797,0.00265671,6.42
66,from,1709582,0.00263633,6.42
67,let,1705262,0.00262967,6.42
68,his,1666361,0.00256968,6.41
69,yes,1634050,0.00251986,6.4
70,when,1531731,0.00236207,6.37
71,going,1520767,0.00234516,6.37
72,time,1453708,0.00224175,6.35
73,an,1449181,0.00223477,6.35
74,okay,1428884,0.00220347,6.34
75,back,1405024,0.00216668,6.34
76,look,1348467,0.00207946,6.32
77,us,1346903,0.00207705,6.32
78,would,1340070,0.00206651,6.32
79,them,1327509,0.00204714,6.31
80,where,1322226,0.00203899,6.31
81,were,1315964,0.00202934,6.31
82,take,1312232,0.00202358,6.31
83,then,1275502,0.00196694,6.29
84,had,1274537,0.00196545,6.29
85,or,1267646,0.00195483,6.29
86,been,1265150,0.00195098,6.29
87,our,1191941,0.00183808,6.26
88,gonna,1188190,0.0018323,6.26
89,tell,1176290,0.00181395,6.26
90,really,1174710,0.00181151,6.26
91,man,1173588,0.00180978,6.26
92,some,1166914,0.00179949,6.26
93,say,1153915,0.00177944,6.25
94,hey,1149292,0.00177231,6.25
95,could,1111837,0.00171456,6.23
96,didn,1100643,0.00169729,6.23
97,by,1090424,0.00168153,6.23
98,need,1040131,0.00160398,6.21
99,something,1038638,0.00160168,6.2
100,has,1035310,0.00159654,6.2
101,too,1022558,0.00157688,6.2
102,more,1010390,0.00155811,6.19
103,way,1000182,0.00154237,6.19
104,down,978966,0.00150966,6.18
105,make,963885,0.0014864,6.17
106,very,945653,0.00145828,6.16
107,never,930831,0.00143543,6.16
108,only,887363,0.0013684,6.14
109,people,885915,0.00136616,6.14
110,over,880841,0.00135834,6.13
111,because,880112,0.00135721,6.13
112,little,869522,0.00134088,6.13
113,please,842120,0.00129863,6.11
114,love,830324,0.00128044,6.11
115,should,823711,0.00127024,6.1
116,mean,821275,0.00126648,6.1
117,said,818878,0.00126279,6.1
118,sorry,818019,0.00126146,6.1
119,give,811919,0.00125205,6.1
120,off,799351,0.00123267,6.09
121,am,785830,0.00121182,6.08
122,thank,773577,0.00119293,6.08
123,any,767968,0.00118428,6.07
124,two,764564,0.00117903,6.07
125,even,744544,0.00114816,6.06
126,much,738599,0.00113899,6.06
127,doing,732145,0.00112904,6.05
128,sure,709390,0.00109394,6.04
129,thing,697528,0.00107565,6.03
130,these,683128,0.00105345,6.02
131,help,666286,0.00102747,6.01
132,first,656387,0.00101221,6.01
133,into,655747,0.00101122,6.0
134,anything,640206,0.00098726,5.99
135,still,639540,0.00098623,5.99
136,find,626520,0.00096615,5.99
137,life,624596,0.00096318,5.98
138,nothing,622415,0.00095982,5.98
139,sir,619500,0.00095533,5.98
140,day,617674,0.00095251,5.98
141,god,611924,0.00094364,5.97
142,work,611677,0.00094326,5.97
143,their,601171,0.00092706,5.97
144,uh,592651,0.00091392,5.96
145,again,590019,0.00090986,5.96
146,maybe,581087,0.00089609,5.95
147,must,580931,0.00089585,5.95
148,before,578606,0.00089226,5.95
149,other,577197,0.00089009,5.95
150,wait,574752,0.00088632,5.95
151,stop,574016,0.00088519,5.95
152,call,572997,0.00088361,5.95
153,after,572761,0.00088325,5.95
154,won,571621,0.00088149,5.95
155,talk,567036,0.00087442,5.94
156,away,564268,0.00087015,5.94
157,than,561014,0.00086514,5.94
158,thought,558542,0.00086132,5.94
159,home,556894,0.00085878,5.93
160,night,556318,0.00085789,5.93
161,put,552246,0.00085161,5.93
162,great,545768,0.00084162,5.93
163,those,528404,0.00081485,5.91
164,last,527395,0.00081329,5.91
165,better,520328,0.00080239,5.9
166,everything,519795,0.00080157,5.9
167,told,517951,0.00079873,5.9
168,new,508486,0.00078413,5.89
169,things,503642,0.00077666,5.89
170,always,503417,0.00077632,5.89
171,keep,498392,0.00076857,5.89
172,long,496267,0.00076529,5.88
173,years,481860,0.00074307,5.87
174,leave,478282,0.00073755,5.87
175,does,478174,0.00073739,5.87
176,money,471643,0.00072732,5.86
177,around,471463,0.00072704,5.86
178,doesn,471037,0.00072638,5.86
179,name,455543,0.00070249,5.85
180,place,444863,0.00068602,5.84
181,ever,444088,0.00068482,5.84
182,feel,444014,0.00068471,5.84
183,guys,442241,0.00068198,5.83
184,father,437537,0.00067472,5.83
185,guy,435832,0.00067209,5.83
186,made,433900,0.00066911,5.83
187,old,431911,0.00066605,5.82
188,isn,429536,0.00066238,5.82
189,which,422483,0.00065151,5.81
190,big,417218,0.00064339,5.81
191,lot,411660,0.00063482,5.8
192,done,408760,0.00063035,5.8
193,hello,405534,0.00062537,5.8
194,nice,405497,0.00062531,5.8
195,believe,403874,0.00062281,5.79
196,girl,402557,0.00062078,5.79
197,someone,401162,0.00061863,5.79
198,fine,400530,0.00061765,5.79
199,thanks,395690,0.00061019,5.79
200,wanted,392510,0.00060529,5.78
201,kind,392242,0.00060487,5.78
202,coming,389949,0.00060134,5.78
203,house,388585,0.00059923,5.78
204,every,388520,0.00059913,5.78
205,ok,388338,0.00059885,5.78
206,through,388127,0.00059853,5.78
207,being,386528,0.00059606,5.78
208,course,381816,0.0005888,5.77
209,stay,378726,0.00058403,5.77
210,left,378587,0.00058382,5.77
211,dad,378540,0.00058374,5.77
212,enough,376973,0.00058133,5.76
213,happened,375703,0.00057937,5.76
214,came,374486,0.00057749,5.76
215,may,373526,0.00057601,5.76
216,mother,372846,0.00057496,5.76
217,wrong,370949,0.00057204,5.76
218,world,370620,0.00057153,5.76
219,bad,369996,0.00057057,5.76
220,might,367145,0.00056617,5.75
221,three,366626,0.00056537,5.75
222,today,366395,0.00056501,5.75
223,listen,365791,0.00056408,5.75
224,another,365421,0.00056351,5.75
225,understand,365210,0.00056319,5.75
226,hear,360665,0.00055618,5.75
227,remember,358291,0.00055252,5.74
228,ask,354323,0.0005464,5.74
229,own,352542,0.00054365,5.74
230,same,348167,0.00053691,5.73
231,show,347408,0.00053574,5.73
232,else,340756,0.00052548,5.72
233,kill,339509,0.00052355,5.72
234,talking,337629,0.00052066,5.72
235,found,337382,0.00052027,5.72
236,next,335573,0.00051748,5.71
237,getting,331186,0.00051072,5.71
238,care,330956,0.00051036,5.71
239,car,330261,0.00050929,5.71
240,looking,326550,0.00050357,5.7
241,son,325997,0.00050272,5.7
242,try,325748,0.00050233,5.7
243,woman,324673,0.00050068,5.7
244,went,321824,0.00049628,5.7
245,hi,320316,0.00049396,5.69
246,dead,317589,0.00048975,5.69
247,many,314850,0.00048553,5.69
248,mind,312927,0.00048256,5.68
249,wasn,312240,0.0004815,5.68
250,friend,308204,0.00047528,5.68
251,best,307071,0.00047353,5.68
252,mom,305139,0.00047055,5.67
253,hell,304275,0.00046922,5.67
254,morning,303550,0.0004681,5.67
255,trying,303288,0.0004677,5.67
256,boy,302508,0.0004665,5.67
257,together,302404,0.00046633,5.67
258,yourself,302013,0.00046573,5.67
259,job,298911,0.00046095,5.66
260,saw,297985,0.00045952,5.66
261,family,294543,0.00045421,5.66
262,real,294536,0.0004542,5.66
263,without,290509,0.00044799,5.65
264,baby,290496,0.00044797,5.65
265,room,290206,0.00044752,5.65
266,wouldn,288422,0.00044477,5.65
267,already,287837,0.00044387,5.65
268,move,283807,0.00043766,5.64
269,most,283006,0.00043642,5.64
270,seen,282420,0.00043552,5.64
271,live,281046,0.0004334,5.64
272,miss,280930,0.00043322,5.64
273,actually,279595,0.00043116,5.63
274,huh,274656,0.00042354,5.63
275,shit,273312,0.00042147,5.62
276,both,270720,0.00041748,5.62
277,heard,269851,0.00041614,5.62
278,once,269704,0.00041591,5.62
279,ready,267268,0.00041215,5.62
280,head,266844,0.0004115,5.61
281,called,264588,0.00040802,5.61
282,used,263566,0.00040644,5.61
283,idea,263097,0.00040572,5.61
284,knew,262988,0.00040555,5.61
285,hold,262367,0.00040459,5.61
286,happy,262141,0.00040425,5.61
287,door,261118,0.00040267,5.6
288,such,261104,0.00040265,5.6
289,fuck,260121,0.00040113,5.6
290,brother,259877,0.00040075,5.6
291,also,259803,0.00040064,5.6
292,pretty,259500,0.00040017,5.6
293,bit,258929,0.00039929,5.6
294,took,258808,0.00039911,5.6
295,haven,258463,0.00039857,5.6
296,yet,257947,0.00039778,5.6
297,men,257319,0.00039681,5.6
298,whole,257109,0.00039649,5.6
299,start,256417,0.00039542,5.6
300,use,256079,0.0003949,5.6
301,while,255970,0.00039473,5.6
302,since,254427,0.00039235,5.59
303,wife,254038,0.00039175,5.59
304,days,253171,0.00039041,5.59
305,guess,250320,0.00038602,5.59
306,tomorrow,248729,0.00038356,5.58
307,matter,247812,0.00038215,5.58
308,meet,247466,0.00038162,5.58
309,bring,247343,0.00038143,5.58
310,tonight,246514,0.00038015,5.58
311,everyone,246032,0.0003794,5.58
312,run,244200,0.00037658,5.58
313,wanna,243109,0.0003749,5.57
314,hard,242871,0.00037453,5.57
315,ah,242456,0.00037389,5.57
316,alone,240475,0.00037083,5.57
317,myself,240460,0.00037081,5.57
318,school,240176,0.00037037,5.57
319,gone,240082,0.00037023,5.57
320,um,238853,0.00036833,5.57
321,end,237387,0.00036607,5.56
322,saying,236600,0.00036486,5.56
323,phone,235246,0.00036277,5.56
324,play,233865,0.00036064,5.56
325,looks,233814,0.00036056,5.56
326,couldn,233368,0.00035987,5.56
327,fucking,232845,0.00035907,5.56
328,problem,232325,0.00035827,5.55
329,few,231375,0.0003568,5.55
330,friends,230464,0.0003554,5.55
331,gotta,230351,0.00035522,5.55
332,ago,229751,0.0003543,5.55
333,open,229669,0.00035417,5.55
334,anyone,228332,0.00035211,5.55
335,killed,228297,0.00035206,5.55
336,hope,226993,0.00035004,5.54
337,face,225482,0.00034771,5.54
338,until,225171,0.00034723,5.54
339,lost,222398,0.00034296,5.54
340,police,221380,0.00034139,5.53
341,excuse,219855,0.00033904,5.53
342,turn,218563,0.00033704,5.53
343,business,215855,0.00033287,5.52
344,case,215274,0.00033197,5.52
345,wants,215149,0.00033178,5.52
346,says,215090,0.00033169,5.52
347,true,214773,0.0003312,5.52
348,die,214062,0.0003301,5.52
349,heart,213914,0.00032988,5.52
350,soon,213279,0.0003289,5.52
351,each,211943,0.00032684,5.51
352,worry,211329,0.00032589,5.51
353,later,208878,0.00032211,5.51
354,year,208705,0.00032184,5.51
355,watch,207949,0.00032068,5.51
356,music,207205,0.00031953,5.5
357,hand,206247,0.00031805,5.5
358,having,206106,0.00031783,5.5
359,probably,202736,0.00031264,5.5
360,beautiful,200811,0.00030967,5.49
361,doctor,198424,0.00030599,5.49
362,sit,198149,0.00030556,5.49
363,eat,197654,0.0003048,5.48
364,thinking,195875,0.00030206,5.48
365,young,194810,0.00030041,5.48
366,second,193687,0.00029868,5.48
367,working,193172,0.00029789,5.47
368,water,193014,0.00029765,5.47
369,person,192652,0.00029709,5.47
370,part,192248,0.00029646,5.47
371,kids,192050,0.00029616,5.47
372,late,191989,0.00029606,5.47
373,stuff,190629,0.00029397,5.47
374,exactly,189513,0.00029225,5.47
375,under,189347,0.00029199,5.47
376,death,189000,0.00029146,5.46
377,minute,188958,0.00029139,5.46
378,pay,188822,0.00029118,5.46
379,crazy,188767,0.0002911,5.46
380,forget,188628,0.00029088,5.46
381,everybody,188532,0.00029073,5.46
382,kid,187858,0.00028969,5.46
383,change,186962,0.00028831,5.46
384,gave,186445,0.00028752,5.46
385,happen,186041,0.00028689,5.46
386,damn,184228,0.0002841,5.45
387,five,183626,0.00028317,5.45
388,drink,182580,0.00028156,5.45
389,far,182287,0.0002811,5.45
390,knows,181663,0.00028014,5.45
391,its,180594,0.00027849,5.44
392,whatever,180082,0.0002777,5.44
393,eyes,179260,0.00027644,5.44
394,shut,178378,0.00027508,5.44
395,aren,178286,0.00027493,5.44
396,hit,177770,0.00027414,5.44
397,taking,177667,0.00027398,5.44
398,easy,177337,0.00027347,5.44
399,times,176522,0.00027221,5.43
400,check,176507,0.00027219,5.43
401,hands,176291,0.00027186,5.43
402,minutes,175091,0.00027001,5.43
403,deal,174929,0.00026976,5.43
404,different,174657,0.00026934,5.43
405,means,174311,0.0002688,5.43
406,point,174205,0.00026864,5.43
407,inside,174081,0.00026845,5.43
408,makes,172281,0.00026567,5.42
409,asked,171740,0.00026484,5.42
410,somebody,171596,0.00026462,5.42
411,mine,170636,0.00026314,5.42
412,making,169037,0.00026067,5.42
413,body,168798,0.0002603,5.42
414,afraid,168774,0.00026027,5.42
415,sleep,168103,0.00025923,5.41
416,chance,167981,0.00025904,5.41
417,dear,167351,0.00025807,5.41
418,quite,166980,0.0002575,5.41
419,four,166957,0.00025746,5.41
420,anyway,166702,0.00025707,5.41
421,close,166677,0.00025703,5.41
422,ain,166551,0.00025684,5.41
423,party,166137,0.0002562,5.41
424,fun,165693,0.00025551,5.41
425,against,165033,0.0002545,5.41
426,word,164938,0.00025435,5.41
427,comes,164503,0.00025368,5.4
428,important,164386,0.0002535,5.4
429,set,164165,0.00025316,5.4
430,shall,164162,0.00025315,5.4
431,story,164040,0.00025296,5.4
432,number,163259,0.00025176,5.4
433,daughter,163071,0.00025147,5.4
434,least,162905,0.00025121,5.4
435,waiting,162571,0.0002507,5.4
436,hurt,161421,0.00024893,5.4
437,wish,160204,0.00024705,5.39
438,moment,159995,0.00024673,5.39
439,fight,159911,0.0002466,5.39
440,week,159444,0.00024588,5.39
441,husband,159394,0.0002458,5.39
442,girls,159061,0.00024529,5.39
443,rest,158976,0.00024516,5.39
444,married,157817,0.00024337,5.39
445,fire,157532,0.00024293,5.39
446,game,157501,0.00024288,5.39
447,nobody,157014,0.00024213,5.38
448,mr,156641,0.00024155,5.38
449,children,156181,0.00024085,5.38
450,side,155667,0.00024005,5.38
451,stand,155391,0.00023963,5.38
452,read,154667,0.00023851,5.38
453,though,154479,0.00023822,5.38
454,cut,154407,0.00023811,5.38
455,started,154345,0.00023801,5.38
456,sister,154095,0.00023763,5.38
457,supposed,153117,0.00023612,5.37
458,between,152520,0.0002352,5.37
459,child,151864,0.00023419,5.37
460,goes,151195,0.00023316,5.37
461,hours,151156,0.0002331,5.37
462,speak,150927,0.00023274,5.37
463,women,150803,0.00023255,5.37
464,behind,148469,0.00022895,5.36
465,almost,148405,0.00022885,5.36
466,truth,148389,0.00022883,5.36
467,blood,147913,0.0002281,5.36
468,able,147205,0.000227,5.36
469,lady,147121,0.00022687,5.36
470,anymore,146903,0.00022654,5.36
471,playing,146615,0.00022609,5.35
472,gets,146064,0.00022524,5.35
473,shot,144772,0.00022325,5.35
474,reason,144399,0.00022268,5.35
475,trouble,143235,0.00022088,5.34
476,break,143107,0.00022068,5.34
477,war,142825,0.00022025,5.34
478,city,142573,0.00021986,5.34
479,walk,142055,0.00021906,5.34
480,town,141835,0.00021872,5.34
481,trust,141327,0.00021794,5.34
482,met,141208,0.00021776,5.34
483,office,141140,0.00021765,5.34
484,question,140970,0.00021739,5.34
485,brought,140661,0.00021691,5.34
486,yours,140553,0.00021675,5.34
487,welcome,140327,0.0002164,5.34
488,high,140078,0.00021601,5.33
489,wow,139593,0.00021527,5.33
490,couple,138996,0.00021434,5.33
491,half,138527,0.00021362,5.33
492,died,138432,0.00021347,5.33
493,cool,138139,0.00021302,5.33
494,free,137598,0.00021219,5.33
495,either,137448,0.00021196,5.33
496,seems,136699,0.0002108,5.32
497,power,136611,0.00021067,5.32
498,whoa,136564,0.00021059,5.32
499,bye,136276,0.00021015,5.32
500,buy,136137,0.00020994,5.32
501,telling,136109,0.00020989,5.32
502,honey,135631,0.00020916,5.32
503,tried,135401,0.0002088,5.32
504,front,135341,0.00020871,5.32
505,team,134358,0.00020719,5.32
506,answer,134088,0.00020678,5.32
507,gun,133072,0.00020521,5.31
508,boys,132594,0.00020447,5.31
509,line,132433,0.00020422,5.31
510,send,131999,0.00020355,5.31
511,news,131599,0.00020294,5.31
512,stupid,131497,0.00020278,5.31
513,bed,131445,0.0002027,5.31
514,hurry,130182,0.00020075,5.3
515,full,129735,0.00020006,5.3
516,months,129732,0.00020006,5.3
517,save,129390,0.00019953,5.3
518,sometimes,128779,0.00019859,5.3
519,become,128716,0.00019849,5.3
520,along,128220,0.00019773,5.3
521,hate,128153,0.00019762,5.3
522,food,127657,0.00019686,5.29
523,outside,127251,0.00019623,5.29
524,light,126657,0.00019532,5.29
525,needs,126398,0.00019492,5.29
526,dog,125769,0.00019395,5.29
527,country,125731,0.00019389,5.29
528,clear,125730,0.00019389,5.29
529,order,125446,0.00019345,5.29
530,em,125033,0.00019281,5.29
531,fact,124995,0.00019275,5.28
532,lord,124880,0.00019258,5.28
533,captain,124874,0.00019257,5.28
534,six,124087,0.00019135,5.28
535,hot,123994,0.00019121,5.28
536,funny,123924,0.0001911,5.28
537,black,123718,0.00019078,5.28
538,alive,122833,0.00018942,5.28
539,pick,122698,0.00018921,5.28
540,feeling,122065,0.00018824,5.27
541,living,121552,0.00018744,5.27
542,cause,121264,0.000187,5.27
543,ahead,120295,0.00018551,5.27
544,lose,118712,0.00018306,5.26
545,king,118230,0.00018232,5.26
546,plan,118129,0.00018217,5.26
547,dinner,117970,0.00018192,5.26
548,sighs,117410,0.00018106,5.26
549,sort,117267,0.00018084,5.26
550,leaving,117050,0.0001805,5.26
551,shouldn,117029,0.00018047,5.26
552,running,116973,0.00018038,5.26
553,boss,116736,0.00018002,5.26
554,alright,116629,0.00017985,5.25
555,promise,115908,0.00017874,5.25
556,taken,115236,0.0001777,5.25
557,safe,114104,0.00017596,5.25
558,ma,114026,0.00017584,5.25
559,book,113963,0.00017574,5.24
560,sent,113959,0.00017574,5.24
561,white,112881,0.00017407,5.24
562,hour,112782,0.00017392,5.24
563,anybody,112582,0.00017361,5.24
564,small,112316,0.0001732,5.24
565,perfect,112229,0.00017307,5.24
566,lives,110583,0.00017053,5.23
567,special,110344,0.00017016,5.23
568,parents,110206,0.00016995,5.23
569,john,109966,0.00016958,5.23
570,himself,109748,0.00016924,5.23
571,perhaps,109240,0.00016846,5.23
572,sounds,109140,0.0001683,5.23
573,serious,108774,0.00016774,5.22
574,sick,108596,0.00016747,5.22
575,company,108073,0.00016666,5.22
576,ha,107974,0.00016651,5.22
577,scared,107906,0.0001664,5.22
578,uncle,107826,0.00016628,5.22
579,poor,107444,0.00016569,5.22
580,red,106589,0.00016437,5.22
581,past,106439,0.00016414,5.22
582,earth,106394,0.00016407,5.22
583,possible,106080,0.00016359,5.21
584,shoot,106067,0.00016357,5.21
585,touch,105846,0.00016322,5.21
586,sound,105298,0.00016238,5.21
587,top,105282,0.00016235,5.21
588,ass,105009,0.00016193,5.21
589,laughs,104913,0.00016179,5.21
590,cannot,103913,0.00016024,5.2
591,asking,102974,0.0001588,5.2
592,win,102956,0.00015877,5.2
593,glad,102848,0.0001586,5.2
594,control,102782,0.0001585,5.2
595,hmm,102607,0.00015823,5.2
596,human,102595,0.00015821,5.2
597,drive,102436,0.00015797,5.2
598,hair,101852,0.00015707,5.2
599,jack,101666,0.00015678,5.2
600,bitch,101302,0.00015622,5.19
601,luck,101228,0.0001561,5.19
602,murder,101133,0.00015596,5.19
603,happens,100847,0.00015552,5.19
604,air,100137,0.00015442,5.19
605,ten,100133,0.00015441,5.19
606,daddy,100005,0.00015422,5.19
607,finally,99904,0.00015406,5.19
608,chuckles,99607,0.0001536,5.19
609,fast,99084,0.0001528,5.18
610,cold,99032,0.00015272,5.18
611,seem,98575,0.00015201,5.18
612,laughing,98420,0.00015177,5.18
613,words,98242,0.0001515,5.18
614,hospital,98076,0.00015124,5.18
615,street,98007,0.00015114,5.18
616,hang,97778,0.00015078,5.18
617,dance,97339,0.00015011,5.18
618,meeting,97328,0.00015009,5.18
619,till,97044,0.00014965,5.18
620,others,96631,0.00014901,5.17
621,catch,96609,0.00014898,5.17
622,follow,96529,0.00014886,5.17
623,sense,96442,0.00014872,5.17
624,sex,96431,0.00014871,5.17
625,lie,95930,0.00014793,5.17
626,evening,95321,0.00014699,5.17
627,master,95131,0.0001467,5.17
628,known,95125,0.00014669,5.17
629,dream,95089,0.00014664,5.17
630,write,94964,0.00014644,5.17
631,million,94514,0.00014575,5.16
632,voice,94104,0.00014512,5.16
633,sweet,94057,0.00014504,5.16
634,rather,94057,0.00014504,5.16
635,felt,93826,0.00014469,5.16
636,sign,92512,0.00014266,5.15
637,lucky,92377,0.00014245,5.15
638,somewhere,92265,0.00014228,5.15
639,bet,91573,0.00014121,5.15
640,jesus,91143,0.00014055,5.15
641,longer,91035,0.00014038,5.15
642,calling,90868,0.00014013,5.15
643,worked,90771,0.00013998,5.15
644,quiet,90552,0.00013964,5.15
645,looked,90441,0.00013947,5.14
646,less,90011,0.00013881,5.14
647,pull,89880,0.0001386,5.14
648,beat,89787,0.00013846,5.14
649,careful,89667,0.00013827,5.14
650,coffee,89650,0.00013825,5.14
651,return,89451,0.00013794,5.14
652,secret,89236,0.00013761,5.14
653,weeks,88925,0.00013713,5.14
654,weren,88427,0.00013636,5.13
655,date,88407,0.00013633,5.13
656,seeing,88192,0.000136,5.13
657,fall,87762,0.00013534,5.13
658,given,87738,0.0001353,5.13
659,ooh,87683,0.00013522,5.13
660,fault,87420,0.00013481,5.13
661,straight,87378,0.00013474,5.13
662,takes,86959,0.0001341,5.13
663,song,86877,0.00013397,5.13
664,future,86832,0.0001339,5.13
665,gentlemen,86660,0.00013364,5.13
666,loved,86138,0.00013283,5.12
667,changed,86133,0.00013283,5.12
668,road,85751,0.00013224,5.12
669,calm,85638,0.00013206,5.12
670,wonderful,85617,0.00013203,5.12
671,mad,85366,0.00013164,5.12
672,turned,85279,0.00013151,5.12
673,drop,85186,0.00013136,5.12
674,ladies,85029,0.00013112,5.12
675,learn,84936,0.00013098,5.12
676,step,84882,0.0001309,5.12
677,absolutely,84856,0.00013086,5.12
678,early,84836,0.00013082,5.12
679,explain,84368,0.0001301,5.11
680,clean,84238,0.0001299,5.11
681,piece,84224,0.00012988,5.11
682,yesterday,83823,0.00012926,5.11
683,throw,83679,0.00012904,5.11
684,picture,83461,0.0001287,5.11
685,land,83422,0.00012864,5.11
686,feet,83295,0.00012845,5.11
687,wonder,82903,0.00012784,5.11
688,questions,82887,0.00012782,5.11
689,speaking,82769,0.00012764,5.11
690,worth,82559,0.00012731,5.1
691,darling,82240,0.00012682,5.1
692,dude,82190,0.00012674,5.1
693,giving,82085,0.00012658,5.1
694,president,81980,0.00012642,5.1
695,eye,81953,0.00012638,5.1
696,quick,81548,0.00012575,5.1
697,moving,81193,0.00012521,5.1
698,figure,81048,0.00012498,5.1
699,state,80818,0.00012463,5.1
700,strong,80501,0.00012414,5.09
701,sam,80423,0.00012402,5.09
702,none,80315,0.00012385,5.09
703,amazing,80267,0.00012378,5.09
704,ones,79546,0.00012267,5.09
705,works,79323,0.00012232,5.09
706,act,79020,0.00012186,5.09
707,needed,78920,0.0001217,5.09
708,weird,78317,0.00012077,5.08
709,law,78264,0.00012069,5.08
710,worried,78083,0.00012041,5.08
711,report,77824,0.00012001,5.08
712,goodbye,77514,0.00011953,5.08
713,missing,77326,0.00011924,5.08
714,choice,77197,0.00011904,5.08
715,happening,77052,0.00011882,5.07
716,chief,76951,0.00011867,5.07
717,wedding,76940,0.00011865,5.07
718,strange,76863,0.00011853,5.07
719,general,76816,0.00011846,5.07
720,pain,76799,0.00011843,5.07
721,kidding,76744,0.00011835,5.07
722,decided,76683,0.00011825,5.07
723,ya,76658,0.00011821,5.07
724,pass,76635,0.00011818,5.07
725,tired,76540,0.00011803,5.07
726,class,76489,0.00011795,5.07
727,officer,76015,0.00011722,5.07
728,kept,75930,0.00011709,5.07
729,wake,75776,0.00011685,5.07
730,worse,75595,0.00011657,5.07
731,busy,75557,0.00011652,5.07
732,eh,75178,0.00011593,5.06
733,mistake,74957,0.00011559,5.06
734,kiss,74790,0.00011533,5.06
735,court,74580,0.00011501,5.06
736,building,74492,0.00011487,5.06
737,finish,74299,0.00011458,5.06
738,during,74298,0.00011457,5.06
739,age,74262,0.00011452,5.06
740,ship,74224,0.00011446,5.06
741,caught,74060,0.00011421,5.06
742,marry,73938,0.00011402,5.06
743,meant,73929,0.00011401,5.06
744,sell,73802,0.00011381,5.06
745,dark,73770,0.00011376,5.06
746,watching,73700,0.00011365,5.06
747,system,73678,0.00011362,5.06
748,suppose,73465,0.00011329,5.05
749,evidence,73113,0.00011275,5.05
750,movie,73070,0.00011268,5.05
751,ride,73070,0.00011268,5.05
752,completely,72777,0.00011223,5.05
753,mouth,72733,0.00011216,5.05
754,totally,72478,0.00011177,5.05
755,birthday,72140,0.00011125,5.05
756,tv,72054,0.00011111,5.05
757,forgive,71915,0.0001109,5.04
758,born,71906,0.00011089,5.04
759,imagine,71873,0.00011083,5.04
760,information,71840,0.00011078,5.04
761,instead,71571,0.00011037,5.04
762,definitely,71524,0.0001103,5.04
763,security,71503,0.00011026,5.04
764,certainly,71435,0.00011016,5.04
765,film,71407,0.00011012,5.04
766,month,71163,0.00010974,5.04
767,lying,71098,0.00010964,5.04
768,unless,70979,0.00010946,5.04
769,train,70974,0.00010945,5.04
770,seven,70968,0.00010944,5.04
771,wear,70955,0.00010942,5.04
772,clothes,70929,0.00010938,5.04
773,michael,70741,0.00010909,5.04
774,hotel,70659,0.00010896,5.04
775,christmas,70624,0.00010891,5.04
776,attack,70583,0.00010885,5.04
777,hasn,70449,0.00010864,5.04
778,round,70043,0.00010801,5.03
779,expect,69614,0.00010735,5.03
780,sing,69575,0.00010729,5.03
781,terrible,69499,0.00010717,5.03
782,george,69441,0.00010708,5.03
783,bag,69186,0.00010669,5.03
784,history,69119,0.00010659,5.03
785,blue,68839,0.00010616,5.03
786,near,68790,0.00010608,5.03
787,broke,68629,0.00010583,5.02
788,station,68571,0.00010574,5.02
789,seriously,68524,0.00010567,5.02
790,forever,68510,0.00010565,5.02
791,david,68505,0.00010564,5.02
792,frank,68472,0.00010559,5.02
793,except,68440,0.00010554,5.02
794,thinks,68354,0.00010541,5.02
795,message,68305,0.00010533,5.02
796,entire,68282,0.0001053,5.02
797,joe,68244,0.00010524,5.02
798,table,67702,0.0001044,5.02
799,talked,67666,0.00010435,5.02
800,across,67595,0.00010424,5.02
801,rock,67361,0.00010388,5.02
802,lovely,67236,0.00010368,5.02
803,handle,67089,0.00010346,5.01
804,middle,66734,0.00010291,5.01
805,buddy,66718,0.00010289,5.01
806,paid,66526,0.00010259,5.01
807,protect,66508,0.00010256,5.01
808,using,66503,0.00010255,5.01
809,floor,66456,0.00010248,5.01
810,ran,66177,0.00010205,5.01
811,swear,66157,0.00010202,5.01
812,spend,66119,0.00010196,5.01
813,situation,66029,0.00010182,5.01
814,ring,66018,0.00010181,5.01
815,anywhere,65981,0.00010175,5.01
816,dangerous,65974,0.00010174,5.01
817,bill,65959,0.00010171,5.01
818,york,65880,0.00010159,5.01
819,army,65795,0.00010146,5.01
820,lead,65756,0.0001014,5.01
821,bought,65752,0.0001014,5.01
822,finished,65659,0.00010125,5.01
823,fair,65474,0.00010097,5.0
824,sun,65448,0.00010093,5.0
825,letter,65448,0.00010093,5.0
826,fool,65432,0.0001009,5.0
827,attention,65421,0.00010089,5.0
828,club,65275,0.00010066,5.0
829,simple,65090,0.00010037,5.0
830,interesting,65082,0.00010036,5.0
831,space,64991,0.00010022,5.0
832,test,64969,0.00010019,5.0
833,box,64788,9.991e-05,5.0
834,group,64761,9.987e-05,5.0
835,single,64614,9.964e-05,5.0
836,sitting,64521,9.95e-05,5.0
837,marriage,64465,9.941e-05,5.0
838,join,64456,9.94e-05,5.0
839,fear,64352,9.924e-05,5.0
840,peace,64262,9.91e-05,5.0
841,forgot,64169,9.895e-05,5.0
842,force,63737,9.829e-05,4.99
843,short,63714,9.825e-05,4.99
844,normal,63676,9.819e-05,4.99
845,charlie,63672,9.819e-05,4.99
846,present,63307,9.763e-05,4.99
847,enjoy,63294,9.761e-05,4.99
848,mike,63219,9.749e-05,4.99
849,crime,63084,9.728e-05,4.99
850,horse,62923,9.703e-05,4.99
851,ground,62860,9.694e-05,4.99
852,american,62835,9.69e-05,4.99
853,count,62763,9.679e-05,4.99
854,area,62755,9.677e-05,4.99
855,charge,62746,9.676e-05,4.99
856,honor,62722,9.672e-05,4.99
857,lunch,62582,9.651e-05,4.98
858,miles,62523,9.642e-05,4.98
859,radio,62502,9.638e-05,4.98
860,idiot,62357,9.616e-05,4.98
861,ball,62325,9.611e-05,4.98
862,surprise,62170,9.587e-05,4.98
863,paper,62166,9.587e-05,4.98
864,key,62153,9.585e-05,4.98
865,boat,62148,9.584e-05,4.98
866,quickly,62072,9.572e-05,4.98
867,gold,61935,9.551e-05,4.98
868,bar,61927,9.55e-05,4.98
869,fish,61813,9.532e-05,4.98
870,mark,61805,9.531e-05,4.98
871,tom,61785,9.528e-05,4.98
872,wearing,61749,9.522e-05,4.98
873,crying,61698,9.514e-05,4.98
874,accident,61671,9.51e-05,4.98
875,government,61646,9.506e-05,4.98
876,eight,61400,9.468e-05,4.98
877,fell,61371,9.464e-05,4.98
878,cover,61052,9.415e-05,4.97
879,certain,61050,9.414e-05,4.97
880,interested,61029,9.411e-05,4.97
881,deep,60938,9.397e-05,4.97
882,star,60903,9.392e-05,4.97
883,sea,60812,9.378e-05,4.97
884,agree,60716,9.363e-05,4.97
885,problems,60633,9.35e-05,4.97
886,detective,60633,9.35e-05,4.97
887,prison,60581,9.342e-05,4.97
888,major,60560,9.339e-05,4.97
889,stick,60548,9.337e-05,4.97
890,offer,60444,9.321e-05,4.97
891,difficult,60404,9.315e-05,4.97
892,smart,60397,9.314e-05,4.97
893,personal,60381,9.311e-05,4.97
894,record,60360,9.308e-05,4.97
895,stopped,60200,9.283e-05,4.97
896,hide,60133,9.273e-05,4.97
897,whether,59993,9.251e-05,4.97
898,bank,59962,9.247e-05,4.97
899,trip,59906,9.238e-05,4.97
900,relax,59715,9.209e-05,4.96
901,america,59703,9.207e-05,4.96
902,public,59687,9.204e-05,4.96
903,list,59557,9.184e-05,4.96
904,afternoon,59466,9.17e-05,4.96
905,brain,59464,9.17e-05,4.96
906,fix,59349,9.152e-05,4.96
907,bastard,59332,9.15e-05,4.96
908,proud,59309,9.146e-05,4.96
909,tea,59277,9.141e-05,4.96
910,service,59277,9.141e-05,4.96
911,screaming,59151,9.122e-05,4.96
912,forward,59064,9.108e-05,4.96
913,angry,58748,9.059e-05,4.96
914,park,58713,9.054e-05,4.96
915,soul,58677,9.049e-05,4.96
916,fighting,58657,9.045e-05,4.96
917,peter,58654,9.045e-05,4.96
918,rich,58651,9.045e-05,4.96
919,agent,58608,9.038e-05,4.96
920,blow,58531,9.026e-05,4.96
921,paul,58529,9.026e-05,4.96
922,dress,58429,9.01e-05,4.95
923,mary,58366,9.001e-05,4.95
924,missed,58324,8.994e-05,4.95
925,scene,58017,8.947e-05,4.95
926,killing,57890,8.927e-05,4.95
927,standing,57866,8.923e-05,4.95
928,saved,57667,8.893e-05,4.95
929,mm,57659,8.892e-05,4.95
930,respect,57647,8.89e-05,4.95
931,killer,57555,8.876e-05,4.95
932,ice,57545,8.874e-05,4.95
933,mess,57542,8.874e-05,4.95
934,tough,57486,8.865e-05,4.95
935,feels,57388,8.85e-05,4.95
936,church,57254,8.829e-05,4.95
937,sad,57179,8.818e-05,4.95
938,cell,57033,8.795e-05,4.94
939,drunk,56919,8.777e-05,4.94
940,share,56854,8.767e-05,4.94
941,camera,56757,8.752e-05,4.94
942,within,56709,8.745e-05,4.94
943,card,56659,8.737e-05,4.94
944,fly,56595,8.727e-05,4.94
945,ben,56502,8.713e-05,4.94
946,girlfriend,56475,8.709e-05,4.94
947,laugh,56460,8.707e-05,4.94
948,smell,56399,8.697e-05,4.94
949,broken,56391,8.696e-05,4.94
950,mum,56281,8.679e-05,4.94
951,honest,56234,8.672e-05,4.94
952,often,55998,8.635e-05,4.94
953,starting,55979,8.632e-05,4.94
954,calls,55940,8.626e-05,4.94
955,spent,55836,8.61e-05,4.94
956,third,55750,8.597e-05,4.93
957,english,55677,8.586e-05,4.93
958,visit,55638,8.58e-05,4.93
959,mama,55372,8.539e-05,4.93
960,judge,55336,8.533e-05,4.93
961,window,55285,8.525e-05,4.93
962,hungry,55259,8.521e-05,4.93
963,dare,55131,8.502e-05,4.93
964,relationship,55128,8.501e-05,4.93
965,moved,55096,8.496e-05,4.93
966,prove,55079,8.494e-05,4.93
967,private,54978,8.478e-05,4.93
968,wall,54813,8.453e-05,4.93
969,seat,54615,8.422e-05,4.93
970,position,54449,8.397e-05,4.92
971,lieutenant,54321,8.377e-05,4.92
972,realize,54306,8.374e-05,4.92
973,lt,54305,8.374e-05,4.92
974,especially,54148,8.35e-05,4.92
975,machine,54140,8.349e-05,4.92
976,walking,54115,8.345e-05,4.92
977,art,54096,8.342e-05,4.92
978,pleasure,54085,8.34e-05,4.92
979,bloody,54026,8.331e-05,4.92
980,college,53933,8.317e-05,4.92
981,french,53911,8.314e-05,4.92
982,involved,53718,8.284e-05,4.92
983,cry,53674,8.277e-05,4.92
984,became,53603,8.266e-05,4.92
985,lived,53550,8.258e-05,4.92
986,impossible,53527,8.254e-05,4.92
987,obviously,53527,8.254e-05,4.92
988,neither,53452,8.243e-05,4.92
989,accept,53291,8.218e-05,4.91
990,boyfriend,53124,8.192e-05,4.91
991,besides,53110,8.19e-05,4.91
992,queen,53006,8.174e-05,4.91
993,teacher,53004,8.174e-05,4.91
994,cops,52981,8.17e-05,4.91
995,sake,52827,8.146e-05,4.91
996,loves,52751,8.135e-05,4.91
997,carry,52734,8.132e-05,4.91
998,teach,52731,8.132e-05,4.91
999,apartment,52714,8.129e-05,4.91
1000,upset,52565,8.106e-05,4.91
1001,green,52557,8.105e-05,4.91
1002,la,52546,8.103e-05,4.91
1003,liked,52485,8.094e-05,4.91
1004,cute,52240,8.056e-05,4.91
1005,evil,52175,8.046e-05,4.91
1006,professor,52026,8.023e-05,4.9
1007,contact,51750,7.98e-05,4.9
1008,joke,51728,7.977e-05,4.9
1009,cop,51701,7.973e-05,4.9
1010,huge,51581,7.954e-05,4.9
1011,holy,51499,7.942e-05,4.9
1012,store,51492,7.941e-05,4.9
1013,jail,51429,7.931e-05,4.9
1014,likes,51334,7.916e-05,4.9
1015,lawyer,51332,7.916e-05,4.9
1016,doubt,51287,7.909e-05,4.9
1017,continue,51279,7.908e-05,4.9
1018,appreciate,51258,7.904e-05,4.9
1019,cat,51175,7.892e-05,4.9
1020,shop,50976,7.861e-05,4.9
1021,driving,50866,7.844e-05,4.89
1022,congratulations,50847,7.841e-05,4.89
1023,wrote,50800,7.834e-05,4.89
1024,village,50792,7.833e-05,4.89
1025,quit,50649,7.811e-05,4.89
1026,field,50617,7.806e-05,4.89
1027,james,50562,7.797e-05,4.89
1028,wine,50522,7.791e-05,4.89
1029,decision,50446,7.779e-05,4.89
1030,south,50364,7.767e-05,4.89
1031,sleeping,50357,7.766e-05,4.89
1032,slow,50276,7.753e-05,4.89
1033,laughter,50196,7.741e-05,4.89
1034,island,50107,7.727e-05,4.89
1035,glass,50103,7.726e-05,4.89
1036,beginning,50069,7.721e-05,4.89
1037,cash,49976,7.707e-05,4.89
1038,dying,49963,7.705e-05,4.89
1039,hundred,49823,7.683e-05,4.89
1040,whose,49808,7.681e-05,4.89
1041,difference,49743,7.671e-05,4.88
1042,plane,49704,7.665e-05,4.88
1043,push,49690,7.663e-05,4.88
1044,continues,49684,7.662e-05,4.88
1045,mmm,49655,7.657e-05,4.88
1046,singing,49144,7.578e-05,4.88
1047,eating,49119,7.575e-05,4.88
1048,north,49107,7.573e-05,4.88
1049,mrs,49087,7.57e-05,4.88
1050,tree,49017,7.559e-05,4.88
1051,madam,48931,7.546e-05,4.88
1052,gift,48891,7.539e-05,4.88
1053,truck,48807,7.526e-05,4.88
1054,putting,48797,7.525e-05,4.88
1055,bear,48674,7.506e-05,4.88
1056,board,48666,7.505e-05,4.88
1057,grab,48653,7.503e-05,4.88
1058,beer,48641,7.501e-05,4.88
1059,stuck,48497,7.479e-05,4.87
1060,magic,48484,7.477e-05,4.87
1061,support,48351,7.456e-05,4.87
1062,rules,48345,7.455e-05,4.87
1063,grunts,48253,7.441e-05,4.87
1064,partner,48247,7.44e-05,4.87
1065,reach,48221,7.436e-05,4.87
1066,wind,48063,7.412e-05,4.87
1067,colonel,48036,7.408e-05,4.87
1068,max,47938,7.392e-05,4.87
1069,immediately,47938,7.392e-05,4.87
1070,seconds,47936,7.392e-05,4.87
1071,thousand,47934,7.392e-05,4.87
1072,gives,47900,7.387e-05,4.87
1073,experience,47824,7.375e-05,4.87
1074,cheers,47819,7.374e-05,4.87
1075,victim,47739,7.362e-05,4.87
1076,upon,47699,7.356e-05,4.87
1077,computer,47672,7.351e-05,4.87
1078,christ,47650,7.348e-05,4.87
1079,planet,47564,7.335e-05,4.87
1080,promised,47559,7.334e-05,4.87
1081,bus,47534,7.33e-05,4.87
1082,henry,47491,7.324e-05,4.86
1083,dirty,47462,7.319e-05,4.86
1084,search,47439,7.316e-05,4.86
1085,staying,47241,7.285e-05,4.86
1086,dreams,47210,7.28e-05,4.86
1087,arrest,46994,7.247e-05,4.86
1088,holding,46938,7.238e-05,4.86
1089,suddenly,46833,7.222e-05,4.86
1090,usually,46770,7.212e-05,4.86
1091,lots,46570,7.182e-05,4.86
1092,shoes,46490,7.169e-05,4.86
1093,er,46383,7.153e-05,4.85
1094,jump,46358,7.149e-05,4.85
1095,rid,46242,7.131e-05,4.85
1096,yo,46233,7.13e-05,4.85
1097,knock,46228,7.129e-05,4.85
1098,owe,46153,7.117e-05,4.85
1099,harry,46028,7.098e-05,4.85
1100,grow,46010,7.095e-05,4.85
1101,worst,45845,7.07e-05,4.85
1102,river,45834,7.068e-05,4.85
1103,aunt,45834,7.068e-05,4.85
1104,patient,45828,7.067e-05,4.85
1105,kitchen,45812,7.065e-05,4.85
1106,aah,45774,7.059e-05,4.85
1107,fat,45737,7.053e-05,4.85
1108,passed,45678,7.044e-05,4.85
1109,final,45614,7.034e-05,4.85
1110,summer,45611,7.034e-05,4.85
1111,bob,45572,7.028e-05,4.85
1112,listening,45564,7.026e-05,4.85
1113,escape,45553,7.025e-05,4.85
1114,everywhere,45430,7.006e-05,4.85
1115,moon,45422,7.004e-05,4.85
1116,arms,45390,7e-05,4.85
1117,turns,45374,6.997e-05,4.84
1118,address,45332,6.991e-05,4.84
1119,ow,45251,6.978e-05,4.84
1120,match,45223,6.974e-05,4.84
1121,gasps,45214,6.972e-05,4.84
1122,grand,45183,6.968e-05,4.84
1123,yep,45096,6.954e-05,4.84
1124,shh,44939,6.93e-05,4.84
1125,nervous,44913,6.926e-05,4.84
1126,de,44903,6.924e-05,4.84
1127,choose,44853,6.917e-05,4.84
1128,themselves,44832,6.914e-05,4.84
1129,decide,44806,6.909e-05,4.84
1130,mate,44782,6.906e-05,4.84
1131,drinking,44770,6.904e-05,4.84
1132,press,44624,6.881e-05,4.84
1133,bother,44619,6.881e-05,4.84
1134,foot,44588,6.876e-05,4.84
1135,hadn,44545,6.869e-05,4.84
1136,blame,44534,6.868e-05,4.84
1137,crap,44529,6.867e-05,4.84
1138,drugs,44516,6.865e-05,4.84
1139,type,44489,6.861e-05,4.84
1140,rings,44331,6.836e-05,4.83
1141,mission,44289,6.83e-05,4.83
1142,named,44264,6.826e-05,4.83
1143,heaven,44231,6.821e-05,4.83
1144,picked,44114,6.803e-05,4.83
1145,paris,44110,6.802e-05,4.83
1146,race,44089,6.799e-05,4.83
1147,risk,44005,6.786e-05,4.83
1148,books,43897,6.769e-05,4.83
1149,further,43839,6.76e-05,4.83
1150,danny,43801,6.755e-05,4.83
1151,action,43798,6.754e-05,4.83
1152,allowed,43797,6.754e-05,4.83
1153,orders,43786,6.752e-05,4.83
1154,learned,43716,6.741e-05,4.83
1155,price,43671,6.734e-05,4.83
1156,arrived,43640,6.73e-05,4.83
1157,nick,43636,6.729e-05,4.83
1158,otherwise,43596,6.723e-05,4.83
1159,pictures,43550,6.716e-05,4.83
1160,fit,43502,6.708e-05,4.83
1161,smoke,43421,6.696e-05,4.83
1162,favor,43370,6.688e-05,4.83
1163,played,43357,6.686e-05,4.83
1164,notice,43315,6.68e-05,4.82
1165,awesome,43298,6.677e-05,4.82
1166,smile,43295,6.676e-05,4.82
1167,director,43294,6.676e-05,4.82
1168,guard,43270,6.673e-05,4.82
1169,begin,43130,6.651e-05,4.82
1170,spot,43079,6.643e-05,4.82
1171,surprised,43018,6.634e-05,4.82
1172,innocent,42962,6.625e-05,4.82
1173,narrator,42916,6.618e-05,4.82
1174,herself,42884,6.613e-05,4.82
1175,london,42880,6.612e-05,4.82
1176,feelings,42843,6.607e-05,4.82
1177,enemy,42799,6.6e-05,4.82
1178,battle,42785,6.598e-05,4.82
1179,ourselves,42731,6.59e-05,4.82
1180,alex,42710,6.586e-05,4.82
1181,dollars,42705,6.586e-05,4.82
1182,allow,42649,6.577e-05,4.82
1183,nine,42538,6.56e-05,4.82
1184,gay,42536,6.559e-05,4.82
1185,department,42487,6.552e-05,4.82
1186,guilty,42459,6.548e-05,4.82
1187,apart,42417,6.541e-05,4.82
1188,earlier,42407,6.54e-05,4.82
1189,duty,42329,6.528e-05,4.81
1190,jim,42323,6.527e-05,4.81
1191,suit,42315,6.525e-05,4.81
1192,bell,42299,6.523e-05,4.81
1193,west,42219,6.511e-05,4.81
1194,legs,42152,6.5e-05,4.81
1195,hero,42093,6.491e-05,4.81
1196,destroy,42078,6.489e-05,4.81
1197,stage,42074,6.488e-05,4.81
1198,bunch,42064,6.487e-05,4.81
1199,according,42026,6.481e-05,4.81
1200,chicken,41996,6.476e-05,4.81
1201,bigger,41873,6.457e-05,4.81
1202,grunting,41866,6.456e-05,4.81
1203,low,41837,6.452e-05,4.81
1204,helping,41832,6.451e-05,4.81
1205,admit,41817,6.449e-05,4.81
1206,closed,41801,6.446e-05,4.81
1207,names,41772,6.442e-05,4.81
1208,witness,41753,6.439e-05,4.81
1209,upstairs,41732,6.435e-05,4.81
1210,arm,41726,6.435e-05,4.81
1211,steal,41720,6.434e-05,4.81
1212,jimmy,41706,6.431e-05,4.81
1213,kick,41697,6.43e-05,4.81
1214,twice,41693,6.429e-05,4.81
1215,cross,41692,6.429e-05,4.81
1216,ways,41675,6.427e-05,4.81
1217,sergeant,41650,6.423e-05,4.81
1218,indeed,41591,6.414e-05,4.81
1219,gas,41535,6.405e-05,4.81
1220,keeping,41371,6.38e-05,4.8
1221,energy,41290,6.367e-05,4.8
1222,pregnant,41290,6.367e-05,4.8
1223,waste,41240,6.36e-05,4.8
1224,helped,41235,6.359e-05,4.8
1225,fired,41193,6.352e-05,4.8
1226,favorite,41153,6.346e-05,4.8
1227,tony,41145,6.345e-05,4.8
1228,taste,41080,6.335e-05,4.8
1229,locked,41079,6.335e-05,4.8
1230,places,41041,6.329e-05,4.8
1231,writing,41035,6.328e-05,4.8
1232,adam,41028,6.327e-05,4.8
1233,brothers,41025,6.326e-05,4.8
1234,starts,41012,6.324e-05,4.8
1235,prince,40914,6.309e-05,4.8
1236,form,40833,6.297e-05,4.8
1237,sold,40796,6.291e-05,4.8
1238,silly,40758,6.285e-05,4.8
1239,mention,40753,6.284e-05,4.8
1240,build,40738,6.282e-05,4.8
1241,throat,40719,6.279e-05,4.8
1242,hole,40658,6.27e-05,4.8
1243,figured,40590,6.259e-05,4.8
1244,track,40578,6.258e-05,4.8
1245,ringing,40518,6.248e-05,4.8
1246,lock,40462,6.24e-05,4.8
1247,leg,40449,6.238e-05,4.8
1248,above,40388,6.228e-05,4.79
1249,hiding,40387,6.228e-05,4.79
1250,steve,40377,6.227e-05,4.79
1251,seemed,40343,6.221e-05,4.79
1252,breakfast,40285,6.212e-05,4.79
1253,engine,40282,6.212e-05,4.79
1254,written,40246,6.206e-05,4.79
1255,complete,40210,6.201e-05,4.79
1256,video,40195,6.198e-05,4.79
1257,applause,40194,6.198e-05,4.79
1258,however,40098,6.183e-05,4.79
1259,pressure,40065,6.178e-05,4.79
1260,fresh,40049,6.176e-05,4.79
1261,weapon,40033,6.173e-05,4.79
1262,sky,39986,6.166e-05,4.79
1263,stole,39897,6.152e-05,4.79
1264,study,39882,6.15e-05,4.79
1265,burn,39874,6.149e-05,4.79
1266,reading,39869,6.148e-05,4.79
1267,crowd,39856,6.146e-05,4.79
1268,treat,39803,6.138e-05,4.79
1269,roll,39791,6.136e-05,4.79
1270,double,39770,6.133e-05,4.79
1271,spirit,39556,6.1e-05,4.79
1272,danger,39518,6.094e-05,4.78
1273,cost,39485,6.089e-05,4.78
1274,empty,39482,6.088e-05,4.78
1275,level,39476,6.088e-05,4.78
1276,memory,39331,6.065e-05,4.78
1277,itself,39330,6.065e-05,4.78
1278,acting,39326,6.064e-05,4.78
1279,interest,39252,6.053e-05,4.78
1280,nose,39194,6.044e-05,4.78
1281,plans,39142,6.036e-05,4.78
1282,following,39136,6.035e-05,4.78
1283,bathroom,39095,6.029e-05,4.78
1284,built,39041,6.02e-05,4.78
1285,closer,39022,6.018e-05,4.78
1286,ray,38995,6.013e-05,4.78
1287,sarah,38933,6.004e-05,4.78
1288,band,38918,6.002e-05,4.78
1289,groans,38867,5.994e-05,4.78
1290,apparently,38705,5.969e-05,4.78
1291,excited,38640,5.959e-05,4.78
1292,richard,38625,5.956e-05,4.77
1293,losing,38585,5.95e-05,4.77
1294,animals,38518,5.94e-05,4.77
1295,flight,38504,5.938e-05,4.77
1296,nature,38496,5.936e-05,4.77
1297,raise,38449,5.929e-05,4.77
1298,pop,38419,5.925e-05,4.77
1299,client,38407,5.923e-05,4.77
1300,bomb,38395,5.921e-05,4.77
1301,neck,38371,5.917e-05,4.77
1302,suspect,38365,5.916e-05,4.77
1303,warm,38355,5.915e-05,4.77
1304,extra,38335,5.912e-05,4.77
1305,bottle,38229,5.895e-05,4.77
1306,van,38223,5.894e-05,4.77
1307,heavy,38220,5.894e-05,4.77
1308,mommy,38167,5.886e-05,4.77
1309,dogs,38164,5.885e-05,4.77
1310,wild,38162,5.885e-05,4.77
1311,ridiculous,38121,5.879e-05,4.77
1312,simply,38100,5.875e-05,4.77
1313,lee,38047,5.867e-05,4.77
1314,animal,38036,5.866e-05,4.77
1315,showed,38007,5.861e-05,4.77
1316,billy,37951,5.852e-05,4.77
1317,shooting,37914,5.847e-05,4.77
1318,keeps,37914,5.847e-05,4.77
1319,camp,37907,5.846e-05,4.77
1320,guns,37893,5.843e-05,4.77
1321,medical,37844,5.836e-05,4.77
1322,shame,37793,5.828e-05,4.77
1323,hoping,37769,5.824e-05,4.77
1324,whom,37735,5.819e-05,4.76
1325,bird,37711,5.815e-05,4.76
1326,majesty,37699,5.814e-05,4.76
1327,flowers,37699,5.814e-05,4.76
1328,famous,37634,5.804e-05,4.76
1329,asleep,37535,5.788e-05,4.76
1330,beauty,37515,5.785e-05,4.76
1331,driver,37474,5.779e-05,4.76
1332,keys,37443,5.774e-05,4.76
1333,rain,37417,5.77e-05,4.76
1334,awful,37405,5.768e-05,4.76
1335,large,37373,5.763e-05,4.76
1336,local,37344,5.759e-05,4.76
1337,deserve,37283,5.749e-05,4.76
1338,goddamn,37270,5.747e-05,4.76
1339,stone,37203,5.737e-05,4.76
1340,jane,37198,5.736e-05,4.76
1341,grace,37180,5.733e-05,4.76
1342,consider,37165,5.731e-05,4.76
1343,weekend,37115,5.723e-05,4.76
1344,wondering,37023,5.709e-05,4.76
1345,lay,36984,5.703e-05,4.76
1346,plenty,36941,5.697e-05,4.76
1347,willing,36938,5.696e-05,4.76
1348,pants,36916,5.693e-05,4.76
1349,sweetheart,36907,5.691e-05,4.76
1350,skin,36861,5.684e-05,4.75
1351,excellent,36849,5.682e-05,4.75
1352,asshole,36844,5.682e-05,4.75
1353,beach,36841,5.681e-05,4.75
1354,faith,36815,5.677e-05,4.75
1355,beg,36807,5.676e-05,4.75
1356,fuckin,36802,5.675e-05,4.75
1357,responsible,36781,5.672e-05,4.75
1358,military,36733,5.665e-05,4.75
1359,cheering,36723,5.663e-05,4.75
1360,opportunity,36711,5.661e-05,4.75
1361,common,36698,5.659e-05,4.75
1362,bottom,36680,5.656e-05,4.75
1363,german,36610,5.646e-05,4.75
1364,whoever,36535,5.634e-05,4.75
1365,cook,36531,5.633e-05,4.75
1366,walked,36528,5.633e-05,4.75
1367,papers,36502,5.629e-05,4.75
1368,justice,36481,5.626e-05,4.75
1369,hall,36354,5.606e-05,4.75
1370,commander,36345,5.605e-05,4.75
1371,drug,36316,5.6e-05,4.75
1372,main,36292,5.597e-05,4.75
1373,knife,36197,5.582e-05,4.75
1374,devil,36189,5.581e-05,4.75
1375,necessary,36124,5.571e-05,4.75
1376,although,36046,5.559e-05,4.74
1377,princess,36046,5.559e-05,4.74
1378,lights,36039,5.558e-05,4.74
1379,flying,36023,5.555e-05,4.74
1380,dick,35996,5.551e-05,4.74
1381,rose,35942,5.543e-05,4.74
1382,knowing,35876,5.532e-05,4.74
1383,clearly,35837,5.526e-05,4.74
1384,hat,35828,5.525e-05,4.74
1385,agreed,35752,5.513e-05,4.74
1386,johnny,35735,5.511e-05,4.74
1387,corner,35734,5.511e-05,4.74
1388,code,35711,5.507e-05,4.74
1389,note,35701,5.505e-05,4.74
1390,tommy,35690,5.504e-05,4.74
1391,due,35669,5.5e-05,4.74
1392,correct,35595,5.489e-05,4.74
1393,apologize,35587,5.488e-05,4.74
1394,language,35569,5.485e-05,4.74
1395,stars,35549,5.482e-05,4.74
1396,faster,35547,5.482e-05,4.74
1397,cars,35472,5.47e-05,4.74
1398,folks,35431,5.464e-05,4.74
1399,bullshit,35397,5.459e-05,4.74
1400,fellow,35335,5.449e-05,4.74
1401,several,35232,5.433e-05,4.74
1402,grandma,35216,5.431e-05,4.73
1403,shows,35209,5.43e-05,4.73
1404,leader,35155,5.421e-05,4.73
1405,leaves,35150,5.42e-05,4.73
1406,restaurant,35126,5.417e-05,4.73
1407,east,35109,5.414e-05,4.73
1408,shouting,35108,5.414e-05,4.73
1409,blind,35066,5.408e-05,4.73
1410,ghost,35051,5.405e-05,4.73
1411,cup,35016,5.4e-05,4.73
1412,gotten,35001,5.397e-05,4.73
1413,tight,34972,5.393e-05,4.73
1414,conversation,34935,5.387e-05,4.73
1415,tells,34873,5.378e-05,4.73
1416,lies,34827,5.371e-05,4.73
1417,nor,34821,5.37e-05,4.73
1418,pulled,34816,5.369e-05,4.73
1419,hanging,34808,5.368e-05,4.73
1420,speed,34794,5.366e-05,4.73
1421,stories,34792,5.365e-05,4.73
1422,health,34788,5.365e-05,4.73
1423,advice,34773,5.362e-05,4.73
1424,held,34733,5.356e-05,4.73
1425,murdered,34599,5.335e-05,4.73
1426,beyond,34595,5.335e-05,4.73
1427,rule,34517,5.323e-05,4.73
1428,hardly,34482,5.317e-05,4.73
1429,possibly,34442,5.311e-05,4.73
1430,inspector,34442,5.311e-05,4.73
1431,cousin,34395,5.304e-05,4.72
1432,trial,34375,5.301e-05,4.72
1433,emergency,34359,5.298e-05,4.72
1434,ought,34342,5.296e-05,4.72
1435,eddie,34314,5.292e-05,4.72
1436,somehow,34291,5.288e-05,4.72
1437,hearing,34211,5.276e-05,4.72
1438,states,34128,5.263e-05,4.72
1439,account,34088,5.257e-05,4.72
1440,spoke,34035,5.249e-05,4.72
1441,file,33969,5.238e-05,4.72
1442,understood,33953,5.236e-05,4.72
1443,angel,33922,5.231e-05,4.72
1444,tape,33904,5.228e-05,4.72
1445,milk,33863,5.222e-05,4.72
1446,powerful,33854,5.221e-05,4.72
1447,weapons,33779,5.209e-05,4.72
1448,practice,33775,5.208e-05,4.72
1449,manager,33775,5.208e-05,4.72
1450,pardon,33755,5.205e-05,4.72
1451,vote,33737,5.203e-05,4.72
1452,jake,33704,5.197e-05,4.72
1453,national,33697,5.196e-05,4.72
1454,career,33682,5.194e-05,4.72
1455,minister,33653,5.19e-05,4.72
1456,super,33639,5.187e-05,4.71
1457,taught,33613,5.183e-05,4.71
1458,robert,33595,5.181e-05,4.71
1459,biggest,33564,5.176e-05,4.71
1460,plays,33550,5.174e-05,4.71
1461,natural,33540,5.172e-05,4.71
1462,dancing,33491,5.165e-05,4.71
1463,copy,33489,5.164e-05,4.71
1464,plus,33414,5.153e-05,4.71
1465,martin,33293,5.134e-05,4.71
1466,cake,33256,5.128e-05,4.71
1467,freedom,33196,5.119e-05,4.71
1468,among,33190,5.118e-05,4.71
1469,breath,33176,5.116e-05,4.71
1470,operation,33161,5.114e-05,4.71
1471,chris,33139,5.11e-05,4.71
1472,crew,33113,5.106e-05,4.71
1473,challenge,33099,5.104e-05,4.71
1474,market,33081,5.101e-05,4.71
1475,meat,33050,5.097e-05,4.71
1476,towards,33032,5.094e-05,4.71
1477,bringing,33020,5.092e-05,4.71
1478,dropped,32997,5.088e-05,4.71
1479,student,32987,5.087e-05,4.71
1480,lied,32979,5.086e-05,4.71
1481,strength,32950,5.081e-05,4.71
1482,size,32841,5.064e-05,4.7
1483,breathe,32841,5.064e-05,4.7
1484,color,32837,5.064e-05,4.7
1485,monster,32819,5.061e-05,4.7
1486,loud,32757,5.051e-05,4.7
1487,photo,32757,5.051e-05,4.7
1488,aw,32746,5.05e-05,4.7
1489,nearly,32730,5.047e-05,4.7
1490,sight,32715,5.045e-05,4.7
1491,greatest,32692,5.041e-05,4.7
1492,games,32623,5.031e-05,4.7
1493,bridge,32588,5.025e-05,4.7
1494,dressed,32547,5.019e-05,4.7
1495,arrested,32506,5.013e-05,4.7
1496,horrible,32492,5.011e-05,4.7
1497,coach,32471,5.007e-05,4.7
1498,planning,32400,4.996e-05,4.7
1499,checked,32333,4.986e-05,4.7
1500,breaking,32321,4.984e-05,4.7
1501,noticed,32301,4.981e-05,4.7
1502,fantastic,32288,4.979e-05,4.7
1503,screams,32273,4.977e-05,4.7
1504,serve,32190,4.964e-05,4.7
1505,ideas,32182,4.963e-05,4.7
1506,investigation,32178,4.962e-05,4.7
1507,center,32146,4.957e-05,4.7
1508,older,32130,4.955e-05,4.7
1509,pack,32110,4.952e-05,4.69
1510,soldiers,32098,4.95e-05,4.69
1511,nonsense,32097,4.95e-05,4.69
1512,doc,32073,4.946e-05,4.69
1513,project,32040,4.941e-05,4.69
1514,training,31973,4.931e-05,4.69
1515,example,31952,4.927e-05,4.69
1516,trick,31937,4.925e-05,4.69
1517,prepared,31857,4.913e-05,4.69
1518,science,31833,4.909e-05,4.69
1519,united,31812,4.906e-05,4.69
1520,travel,31791,4.902e-05,4.69
1521,incredible,31786,4.902e-05,4.69
1522,grandpa,31767,4.899e-05,4.69
1523,paying,31696,4.888e-05,4.69
1524,character,31657,4.882e-05,4.69
1525,teeth,31615,4.875e-05,4.69
1526,criminal,31574,4.869e-05,4.69
1527,charles,31567,4.868e-05,4.69
1528,chinese,31561,4.867e-05,4.69
1529,truly,31514,4.86e-05,4.69
1530,honestly,31501,4.858e-05,4.69
1531,bro,31473,4.853e-05,4.69
1532,survive,31440,4.848e-05,4.69
1533,bobby,31434,4.847e-05,4.69
1534,target,31415,4.844e-05,4.69
1535,feed,31409,4.844e-05,4.69
1536,nurse,31406,4.843e-05,4.69
1537,fake,31355,4.835e-05,4.68
1538,records,31339,4.833e-05,4.68
1539,breathing,31306,4.828e-05,4.68
1540,sweetie,31295,4.826e-05,4.68
1541,numbers,31285,4.824e-05,4.68
1542,oil,31269,4.822e-05,4.68
1543,suicide,31261,4.821e-05,4.68
1544,belong,31225,4.815e-05,4.68
1545,whoo,31217,4.814e-05,4.68
1546,perfectly,31201,4.811e-05,4.68
1547,amy,31193,4.81e-05,4.68
1548,forgotten,31150,4.804e-05,4.68
1549,remain,31135,4.801e-05,4.68
1550,original,31108,4.797e-05,4.68
1551,papa,31095,4.795e-05,4.68
1552,onto,31052,4.789e-05,4.68
1553,concerned,31047,4.788e-05,4.68
1554,credit,31029,4.785e-05,4.68
1555,ugh,31008,4.782e-05,4.68
1556,invited,30993,4.779e-05,4.68
1557,discuss,30922,4.768e-05,4.68
1558,research,30907,4.766e-05,4.68
1559,easier,30876,4.761e-05,4.68
1560,view,30874,4.761e-05,4.68
1561,chair,30826,4.754e-05,4.68
1562,hurts,30804,4.75e-05,4.68
1563,strike,30801,4.75e-05,4.68
1564,roger,30768,4.745e-05,4.68
1565,fill,30683,4.732e-05,4.68
1566,condition,30624,4.723e-05,4.67
1567,mountain,30565,4.713e-05,4.67
1568,dr,30549,4.711e-05,4.67
1569,nowhere,30470,4.699e-05,4.67
1570,sheriff,30458,4.697e-05,4.67
1571,kim,30447,4.695e-05,4.67
1572,turning,30420,4.691e-05,4.67
1573,brown,30395,4.687e-05,4.67
1574,recognize,30366,4.683e-05,4.67
1575,heads,30350,4.68e-05,4.67
1576,audience,30335,4.678e-05,4.67
1577,jealous,30274,4.669e-05,4.67
1578,pretend,30225,4.661e-05,4.67
1579,society,30208,4.658e-05,4.67
1580,finding,30196,4.657e-05,4.67
1581,shirt,30183,4.654e-05,4.67
1582,comfortable,30156,4.65e-05,4.67
1583,meaning,30144,4.648e-05,4.67
1584,guest,30128,4.646e-05,4.67
1585,pieces,30122,4.645e-05,4.67
1586,dry,30102,4.642e-05,4.67
1587,letting,30057,4.635e-05,4.67
1588,began,30049,4.634e-05,4.67
1589,aye,30029,4.631e-05,4.67
1590,jeff,29984,4.624e-05,4.67
1591,female,29953,4.619e-05,4.66
1592,release,29892,4.61e-05,4.66
1593,ho,29883,4.608e-05,4.66
1594,cards,29871,4.606e-05,4.66
1595,pray,29862,4.605e-05,4.66
1596,unfortunately,29849,4.603e-05,4.66
1597,balls,29799,4.595e-05,4.66
1598,destroyed,29789,4.594e-05,4.66
1599,ended,29775,4.592e-05,4.66
1600,universe,29765,4.59e-05,4.66
1601,prepare,29762,4.59e-05,4.66
1602,opinion,29749,4.588e-05,4.66
1603,movies,29742,4.586e-05,4.66
1604,soldier,29719,4.583e-05,4.66
1605,wash,29707,4.581e-05,4.66
1606,program,29668,4.575e-05,4.66
1607,heat,29645,4.572e-05,4.66
1608,usual,29636,4.57e-05,4.66
1609,ticket,29625,4.568e-05,4.66
1610,stolen,29618,4.567e-05,4.66
1611,prefer,29606,4.566e-05,4.66
1612,aware,29598,4.564e-05,4.66
1613,surely,29565,4.559e-05,4.66
1614,male,29548,4.557e-05,4.66
1615,base,29547,4.556e-05,4.66
1616,matters,29539,4.555e-05,4.66
1617,lift,29528,4.553e-05,4.66
1618,lab,29504,4.55e-05,4.66
1619,command,29479,4.546e-05,4.66
1620,proof,29430,4.538e-05,4.66
1621,cream,29378,4.53e-05,4.66
1622,selling,29357,4.527e-05,4.66
1623,believed,29337,4.524e-05,4.66
1624,create,29323,4.522e-05,4.66
1625,afford,29290,4.517e-05,4.65
1626,sunday,29282,4.516e-05,4.65
1627,total,29264,4.513e-05,4.65
1628,dumb,29229,4.507e-05,4.65
1629,threw,29223,4.506e-05,4.65
1630,france,29172,4.499e-05,4.65
1631,birth,29167,4.498e-05,4.65
1632,created,29134,4.493e-05,4.65
1633,realized,29081,4.485e-05,4.65
1634,british,29069,4.483e-05,4.65
1635,noise,29049,4.48e-05,4.65
1636,nuts,29037,4.478e-05,4.65
1637,students,29034,4.477e-05,4.65
1638,birds,29028,4.476e-05,4.65
1639,social,28990,4.471e-05,4.65
1640,brilliant,28972,4.468e-05,4.65
1641,bodies,28945,4.464e-05,4.65
1642,tie,28920,4.46e-05,4.65
1643,opened,28868,4.452e-05,4.65
1644,ours,28853,4.449e-05,4.65
1645,bucks,28842,4.448e-05,4.65
1646,kevin,28773,4.437e-05,4.65
1647,mister,28739,4.432e-05,4.65
1648,ugly,28713,4.428e-05,4.65
1649,ryan,28655,4.419e-05,4.65
1650,focus,28619,4.413e-05,4.64
1651,dan,28601,4.411e-05,4.64
1652,opens,28532,4.4e-05,4.64
1653,exist,28526,4.399e-05,4.64
1654,followed,28510,4.397e-05,4.64
1655,england,28505,4.396e-05,4.64
1656,draw,28503,4.395e-05,4.64
1657,purpose,28471,4.39e-05,4.64
1658,letters,28465,4.39e-05,4.64
1659,daniel,28404,4.38e-05,4.64
1660,opening,28386,4.377e-05,4.64
1661,bullet,28377,4.376e-05,4.64
1662,anna,28373,4.375e-05,4.64
1663,lately,28340,4.37e-05,4.64
1664,stayed,28309,4.366e-05,4.64
1665,falling,28291,4.363e-05,4.64
1666,season,28290,4.363e-05,4.64
1667,ends,28242,4.355e-05,4.64
1668,suggest,28213,4.351e-05,4.64
1669,joy,28200,4.349e-05,4.64
1670,distance,28199,4.349e-05,4.64
1671,responsibility,28183,4.346e-05,4.64
1672,whenever,28151,4.341e-05,4.64
1673,issue,28140,4.339e-05,4.64
1674,thousands,27986,4.316e-05,4.64
1675,process,27930,4.307e-05,4.63
1676,sword,27928,4.307e-05,4.63
1677,shower,27901,4.303e-05,4.63
1678,weak,27884,4.3e-05,4.63
1679,fucked,27883,4.3e-05,4.63
1680,lonely,27863,4.297e-05,4.63
1681,happiness,27844,4.294e-05,4.63
1682,eric,27842,4.293e-05,4.63
1683,tiny,27829,4.291e-05,4.63
1684,desk,27820,4.29e-05,4.63
1685,pool,27818,4.29e-05,4.63
1686,property,27815,4.289e-05,4.63
1687,forced,27813,4.289e-05,4.63
1688,settle,27798,4.287e-05,4.63
1689,indistinct,27777,4.283e-05,4.63
1690,weight,27761,4.281e-05,4.63
1691,received,27728,4.276e-05,4.63
1692,gang,27722,4.275e-05,4.63
1693,bite,27719,4.275e-05,4.63
1694,friday,27696,4.271e-05,4.63
1695,disappeared,27695,4.271e-05,4.63
1696,interview,27692,4.27e-05,4.63
1697,expecting,27676,4.268e-05,4.63
1698,kinda,27662,4.266e-05,4.63
1699,surgery,27630,4.261e-05,4.63
1700,horses,27542,4.247e-05,4.63
1701,mayor,27530,4.245e-05,4.63
1702,babe,27518,4.244e-05,4.63
1703,ancient,27510,4.242e-05,4.63
1704,handsome,27462,4.235e-05,4.63
1705,thomas,27442,4.232e-05,4.63
1706,saturday,27434,4.231e-05,4.63
1707,staff,27397,4.225e-05,4.63
1708,lines,27383,4.223e-05,4.63
1709,unit,27376,4.222e-05,4.63
1710,fan,27372,4.221e-05,4.63
1711,gentleman,27345,4.217e-05,4.63
1712,introduce,27302,4.21e-05,4.62
1713,fate,27299,4.21e-05,4.62
1714,split,27273,4.206e-05,4.62
1715,recently,27204,4.195e-05,4.62
1716,expected,27140,4.185e-05,4.62
1717,add,27132,4.184e-05,4.62
1718,ordered,27127,4.183e-05,4.62
1719,slowly,27121,4.182e-05,4.62
1720,alarm,27116,4.182e-05,4.62
1721,member,27112,4.181e-05,4.62
1722,slept,27077,4.176e-05,4.62
1723,signed,27074,4.175e-05,4.62
1724,enter,27074,4.175e-05,4.62
1725,spanish,27061,4.173e-05,4.62
1726,garden,27044,4.17e-05,4.62
1727,brings,27005,4.164e-05,4.62
1728,brave,26990,4.162e-05,4.62
1729,pig,26989,4.162e-05,4.62
1730,model,26977,4.16e-05,4.62
1731,finger,26967,4.159e-05,4.62
1732,medicine,26958,4.157e-05,4.62
1733,access,26937,4.154e-05,4.62
1734,failed,26879,4.145e-05,4.62
1735,flat,26848,4.14e-05,4.62
1736,easily,26840,4.139e-05,4.62
1737,discovered,26836,4.138e-05,4.62
1738,based,26829,4.137e-05,4.62
1739,screw,26824,4.137e-05,4.62
1740,insane,26788,4.131e-05,4.62
1741,cares,26777,4.129e-05,4.62
1742,weather,26740,4.124e-05,4.62
1743,fingers,26736,4.123e-05,4.62
1744,san,26690,4.116e-05,4.61
1745,scott,26686,4.115e-05,4.61
1746,path,26681,4.114e-05,4.61
1747,soft,26642,4.108e-05,4.61
1748,harm,26574,4.098e-05,4.61
1749,style,26569,4.097e-05,4.61
1750,community,26540,4.093e-05,4.61
1751,sees,26505,4.087e-05,4.61
1752,basically,26461,4.081e-05,4.61
1753,al,26447,4.078e-05,4.61
1754,signal,26438,4.077e-05,4.61
1755,nope,26427,4.075e-05,4.61
1756,spare,26393,4.07e-05,4.61
1757,speech,26393,4.07e-05,4.61
1758,covered,26386,4.069e-05,4.61
1759,shake,26384,4.069e-05,4.61
1760,loose,26356,4.064e-05,4.61
1761,snow,26308,4.057e-05,4.61
1762,russian,26288,4.054e-05,4.61
1763,lake,26265,4.05e-05,4.61
1764,bright,26241,4.047e-05,4.61
1765,roof,26204,4.041e-05,4.61
1766,ohh,26185,4.038e-05,4.61
1767,sending,26184,4.038e-05,4.61
1768,paint,26174,4.036e-05,4.61
1769,remind,26171,4.036e-05,4.61
1770,pal,26163,4.035e-05,4.61
1771,naked,26122,4.028e-05,4.61
1772,post,26113,4.027e-05,4.6
1773,sugar,26110,4.026e-05,4.6
1774,heading,26098,4.025e-05,4.6
1775,streets,26067,4.02e-05,4.6
1776,damage,26061,4.019e-05,4.6
1777,silence,26053,4.018e-05,4.6
1778,doors,26020,4.013e-05,4.6
1779,pete,26016,4.012e-05,4.6
1780,ed,26011,4.011e-05,4.6
1781,success,25989,4.008e-05,4.6
1782,wet,25987,4.007e-05,4.6
1783,nah,25962,4.004e-05,4.6
1784,amount,25945,4.001e-05,4.6
1785,members,25937,4e-05,4.6
1786,kate,25931,3.999e-05,4.6
1787,manage,25874,3.99e-05,4.6
1788,safety,25861,3.988e-05,4.6
1789,returned,25860,3.988e-05,4.6
1790,harder,25812,3.98e-05,4.6
1791,fbi,25798,3.978e-05,4.6
1792,block,25785,3.976e-05,4.6
1793,showing,25785,3.976e-05,4.6
1794,fancy,25771,3.974e-05,4.6
1795,chef,25754,3.972e-05,4.6
1796,contract,25746,3.97e-05,4.6
1797,dig,25698,3.963e-05,4.6
1798,chest,25688,3.961e-05,4.6
1799,drinks,25643,3.954e-05,4.6
1800,dave,25633,3.953e-05,4.6
1801,buried,25623,3.951e-05,4.6
1802,brian,25604,3.948e-05,4.6
1803,trade,25560,3.942e-05,4.6
1804,journey,25518,3.935e-05,4.59
1805,stomach,25500,3.932e-05,4.59
1806,changes,25456,3.926e-05,4.59
1807,details,25451,3.925e-05,4.59
1808,thoughts,25436,3.922e-05,4.59
1809,divorce,25433,3.922e-05,4.59
1810,funeral,25423,3.92e-05,4.59
1811,maria,25422,3.92e-05,4.59
1812,football,25398,3.917e-05,4.59
1813,reality,25398,3.917e-05,4.59
1814,theory,25360,3.911e-05,4.59
1815,gosh,25335,3.907e-05,4.59
1816,ruined,25312,3.903e-05,4.59
1817,gate,25308,3.903e-05,4.59
1818,william,25303,3.902e-05,4.59
1819,spread,25291,3.9e-05,4.59
1820,outta,25290,3.9e-05,4.59
1821,japanese,25288,3.9e-05,4.59
1822,sudden,25262,3.896e-05,4.59
1823,coat,25261,3.895e-05,4.59
1824,sooner,25236,3.892e-05,4.59
1825,cheese,25222,3.889e-05,4.59
1826,larry,25197,3.886e-05,4.59
1827,spring,25184,3.884e-05,4.59
1828,page,25183,3.883e-05,4.59
1829,ears,25168,3.881e-05,4.59
1830,simon,25165,3.881e-05,4.59
1831,castle,25150,3.878e-05,4.59
1832,hidden,25143,3.877e-05,4.59
1833,storm,25143,3.877e-05,4.59
1834,cos,25116,3.873e-05,4.59
1835,personally,25058,3.864e-05,4.59
1836,artist,25056,3.864e-05,4.59
1837,hill,25054,3.864e-05,4.59
1838,exciting,25052,3.863e-05,4.59
1839,permission,24999,3.855e-05,4.59
1840,jerry,24979,3.852e-05,4.59
1841,expensive,24978,3.852e-05,4.59
1842,tickets,24973,3.851e-05,4.59
1843,forest,24943,3.846e-05,4.59
1844,barely,24909,3.841e-05,4.58
1845,eggs,24897,3.839e-05,4.58
1846,goin,24873,3.836e-05,4.58
1847,regret,24846,3.831e-05,4.58
1848,lesson,24843,3.831e-05,4.58
1849,lover,24842,3.831e-05,4.58
1850,bread,24828,3.829e-05,4.58
1851,andy,24822,3.828e-05,4.58
1852,subject,24820,3.827e-05,4.58
1853,legal,24785,3.822e-05,4.58
1854,growing,24779,3.821e-05,4.58
1855,ill,24763,3.819e-05,4.58
1856,jason,24753,3.817e-05,4.58
1857,mood,24739,3.815e-05,4.58
1858,owner,24722,3.812e-05,4.58
1859,caused,24686,3.807e-05,4.58
1860,beeping,24670,3.804e-05,4.58
1861,points,24659,3.803e-05,4.58
1862,dating,24645,3.8e-05,4.58
1863,loss,24625,3.797e-05,4.58
1864,secretary,24623,3.797e-05,4.58
1865,revenge,24565,3.788e-05,4.58
1866,santa,24532,3.783e-05,4.58
1867,likely,24527,3.782e-05,4.58
1868,rent,24451,3.771e-05,4.58
1869,connection,24450,3.77e-05,4.58
1870,assistant,24449,3.77e-05,4.58
1871,reasons,24431,3.767e-05,4.58
1872,yelling,24425,3.767e-05,4.58
1873,painting,24401,3.763e-05,4.58
1874,trees,24400,3.763e-05,4.58
1875,doctors,24380,3.76e-05,4.58
1876,rush,24375,3.759e-05,4.58
1877,foreign,24370,3.758e-05,4.57
1878,rough,24370,3.758e-05,4.57
1879,murderer,24363,3.757e-05,4.57
1880,century,24363,3.757e-05,4.57
1881,nights,24324,3.751e-05,4.57
1882,pair,24293,3.746e-05,4.57
1883,runs,24284,3.745e-05,4.57
1884,pocket,24261,3.741e-05,4.57
1885,farm,24254,3.74e-05,4.57
1886,matt,24245,3.739e-05,4.57
1887,bike,24233,3.737e-05,4.57
1888,obvious,24230,3.736e-05,4.57
1889,ate,24218,3.735e-05,4.57
1890,grew,24208,3.733e-05,4.57
1891,professional,24205,3.733e-05,4.57
1892,tim,24197,3.731e-05,4.57
1893,goodness,24190,3.73e-05,4.57
1894,parts,24186,3.73e-05,4.57
1895,alan,24104,3.717e-05,4.57
1896,university,24079,3.713e-05,4.57
1897,square,24077,3.713e-05,4.57
1898,grandfather,24064,3.711e-05,4.57
1899,europe,24042,3.707e-05,4.57
1900,genius,24032,3.706e-05,4.57
1901,cases,24023,3.705e-05,4.57
1902,ruin,24008,3.702e-05,4.57
1903,winter,24005,3.702e-05,4.57
1904,tongue,24001,3.701e-05,4.57
1905,memories,24000,3.701e-05,4.57
1906,da,23954,3.694e-05,4.57
1907,buying,23941,3.692e-05,4.57
1908,cancer,23935,3.691e-05,4.57
1909,clock,23907,3.687e-05,4.57
1910,ocean,23905,3.686e-05,4.57
1911,dna,23889,3.684e-05,4.57
1912,liar,23882,3.683e-05,4.57
1913,tour,23875,3.682e-05,4.57
1914,thief,23870,3.681e-05,4.57
1915,bleep,23861,3.68e-05,4.57
1916,lisa,23839,3.676e-05,4.57
1917,rights,23824,3.674e-05,4.57
1918,including,23813,3.672e-05,4.56
1919,competition,23805,3.671e-05,4.56
1920,smith,23799,3.67e-05,4.56
1921,planned,23797,3.67e-05,4.56
1922,emily,23792,3.669e-05,4.56
1923,boring,23737,3.66e-05,4.56
1924,victims,23737,3.66e-05,4.56
1925,mentioned,23716,3.657e-05,4.56
1926,bones,23635,3.645e-05,4.56
1927,plant,23599,3.639e-05,4.56
1928,bless,23587,3.637e-05,4.56
1929,warning,23583,3.637e-05,4.56
1930,knocking,23577,3.636e-05,4.56
1931,re,23559,3.633e-05,4.56
1932,crash,23547,3.631e-05,4.56
1933,bedroom,23542,3.63e-05,4.56
1934,lower,23529,3.628e-05,4.56
1935,silver,23523,3.627e-05,4.56
1936,groaning,23492,3.623e-05,4.56
1937,madame,23490,3.622e-05,4.56
1938,defense,23479,3.621e-05,4.56
1939,results,23478,3.621e-05,4.56
1940,toilet,23467,3.619e-05,4.56
1941,event,23463,3.618e-05,4.56
1942,complicated,23462,3.618e-05,4.56
1943,shape,23460,3.618e-05,4.56
1944,priest,23453,3.617e-05,4.56
1945,royal,23448,3.616e-05,4.56
1946,cheap,23430,3.613e-05,4.56
1947,romantic,23427,3.613e-05,4.56
1948,downstairs,23403,3.609e-05,4.56
1949,invite,23394,3.608e-05,4.56
1950,fortune,23379,3.605e-05,4.56
1951,tears,23377,3.605e-05,4.56
1952,avoid,23374,3.604e-05,4.56
1953,reached,23358,3.602e-05,4.56
1954,higher,23354,3.601e-05,4.56
1955,familiar,23348,3.6e-05,4.56
1956,telephone,23343,3.6e-05,4.56
1957,burning,23326,3.597e-05,4.56
1958,filled,23319,3.596e-05,4.56
1959,kelly,23313,3.595e-05,4.56
1960,alice,23311,3.595e-05,4.56
1961,airport,23293,3.592e-05,4.56
1962,jobs,23268,3.588e-05,4.55
1963,grown,23266,3.588e-05,4.55
1964,walter,23260,3.587e-05,4.55
1965,rachel,23258,3.587e-05,4.55
1966,giant,23227,3.582e-05,4.55
1967,insurance,23218,3.58e-05,4.55
1968,woods,23211,3.579e-05,4.55
1969,scare,23192,3.576e-05,4.55
1970,pleased,23158,3.571e-05,4.55
1971,period,23158,3.571e-05,4.55
1972,political,23126,3.566e-05,4.55
1973,player,23087,3.56e-05,4.55
1974,stops,23086,3.56e-05,4.55
1975,secrets,23070,3.558e-05,4.55
1976,laura,23050,3.555e-05,4.55
1977,repeat,23036,3.552e-05,4.55
1978,photos,23035,3.552e-05,4.55
1979,finds,23019,3.55e-05,4.55
1980,statement,22990,3.545e-05,4.55
1981,suck,22982,3.544e-05,4.55
1982,younger,22961,3.541e-05,4.55
1983,china,22926,3.535e-05,4.55
1984,humans,22912,3.533e-05,4.55
1985,delicious,22901,3.532e-05,4.55
1986,particular,22890,3.53e-05,4.55
1987,proper,22889,3.53e-05,4.55
1988,rome,22884,3.529e-05,4.55
1989,belongs,22870,3.527e-05,4.55
1990,attacked,22868,3.526e-05,4.55
1991,bath,22866,3.526e-05,4.55
1992,hired,22838,3.522e-05,4.55
1993,site,22834,3.521e-05,4.55
1994,knowledge,22822,3.519e-05,4.55
1995,led,22806,3.517e-05,4.55
1996,guests,22805,3.517e-05,4.55
1997,celebrate,22764,3.51e-05,4.55
1998,map,22726,3.505e-05,4.54
1999,horn,22716,3.503e-05,4.54
2000,eventually,22679,3.497e-05,4.54
2001,pity,22667,3.495e-05,4.54
2002,powers,22649,3.493e-05,4.54
2003,ashamed,22623,3.489e-05,4.54
2004,assume,22616,3.488e-05,4.54
2005,glasses,22604,3.486e-05,4.54
2006,rise,22596,3.485e-05,4.54
2007,fixed,22575,3.481e-05,4.54
2008,request,22533,3.475e-05,4.54
2009,officers,22496,3.469e-05,4.54
2010,pounds,22483,3.467e-05,4.54
2011,data,22478,3.466e-05,4.54
2012,carefully,22477,3.466e-05,4.54
2013,per,22472,3.465e-05,4.54
2014,depends,22413,3.456e-05,4.54
2015,jury,22389,3.453e-05,4.54
2016,waited,22384,3.452e-05,4.54
2017,positive,22369,3.45e-05,4.54
2018,attorney,22345,3.446e-05,4.54
2019,direction,22341,3.445e-05,4.54
2020,families,22338,3.445e-05,4.54
2021,doin,22289,3.437e-05,4.54
2022,forces,22284,3.436e-05,4.54
2023,location,22282,3.436e-05,4.54
2024,walls,22247,3.431e-05,4.54
2025,useless,22228,3.428e-05,4.54
2026,grant,22210,3.425e-05,4.53
2027,saving,22196,3.423e-05,4.53
2028,speaks,22181,3.421e-05,4.53
2029,fought,22170,3.419e-05,4.53
2030,meal,22145,3.415e-05,4.53
2031,deliver,22124,3.412e-05,4.53
2032,answers,22116,3.41e-05,4.53
2033,changing,22102,3.408e-05,4.53
2034,temple,22036,3.398e-05,4.53
2035,scary,22035,3.398e-05,4.53
2036,millions,22009,3.394e-05,4.53
2037,offered,21983,3.39e-05,4.53
2038,regular,21961,3.387e-05,4.53
2039,carrying,21905,3.378e-05,4.53
2040,official,21871,3.373e-05,4.53
2041,jacket,21863,3.371e-05,4.53
2042,switch,21862,3.371e-05,4.53
2043,grave,21831,3.367e-05,4.53
2044,chase,21830,3.366e-05,4.53
2045,role,21813,3.364e-05,4.53
2046,odd,21790,3.36e-05,4.53
2047,sexy,21774,3.358e-05,4.53
2048,faces,21771,3.357e-05,4.53
2049,becomes,21768,3.357e-05,4.53
2050,closes,21761,3.356e-05,4.53
2051,badly,21750,3.354e-05,4.53
2052,tall,21737,3.352e-05,4.53
2053,confused,21737,3.352e-05,4.53
2054,affair,21719,3.349e-05,4.52
2055,television,21718,3.349e-05,4.52
2056,shock,21717,3.349e-05,4.52
2057,raised,21712,3.348e-05,4.52
2058,panting,21711,3.348e-05,4.52
2059,pizza,21677,3.343e-05,4.52
2060,image,21669,3.342e-05,4.52
2061,clears,21657,3.34e-05,4.52
2062,golden,21644,3.338e-05,4.52
2063,patients,21543,3.322e-05,4.52
2064,watched,21542,3.322e-05,4.52
2065,committed,21517,3.318e-05,4.52
2066,sexual,21499,3.315e-05,4.52
2067,suffer,21496,3.315e-05,4.52
2068,arthur,21491,3.314e-05,4.52
2069,wherever,21483,3.313e-05,4.52
2070,plate,21466,3.31e-05,4.52
2071,appear,21449,3.308e-05,4.52
2072,chocolate,21440,3.306e-05,4.52
2073,clever,21429,3.305e-05,4.52
2074,hm,21429,3.305e-05,4.52
2075,mercy,21410,3.302e-05,4.52
2076,shots,21399,3.3e-05,4.52
2077,lucy,21366,3.295e-05,4.52
2078,dealing,21356,3.293e-05,4.52
2079,trap,21352,3.293e-05,4.52
2080,charges,21347,3.292e-05,4.52
2081,phil,21338,3.291e-05,4.52
2082,bang,21327,3.289e-05,4.52
2083,poison,21323,3.288e-05,4.52
2084,butt,21314,3.287e-05,4.52
2085,drove,21309,3.286e-05,4.52
2086,yourselves,21282,3.282e-05,4.52
2087,headed,21258,3.278e-05,4.52
2088,babies,21235,3.275e-05,4.52
2089,yellow,21226,3.273e-05,4.51
2090,soup,21202,3.27e-05,4.51
2091,mystery,21181,3.266e-05,4.51
2092,picking,21173,3.265e-05,4.51
2093,sat,21163,3.264e-05,4.51
2094,wound,21144,3.261e-05,4.51
2095,traffic,21084,3.251e-05,4.51
2096,courage,21070,3.249e-05,4.51
2097,hunt,21068,3.249e-05,4.51
2098,indian,21049,3.246e-05,4.51
2099,rat,21042,3.245e-05,4.51
2100,terms,21034,3.244e-05,4.51
2101,italian,21021,3.242e-05,4.51
2102,emma,21005,3.239e-05,4.51
2103,checking,20978,3.235e-05,4.51
2104,disease,20973,3.234e-05,4.51
2105,managed,20964,3.233e-05,4.51
2106,winner,20958,3.232e-05,4.51
2107,council,20941,3.229e-05,4.51
2108,appointment,20930,3.228e-05,4.51
2109,monday,20923,3.227e-05,4.51
2110,crack,20916,3.225e-05,4.51
2111,threat,20913,3.225e-05,4.51
2112,jenny,20899,3.223e-05,4.51
2113,physical,20898,3.223e-05,4.51
2114,nation,20894,3.222e-05,4.51
2115,source,20892,3.222e-05,4.51
2116,chose,20888,3.221e-05,4.51
2117,healthy,20853,3.216e-05,4.51
2118,carl,20851,3.215e-05,4.51
2119,victory,20846,3.215e-05,4.51
2120,rick,20835,3.213e-05,4.51
2121,stood,20827,3.212e-05,4.51
2122,kicked,20800,3.208e-05,4.51
2123,annie,20794,3.207e-05,4.51
2124,disgusting,20786,3.205e-05,4.51
2125,palace,20785,3.205e-05,4.51
2126,below,20771,3.203e-05,4.51
2127,shopping,20754,3.2e-05,4.51
2128,neighborhood,20746,3.199e-05,4.51
2129,march,20744,3.199e-05,4.51
2130,lips,20725,3.196e-05,4.5
2131,midnight,20723,3.196e-05,4.5
2132,piss,20720,3.195e-05,4.5
2133,advantage,20711,3.194e-05,4.5
2134,pure,20685,3.19e-05,4.5
2135,india,20682,3.189e-05,4.5
2136,aside,20677,3.189e-05,4.5
2137,jerk,20633,3.182e-05,4.5
2138,mail,20627,3.181e-05,4.5
2139,dawn,20598,3.176e-05,4.5
2140,effect,20595,3.176e-05,4.5
2141,spell,20592,3.175e-05,4.5
2142,freak,20578,3.173e-05,4.5
2143,wood,20570,3.172e-05,4.5
2144,screwed,20566,3.171e-05,4.5
2145,enemies,20563,3.171e-05,4.5
2146,gary,20553,3.169e-05,4.5
2147,awake,20552,3.169e-05,4.5
2148,chuckling,20547,3.169e-05,4.5
2149,vacation,20544,3.168e-05,4.5
2150,violence,20527,3.165e-05,4.5
2151,leo,20521,3.165e-05,4.5
2152,grandmother,20515,3.164e-05,4.5
2153,modern,20496,3.161e-05,4.5
2154,luke,20488,3.159e-05,4.5
2155,firm,20482,3.159e-05,4.5
2156,prime,20480,3.158e-05,4.5
2157,heh,20476,3.158e-05,4.5
2158,touched,20462,3.155e-05,4.5
2159,talent,20450,3.154e-05,4.5
2160,whore,20444,3.153e-05,4.5
2161,piano,20426,3.15e-05,4.5
2162,license,20413,3.148e-05,4.5
2163,cooking,20410,3.147e-05,4.5
2164,honour,20377,3.142e-05,4.5
2165,concern,20376,3.142e-05,4.5
2166,moves,20349,3.138e-05,4.5
2167,available,20347,3.138e-05,4.5
2168,factory,20341,3.137e-05,4.5
2169,gods,20335,3.136e-05,4.5
2170,value,20324,3.134e-05,4.5
2171,central,20322,3.134e-05,4.5
2172,union,20316,3.133e-05,4.5
2173,mirror,20313,3.132e-05,4.5
2174,studio,20312,3.132e-05,4.5
2175,media,20306,3.131e-05,4.5
2176,taxi,20268,3.126e-05,4.49
2177,dies,20261,3.124e-05,4.49
2178,iron,20252,3.123e-05,4.49
2179,hearts,20232,3.12e-05,4.49
2180,desire,20229,3.119e-05,4.49
2181,rob,20228,3.119e-05,4.49
2182,claire,20226,3.119e-05,4.49
2183,fred,20224,3.119e-05,4.49
2184,songs,20215,3.117e-05,4.49
2185,washington,20212,3.117e-05,4.49
2186,monkey,20211,3.117e-05,4.49
2187,pride,20205,3.116e-05,4.49
2188,pills,20181,3.112e-05,4.49
2189,miracle,20179,3.112e-05,4.49
2190,swim,20171,3.111e-05,4.49
2191,burned,20170,3.11e-05,4.49
2192,smells,20103,3.1e-05,4.49
2193,joking,20073,3.095e-05,4.49
2194,christian,20041,3.091e-05,4.49
2195,bleeding,20017,3.087e-05,4.49
2196,hook,20015,3.086e-05,4.49
2197,beating,20006,3.085e-05,4.49
2198,protection,19995,3.083e-05,4.49
2199,treatment,19950,3.076e-05,4.49
2200,ear,19950,3.076e-05,4.49
2201,carter,19940,3.075e-05,4.49
2202,metal,19938,3.075e-05,4.49
2203,disappear,19933,3.074e-05,4.49
2204,grateful,19921,3.072e-05,4.49
2205,extremely,19901,3.069e-05,4.49
2206,treasure,19899,3.069e-05,4.49
2207,rescue,19892,3.068e-05,4.49
2208,capable,19848,3.061e-05,4.49
2209,passing,19834,3.059e-05,4.49
2210,chatter,19834,3.059e-05,4.49
2211,result,19823,3.057e-05,4.49
2212,suffering,19819,3.056e-05,4.49
2213,sisters,19817,3.056e-05,4.49
2214,laid,19791,3.052e-05,4.48
2215,governor,19790,3.052e-05,4.48
2216,guards,19757,3.047e-05,4.48
2217,louis,19754,3.046e-05,4.48
2218,text,19730,3.043e-05,4.48
2219,literally,19728,3.042e-05,4.48
2220,remove,19723,3.041e-05,4.48
2221,becoming,19723,3.041e-05,4.48
2222,performance,19713,3.04e-05,4.48
2223,stronger,19713,3.04e-05,4.48
2224,rate,19700,3.038e-05,4.48
2225,deeply,19685,3.036e-05,4.48
2226,scream,19681,3.035e-05,4.48
2227,desert,19666,3.033e-05,4.48
2228,vehicle,19664,3.032e-05,4.48
2229,illegal,19658,3.031e-05,4.48
2230,pulling,19630,3.027e-05,4.48
2231,throwing,19613,3.025e-05,4.48
2232,josh,19609,3.024e-05,4.48
2233,unbelievable,19591,3.021e-05,4.48
2234,ted,19583,3.02e-05,4.48
2235,zero,19582,3.02e-05,4.48
2236,dean,19581,3.02e-05,4.48
2237,curious,19576,3.019e-05,4.48
2238,sean,19572,3.018e-05,4.48
2239,candy,19571,3.018e-05,4.48
2240,bone,19546,3.014e-05,4.48
2241,tied,19530,3.012e-05,4.48
2242,edge,19515,3.009e-05,4.48
2243,load,19510,3.009e-05,4.48
2244,susan,19462,3.001e-05,4.48
2245,ahh,19459,3.001e-05,4.48
2246,mountains,19451,3e-05,4.48
2247,boom,19432,2.997e-05,4.48
2248,former,19422,2.995e-05,4.48
2249,holiday,19399,2.992e-05,4.48
2250,riding,19398,2.991e-05,4.48
2251,scoffs,19383,2.989e-05,4.48
2252,hundreds,19379,2.988e-05,4.48
2253,motherfucker,19379,2.988e-05,4.48
2254,sue,19375,2.988e-05,4.48
2255,bags,19374,2.988e-05,4.48
2256,stealing,19327,2.98e-05,4.47
2257,appears,19313,2.978e-05,4.47
2258,arrive,19306,2.977e-05,4.47
2259,remains,19299,2.976e-05,4.47
2260,decent,19294,2.975e-05,4.47
2261,issues,19278,2.973e-05,4.47
2262,tip,19263,2.971e-05,4.47
2263,fail,19258,2.97e-05,4.47
2264,bride,19249,2.968e-05,4.47
2265,pissed,19247,2.968e-05,4.47
2266,penny,19236,2.966e-05,4.47
2267,claim,19233,2.966e-05,4.47
2268,friendship,19225,2.965e-05,4.47
2269,desperate,19211,2.963e-05,4.47
2270,flower,19199,2.961e-05,4.47
2271,dramatic,19189,2.959e-05,4.47
2272,refuse,19168,2.956e-05,4.47
2273,solve,19166,2.956e-05,4.47
2274,theme,19163,2.955e-05,4.47
2275,loving,19152,2.953e-05,4.47
2276,properly,19152,2.953e-05,4.47
2277,dragon,19123,2.949e-05,4.47
2278,mostly,19116,2.948e-05,4.47
2279,chuck,19107,2.946e-05,4.47
2280,directly,19104,2.946e-05,4.47
2281,surface,19100,2.945e-05,4.47
2282,false,19075,2.942e-05,4.47
2283,cast,19073,2.941e-05,4.47
2284,junior,19055,2.938e-05,4.47
2285,hunting,19043,2.937e-05,4.47
2286,silent,19042,2.936e-05,4.47
2287,thou,19007,2.931e-05,4.47
2288,egg,19000,2.93e-05,4.47
2289,germany,18972,2.926e-05,4.47
2290,punch,18951,2.922e-05,4.47
2291,africa,18950,2.922e-05,4.47
2292,woke,18947,2.922e-05,4.47
2293,intelligence,18945,2.921e-05,4.47
2294,borrow,18900,2.915e-05,4.46
2295,winning,18898,2.914e-05,4.46
2296,falls,18897,2.914e-05,4.46
2297,popular,18896,2.914e-05,4.46
2298,escaped,18891,2.913e-05,4.46
2299,witch,18890,2.913e-05,4.46
2300,convinced,18875,2.911e-05,4.46
2301,warn,18847,2.906e-05,4.46
2302,announcer,18839,2.905e-05,4.46
2303,champagne,18824,2.903e-05,4.46
2304,dust,18820,2.902e-05,4.46
2305,kyle,18807,2.9e-05,4.46
2306,someday,18800,2.899e-05,4.46
2307,fallen,18795,2.898e-05,4.46
2308,stranger,18791,2.898e-05,4.46
2309,presence,18788,2.897e-05,4.46
2310,tear,18766,2.894e-05,4.46
2311,internet,18765,2.894e-05,4.46
2312,monsieur,18763,2.893e-05,4.46
2313,therefore,18733,2.889e-05,4.46
2314,technology,18679,2.88e-05,4.46
2315,tires,18678,2.88e-05,4.46
2316,toast,18638,2.874e-05,4.46
2317,wise,18634,2.874e-05,4.46
2318,clark,18625,2.872e-05,4.46
2319,americans,18614,2.87e-05,4.46
2320,notes,18614,2.87e-05,4.46
2321,smoking,18610,2.87e-05,4.46
2322,hank,18609,2.87e-05,4.46
2323,ls,18609,2.87e-05,4.46
2324,april,18608,2.87e-05,4.46
2325,wolf,18566,2.863e-05,4.46
2326,precious,18562,2.862e-05,4.46
2327,rooms,18562,2.862e-05,4.46
2328,coast,18547,2.86e-05,4.46
2329,treated,18542,2.859e-05,4.46
2330,material,18538,2.859e-05,4.46
2331,released,18533,2.858e-05,4.46
2332,uniform,18533,2.858e-05,4.46
2333,hated,18529,2.857e-05,4.46
2334,considered,18518,2.856e-05,4.46
2335,rice,18503,2.853e-05,4.46
2336,exchange,18494,2.852e-05,4.46
2337,steps,18492,2.852e-05,4.46
2338,blake,18491,2.851e-05,4.45
2339,convince,18445,2.844e-05,4.45
2340,beast,18414,2.84e-05,4.45
2341,cow,18392,2.836e-05,4.45
2342,files,18385,2.835e-05,4.45
2343,signs,18381,2.835e-05,4.45
2344,drag,18380,2.834e-05,4.45
2345,cab,18379,2.834e-05,4.45
2346,hung,18378,2.834e-05,4.45
2347,carried,18366,2.832e-05,4.45
2348,ordinary,18352,2.83e-05,4.45
2349,successful,18352,2.83e-05,4.45
2350,eve,18346,2.829e-05,4.45
2351,mistakes,18340,2.828e-05,4.45
2352,houses,18338,2.828e-05,4.45
2353,chattering,18327,2.826e-05,4.45
2354,brains,18320,2.825e-05,4.45
2355,japan,18308,2.823e-05,4.45
2356,creature,18303,2.822e-05,4.45
2357,fourth,18301,2.822e-05,4.45
2358,separate,18291,2.821e-05,4.45
2359,cleaning,18286,2.82e-05,4.45
2360,california,18275,2.818e-05,4.45
2361,lf,18264,2.816e-05,4.45
2362,ll,18255,2.815e-05,4.45
2363,shift,18253,2.815e-05,4.45
2364,elizabeth,18247,2.814e-05,4.45
2365,chicago,18217,2.809e-05,4.45
2366,exact,18213,2.809e-05,4.45
2367,karen,18204,2.807e-05,4.45
2368,goal,18194,2.806e-05,4.45
2369,expert,18181,2.804e-05,4.45
2370,served,18169,2.802e-05,4.45
2371,direct,18122,2.795e-05,4.45
2372,score,18120,2.794e-05,4.45
2373,row,18117,2.794e-05,4.45
2374,marks,18117,2.794e-05,4.45
2375,twenty,18112,2.793e-05,4.45
2376,receive,18100,2.791e-05,4.45
2377,series,18098,2.791e-05,4.45
2378,section,18094,2.79e-05,4.45
2379,pilot,18070,2.787e-05,4.45
2380,jackson,18045,2.783e-05,4.44
2381,darkness,18029,2.78e-05,4.44
2382,thy,18023,2.779e-05,4.44
2383,sale,18014,2.778e-05,4.44
2384,destiny,18000,2.776e-05,4.44
2385,cure,17999,2.776e-05,4.44
2386,spoken,17993,2.775e-05,4.44
2387,armed,17960,2.77e-05,4.44
2388,rare,17927,2.765e-05,4.44
2389,helen,17910,2.762e-05,4.44
2390,grade,17882,2.758e-05,4.44
2391,juice,17879,2.757e-05,4.44
2392,wide,17850,2.753e-05,4.44
2393,tower,17842,2.751e-05,4.44
2394,solution,17830,2.75e-05,4.44
2395,schedule,17817,2.748e-05,4.44
2396,explosion,17799,2.745e-05,4.44
2397,wheel,17795,2.744e-05,4.44
2398,cigarette,17794,2.744e-05,4.44
2399,julie,17794,2.744e-05,4.44
2400,fruit,17773,2.741e-05,4.44
2401,blew,17768,2.74e-05,4.44
2402,victor,17768,2.74e-05,4.44
2403,talks,17763,2.739e-05,4.44
2404,sacrifice,17760,2.739e-05,4.44
2405,range,17758,2.738e-05,4.44
2406,button,17747,2.737e-05,4.44
2407,reports,17743,2.736e-05,4.44
2408,prisoner,17740,2.736e-05,4.44
2409,pie,17716,2.732e-05,4.44
2410,effort,17715,2.732e-05,4.44
2411,youth,17703,2.73e-05,4.44
2412,pot,17692,2.728e-05,4.44
2413,eaten,17689,2.728e-05,4.44
2414,taylor,17672,2.725e-05,4.44
2415,knees,17671,2.725e-05,4.44
2416,garage,17652,2.722e-05,4.43
2417,parking,17645,2.721e-05,4.43
2418,ambulance,17637,2.72e-05,4.43
2419,staring,17630,2.719e-05,4.43
2420,chances,17624,2.718e-05,4.43
2421,circumstances,17621,2.717e-05,4.43
2422,sin,17617,2.717e-05,4.43
2423,gordon,17605,2.715e-05,4.43
2424,progress,17605,2.715e-05,4.43
2425,unusual,17603,2.715e-05,4.43
2426,county,17598,2.714e-05,4.43
2427,stairs,17597,2.714e-05,4.43
2428,campaign,17583,2.711e-05,4.43
2429,vision,17563,2.708e-05,4.43
2430,reporter,17553,2.707e-05,4.43
2431,equipment,17536,2.704e-05,4.43
2432,moments,17531,2.703e-05,4.43
2433,joey,17518,2.701e-05,4.43
2434,mass,17516,2.701e-05,4.43
2435,alien,17513,2.701e-05,4.43
2436,trapped,17495,2.698e-05,4.43
2437,helps,17480,2.696e-05,4.43
2438,route,17472,2.694e-05,4.43
2439,defend,17469,2.694e-05,4.43
2440,trace,17465,2.693e-05,4.43
2441,nasty,17464,2.693e-05,4.43
2442,tests,17462,2.693e-05,4.43
2443,magazine,17461,2.693e-05,4.43
2444,rocks,17459,2.692e-05,4.43
2445,dump,17455,2.692e-05,4.43
2446,rude,17432,2.688e-05,4.43
2447,searching,17430,2.688e-05,4.43
2448,clue,17430,2.688e-05,4.43
2449,connected,17429,2.688e-05,4.43
2450,amen,17429,2.688e-05,4.43
2451,pushed,17408,2.684e-05,4.43
2452,merry,17407,2.684e-05,4.43
2453,zone,17386,2.681e-05,4.43
2454,senior,17374,2.679e-05,4.43
2455,closing,17372,2.679e-05,4.43
2456,freeze,17372,2.679e-05,4.43
2457,emperor,17360,2.677e-05,4.43
2458,incident,17339,2.674e-05,4.43
2459,snake,17335,2.673e-05,4.43
2460,mexico,17326,2.672e-05,4.43
2461,lily,17324,2.672e-05,4.43
2462,actor,17318,2.671e-05,4.43
2463,newspaper,17312,2.67e-05,4.43
2464,sentence,17312,2.67e-05,4.43
2465,greg,17299,2.668e-05,4.43
2466,leading,17295,2.667e-05,4.43
2467,friendly,17294,2.667e-05,4.43
2468,jones,17294,2.667e-05,4.43
2469,chosen,17293,2.667e-05,4.43
2470,engaged,17285,2.666e-05,4.43
2471,julia,17281,2.665e-05,4.43
2472,charming,17277,2.664e-05,4.43
2473,mustn,17276,2.664e-05,4.43
2474,anger,17258,2.661e-05,4.43
2475,spending,17255,2.661e-05,4.43
2476,learning,17252,2.66e-05,4.42
2477,spy,17251,2.66e-05,4.42
2478,sharp,17246,2.659e-05,4.42
2479,shadow,17240,2.659e-05,4.42
2480,warrant,17239,2.658e-05,4.42
2481,elevator,17231,2.657e-05,4.42
2482,kingdom,17231,2.657e-05,4.42
2483,ricky,17230,2.657e-05,4.42
2484,jamie,17227,2.657e-05,4.42
2485,squad,17220,2.655e-05,4.42
2486,shoulder,17198,2.652e-05,4.42
2487,wave,17194,2.651e-05,4.42
2488,amanda,17189,2.651e-05,4.42
2489,highness,17174,2.648e-05,4.42
2490,kinds,17172,2.648e-05,4.42
2491,fishing,17170,2.648e-05,4.42
2492,sometime,17142,2.643e-05,4.42
2493,attitude,17122,2.64e-05,4.42
2494,sucks,17110,2.639e-05,4.42
2495,negative,17091,2.636e-05,4.42
2496,screen,17070,2.632e-05,4.42
2497,workers,17054,2.63e-05,4.42
2498,bored,17028,2.626e-05,4.42
2499,cameras,17026,2.626e-05,4.42
2500,similar,17016,2.624e-05,4.42
2501,understanding,17000,2.622e-05,4.42
2502,beeps,16989,2.62e-05,4.42
2503,chain,16978,2.618e-05,4.42
2504,bull,16952,2.614e-05,4.42
2505,gasping,16948,2.614e-05,4.42
2506,fully,16943,2.613e-05,4.42
2507,robin,16921,2.609e-05,4.42
2508,collect,16907,2.607e-05,4.42
2509,gorgeous,16895,2.605e-05,4.42
2510,morgan,16891,2.605e-05,4.42
2511,passion,16878,2.603e-05,4.42
2512,writer,16877,2.603e-05,4.42
2513,empire,16875,2.602e-05,4.42
2514,international,16875,2.602e-05,4.42
2515,curse,16867,2.601e-05,4.42
2516,hire,16865,2.601e-05,4.42
2517,bastards,16864,2.601e-05,4.42
2518,puts,16846,2.598e-05,4.41
2519,leads,16844,2.597e-05,4.41
2520,id,16835,2.596e-05,4.41
2521,blows,16823,2.594e-05,4.41
2522,sons,16815,2.593e-05,4.41
2523,estate,16813,2.593e-05,4.41
2524,customers,16788,2.589e-05,4.41
2525,maggie,16770,2.586e-05,4.41
2526,gunshot,16763,2.585e-05,4.41
2527,device,16734,2.581e-05,4.41
2528,troops,16729,2.58e-05,4.41
2529,hug,16724,2.579e-05,4.41
2530,design,16691,2.574e-05,4.41
2531,movement,16686,2.573e-05,4.41
2532,thunder,16685,2.573e-05,4.41
2533,object,16680,2.572e-05,4.41
2534,loser,16663,2.57e-05,4.41
2535,pen,16656,2.569e-05,4.41
2536,sobbing,16648,2.567e-05,4.41
2537,politics,16636,2.565e-05,4.41
2538,despite,16632,2.565e-05,4.41
2539,alcohol,16625,2.564e-05,4.41
2540,climb,16614,2.562e-05,4.41
2541,clients,16613,2.562e-05,4.41
2542,conference,16610,2.561e-05,4.41
2543,provide,16609,2.561e-05,4.41
2544,marty,16606,2.561e-05,4.41
2545,seek,16595,2.559e-05,4.41
2546,witnesses,16584,2.557e-05,4.41
2547,earn,16558,2.553e-05,4.41
2548,trash,16555,2.553e-05,4.41
2549,valley,16540,2.551e-05,4.41
2550,fashion,16521,2.548e-05,4.41
2551,howard,16500,2.544e-05,4.41
2552,episode,16500,2.544e-05,4.41
2553,prize,16489,2.543e-05,4.41
2554,previously,16487,2.542e-05,4.41
2555,sports,16468,2.54e-05,4.4
2556,wanting,16465,2.539e-05,4.4
2557,debt,16464,2.539e-05,4.4
2558,wishes,16453,2.537e-05,4.4
2559,hitler,16449,2.537e-05,4.4
2560,wire,16416,2.531e-05,4.4
2561,thee,16410,2.531e-05,4.4
2562,circle,16410,2.531e-05,4.4
2563,approach,16374,2.525e-05,4.4
2564,stock,16373,2.525e-05,4.4
2565,facts,16365,2.524e-05,4.4
2566,remembered,16359,2.523e-05,4.4
2567,percent,16352,2.522e-05,4.4
2568,normally,16348,2.521e-05,4.4
2569,tail,16347,2.521e-05,4.4
2570,joined,16342,2.52e-05,4.4
2571,education,16326,2.518e-05,4.4
2572,bravo,16320,2.517e-05,4.4
2573,library,16307,2.515e-05,4.4
2574,rape,16303,2.514e-05,4.4
2575,wings,16298,2.513e-05,4.4
2576,growling,16293,2.513e-05,4.4
2577,thrown,16290,2.512e-05,4.4
2578,tank,16273,2.509e-05,4.4
2579,exhales,16267,2.509e-05,4.4
2580,authority,16265,2.508e-05,4.4
2581,current,16251,2.506e-05,4.4
2582,failure,16251,2.506e-05,4.4
2583,nightmare,16248,2.506e-05,4.4
2584,hitting,16244,2.505e-05,4.4
2585,glory,16221,2.501e-05,4.4
2586,knocked,16221,2.501e-05,4.4
2587,studying,16217,2.501e-05,4.4
2588,barry,16213,2.5e-05,4.4
2589,agency,16192,2.497e-05,4.4
2590,apple,16192,2.497e-05,4.4
2591,border,16172,2.494e-05,4.4
2592,rope,16159,2.492e-05,4.4
2593,duck,16153,2.491e-05,4.4
2594,reputation,16145,2.49e-05,4.4
2595,confidence,16138,2.489e-05,4.4
2596,yard,16138,2.489e-05,4.4
2597,beloved,16136,2.488e-05,4.4
2598,lack,16112,2.485e-05,4.4
2599,actual,16107,2.484e-05,4.4
2600,skills,16100,2.483e-05,4.39
2601,films,16089,2.481e-05,4.39
2602,mental,16088,2.481e-05,4.39
2603,salt,16079,2.48e-05,4.39
2604,flesh,16064,2.477e-05,4.39
2605,anne,16062,2.477e-05,4.39
2606,secure,16048,2.475e-05,4.39
2607,highly,16045,2.474e-05,4.39
2608,federal,16026,2.471e-05,4.39
2609,sand,16019,2.47e-05,4.39
2610,emotional,16018,2.47e-05,4.39
2611,setting,16012,2.469e-05,4.39
2612,nothin,15992,2.466e-05,4.39
2613,senator,15992,2.466e-05,4.39
2614,services,15982,2.465e-05,4.39
2615,robbery,15978,2.464e-05,4.39
2616,hates,15968,2.462e-05,4.39
2617,fed,15965,2.462e-05,4.39
2618,reward,15944,2.459e-05,4.39
2619,theater,15940,2.458e-05,4.39
2620,johnson,15936,2.457e-05,4.39
2621,commit,15921,2.455e-05,4.39
2622,patrick,15903,2.452e-05,4.39
2623,entirely,15891,2.451e-05,4.39
2624,extraordinary,15889,2.45e-05,4.39
2625,ships,15878,2.449e-05,4.39
2626,opposite,15870,2.447e-05,4.39
2627,parties,15865,2.447e-05,4.39
2628,stands,15856,2.445e-05,4.39
2629,terry,15820,2.44e-05,4.39
2630,chat,15812,2.438e-05,4.39
2631,events,15804,2.437e-05,4.39
2632,mummy,15781,2.434e-05,4.39
2633,bay,15777,2.433e-05,4.39
2634,slip,15773,2.432e-05,4.39
2635,disappointed,15771,2.432e-05,4.39
2636,settled,15766,2.431e-05,4.39
2637,begins,15758,2.43e-05,4.39
2638,andrew,15748,2.428e-05,4.39
2639,alert,15747,2.428e-05,4.39
2640,detail,15745,2.428e-05,4.39
2641,pink,15742,2.428e-05,4.39
2642,fellas,15736,2.427e-05,4.39
2643,accepted,15736,2.427e-05,4.39
2644,background,15730,2.426e-05,4.38
2645,garbage,15709,2.422e-05,4.38
2646,panic,15707,2.422e-05,4.38
2647,minds,15707,2.422e-05,4.38
2648,belt,15707,2.422e-05,4.38
2649,blowing,15705,2.422e-05,4.38
2650,hollywood,15691,2.42e-05,4.38
2651,agreement,15659,2.415e-05,4.38
2652,jackie,15659,2.415e-05,4.38
2653,pushing,15648,2.413e-05,4.38
2654,ability,15648,2.413e-05,4.38
2655,tiger,15646,2.413e-05,4.38
2656,whispering,15642,2.412e-05,4.38
2657,culture,15640,2.412e-05,4.38
2658,saint,15618,2.408e-05,4.38
2659,jesse,15612,2.408e-05,4.38
2660,task,15600,2.406e-05,4.38
2661,solid,15581,2.403e-05,4.38
2662,doll,15579,2.402e-05,4.38
2663,intend,15570,2.401e-05,4.38
2664,district,15566,2.4e-05,4.38
2665,pa,15566,2.4e-05,4.38
2666,gee,15564,2.4e-05,4.38
2667,custody,15562,2.4e-05,4.38
2668,ignore,15550,2.398e-05,4.38
2669,naturally,15531,2.395e-05,4.38
2670,useful,15524,2.394e-05,4.38
2671,attempt,15516,2.393e-05,4.38
2672,abandoned,15502,2.391e-05,4.38
2673,cutting,15498,2.39e-05,4.38
2674,kissed,15495,2.389e-05,4.38
2675,guarantee,15493,2.389e-05,4.38
2676,barking,15493,2.389e-05,4.38
2677,gather,15484,2.388e-05,4.38
2678,policy,15482,2.387e-05,4.38
2679,violent,15464,2.385e-05,4.38
2680,maid,15457,2.384e-05,4.38
2681,embarrassing,15455,2.383e-05,4.38
2682,childhood,15445,2.382e-05,4.38
2683,wasting,15434,2.38e-05,4.38
2684,bow,15423,2.378e-05,4.38
2685,chick,15412,2.377e-05,4.38
2686,sara,15387,2.373e-05,4.38
2687,disaster,15366,2.37e-05,4.37
2688,revolution,15350,2.367e-05,4.37
2689,online,15339,2.365e-05,4.37
2690,demon,15328,2.364e-05,4.37
2691,heavily,15326,2.363e-05,4.37
2692,coincidence,15318,2.362e-05,4.37
2693,perform,15312,2.361e-05,4.37
2694,thin,15296,2.359e-05,4.37
2695,terrific,15296,2.359e-05,4.37
2696,mac,15285,2.357e-05,4.37
2697,crown,15281,2.356e-05,4.37
2698,identity,15281,2.356e-05,4.37
2699,virgin,15276,2.356e-05,4.37
2700,impressive,15272,2.355e-05,4.37
2701,windows,15229,2.348e-05,4.37
2702,potential,15193,2.343e-05,4.37
2703,guitar,15191,2.343e-05,4.37
2704,committee,15152,2.337e-05,4.37
2705,dozen,15139,2.335e-05,4.37
2706,delivery,15137,2.334e-05,4.37
2707,advance,15126,2.333e-05,4.37
2708,quietly,15115,2.331e-05,4.37
2709,stan,15106,2.329e-05,4.37
2710,teaching,15100,2.329e-05,4.37
2711,hunter,15097,2.328e-05,4.37
2712,latest,15091,2.327e-05,4.37
2713,hurting,15089,2.327e-05,4.37
2714,swing,15079,2.325e-05,4.37
2715,capital,15073,2.324e-05,4.37
2716,counting,15069,2.324e-05,4.37
2717,drew,15068,2.324e-05,4.37
2718,dirt,15061,2.323e-05,4.37
2719,whistle,15045,2.32e-05,4.37
2720,marie,15044,2.32e-05,4.37
2721,hits,15034,2.318e-05,4.37
2722,doug,15030,2.318e-05,4.37
2723,deny,15012,2.315e-05,4.36
2724,urgent,15006,2.314e-05,4.36
2725,threatened,14987,2.311e-05,4.36
2726,behavior,14984,2.311e-05,4.36
2727,molly,14980,2.31e-05,4.36
2728,mixed,14977,2.31e-05,4.36
2729,stays,14944,2.305e-05,4.36
2730,assure,14943,2.304e-05,4.36
2731,subtitles,14939,2.304e-05,4.36
2732,explanation,14934,2.303e-05,4.36
2733,wins,14921,2.301e-05,4.36
2734,unique,14905,2.298e-05,4.36
2735,chasing,14899,2.298e-05,4.36
2736,billion,14895,2.297e-05,4.36
2737,duke,14892,2.296e-05,4.36
2738,production,14892,2.296e-05,4.36
2739,slave,14888,2.296e-05,4.36
2740,agents,14888,2.296e-05,4.36
2741,carol,14887,2.296e-05,4.36
2742,lets,14876,2.294e-05,4.36
2743,cruel,14872,2.293e-05,4.36
2744,mask,14863,2.292e-05,4.36
2745,sally,14857,2.291e-05,4.36
2746,behave,14851,2.29e-05,4.36
2747,bury,14798,2.282e-05,4.36
2748,massive,14789,2.281e-05,4.36
2749,pathetic,14789,2.281e-05,4.36
2750,species,14775,2.278e-05,4.36
2751,approaching,14768,2.277e-05,4.36
2752,jo,14768,2.277e-05,4.36
2753,loan,14751,2.275e-05,4.36
2754,struggle,14736,2.272e-05,4.36
2755,dish,14734,2.272e-05,4.36
2756,trusted,14722,2.27e-05,4.36
2757,jumped,14699,2.267e-05,4.36
2758,firing,14695,2.266e-05,4.36
2759,channel,14688,2.265e-05,4.36
2760,abby,14677,2.263e-05,4.35
2761,stopping,14667,2.262e-05,4.35
2762,asks,14655,2.26e-05,4.35
2763,jean,14651,2.259e-05,4.35
2764,swimming,14648,2.259e-05,4.35
2765,daily,14647,2.259e-05,4.35
2766,basement,14645,2.258e-05,4.35
2767,linda,14644,2.258e-05,4.35
2768,quarter,14642,2.258e-05,4.35
2769,erm,14625,2.255e-05,4.35
2770,bound,14619,2.254e-05,4.35
2771,navy,14616,2.254e-05,4.35
2772,article,14614,2.254e-05,4.35
2773,guide,14614,2.254e-05,4.35
2774,accused,14612,2.253e-05,4.35
2775,transfer,14609,2.253e-05,4.35
2776,guts,14598,2.251e-05,4.35
2777,quality,14596,2.251e-05,4.35
2778,fella,14583,2.249e-05,4.35
2779,roman,14575,2.248e-05,4.35
2780,greater,14569,2.247e-05,4.35
2781,damned,14557,2.245e-05,4.35
2782,couch,14529,2.241e-05,4.35
2783,cheer,14507,2.237e-05,4.35
2784,vegas,14494,2.235e-05,4.35
2785,shoe,14489,2.234e-05,4.35
2786,title,14488,2.234e-05,4.35
2787,shy,14479,2.233e-05,4.35
2788,punishment,14476,2.232e-05,4.35
2789,los,14462,2.23e-05,4.35
2790,clicks,14462,2.23e-05,4.35
2791,closet,14440,2.227e-05,4.35
2792,fever,14430,2.225e-05,4.35
2793,coward,14421,2.224e-05,4.35
2794,flash,14418,2.223e-05,4.35
2795,impressed,14417,2.223e-05,4.35
2796,bruce,14413,2.223e-05,4.35
2797,siren,14411,2.222e-05,4.35
2798,prisoners,14410,2.222e-05,4.35
2799,sides,14403,2.221e-05,4.35
2800,bowl,14401,2.221e-05,4.35
2801,katie,14399,2.22e-05,4.35
2802,supply,14396,2.22e-05,4.35
2803,sensitive,14396,2.22e-05,4.35
2804,hopefully,14389,2.219e-05,4.35
2805,rolling,14377,2.217e-05,4.35
2806,roy,14370,2.216e-05,4.35
2807,dollar,14367,2.216e-05,4.35
2808,tone,14366,2.215e-05,4.35
2809,voices,14350,2.213e-05,4.34
2810,cheating,14310,2.207e-05,4.34
2811,confess,14303,2.206e-05,4.34
2812,demand,14303,2.206e-05,4.34
2813,museum,14302,2.206e-05,4.34
2814,unknown,14300,2.205e-05,4.34
2815,drama,14284,2.203e-05,4.34
2816,suspicious,14279,2.202e-05,4.34
2817,adult,14267,2.2e-05,4.34
2818,todd,14262,2.199e-05,4.34
2819,frightened,14246,2.197e-05,4.34
2820,warned,14244,2.197e-05,4.34
2821,steady,14241,2.196e-05,4.34
2822,kills,14233,2.195e-05,4.34
2823,crossed,14222,2.193e-05,4.34
2824,lou,14221,2.193e-05,4.34
2825,particularly,14220,2.193e-05,4.34
2826,sandwich,14200,2.19e-05,4.34
2827,laws,14196,2.189e-05,4.34
2828,joint,14190,2.188e-05,4.34
2829,bullets,14186,2.188e-05,4.34
2830,package,14169,2.185e-05,4.34
2831,trained,14156,2.183e-05,4.34
2832,thursday,14150,2.182e-05,4.34
2833,boots,14143,2.181e-05,4.34
2834,possibility,14141,2.181e-05,4.34
2835,albert,14140,2.181e-05,4.34
2836,civil,14131,2.179e-05,4.34
2837,june,14126,2.178e-05,4.34
2838,germans,14122,2.178e-05,4.34
2839,baseball,14106,2.175e-05,4.34
2840,express,14103,2.175e-05,4.34
2841,miserable,14078,2.171e-05,4.34
2842,tuesday,14074,2.17e-05,4.34
2843,parker,14072,2.17e-05,4.34
2844,lion,14069,2.17e-05,4.34
2845,joseph,14059,2.168e-05,4.34
2846,refused,14058,2.168e-05,4.34
2847,shine,14055,2.167e-05,4.34
2848,assault,14053,2.167e-05,4.34
2849,hong,14048,2.166e-05,4.34
2850,jokes,14047,2.166e-05,4.34
2851,breaks,14045,2.166e-05,4.34
2852,argue,14042,2.165e-05,4.34
2853,trail,14033,2.164e-05,4.34
2854,option,14026,2.163e-05,4.34
2855,recall,14021,2.162e-05,4.33
2856,mighty,14014,2.161e-05,4.33
2857,collection,14008,2.16e-05,4.33
2858,oliver,13994,2.158e-05,4.33
2859,wilson,13994,2.158e-05,4.33
2860,accent,13993,2.158e-05,4.33
2861,believes,13985,2.157e-05,4.33
2862,decisions,13978,2.156e-05,4.33
2863,embarrassed,13972,2.155e-05,4.33
2864,mobile,13970,2.154e-05,4.33
2865,customer,13954,2.152e-05,4.33
2866,terribly,13954,2.152e-05,4.33
2867,sec,13941,2.15e-05,4.33
2868,charity,13935,2.149e-05,4.33
2869,considering,13923,2.147e-05,4.33
2870,pussy,13922,2.147e-05,4.33
2871,donna,13918,2.146e-05,4.33
2872,protecting,13916,2.146e-05,4.33
2873,flag,13907,2.145e-05,4.33
2874,kidnapped,13898,2.143e-05,4.33
2875,italy,13890,2.142e-05,4.33
2876,balance,13887,2.142e-05,4.33
2877,creatures,13885,2.141e-05,4.33
2878,nuclear,13873,2.139e-05,4.33
2879,wallet,13863,2.138e-05,4.33
2880,shout,13856,2.137e-05,4.33
2881,vincent,13852,2.136e-05,4.33
2882,entered,13850,2.136e-05,4.33
2883,impression,13849,2.136e-05,4.33
2884,angela,13848,2.135e-05,4.33
2885,jay,13847,2.135e-05,4.33
2886,degrees,13842,2.135e-05,4.33
2887,favour,13830,2.133e-05,4.33
2888,reaction,13825,2.132e-05,4.33
2889,network,13816,2.131e-05,4.33
2890,jessica,13814,2.13e-05,4.33
2891,version,13814,2.13e-05,4.33
2892,concert,13801,2.128e-05,4.33
2893,gear,13780,2.125e-05,4.33
2894,singer,13777,2.125e-05,4.33
2895,diamond,13777,2.125e-05,4.33
2896,defeat,13775,2.124e-05,4.33
2897,steven,13772,2.124e-05,4.33
2898,lane,13771,2.124e-05,4.33
2899,blast,13764,2.123e-05,4.33
2900,wounded,13763,2.122e-05,4.33
2901,anytime,13761,2.122e-05,4.33
2902,partners,13760,2.122e-05,4.33
2903,ages,13759,2.122e-05,4.33
2904,charlotte,13759,2.122e-05,4.33
2905,ceremony,13753,2.121e-05,4.33
2906,league,13742,2.119e-05,4.33
2907,bars,13738,2.119e-05,4.33
2908,orange,13738,2.119e-05,4.33
2909,specific,13708,2.114e-05,4.33
2910,conditions,13699,2.113e-05,4.32
2911,plastic,13694,2.112e-05,4.32
2912,crisis,13690,2.111e-05,4.32
2913,fifth,13690,2.111e-05,4.32
2914,term,13676,2.109e-05,4.32
2915,self,13657,2.106e-05,4.32
2916,offering,13655,2.106e-05,4.32
2917,bud,13654,2.106e-05,4.32
2918,suffered,13646,2.104e-05,4.32
2919,reported,13643,2.104e-05,4.32
2920,commissioner,13637,2.103e-05,4.32
2921,rip,13626,2.101e-05,4.32
2922,mysterious,13617,2.1e-05,4.32
2923,entrance,13616,2.1e-05,4.32
2924,messed,13609,2.099e-05,4.32
2925,tunnel,13593,2.096e-05,4.32
2926,designed,13591,2.096e-05,4.32
2927,neighbor,13590,2.096e-05,4.32
2928,aboard,13582,2.094e-05,4.32
2929,sweat,13581,2.094e-05,4.32
2930,justin,13578,2.094e-05,4.32
2931,ghosts,13576,2.094e-05,4.32
2932,crimes,13566,2.092e-05,4.32
2933,costs,13561,2.091e-05,4.32
2934,deserves,13558,2.091e-05,4.32
2935,dreaming,13557,2.091e-05,4.32
2936,bust,13552,2.09e-05,4.32
2937,el,13551,2.09e-05,4.32
2938,teddy,13549,2.089e-05,4.32
2939,kong,13546,2.089e-05,4.32
2940,messages,13545,2.089e-05,4.32
2941,enjoying,13542,2.088e-05,4.32
2942,afterwards,13540,2.088e-05,4.32
2943,comfort,13536,2.087e-05,4.32
2944,mason,13518,2.085e-05,4.32
2945,surrender,13513,2.084e-05,4.32
2946,gym,13513,2.084e-05,4.32
2947,kitty,13499,2.082e-05,4.32
2948,crush,13497,2.081e-05,4.32
2949,yup,13494,2.081e-05,4.32
2950,arranged,13475,2.078e-05,4.32
2951,suits,13469,2.077e-05,4.32
2952,pee,13455,2.075e-05,4.32
2953,stress,13446,2.073e-05,4.32
2954,cave,13446,2.073e-05,4.32
2955,wing,13445,2.073e-05,4.32
2956,jordan,13443,2.073e-05,4.32
2957,arrange,13442,2.073e-05,4.32
2958,comrade,13438,2.072e-05,4.32
2959,noble,13437,2.072e-05,4.32
2960,tricks,13428,2.071e-05,4.32
2961,betty,13426,2.07e-05,4.32
2962,launch,13420,2.069e-05,4.32
2963,legend,13418,2.069e-05,4.32
2964,mix,13418,2.069e-05,4.32
2965,golf,13415,2.069e-05,4.32
2966,imagination,13415,2.069e-05,4.32
2967,fox,13409,2.068e-05,4.32
2968,kissing,13398,2.066e-05,4.32
2969,butter,13398,2.066e-05,4.32
2970,tax,13389,2.065e-05,4.31
2971,gross,13387,2.064e-05,4.31
2972,edward,13367,2.061e-05,4.31
2973,texas,13351,2.059e-05,4.31
2974,insist,13332,2.056e-05,4.31
2975,marcus,13314,2.053e-05,4.31
2976,classic,13308,2.052e-05,4.31
2977,selfish,13305,2.052e-05,4.31
2978,skull,13299,2.051e-05,4.31
2979,frankie,13299,2.051e-05,4.31
2980,shown,13295,2.05e-05,4.31
2981,bat,13294,2.05e-05,4.31
2982,survived,13293,2.05e-05,4.31
2983,print,13293,2.05e-05,4.31
2984,champion,13290,2.049e-05,4.31
2985,bills,13286,2.049e-05,4.31
2986,therapy,13278,2.048e-05,4.31
2987,lifetime,13272,2.047e-05,4.31
2988,throughout,13270,2.046e-05,4.31
2989,nathan,13261,2.045e-05,4.31
2990,toward,13252,2.044e-05,4.31
2991,sauce,13249,2.043e-05,4.31
2992,experiment,13242,2.042e-05,4.31
2993,margaret,13236,2.041e-05,4.31
2994,describe,13221,2.039e-05,4.31
2995,ross,13220,2.039e-05,4.31
2996,grass,13219,2.038e-05,4.31
2997,cheat,13204,2.036e-05,4.31
2998,attend,13202,2.036e-05,4.31
2999,homework,13202,2.036e-05,4.31
3000,lewis,13201,2.036e-05,4.31
3001,betrayed,13199,2.035e-05,4.31
3002,servant,13198,2.035e-05,4.31
3003,cap,13198,2.035e-05,4.31
3004,tyler,13196,2.035e-05,4.31
3005,bible,13193,2.034e-05,4.31
3006,practically,13180,2.032e-05,4.31
3007,catherine,13179,2.032e-05,4.31
3008,steel,13177,2.032e-05,4.31
3009,wipe,13177,2.032e-05,4.31
3010,burns,13175,2.032e-05,4.31
3011,generation,13163,2.03e-05,4.31
3012,cabin,13159,2.029e-05,4.31
3013,financial,13153,2.028e-05,4.31
3014,industry,13143,2.027e-05,4.31
3015,bond,13131,2.025e-05,4.31
3016,sheep,13127,2.024e-05,4.31
3017,scientists,13124,2.024e-05,4.31
3018,beaten,13120,2.023e-05,4.31
3019,heck,13118,2.023e-05,4.31
3020,deck,13118,2.023e-05,4.31
3021,fans,13116,2.023e-05,4.31
3022,script,13108,2.021e-05,4.31
3023,brand,13107,2.021e-05,4.31
3024,degree,13103,2.021e-05,4.31
3025,painful,13100,2.02e-05,4.31
3026,coughing,13093,2.019e-05,4.31
3027,religion,13083,2.018e-05,4.3
3028,cats,13076,2.016e-05,4.3
3029,stephen,13069,2.015e-05,4.3
3030,influence,13066,2.015e-05,4.3
3031,fuel,13066,2.015e-05,4.3
3032,drawing,13056,2.013e-05,4.3
3033,rabbit,13027,2.009e-05,4.3
3034,exercise,13015,2.007e-05,4.3
3035,attractive,13008,2.006e-05,4.3
3036,touching,12992,2.003e-05,4.3
3037,virus,12984,2.002e-05,4.3
3038,realise,12977,2.001e-05,4.3
3039,torture,12970,2e-05,4.3
3040,blessed,12960,1.999e-05,4.3
3041,plain,12952,1.997e-05,4.3
3042,rebecca,12950,1.997e-05,4.3
3043,recent,12948,1.997e-05,4.3
3044,barbara,12947,1.997e-05,4.3
3045,footsteps,12944,1.996e-05,4.3
3046,sacred,12939,1.995e-05,4.3
3047,removed,12931,1.994e-05,4.3
3048,pretending,12910,1.991e-05,4.3
3049,wasted,12909,1.991e-05,4.3
3050,jewish,12898,1.989e-05,4.3
3051,goodnight,12889,1.988e-05,4.3
3052,robot,12886,1.987e-05,4.3
3053,crystal,12885,1.987e-05,4.3
3054,confirm,12878,1.986e-05,4.3
3055,lad,12876,1.986e-05,4.3
3056,mile,12874,1.985e-05,4.3
3057,division,12873,1.985e-05,4.3
3058,scratch,12856,1.983e-05,4.3
3059,reminds,12848,1.981e-05,4.3
3060,walks,12837,1.98e-05,4.3
3061,ending,12835,1.979e-05,4.3
3062,russia,12828,1.978e-05,4.3
3063,contest,12826,1.978e-05,4.3
3064,valuable,12803,1.974e-05,4.3
3065,distant,12801,1.974e-05,4.3
3066,dumped,12793,1.973e-05,4.3
3067,motion,12791,1.972e-05,4.29
3068,electricity,12789,1.972e-05,4.29
3069,centre,12782,1.971e-05,4.29
3070,murders,12778,1.97e-05,4.29
3071,tina,12777,1.97e-05,4.29
3072,jeremy,12772,1.97e-05,4.29
3073,seal,12770,1.969e-05,4.29
3074,standard,12762,1.968e-05,4.29
3075,ellen,12762,1.968e-05,4.29
3076,wore,12754,1.967e-05,4.29
3077,surrounded,12750,1.966e-05,4.29
3078,struck,12749,1.966e-05,4.29
3079,inform,12745,1.965e-05,4.29
3080,gentle,12745,1.965e-05,4.29
3081,status,12743,1.965e-05,4.29
3082,purse,12740,1.965e-05,4.29
3083,prints,12737,1.964e-05,4.29
3084,players,12735,1.964e-05,4.29
3085,charged,12733,1.964e-05,4.29
3086,begging,12730,1.963e-05,4.29
3087,delivered,12713,1.96e-05,4.29
3088,kenny,12713,1.96e-05,4.29
3089,buck,12711,1.96e-05,4.29
3090,nina,12708,1.96e-05,4.29
3091,construction,12705,1.959e-05,4.29
3092,confirmed,12705,1.959e-05,4.29
3093,confession,12702,1.959e-05,4.29
3094,trigger,12698,1.958e-05,4.29
3095,cells,12693,1.957e-05,4.29
3096,frankly,12691,1.957e-05,4.29
3097,ali,12691,1.957e-05,4.29
3098,exit,12688,1.957e-05,4.29
3099,response,12684,1.956e-05,4.29
3100,cancel,12681,1.956e-05,4.29
3101,argument,12669,1.954e-05,4.29
3102,principal,12667,1.953e-05,4.29
3103,turkey,12662,1.953e-05,4.29
3104,lucas,12659,1.952e-05,4.29
3105,clinic,12658,1.952e-05,4.29
3106,greetings,12651,1.951e-05,4.29
3107,neighbors,12646,1.95e-05,4.29
3108,vice,12641,1.949e-05,4.29
3109,toy,12634,1.948e-05,4.29
3110,hannah,12632,1.948e-05,4.29
3111,everyday,12627,1.947e-05,4.29
3112,generous,12622,1.946e-05,4.29
3113,gain,12620,1.946e-05,4.29
3114,idiots,12614,1.945e-05,4.29
3115,holly,12610,1.945e-05,4.29
3116,enjoyed,12603,1.943e-05,4.29
3117,jungle,12593,1.942e-05,4.29
3118,link,12591,1.942e-05,4.29
3119,underground,12588,1.941e-05,4.29
3120,smiling,12580,1.94e-05,4.29
3121,mistress,12573,1.939e-05,4.29
3122,teams,12567,1.938e-05,4.29
3123,product,12560,1.937e-05,4.29
3124,beef,12560,1.937e-05,4.29
3125,whispers,12549,1.935e-05,4.29
3126,religious,12544,1.934e-05,4.29
3127,presents,12544,1.934e-05,4.29
3128,identify,12538,1.933e-05,4.29
3129,chip,12537,1.933e-05,4.29
3130,chffffff,12527,1.932e-05,4.29
3131,surveillance,12526,1.932e-05,4.29
3132,carlos,12522,1.931e-05,4.29
3133,vampire,12502,1.928e-05,4.29
3134,routine,12497,1.927e-05,4.28
3135,uses,12485,1.925e-05,4.28
3136,michelle,12482,1.925e-05,4.28
3137,underneath,12477,1.924e-05,4.28
3138,systems,12464,1.922e-05,4.28
3139,temperature,12455,1.921e-05,4.28
3140,waves,12451,1.92e-05,4.28
3141,tribe,12451,1.92e-05,4.28
3142,brad,12442,1.919e-05,4.28
3143,deputy,12440,1.918e-05,4.28
3144,sophie,12437,1.918e-05,4.28
3145,headquarters,12437,1.918e-05,4.28
3146,equal,12433,1.917e-05,4.28
3147,phones,12424,1.916e-05,4.28
3148,ken,12419,1.915e-05,4.28
3149,reckon,12411,1.914e-05,4.28
3150,related,12408,1.913e-05,4.28
3151,incredibly,12408,1.913e-05,4.28
3152,chill,12405,1.913e-05,4.28
3153,spit,12399,1.912e-05,4.28
3154,tracks,12399,1.912e-05,4.28
3155,oscar,12396,1.912e-05,4.28
3156,makeup,12393,1.911e-05,4.28
3157,bug,12385,1.91e-05,4.28
3158,sounded,12385,1.91e-05,4.28
3159,spirits,12381,1.909e-05,4.28
3160,nerve,12377,1.909e-05,4.28
3161,divorced,12374,1.908e-05,4.28
3162,stake,12356,1.905e-05,4.28
3163,port,12355,1.905e-05,4.28
3164,doorbell,12355,1.905e-05,4.28
3165,worries,12344,1.904e-05,4.28
3166,nephew,12340,1.903e-05,4.28
3167,miller,12331,1.902e-05,4.28
3168,units,12323,1.9e-05,4.28
3169,proceed,12314,1.899e-05,4.28
3170,landing,12310,1.898e-05,4.28
3171,traitor,12303,1.897e-05,4.28
3172,outfit,12301,1.897e-05,4.28
3173,chloe,12298,1.896e-05,4.28
3174,bail,12295,1.896e-05,4.28
3175,fields,12290,1.895e-05,4.28
3176,patience,12288,1.895e-05,4.28
3177,recording,12286,1.895e-05,4.28
3178,foolish,12268,1.892e-05,4.28
3179,loaded,12268,1.892e-05,4.28
3180,tokyo,12261,1.891e-05,4.28
3181,davis,12258,1.89e-05,4.28
3182,costume,12253,1.89e-05,4.28
3183,wayne,12252,1.889e-05,4.28
3184,injured,12251,1.889e-05,4.28
3185,somethin,12242,1.888e-05,4.28
3186,ian,12239,1.887e-05,4.28
3187,pet,12235,1.887e-05,4.28
3188,cage,12231,1.886e-05,4.28
3189,digging,12218,1.884e-05,4.28
3190,spain,12200,1.881e-05,4.27
3191,seats,12199,1.881e-05,4.27
3192,awkward,12197,1.881e-05,4.27
3193,cleaned,12182,1.879e-05,4.27
3194,pattern,12181,1.878e-05,4.27
3195,filthy,12179,1.878e-05,4.27
3196,visiting,12178,1.878e-05,4.27
3197,jews,12170,1.877e-05,4.27
3198,answering,12168,1.876e-05,4.27
3199,concentrate,12157,1.875e-05,4.27
3200,someplace,12156,1.875e-05,4.27
3201,citizens,12153,1.874e-05,4.27
3202,aim,12152,1.874e-05,4.27
3203,nancy,12149,1.873e-05,4.27
3204,affairs,12143,1.873e-05,4.27
3205,thick,12143,1.873e-05,4.27
3206,sport,12131,1.871e-05,4.27
3207,basic,12130,1.871e-05,4.27
3208,electric,12125,1.87e-05,4.27
3209,pleasant,12122,1.869e-05,4.27
3210,cliff,12109,1.867e-05,4.27
3211,nail,12105,1.867e-05,4.27
3212,russell,12102,1.866e-05,4.27
3213,environment,12101,1.866e-05,4.27
3214,western,12101,1.866e-05,4.27
3215,average,12100,1.866e-05,4.27
3216,ease,12094,1.865e-05,4.27
3217,raped,12088,1.864e-05,4.27
3218,interrupt,12088,1.864e-05,4.27
3219,judy,12085,1.864e-05,4.27
3220,satisfied,12083,1.863e-05,4.27
3221,beep,12076,1.862e-05,4.27
3222,starving,12075,1.862e-05,4.27
3223,documents,12070,1.861e-05,4.27
3224,anniversary,12069,1.861e-05,4.27
3225,beth,12061,1.86e-05,4.27
3226,election,12060,1.86e-05,4.27
3227,warrior,12054,1.859e-05,4.27
3228,forth,12049,1.858e-05,4.27
3229,fetch,12029,1.855e-05,4.27
3230,banks,12029,1.855e-05,4.27
3231,placed,12026,1.855e-05,4.27
3232,timing,12009,1.852e-05,4.27
3233,stones,12006,1.851e-05,4.27
3234,complex,11993,1.849e-05,4.27
3235,frozen,11992,1.849e-05,4.27
3236,replace,11983,1.848e-05,4.27
3237,prayer,11982,1.848e-05,4.27
3238,skip,11977,1.847e-05,4.27
3239,angeles,11974,1.847e-05,4.27
3240,guilt,11973,1.846e-05,4.27
3241,tune,11959,1.844e-05,4.27
3242,woo,11943,1.842e-05,4.27
3243,actions,11940,1.841e-05,4.27
3244,conscience,11934,1.84e-05,4.26
3245,officially,11933,1.84e-05,4.26
3246,martha,11902,1.835e-05,4.26
3247,machines,11899,1.835e-05,4.26
3248,smaller,11897,1.835e-05,4.26
3249,determined,11890,1.834e-05,4.26
3250,blown,11886,1.833e-05,4.26
3251,hail,11884,1.833e-05,4.26
3252,unhappy,11881,1.832e-05,4.26
3253,booth,11880,1.832e-05,4.26
3254,pour,11879,1.832e-05,4.26
3255,berlin,11871,1.831e-05,4.26
3256,cleared,11869,1.83e-05,4.26
3257,packed,11868,1.83e-05,4.26
3258,wrap,11865,1.83e-05,4.26
3259,randy,11863,1.829e-05,4.26
3260,behalf,11840,1.826e-05,4.26
3261,reasonable,11835,1.825e-05,4.26
3262,trunk,11828,1.824e-05,4.26
3263,homes,11826,1.824e-05,4.26
3264,festival,11823,1.823e-05,4.26
3265,tradition,11821,1.823e-05,4.26
3266,cigarettes,11817,1.822e-05,4.26
3267,le,11814,1.822e-05,4.26
3268,beside,11813,1.822e-05,4.26
3269,harvey,11810,1.821e-05,4.26
3270,motive,11808,1.821e-05,4.26
3271,beings,11805,1.82e-05,4.26
3272,bishop,11803,1.82e-05,4.26
3273,dealer,11801,1.82e-05,4.26
3274,defendant,11798,1.819e-05,4.26
3275,backup,11798,1.819e-05,4.26
3276,wounds,11782,1.817e-05,4.26
3277,ouch,11779,1.816e-05,4.26
3278,ann,11776,1.816e-05,4.26
3279,nearby,11769,1.815e-05,4.26
3280,drank,11765,1.814e-05,4.26
3281,effects,11765,1.814e-05,4.26
3282,jonathan,11764,1.814e-05,4.26
3283,dennis,11751,1.812e-05,4.26
3284,benefit,11751,1.812e-05,4.26
3285,adventure,11744,1.811e-05,4.26
3286,territory,11737,1.81e-05,4.26
3287,ve,11729,1.809e-05,4.26
3288,apology,11723,1.808e-05,4.26
3289,dylan,11723,1.808e-05,4.26
3290,unlike,11719,1.807e-05,4.26
3291,owns,11717,1.807e-05,4.26
3292,boxes,11699,1.804e-05,4.26
3293,thus,11684,1.802e-05,4.26
3294,clay,11682,1.801e-05,4.26
3295,developed,11679,1.801e-05,4.26
3296,busted,11678,1.801e-05,4.26
3297,pipe,11672,1.8e-05,4.26
3298,gray,11667,1.799e-05,4.26
3299,goods,11659,1.798e-05,4.25
3300,favourite,11650,1.797e-05,4.25
3301,salad,11646,1.796e-05,4.25
3302,loyal,11641,1.795e-05,4.25
3303,atmosphere,11639,1.795e-05,4.25
3304,eva,11633,1.794e-05,4.25
3305,freaking,11630,1.793e-05,4.25
3306,dropping,11626,1.793e-05,4.25
3307,strangers,11621,1.792e-05,4.25
3308,mouse,11619,1.792e-05,4.25
3309,downtown,11608,1.79e-05,4.25
3310,francisco,11606,1.79e-05,4.25
3311,heroes,11601,1.789e-05,4.25
3312,pit,11599,1.789e-05,4.25
3313,rotten,11586,1.787e-05,4.25
3314,paradise,11584,1.786e-05,4.25
3315,meantime,11582,1.786e-05,4.25
3316,jess,11577,1.785e-05,4.25
3317,organization,11576,1.785e-05,4.25
3318,hills,11575,1.785e-05,4.25
3319,exam,11573,1.785e-05,4.25
3320,cock,11565,1.783e-05,4.25
3321,fairy,11562,1.783e-05,4.25
3322,earl,11562,1.783e-05,4.25
3323,comment,11561,1.783e-05,4.25
3324,activity,11555,1.782e-05,4.25
3325,frame,11555,1.782e-05,4.25
3326,knight,11542,1.78e-05,4.25
3327,testing,11541,1.78e-05,4.25
3328,habit,11536,1.779e-05,4.25
3329,shelter,11527,1.778e-05,4.25
3330,flow,11524,1.777e-05,4.25
3331,jennifer,11509,1.775e-05,4.25
3332,holes,11505,1.774e-05,4.25
3333,prevent,11504,1.774e-05,4.25
3334,anthony,11504,1.774e-05,4.25
3335,lend,11500,1.773e-05,4.25
3336,cooper,11490,1.772e-05,4.25
3337,figures,11488,1.772e-05,4.25
3338,boston,11484,1.771e-05,4.25
3339,sample,11484,1.771e-05,4.25
3340,strip,11481,1.77e-05,4.25
3341,landed,11481,1.77e-05,4.25
3342,buzzing,11477,1.77e-05,4.25
3343,monk,11475,1.77e-05,4.25
3344,slightly,11474,1.769e-05,4.25
3345,produce,11471,1.769e-05,4.25
3346,annoying,11467,1.768e-05,4.25
3347,judgment,11459,1.767e-05,4.25
3348,laundry,11458,1.767e-05,4.25
3349,ron,11456,1.767e-05,4.25
3350,lousy,11454,1.766e-05,4.25
3351,souls,11454,1.766e-05,4.25
3352,existence,11448,1.765e-05,4.25
3353,belly,11442,1.764e-05,4.25
3354,tries,11441,1.764e-05,4.25
3355,foster,11435,1.763e-05,4.25
3356,returning,11434,1.763e-05,4.25
3357,answered,11431,1.763e-05,4.25
3358,ward,11428,1.762e-05,4.25
3359,plants,11419,1.761e-05,4.25
3360,actress,11417,1.761e-05,4.25
3361,chairman,11416,1.76e-05,4.25
3362,individual,11409,1.759e-05,4.25
3363,hopes,11409,1.759e-05,4.25
3364,tattoo,11407,1.759e-05,4.25
3365,fence,11402,1.758e-05,4.25
3366,sink,11400,1.758e-05,4.25
3367,punk,11400,1.758e-05,4.25
3368,confident,11399,1.758e-05,4.25
3369,yay,11393,1.757e-05,4.24
3370,mistaken,11385,1.756e-05,4.24
3371,limit,11384,1.756e-05,4.24
3372,bothering,11383,1.755e-05,4.24
3373,st,11375,1.754e-05,4.24
3374,uncomfortable,11371,1.754e-05,4.24
3375,wednesday,11367,1.753e-05,4.24
3376,gifts,11365,1.753e-05,4.24
3377,policeman,11364,1.752e-05,4.24
3378,na,11360,1.752e-05,4.24
3379,precisely,11346,1.75e-05,4.24
3380,lawyers,11345,1.75e-05,4.24
3381,greek,11339,1.749e-05,4.24
3382,merely,11335,1.748e-05,4.24
3383,criminals,11335,1.748e-05,4.24
3384,underwear,11333,1.748e-05,4.24
3385,hoped,11315,1.745e-05,4.24
3386,earned,11315,1.745e-05,4.24
3387,reveal,11310,1.744e-05,4.24
3388,appeared,11306,1.743e-05,4.24
3389,derek,11306,1.743e-05,4.24
3390,heavens,11304,1.743e-05,4.24
3391,personality,11303,1.743e-05,4.24
3392,batman,11300,1.743e-05,4.24
3393,virginia,11288,1.741e-05,4.24
3394,wives,11285,1.74e-05,4.24
3395,colour,11281,1.74e-05,4.24
3396,worker,11277,1.739e-05,4.24
3397,pope,11257,1.736e-05,4.24
3398,instructions,11252,1.735e-05,4.24
3399,intelligent,11251,1.735e-05,4.24
3400,worrying,11246,1.734e-05,4.24
3401,vince,11246,1.734e-05,4.24
3402,comin,11237,1.733e-05,4.24
3403,cried,11236,1.733e-05,4.24
3404,traveling,11223,1.731e-05,4.24
3405,bells,11222,1.731e-05,4.24
3406,impact,11206,1.728e-05,4.24
3407,robbed,11188,1.725e-05,4.24
3408,relief,11188,1.725e-05,4.24
3409,host,11183,1.725e-05,4.24
3410,footage,11171,1.723e-05,4.24
3411,odds,11170,1.723e-05,4.24
3412,patrol,11170,1.723e-05,4.24
3413,circus,11167,1.722e-05,4.24
3414,mud,11166,1.722e-05,4.24
3415,captured,11164,1.722e-05,4.24
3416,lessons,11157,1.721e-05,4.24
3417,occasion,11152,1.72e-05,4.24
3418,sets,11151,1.72e-05,4.24
3419,pulse,11145,1.719e-05,4.24
3420,ad,11131,1.717e-05,4.23
3421,invented,11131,1.717e-05,4.23
3422,diamonds,11128,1.716e-05,4.23
3423,matthew,11128,1.716e-05,4.23
3424,auntie,11127,1.716e-05,4.23
3425,cloud,11125,1.716e-05,4.23
3426,francis,11123,1.715e-05,4.23
3427,angels,11121,1.715e-05,4.23
3428,hers,11120,1.715e-05,4.23
3429,classes,11120,1.715e-05,4.23
3430,signature,11114,1.714e-05,4.23
3431,complain,11112,1.714e-05,4.23
3432,blah,11108,1.713e-05,4.23
3433,monitor,11106,1.713e-05,4.23
3434,options,11104,1.712e-05,4.23
3435,claims,11103,1.712e-05,4.23
3436,flies,11093,1.711e-05,4.23
3437,pat,11084,1.709e-05,4.23
3438,britain,11077,1.708e-05,4.23
3439,hid,11076,1.708e-05,4.23
3440,wailing,11070,1.707e-05,4.23
3441,listened,11059,1.705e-05,4.23
3442,countries,11055,1.705e-05,4.23
3443,vic,11054,1.705e-05,4.23
3444,yell,11053,1.704e-05,4.23
3445,rats,11046,1.703e-05,4.23
3446,wondered,11041,1.703e-05,4.23
3447,smooth,11036,1.702e-05,4.23
3448,resist,11034,1.702e-05,4.23
3449,companies,11033,1.701e-05,4.23
3450,fantasy,11031,1.701e-05,4.23
3451,passport,11030,1.701e-05,4.23
3452,pitch,11022,1.7e-05,4.23
3453,hammer,11015,1.699e-05,4.23
3454,homicide,11008,1.698e-05,4.23
3455,casey,11004,1.697e-05,4.23
3456,holds,11004,1.697e-05,4.23
3457,flew,10994,1.695e-05,4.23
3458,jacob,10984,1.694e-05,4.23
3459,noon,10982,1.694e-05,4.23
3460,helicopter,10980,1.693e-05,4.23
3461,dishes,10980,1.693e-05,4.23
3462,spin,10980,1.693e-05,4.23
3463,charm,10980,1.693e-05,4.23
3464,slap,10977,1.693e-05,4.23
3465,apply,10970,1.692e-05,4.23
3466,fools,10969,1.692e-05,4.23
3467,screeching,10966,1.691e-05,4.23
3468,discover,10961,1.69e-05,4.23
3469,previous,10960,1.69e-05,4.23
3470,kit,10959,1.69e-05,4.23
3471,authorities,10958,1.69e-05,4.23
3472,moaning,10957,1.69e-05,4.23
3473,photograph,10953,1.689e-05,4.23
3474,sales,10950,1.689e-05,4.23
3475,fifty,10941,1.687e-05,4.23
3476,mickey,10939,1.687e-05,4.23
3477,beneath,10937,1.687e-05,4.23
3478,farewell,10937,1.687e-05,4.23
3479,clouds,10936,1.686e-05,4.23
3480,slipped,10931,1.686e-05,4.23
3481,represent,10930,1.686e-05,4.23
3482,deaf,10924,1.685e-05,4.23
3483,facing,10917,1.684e-05,4.23
3484,offense,10906,1.682e-05,4.23
3485,citizen,10905,1.682e-05,4.23
3486,clown,10883,1.678e-05,4.22
3487,snap,10881,1.678e-05,4.22
3488,messing,10878,1.677e-05,4.22
3489,hood,10873,1.677e-05,4.22
3490,twelve,10871,1.676e-05,4.22
3491,interests,10866,1.676e-05,4.22
3492,cheated,10865,1.675e-05,4.22
3493,liz,10861,1.675e-05,4.22
3494,informed,10853,1.674e-05,4.22
3495,humanity,10845,1.672e-05,4.22
3496,producer,10843,1.672e-05,4.22
3497,technically,10839,1.671e-05,4.22
3498,accounts,10832,1.67e-05,4.22
3499,extreme,10829,1.67e-05,4.22
3500,gettin,10829,1.67e-05,4.22
3501,cia,10825,1.669e-05,4.22
3502,ii,10823,1.669e-05,4.22
3503,pays,10813,1.667e-05,4.22
3504,profile,10808,1.667e-05,4.22
3505,oxygen,10804,1.666e-05,4.22
3506,jeez,10797,1.665e-05,4.22
3507,gene,10796,1.665e-05,4.22
3508,shed,10791,1.664e-05,4.22
3509,minor,10781,1.663e-05,4.22
3510,ex,10780,1.662e-05,4.22
3511,theatre,10776,1.662e-05,4.22
3512,scientific,10774,1.661e-05,4.22
3513,lovers,10769,1.661e-05,4.22
3514,chaos,10764,1.66e-05,4.22
3515,rocket,10752,1.658e-05,4.22
3516,math,10739,1.656e-05,4.22
3517,stubborn,10738,1.656e-05,4.22
3518,august,10736,1.656e-05,4.22
3519,oi,10736,1.656e-05,4.22
3520,chips,10734,1.655e-05,4.22
3521,intense,10734,1.655e-05,4.22
3522,grey,10729,1.655e-05,4.22
3523,talkin,10729,1.655e-05,4.22
3524,terrorist,10728,1.654e-05,4.22
3525,angle,10724,1.654e-05,4.22
3526,invitation,10721,1.653e-05,4.22
3527,gus,10715,1.652e-05,4.22
3528,gambling,10714,1.652e-05,4.22
3529,respond,10704,1.651e-05,4.22
3530,thirty,10699,1.65e-05,4.22
3531,procedure,10698,1.65e-05,4.22
3532,absolute,10696,1.649e-05,4.22
3533,investigate,10695,1.649e-05,4.22
3534,tragedy,10691,1.649e-05,4.22
3535,stable,10690,1.648e-05,4.22
3536,session,10682,1.647e-05,4.22
3537,capture,10679,1.647e-05,4.22
3538,marrying,10677,1.646e-05,4.22
3539,ripped,10671,1.646e-05,4.22
3540,attacks,10669,1.645e-05,4.22
3541,stretch,10667,1.645e-05,4.22
3542,bush,10666,1.645e-05,4.22
3543,dates,10660,1.644e-05,4.22
3544,unable,10659,1.644e-05,4.22
3545,gates,10658,1.644e-05,4.22
3546,mars,10656,1.643e-05,4.22
3547,artists,10655,1.643e-05,4.22
3548,increase,10629,1.639e-05,4.21
3549,tastes,10620,1.638e-05,4.21
3550,cared,10611,1.636e-05,4.21
3551,bottles,10606,1.636e-05,4.21
3552,highest,10590,1.633e-05,4.21
3553,whirring,10589,1.633e-05,4.21
3554,meanwhile,10589,1.633e-05,4.21
3555,nate,10583,1.632e-05,4.21
3556,grabbed,10579,1.631e-05,4.21
3557,pigs,10566,1.629e-05,4.21
3558,chop,10564,1.629e-05,4.21
3559,olivia,10560,1.628e-05,4.21
3560,wheels,10557,1.628e-05,4.21
3561,shocked,10546,1.626e-05,4.21
3562,reverend,10539,1.625e-05,4.21
3563,commercial,10539,1.625e-05,4.21
3564,escort,10537,1.625e-05,4.21
3565,engagement,10535,1.625e-05,4.21
3566,corpse,10531,1.624e-05,4.21
3567,louise,10525,1.623e-05,4.21
3568,worthy,10519,1.622e-05,4.21
3569,scale,10519,1.622e-05,4.21
3570,beats,10517,1.622e-05,4.21
3571,williams,10516,1.622e-05,4.21
3572,threatening,10510,1.621e-05,4.21
3573,exists,10509,1.621e-05,4.21
3574,academy,10509,1.621e-05,4.21
3575,acts,10506,1.62e-05,4.21
3576,hop,10501,1.619e-05,4.21
3577,judges,10490,1.618e-05,4.21
3578,furniture,10487,1.617e-05,4.21
3579,shared,10484,1.617e-05,4.21
3580,ralph,10474,1.615e-05,4.21
3581,consequences,10473,1.615e-05,4.21
3582,engineer,10471,1.615e-05,4.21
3583,schools,10470,1.615e-05,4.21
3584,softly,10462,1.613e-05,4.21
3585,bombs,10459,1.613e-05,4.21
3586,caroline,10457,1.613e-05,4.21
3587,shark,10456,1.612e-05,4.21
3588,transport,10456,1.612e-05,4.21
3589,population,10449,1.611e-05,4.21
3590,succeed,10441,1.61e-05,4.21
3591,creepy,10420,1.607e-05,4.21
3592,sneak,10416,1.606e-05,4.21
3593,studies,10402,1.604e-05,4.21
3594,destruction,10401,1.604e-05,4.21
3595,keith,10400,1.604e-05,4.21
3596,protected,10400,1.604e-05,4.21
3597,monsters,10398,1.603e-05,4.2
3598,joining,10396,1.603e-05,4.2
3599,punished,10395,1.603e-05,4.2
3600,lightning,10394,1.603e-05,4.2
3601,malcolm,10382,1.601e-05,4.2
3602,shell,10381,1.601e-05,4.2
3603,fascinating,10378,1.6e-05,4.2
3604,chamber,10376,1.6e-05,4.2
3605,ethan,10374,1.6e-05,4.2
3606,romance,10374,1.6e-05,4.2
3607,instance,10371,1.599e-05,4.2
3608,jumping,10367,1.599e-05,4.2
3609,groups,10365,1.598e-05,4.2
3610,exhausted,10362,1.598e-05,4.2
3611,testify,10361,1.598e-05,4.2
3612,studied,10355,1.597e-05,4.2
3613,walker,10355,1.597e-05,4.2
3614,pin,10355,1.597e-05,4.2
3615,imagined,10353,1.597e-05,4.2
3616,drill,10349,1.596e-05,4.2
3617,investigating,10348,1.596e-05,4.2
3618,ye,10344,1.595e-05,4.2
3619,experienced,10323,1.592e-05,4.2
3620,elena,10323,1.592e-05,4.2
3621,necklace,10321,1.592e-05,4.2
3622,loyalty,10321,1.592e-05,4.2
3623,junk,10313,1.59e-05,4.2
3624,cole,10307,1.589e-05,4.2
3625,cries,10306,1.589e-05,4.2
3626,stanley,10305,1.589e-05,4.2
3627,rita,10304,1.589e-05,4.2
3628,southern,10300,1.588e-05,4.2
3629,blocks,10290,1.587e-05,4.2
3630,emotions,10289,1.587e-05,4.2
3631,begun,10285,1.586e-05,4.2
3632,maya,10285,1.586e-05,4.2
3633,liver,10281,1.585e-05,4.2
3634,serving,10281,1.585e-05,4.2
3635,matches,10279,1.585e-05,4.2
3636,surgeon,10278,1.585e-05,4.2
3637,granted,10275,1.584e-05,4.2
3638,jazz,10272,1.584e-05,4.2
3639,july,10271,1.584e-05,4.2
3640,supplies,10271,1.584e-05,4.2
3641,deeper,10270,1.584e-05,4.2
3642,typical,10266,1.583e-05,4.2
3643,kicking,10265,1.583e-05,4.2
3644,obey,10262,1.582e-05,4.2
3645,dancer,10251,1.581e-05,4.2
3646,remote,10235,1.578e-05,4.2
3647,daughters,10230,1.578e-05,4.2
3648,moron,10229,1.577e-05,4.2
3649,latin,10223,1.576e-05,4.2
3650,teachers,10214,1.575e-05,4.2
3651,toby,10209,1.574e-05,4.2
3652,sandy,10207,1.574e-05,4.2
3653,dragged,10206,1.574e-05,4.2
3654,strategy,10205,1.574e-05,4.2
3655,parent,10204,1.574e-05,4.2
3656,jin,10200,1.573e-05,4.2
3657,album,10199,1.573e-05,4.2
3658,compared,10181,1.57e-05,4.2
3659,rubbish,10181,1.57e-05,4.2
3660,helpful,10173,1.569e-05,4.2
3661,powder,10172,1.569e-05,4.2
3662,sync,10168,1.568e-05,4.2
3663,bum,10165,1.568e-05,4.2
3664,passes,10162,1.567e-05,4.2
3665,joan,10153,1.566e-05,4.19
3666,fort,10152,1.566e-05,4.19
3667,choices,10148,1.565e-05,4.19
3668,alley,10145,1.564e-05,4.19
3669,supper,10144,1.564e-05,4.19
3670,penis,10143,1.564e-05,4.19
3671,alibi,10141,1.564e-05,4.19
3672,sammy,10138,1.563e-05,4.19
3673,pole,10136,1.563e-05,4.19
3674,coke,10133,1.563e-05,4.19
3675,scientist,10126,1.562e-05,4.19
3676,fighter,10121,1.561e-05,4.19
3677,highway,10103,1.558e-05,4.19
3678,blade,10100,1.558e-05,4.19
3679,alpha,10093,1.556e-05,4.19
3680,diet,10092,1.556e-05,4.19
3681,liquor,10090,1.556e-05,4.19
3682,jet,10082,1.555e-05,4.19
3683,widow,10080,1.554e-05,4.19
3684,liberty,10080,1.554e-05,4.19
3685,philip,10080,1.554e-05,4.19
3686,moral,10077,1.554e-05,4.19
3687,carrie,10062,1.552e-05,4.19
3688,award,10055,1.551e-05,4.19
3689,grief,10054,1.55e-05,4.19
3690,thirsty,10053,1.55e-05,4.19
3691,ashley,10047,1.549e-05,4.19
3692,random,10039,1.548e-05,4.19
3693,suspects,10038,1.548e-05,4.19
3694,intention,10035,1.547e-05,4.19
3695,julian,10026,1.546e-05,4.19
3696,active,10024,1.546e-05,4.19
3697,tools,10020,1.545e-05,4.19
3698,driven,10014,1.544e-05,4.19
3699,trauma,10014,1.544e-05,4.19
3700,headache,10008,1.543e-05,4.19
3701,safely,10001,1.542e-05,4.19
3702,alexander,10001,1.542e-05,4.19
3703,knee,10000,1.542e-05,4.19
3704,lads,9999,1.542e-05,4.19
3705,novel,9997,1.542e-05,4.19
3706,conversations,9995,1.541e-05,4.19
3707,waters,9992,1.541e-05,4.19
3708,lookin,9991,1.541e-05,4.19
3709,invisible,9991,1.541e-05,4.19
3710,internal,9988,1.54e-05,4.19
3711,peaceful,9987,1.54e-05,4.19
3712,humming,9986,1.54e-05,4.19
3713,washed,9985,1.54e-05,4.19
3714,drives,9981,1.539e-05,4.19
3715,talented,9970,1.537e-05,4.19
3716,li,9969,1.537e-05,4.19
3717,aid,9965,1.537e-05,4.19
3718,elephant,9951,1.535e-05,4.19
3719,troubles,9940,1.533e-05,4.19
3720,core,9939,1.533e-05,4.19
3721,serial,9936,1.532e-05,4.19
3722,painted,9934,1.532e-05,4.19
3723,divine,9926,1.531e-05,4.18
3724,jam,9923,1.53e-05,4.18
3725,goat,9922,1.53e-05,4.18
3726,opera,9918,1.529e-05,4.18
3727,thieves,9915,1.529e-05,4.18
3728,guessing,9912,1.529e-05,4.18
3729,objection,9894,1.526e-05,4.18
3730,whiskey,9893,1.526e-05,4.18
3731,florida,9889,1.525e-05,4.18
3732,resistance,9888,1.525e-05,4.18
3733,dressing,9887,1.525e-05,4.18
3734,attached,9884,1.524e-05,4.18
3735,aaron,9883,1.524e-05,4.18
3736,brief,9876,1.523e-05,4.18
3737,punish,9876,1.523e-05,4.18
3738,eternal,9873,1.523e-05,4.18
3739,lois,9872,1.522e-05,4.18
3740,required,9862,1.521e-05,4.18
3741,victoria,9858,1.52e-05,4.18
3742,fabulous,9853,1.519e-05,4.18
3743,twins,9850,1.519e-05,4.18
3744,characters,9847,1.518e-05,4.18
3745,cooked,9846,1.518e-05,4.18
3746,ln,9844,1.518e-05,4.18
3747,ruth,9836,1.517e-05,4.18
3748,dreamed,9835,1.517e-05,4.18
3749,arts,9831,1.516e-05,4.18
3750,naughty,9829,1.516e-05,4.18
3751,stabbed,9824,1.515e-05,4.18
3752,tend,9824,1.515e-05,4.18
3753,diane,9819,1.514e-05,4.18
3754,tap,9813,1.513e-05,4.18
3755,soap,9811,1.513e-05,4.18
3756,locker,9803,1.512e-05,4.18
3757,development,9803,1.512e-05,4.18
3758,images,9802,1.512e-05,4.18
3759,prick,9801,1.511e-05,4.18
3760,global,9793,1.51e-05,4.18
3761,string,9786,1.509e-05,4.18
3762,bitter,9785,1.509e-05,4.18
3763,sharing,9785,1.509e-05,4.18
3764,corn,9781,1.508e-05,4.18
3765,craig,9781,1.508e-05,4.18
3766,fits,9779,1.508e-05,4.18
3767,tent,9777,1.508e-05,4.18
3768,forms,9776,1.508e-05,4.18
3769,votes,9774,1.507e-05,4.18
3770,harold,9771,1.507e-05,4.18
3771,propose,9771,1.507e-05,4.18
3772,monica,9766,1.506e-05,4.18
3773,constantly,9765,1.506e-05,4.18
3774,granny,9765,1.506e-05,4.18
3775,nicely,9761,1.505e-05,4.18
3776,nerves,9761,1.505e-05,4.18
3777,arguing,9761,1.505e-05,4.18
3778,abuse,9756,1.504e-05,4.18
3779,relatives,9754,1.504e-05,4.18
3780,survival,9752,1.504e-05,4.18
3781,gloves,9750,1.504e-05,4.18
3782,tracking,9747,1.503e-05,4.18
3783,zoe,9744,1.503e-05,4.18
3784,bend,9739,1.502e-05,4.18
3785,review,9732,1.501e-05,4.18
3786,connect,9723,1.499e-05,4.18
3787,separated,9723,1.499e-05,4.18
3788,elder,9722,1.499e-05,4.18
3789,beard,9718,1.499e-05,4.18
3790,admiral,9717,1.498e-05,4.18
3791,diana,9717,1.498e-05,4.18
3792,salary,9710,1.497e-05,4.18
3793,areas,9709,1.497e-05,4.18
3794,disturb,9707,1.497e-05,4.18
3795,pro,9706,1.497e-05,4.18
3796,maintain,9704,1.496e-05,4.17
3797,solved,9703,1.496e-05,4.17
3798,wealth,9699,1.496e-05,4.17
3799,bitches,9695,1.495e-05,4.17
3800,possession,9686,1.494e-05,4.17
3801,sang,9686,1.494e-05,4.17
3802,gimme,9685,1.494e-05,4.17
3803,plates,9684,1.493e-05,4.17
3804,shoulders,9683,1.493e-05,4.17
3805,burnt,9678,1.492e-05,4.17
3806,recorded,9676,1.492e-05,4.17
3807,upper,9674,1.492e-05,4.17
3808,counts,9673,1.492e-05,4.17
3809,tale,9672,1.492e-05,4.17
3810,profit,9672,1.492e-05,4.17
3811,colleague,9669,1.491e-05,4.17
3812,warehouse,9667,1.491e-05,4.17
3813,hostage,9667,1.491e-05,4.17
3814,shore,9666,1.491e-05,4.17
3815,porn,9665,1.49e-05,4.17
3816,miami,9663,1.49e-05,4.17
3817,fifteen,9662,1.49e-05,4.17
3818,visitors,9662,1.49e-05,4.17
3819,bo,9661,1.49e-05,4.17
3820,net,9660,1.49e-05,4.17
3821,insult,9659,1.49e-05,4.17
3822,owen,9658,1.489e-05,4.17
3823,cities,9655,1.489e-05,4.17
3824,causing,9655,1.489e-05,4.17
3825,lemon,9653,1.489e-05,4.17
3826,heal,9653,1.489e-05,4.17
3827,banging,9652,1.488e-05,4.17
3828,honeymoon,9650,1.488e-05,4.17
3829,appeal,9647,1.488e-05,4.17
3830,marshall,9644,1.487e-05,4.17
3831,critical,9636,1.486e-05,4.17
3832,creating,9636,1.486e-05,4.17
3833,scotland,9635,1.486e-05,4.17
3834,crane,9625,1.484e-05,4.17
3835,enormous,9624,1.484e-05,4.17
3836,testimony,9624,1.484e-05,4.17
3837,praise,9619,1.483e-05,4.17
3838,fights,9619,1.483e-05,4.17
3839,indians,9616,1.483e-05,4.17
3840,commission,9616,1.483e-05,4.17
3841,growls,9614,1.483e-05,4.17
3842,nicole,9611,1.482e-05,4.17
3843,sins,9604,1.481e-05,4.17
3844,fraud,9599,1.48e-05,4.17
3845,branch,9598,1.48e-05,4.17
3846,happily,9592,1.479e-05,4.17
3847,bout,9588,1.479e-05,4.17
3848,covering,9576,1.477e-05,4.17
3849,occurred,9568,1.475e-05,4.17
3850,beans,9553,1.473e-05,4.17
3851,raw,9552,1.473e-05,4.17
3852,muscle,9544,1.472e-05,4.17
3853,pages,9543,1.472e-05,4.17
3854,tense,9542,1.471e-05,4.17
3855,relationships,9541,1.471e-05,4.17
3856,management,9540,1.471e-05,4.17
3857,assignment,9538,1.471e-05,4.17
3858,blonde,9536,1.471e-05,4.17
3859,catching,9534,1.47e-05,4.17
3860,exposed,9534,1.47e-05,4.17
3861,canada,9533,1.47e-05,4.17
3862,dont,9523,1.469e-05,4.17
3863,han,9522,1.468e-05,4.17
3864,von,9519,1.468e-05,4.17
3865,comedy,9514,1.467e-05,4.17
3866,marco,9511,1.467e-05,4.17
3867,stroke,9508,1.466e-05,4.17
3868,whistling,9506,1.466e-05,4.17
3869,buildings,9504,1.466e-05,4.17
3870,shaking,9503,1.465e-05,4.17
3871,facility,9502,1.465e-05,4.17
3872,appropriate,9500,1.465e-05,4.17
3873,remarkable,9499,1.465e-05,4.17
3874,transferred,9494,1.464e-05,4.17
3875,drawn,9493,1.464e-05,4.17
3876,tits,9493,1.464e-05,4.17
3877,clicking,9492,1.464e-05,4.17
3878,symbol,9490,1.463e-05,4.17
3879,motor,9489,1.463e-05,4.17
3880,employees,9481,1.462e-05,4.16
3881,ambassador,9480,1.462e-05,4.16
3882,mothers,9479,1.462e-05,4.16
3883,pile,9476,1.461e-05,4.16
3884,feeding,9476,1.461e-05,4.16
3885,soda,9472,1.461e-05,4.16
3886,checks,9469,1.46e-05,4.16
3887,bears,9466,1.46e-05,4.16
3888,cookies,9466,1.46e-05,4.16
3889,slut,9463,1.459e-05,4.16
3890,awfully,9457,1.458e-05,4.16
3891,stepped,9454,1.458e-05,4.16
3892,toys,9454,1.458e-05,4.16
3893,levels,9454,1.458e-05,4.16
3894,differently,9453,1.458e-05,4.16
3895,magnificent,9453,1.458e-05,4.16
3896,steak,9450,1.457e-05,4.16
3897,tube,9449,1.457e-05,4.16
3898,leaders,9449,1.457e-05,4.16
3899,superior,9444,1.456e-05,4.16
3900,herr,9443,1.456e-05,4.16
3901,pan,9442,1.456e-05,4.16
3902,expression,9438,1.455e-05,4.16
3903,currently,9421,1.453e-05,4.16
3904,throne,9410,1.451e-05,4.16
3905,deadly,9410,1.451e-05,4.16
3906,bee,9409,1.451e-05,4.16
3907,tooth,9408,1.451e-05,4.16
3908,depressed,9400,1.45e-05,4.16
3909,potatoes,9398,1.449e-05,4.16
3910,wicked,9391,1.448e-05,4.16
3911,resources,9388,1.448e-05,4.16
3912,native,9386,1.447e-05,4.16
3913,centuries,9384,1.447e-05,4.16
3914,karl,9383,1.447e-05,4.16
3915,poetry,9374,1.446e-05,4.16
3916,multiple,9370,1.445e-05,4.16
3917,cable,9369,1.445e-05,4.16
3918,shortly,9364,1.444e-05,4.16
3919,buzz,9363,1.444e-05,4.16
3920,socks,9361,1.444e-05,4.16
3921,fingerprints,9361,1.444e-05,4.16
3922,goddess,9359,1.443e-05,4.16
3923,chin,9359,1.443e-05,4.16
3924,anxious,9354,1.442e-05,4.16
3925,september,9351,1.442e-05,4.16
3926,colors,9351,1.442e-05,4.16
3927,basketball,9350,1.442e-05,4.16
3928,promises,9347,1.441e-05,4.16
3929,explained,9346,1.441e-05,4.16
3930,appearance,9341,1.44e-05,4.16
3931,musical,9325,1.438e-05,4.16
3932,sends,9325,1.438e-05,4.16
3933,slide,9324,1.438e-05,4.16
3934,aii,9323,1.438e-05,4.16
3935,shawn,9321,1.437e-05,4.16
3936,ultimate,9313,1.436e-05,4.16
3937,pork,9308,1.435e-05,4.16
3938,communication,9307,1.435e-05,4.16
3939,payment,9305,1.435e-05,4.16
3940,structure,9302,1.434e-05,4.16
3941,paperwork,9301,1.434e-05,4.16
3942,obsessed,9298,1.434e-05,4.16
3943,lazy,9297,1.434e-05,4.16
3944,russians,9294,1.433e-05,4.16
3945,actors,9292,1.433e-05,4.16
3946,squeeze,9291,1.433e-05,4.16
3947,magical,9287,1.432e-05,4.16
3948,colleagues,9282,1.431e-05,4.16
3949,admire,9273,1.43e-05,4.16
3950,madness,9271,1.43e-05,4.16
3951,roads,9270,1.43e-05,4.16
3952,entry,9269,1.429e-05,4.16
3953,injury,9265,1.429e-05,4.16
3954,burden,9262,1.428e-05,4.15
3955,racing,9262,1.428e-05,4.15
3956,manner,9260,1.428e-05,4.15
3957,freezing,9255,1.427e-05,4.15
3958,bits,9246,1.426e-05,4.15
3959,norman,9245,1.426e-05,4.15
3960,mount,9239,1.425e-05,4.15
3961,battery,9237,1.424e-05,4.15
3962,dessert,9237,1.424e-05,4.15
3963,pound,9235,1.424e-05,4.15
3964,visited,9233,1.424e-05,4.15
3965,motel,9233,1.424e-05,4.15
3966,rumbling,9232,1.424e-05,4.15
3967,cinema,9230,1.423e-05,4.15
3968,fond,9227,1.423e-05,4.15
3969,halfway,9225,1.423e-05,4.15
3970,rifle,9221,1.422e-05,4.15
3971,reception,9216,1.421e-05,4.15
3972,statue,9214,1.421e-05,4.15
3973,fridge,9213,1.421e-05,4.15
3974,brick,9209,1.42e-05,4.15
3975,abandon,9208,1.42e-05,4.15
3976,lap,9207,1.42e-05,4.15
3977,natalie,9194,1.418e-05,4.15
3978,wars,9192,1.417e-05,4.15
3979,recommend,9188,1.417e-05,4.15
3980,brush,9186,1.417e-05,4.15
3981,nelson,9184,1.416e-05,4.15
3982,pill,9181,1.416e-05,4.15
3983,concept,9181,1.416e-05,4.15
3984,delay,9179,1.415e-05,4.15
3985,quarters,9178,1.415e-05,4.15
3986,korea,9178,1.415e-05,4.15
3987,janet,9176,1.415e-05,4.15
3988,rub,9168,1.414e-05,4.15
3989,mall,9166,1.413e-05,4.15
3990,soil,9166,1.413e-05,4.15
3991,complaint,9162,1.413e-05,4.15
3992,sail,9160,1.413e-05,4.15
3993,baker,9155,1.412e-05,4.15
3994,coughs,9145,1.41e-05,4.15
3995,bucket,9143,1.41e-05,4.15
3996,description,9140,1.409e-05,4.15
3997,badge,9133,1.408e-05,4.15
3998,measure,9133,1.408e-05,4.15
3999,hip,9131,1.408e-05,4.15
4000,function,9130,1.408e-05,4.15
4001,indistinctly,9127,1.407e-05,4.15
4002,harris,9124,1.407e-05,4.15
4003,foundation,9122,1.407e-05,4.15
4004,labor,9117,1.406e-05,4.15
4005,willie,9117,1.406e-05,4.15
4006,waiter,9109,1.405e-05,4.15
4007,homeless,9106,1.404e-05,4.15
4008,proved,9104,1.404e-05,4.15
4009,unfortunate,9101,1.403e-05,4.15
4010,log,9100,1.403e-05,4.15
4011,meetings,9099,1.403e-05,4.15
4012,giggles,9098,1.403e-05,4.15
4013,combat,9092,1.402e-05,4.15
4014,poem,9092,1.402e-05,4.15
4015,polish,9090,1.402e-05,4.15
4016,handed,9089,1.402e-05,4.15
4017,mia,9086,1.401e-05,4.15
4018,weed,9084,1.401e-05,4.15
4019,raymond,9076,1.4e-05,4.15
4020,tons,9075,1.399e-05,4.15
4021,satellite,9059,1.397e-05,4.15
4022,jersey,9059,1.397e-05,4.15
4023,eagle,9058,1.397e-05,4.15
4024,privacy,9058,1.397e-05,4.15
4025,chapter,9056,1.397e-05,4.15
4026,treating,9054,1.396e-05,4.14
4027,wisdom,9047,1.395e-05,4.14
4028,flip,9047,1.395e-05,4.14
4029,entering,9047,1.395e-05,4.14
4030,barn,9047,1.395e-05,4.14
4031,farmer,9046,1.395e-05,4.14
4032,clan,9045,1.395e-05,4.14
4033,budget,9026,1.392e-05,4.14
4034,pub,9026,1.392e-05,4.14
4035,temporary,9025,1.392e-05,4.14
4036,effective,9022,1.391e-05,4.14
4037,sonny,9017,1.391e-05,4.14
4038,wendy,9013,1.39e-05,4.14
4039,juan,9011,1.39e-05,4.14
4040,lamb,9011,1.39e-05,4.14
4041,plot,9006,1.389e-05,4.14
4042,riley,9001,1.388e-05,4.14
4043,proposal,8992,1.387e-05,4.14
4044,sticks,8989,1.386e-05,4.14
4045,searched,8988,1.386e-05,4.14
4046,blessing,8982,1.385e-05,4.14
4047,rage,8981,1.385e-05,4.14
4048,bothered,8977,1.384e-05,4.14
4049,sydney,8976,1.384e-05,4.14
4050,basis,8975,1.384e-05,4.14
4051,manners,8973,1.384e-05,4.14
4052,recover,8972,1.384e-05,4.14
4053,twist,8971,1.383e-05,4.14
4054,neil,8967,1.383e-05,4.14
4055,leak,8964,1.382e-05,4.14
4056,item,8963,1.382e-05,4.14
4057,catholic,8955,1.381e-05,4.14
4058,sighing,8952,1.38e-05,4.14
4059,retired,8951,1.38e-05,4.14
4060,kings,8944,1.379e-05,4.14
4061,inner,8942,1.379e-05,4.14
4062,cents,8941,1.379e-05,4.14
4063,affect,8941,1.379e-05,4.14
4064,forbidden,8938,1.378e-05,4.14
4065,patch,8938,1.378e-05,4.14
4066,drops,8934,1.378e-05,4.14
4067,necessarily,8933,1.378e-05,4.14
4068,provided,8929,1.377e-05,4.14
4069,meters,8928,1.377e-05,4.14
4070,booked,8926,1.376e-05,4.14
4071,returns,8924,1.376e-05,4.14
4072,gloria,8921,1.376e-05,4.14
4073,fires,8921,1.376e-05,4.14
4074,humor,8919,1.375e-05,4.14
4075,torn,8908,1.374e-05,4.14
4076,rocky,8902,1.373e-05,4.14
4077,introduced,8900,1.372e-05,4.14
4078,creative,8898,1.372e-05,4.14
4079,betray,8895,1.372e-05,4.14
4080,soviet,8894,1.372e-05,4.14
4081,various,8893,1.371e-05,4.14
4082,added,8891,1.371e-05,4.14
4083,discovery,8890,1.371e-05,4.14
4084,cowboy,8890,1.371e-05,4.14
4085,suspected,8878,1.369e-05,4.14
4086,suggested,8874,1.368e-05,4.14
4087,delighted,8873,1.368e-05,4.14
4088,sticking,8873,1.368e-05,4.14
4089,dive,8872,1.368e-05,4.14
4090,shane,8870,1.368e-05,4.14
4091,radar,8868,1.368e-05,4.14
4092,prosecutor,8868,1.368e-05,4.14
4093,amber,8866,1.367e-05,4.14
4094,vast,8866,1.367e-05,4.14
4095,quinn,8864,1.367e-05,4.14
4096,owned,8858,1.366e-05,4.14
4097,cookie,8853,1.365e-05,4.14
4098,finest,8852,1.365e-05,4.14
4099,felix,8852,1.365e-05,4.14
4100,pump,8846,1.364e-05,4.13
4101,valentine,8845,1.364e-05,4.13
4102,counter,8839,1.363e-05,4.13
4103,sorts,8835,1.362e-05,4.13
4104,coin,8830,1.362e-05,4.13
4105,warren,8829,1.362e-05,4.13
4106,slaves,8828,1.361e-05,4.13
4107,marine,8827,1.361e-05,4.13
4108,illness,8825,1.361e-05,4.13
4109,sack,8822,1.36e-05,4.13
4110,bid,8821,1.36e-05,4.13
4111,require,8819,1.36e-05,4.13
4112,moscow,8819,1.36e-05,4.13
4113,largest,8817,1.36e-05,4.13
4114,washing,8817,1.36e-05,4.13
4115,achieve,8816,1.36e-05,4.13
4116,causes,8812,1.359e-05,4.13
4117,mo,8810,1.359e-05,4.13
4118,dope,8809,1.358e-05,4.13
4119,nest,8803,1.358e-05,4.13
4120,palm,8801,1.357e-05,4.13
4121,logan,8799,1.357e-05,4.13
4122,constant,8796,1.356e-05,4.13
4123,boo,8795,1.356e-05,4.13
4124,medication,8789,1.355e-05,4.13
4125,gravity,8781,1.354e-05,4.13
4126,booze,8781,1.354e-05,4.13
4127,noah,8779,1.354e-05,4.13
4128,evan,8778,1.354e-05,4.13
4129,abroad,8778,1.354e-05,4.13
4130,christine,8775,1.353e-05,4.13
4131,rising,8769,1.352e-05,4.13
4132,analysis,8765,1.352e-05,4.13
4133,cuts,8764,1.351e-05,4.13
4134,eats,8763,1.351e-05,4.13
4135,employee,8759,1.351e-05,4.13
4136,vodka,8757,1.35e-05,4.13
4137,damaged,8754,1.35e-05,4.13
4138,solar,8753,1.35e-05,4.13
4139,height,8753,1.35e-05,4.13
4140,pops,8753,1.35e-05,4.13
4141,yards,8749,1.349e-05,4.13
4142,terrified,8744,1.348e-05,4.13
4143,suitcase,8738,1.347e-05,4.13
4144,chemical,8730,1.346e-05,4.13
4145,preparing,8724,1.345e-05,4.13
4146,advanced,8719,1.345e-05,4.13
4147,fund,8719,1.345e-05,4.13
4148,wears,8715,1.344e-05,4.13
4149,chirping,8714,1.344e-05,4.13
4150,web,8698,1.341e-05,4.13
4151,phase,8690,1.34e-05,4.13
4152,prom,8687,1.34e-05,4.13
4153,suggesting,8686,1.339e-05,4.13
4154,fleet,8685,1.339e-05,4.13
4155,lame,8681,1.339e-05,4.13
4156,irish,8678,1.338e-05,4.13
4157,editor,8675,1.338e-05,4.13
4158,october,8672,1.337e-05,4.13
4159,assumed,8669,1.337e-05,4.13
4160,whip,8668,1.337e-05,4.13
4161,mel,8664,1.336e-05,4.13
4162,region,8664,1.336e-05,4.13
4163,amongst,8659,1.335e-05,4.13
4164,temper,8657,1.335e-05,4.13
4165,discussion,8656,1.335e-05,4.13
4166,engines,8653,1.334e-05,4.13
4167,operate,8647,1.333e-05,4.12
4168,sunshine,8645,1.333e-05,4.12
4169,acted,8641,1.333e-05,4.12
4170,undercover,8638,1.332e-05,4.12
4171,horror,8635,1.332e-05,4.12
4172,tested,8631,1.331e-05,4.12
4173,smash,8631,1.331e-05,4.12
4174,contrary,8629,1.331e-05,4.12
4175,roses,8627,1.33e-05,4.12
4176,poker,8624,1.33e-05,4.12
4177,wrapped,8624,1.33e-05,4.12
4178,korean,8622,1.33e-05,4.12
4179,graham,8620,1.329e-05,4.12
4180,mi,8618,1.329e-05,4.12
4181,fu,8617,1.329e-05,4.12
4182,ivan,8613,1.328e-05,4.12
4183,focused,8612,1.328e-05,4.12
4184,liam,8611,1.328e-05,4.12
4185,tragic,8607,1.327e-05,4.12
4186,carla,8604,1.327e-05,4.12
4187,demons,8596,1.326e-05,4.12
4188,rounds,8595,1.325e-05,4.12
4189,entertainment,8594,1.325e-05,4.12
4190,gathered,8592,1.325e-05,4.12
4191,uhh,8591,1.325e-05,4.12
4192,yells,8590,1.325e-05,4.12
4193,lincoln,8590,1.325e-05,4.12
4194,crossing,8585,1.324e-05,4.12
4195,blanket,8580,1.323e-05,4.12
4196,nut,8577,1.323e-05,4.12
4197,travis,8576,1.322e-05,4.12
4198,pockets,8576,1.322e-05,4.12
4199,limited,8575,1.322e-05,4.12
4200,paintings,8569,1.321e-05,4.12
4201,sober,8569,1.321e-05,4.12
4202,caesar,8567,1.321e-05,4.12
4203,sis,8566,1.321e-05,4.12
4204,intended,8563,1.32e-05,4.12
4205,niece,8561,1.32e-05,4.12
4206,computers,8561,1.32e-05,4.12
4207,tennis,8551,1.319e-05,4.12
4208,needle,8546,1.318e-05,4.12
4209,chicks,8545,1.318e-05,4.12
4210,traditional,8545,1.318e-05,4.12
4211,delicate,8544,1.318e-05,4.12
4212,independent,8539,1.317e-05,4.12
4213,leslie,8534,1.316e-05,4.12
4214,lauren,8528,1.315e-05,4.12
4215,grandson,8524,1.314e-05,4.12
4216,repair,8522,1.314e-05,4.12
4217,brandon,8518,1.314e-05,4.12
4218,executive,8515,1.313e-05,4.12
4219,colin,8513,1.313e-05,4.12
4220,recognized,8510,1.312e-05,4.12
4221,holmes,8509,1.312e-05,4.12
4222,regarding,8508,1.312e-05,4.12
4223,weakness,8507,1.312e-05,4.12
4224,aliens,8506,1.312e-05,4.12
4225,gunshots,8505,1.312e-05,4.12
4226,european,8504,1.311e-05,4.12
4227,method,8503,1.311e-05,4.12
4228,tool,8496,1.31e-05,4.12
4229,demands,8492,1.31e-05,4.12
4230,permit,8491,1.309e-05,4.12
4231,towel,8491,1.309e-05,4.12
4232,daisy,8489,1.309e-05,4.12
4233,nowadays,8488,1.309e-05,4.12
4234,spider,8488,1.309e-05,4.12
4235,northern,8488,1.309e-05,4.12
4236,rangers,8484,1.308e-05,4.12
4237,zoo,8483,1.308e-05,4.12
4238,praying,8477,1.307e-05,4.12
4239,antonio,8477,1.307e-05,4.12
4240,passengers,8474,1.307e-05,4.12
4241,con,8473,1.307e-05,4.12
4242,australia,8472,1.306e-05,4.12
4243,technique,8469,1.306e-05,4.12
4244,cellphone,8464,1.305e-05,4.12
4245,gently,8463,1.305e-05,4.12
4246,operations,8461,1.305e-05,4.12
4247,planes,8460,1.305e-05,4.12
4248,bunny,8457,1.304e-05,4.12
4249,gunfire,8452,1.303e-05,4.11
4250,shining,8451,1.303e-05,4.11
4251,backwards,8448,1.303e-05,4.11
4252,skill,8447,1.303e-05,4.11
4253,baron,8441,1.302e-05,4.11
4254,kidnapping,8437,1.301e-05,4.11
4255,iike,8435,1.301e-05,4.11
4256,marshal,8433,1.3e-05,4.11
4257,petty,8431,1.3e-05,4.11
4258,sealed,8428,1.3e-05,4.11
4259,massage,8424,1.299e-05,4.11
4260,raising,8423,1.299e-05,4.11
4261,menu,8423,1.299e-05,4.11
4262,diary,8423,1.299e-05,4.11
4263,fucker,8421,1.299e-05,4.11
4264,wagon,8420,1.298e-05,4.11
4265,audition,8417,1.298e-05,4.11
4266,mitch,8417,1.298e-05,4.11
4267,mexican,8416,1.298e-05,4.11
4268,casino,8413,1.297e-05,4.11
4269,bacon,8411,1.297e-05,4.11
4270,diego,8408,1.297e-05,4.11
4271,dutch,8403,1.296e-05,4.11
4272,promotion,8402,1.296e-05,4.11
4273,click,8401,1.296e-05,4.11
4274,forgiveness,8399,1.295e-05,4.11
4275,burst,8398,1.295e-05,4.11
4276,permanent,8395,1.295e-05,4.11
4277,interfere,8394,1.294e-05,4.11
4278,chanting,8391,1.294e-05,4.11
4279,dammit,8389,1.294e-05,4.11
4280,spencer,8387,1.293e-05,4.11
4281,recovered,8386,1.293e-05,4.11
4282,registered,8379,1.292e-05,4.11
4283,sunny,8377,1.292e-05,4.11
4284,packing,8376,1.292e-05,4.11
4285,scenes,8376,1.292e-05,4.11
4286,superman,8375,1.292e-05,4.11
4287,questioning,8373,1.291e-05,4.11
4288,unfair,8369,1.291e-05,4.11
4289,admitted,8368,1.29e-05,4.11
4290,ancestors,8368,1.29e-05,4.11
4291,polite,8368,1.29e-05,4.11
4292,completed,8357,1.289e-05,4.11
4293,swallow,8357,1.289e-05,4.11
4294,conduct,8352,1.288e-05,4.11
4295,prayers,8348,1.287e-05,4.11
4296,sheet,8346,1.287e-05,4.11
4297,fried,8345,1.287e-05,4.11
4298,avenue,8333,1.285e-05,4.11
4299,poisoned,8332,1.285e-05,4.11
4300,reverse,8324,1.284e-05,4.11
4301,newspapers,8321,1.283e-05,4.11
4302,ford,8320,1.283e-05,4.11
4303,complaining,8315,1.282e-05,4.11
4304,senses,8313,1.282e-05,4.11
4305,investment,8308,1.281e-05,4.11
4306,absurd,8303,1.28e-05,4.11
4307,potato,8297,1.279e-05,4.11
4308,understands,8295,1.279e-05,4.11
4309,grows,8294,1.279e-05,4.11
4310,inspired,8287,1.278e-05,4.11
4311,ruby,8278,1.277e-05,4.11
4312,celebrating,8278,1.277e-05,4.11
4313,tag,8276,1.276e-05,4.11
4314,ram,8274,1.276e-05,4.11
4315,requires,8269,1.275e-05,4.11
4316,bonnie,8269,1.275e-05,4.11
4317,bugs,8268,1.275e-05,4.11
4318,leonard,8267,1.275e-05,4.11
4319,elliot,8266,1.275e-05,4.11
4320,hooked,8265,1.275e-05,4.11
4321,jill,8264,1.274e-05,4.11
4322,ranch,8263,1.274e-05,4.11
4323,safer,8257,1.273e-05,4.1
4324,worn,8256,1.273e-05,4.1
4325,crashing,8254,1.273e-05,4.1
4326,lands,8252,1.273e-05,4.1
4327,heather,8248,1.272e-05,4.1
4328,ash,8244,1.271e-05,4.1
4329,leather,8241,1.271e-05,4.1
4330,grounds,8236,1.27e-05,4.1
4331,assuming,8235,1.27e-05,4.1
4332,nails,8234,1.27e-05,4.1
4333,dana,8232,1.269e-05,4.1
4334,conspiracy,8232,1.269e-05,4.1
4335,thanksgiving,8229,1.269e-05,4.1
4336,pierre,8229,1.269e-05,4.1
4337,guardian,8218,1.267e-05,4.1
4338,rumors,8216,1.267e-05,4.1
4339,yen,8215,1.267e-05,4.1
4340,megan,8215,1.267e-05,4.1
4341,ashes,8212,1.266e-05,4.1
4342,terror,8207,1.266e-05,4.1
4343,misunderstanding,8203,1.265e-05,4.1
4344,tire,8199,1.264e-05,4.1
4345,boats,8192,1.263e-05,4.1
4346,parade,8190,1.263e-05,4.1
4347,halt,8189,1.263e-05,4.1
4348,immunity,8186,1.262e-05,4.1
4349,adults,8185,1.262e-05,4.1
4350,steam,8179,1.261e-05,4.1
4351,kang,8176,1.261e-05,4.1
4352,closely,8176,1.261e-05,4.1
4353,pearl,8175,1.261e-05,4.1
4354,soccer,8169,1.26e-05,4.1
4355,adrian,8159,1.258e-05,4.1
4356,priority,8157,1.258e-05,4.1
4357,shouts,8155,1.258e-05,4.1
4358,donald,8151,1.257e-05,4.1
4359,happier,8150,1.257e-05,4.1
4360,khan,8150,1.257e-05,4.1
4361,struggling,8148,1.256e-05,4.1
4362,root,8144,1.256e-05,4.1
4363,larger,8128,1.253e-05,4.1
4364,november,8128,1.253e-05,4.1
4365,boot,8127,1.253e-05,4.1
4366,conflict,8125,1.253e-05,4.1
4367,laughed,8125,1.253e-05,4.1
4368,debbie,8120,1.252e-05,4.1
4369,cherry,8118,1.252e-05,4.1
4370,honking,8117,1.252e-05,4.1
4371,concerns,8115,1.251e-05,4.1
4372,celebration,8115,1.251e-05,4.1
4373,sore,8113,1.251e-05,4.1
4374,unconscious,8112,1.251e-05,4.1
4375,cattle,8112,1.251e-05,4.1
4376,breasts,8109,1.25e-05,4.1
4377,fairly,8109,1.25e-05,4.1
4378,fee,8109,1.25e-05,4.1
4379,recognise,8107,1.25e-05,4.1
4380,wade,8107,1.25e-05,4.1
4381,radiation,8107,1.25e-05,4.1
4382,holidays,8107,1.25e-05,4.1
4383,raining,8107,1.25e-05,4.1
4384,forgetting,8105,1.25e-05,4.1
4385,lungs,8097,1.249e-05,4.1
4386,register,8096,1.248e-05,4.1
4387,shadows,8095,1.248e-05,4.1
4388,specifically,8092,1.248e-05,4.1
4389,sarge,8091,1.248e-05,4.1
4390,ideal,8087,1.247e-05,4.1
4391,turtle,8080,1.246e-05,4.1
4392,spoil,8079,1.246e-05,4.1
4393,deserved,8074,1.245e-05,4.1
4394,ronnie,8072,1.245e-05,4.1
4395,gina,8069,1.244e-05,4.09
4396,candidate,8068,1.244e-05,4.09
4397,lance,8068,1.244e-05,4.09
4398,types,8068,1.244e-05,4.09
4399,bloke,8066,1.244e-05,4.09
4400,explode,8064,1.244e-05,4.09
4401,immediate,8061,1.243e-05,4.09
4402,belonged,8061,1.243e-05,4.09
4403,identified,8056,1.242e-05,4.09
4404,di,8051,1.242e-05,4.09
4405,hunger,8049,1.241e-05,4.09
4406,closest,8047,1.241e-05,4.09
4407,combination,8040,1.24e-05,4.09
4408,nanny,8037,1.239e-05,4.09
4409,seth,8037,1.239e-05,4.09
4410,gabriel,8036,1.239e-05,4.09
4411,develop,8036,1.239e-05,4.09
4412,detectives,8036,1.239e-05,4.09
4413,severe,8032,1.239e-05,4.09
4414,en,8029,1.238e-05,4.09
4415,organized,8028,1.238e-05,4.09
4416,franklin,8022,1.237e-05,4.09
4417,gut,8020,1.237e-05,4.09
4418,splendid,8020,1.237e-05,4.09
4419,dismissed,8012,1.236e-05,4.09
4420,pm,8007,1.235e-05,4.09
4421,yang,8005,1.234e-05,4.09
4422,halloween,8004,1.234e-05,4.09
4423,ellie,8003,1.234e-05,4.09
4424,vulnerable,7998,1.233e-05,4.09
4425,continued,7998,1.233e-05,4.09
4426,vital,7997,1.233e-05,4.09
4427,comrades,7996,1.233e-05,4.09
4428,bureau,7996,1.233e-05,4.09
4429,drawer,7995,1.233e-05,4.09
4430,harper,7993,1.233e-05,4.09
4431,retreat,7993,1.233e-05,4.09
4432,carson,7991,1.232e-05,4.09
4433,benny,7990,1.232e-05,4.09
4434,pillow,7989,1.232e-05,4.09
4435,troy,7987,1.232e-05,4.09
4436,ace,7987,1.232e-05,4.09
4437,cart,7985,1.231e-05,4.09
4438,nap,7983,1.231e-05,4.09
4439,chan,7983,1.231e-05,4.09
4440,ham,7982,1.231e-05,4.09
4441,announce,7978,1.23e-05,4.09
4442,borrowed,7976,1.23e-05,4.09
4443,parked,7969,1.229e-05,4.09
4444,galaxy,7968,1.229e-05,4.09
4445,voted,7967,1.229e-05,4.09
4446,muffled,7967,1.229e-05,4.09
4447,sebastian,7966,1.228e-05,4.09
4448,jewelry,7964,1.228e-05,4.09
4449,kisses,7961,1.228e-05,4.09
4450,luggage,7957,1.227e-05,4.09
4451,groom,7954,1.227e-05,4.09
4452,oops,7954,1.227e-05,4.09
4453,lighter,7953,1.226e-05,4.09
4454,masters,7948,1.226e-05,4.09
4455,alliance,7944,1.225e-05,4.09
4456,buddies,7942,1.225e-05,4.09
4457,clothing,7940,1.224e-05,4.09
4458,denied,7939,1.224e-05,4.09
4459,drown,7935,1.224e-05,4.09
4460,alike,7933,1.223e-05,4.09
4461,excellency,7933,1.223e-05,4.09
4462,relative,7928,1.223e-05,4.09
4463,photographs,7925,1.222e-05,4.09
4464,burger,7924,1.222e-05,4.09
4465,dough,7923,1.222e-05,4.09
4466,alicia,7921,1.221e-05,4.09
4467,wreck,7920,1.221e-05,4.09
4468,approve,7918,1.221e-05,4.09
4469,produced,7916,1.221e-05,4.09
4470,christina,7915,1.221e-05,4.09
4471,physically,7914,1.22e-05,4.09
4472,stations,7913,1.22e-05,4.09
4473,eli,7912,1.22e-05,4.09
4474,samantha,7912,1.22e-05,4.09
4475,spiritual,7910,1.22e-05,4.09
4476,sire,7909,1.22e-05,4.09
4477,roaring,7909,1.22e-05,4.09
4478,stab,7907,1.219e-05,4.09
4479,inch,7906,1.219e-05,4.09
4480,servants,7906,1.219e-05,4.09
4481,limits,7905,1.219e-05,4.09
4482,unexpected,7899,1.218e-05,4.09
4483,arrival,7898,1.218e-05,4.09
4484,whimpering,7898,1.218e-05,4.09
4485,basket,7897,1.218e-05,4.09
4486,sheets,7895,1.217e-05,4.09
4487,scandal,7894,1.217e-05,4.09
4488,stink,7891,1.217e-05,4.09
4489,homer,7887,1.216e-05,4.08
4490,tara,7886,1.216e-05,4.08
4491,christopher,7886,1.216e-05,4.08
4492,toes,7886,1.216e-05,4.08
4493,shield,7881,1.215e-05,4.08
4494,shooter,7879,1.215e-05,4.08
4495,instant,7872,1.214e-05,4.08
4496,objects,7871,1.214e-05,4.08
4497,rehearsal,7869,1.213e-05,4.08
4498,disturbing,7868,1.213e-05,4.08
4499,directed,7864,1.213e-05,4.08
4500,scan,7861,1.212e-05,4.08
4501,electronic,7860,1.212e-05,4.08
4502,republic,7860,1.212e-05,4.08
4503,overnight,7860,1.212e-05,4.08
4504,counsel,7855,1.211e-05,4.08
4505,sirens,7854,1.211e-05,4.08
4506,dorothy,7853,1.211e-05,4.08
4507,bait,7852,1.211e-05,4.08
4508,dignity,7850,1.211e-05,4.08
4509,explains,7850,1.211e-05,4.08
4510,lean,7849,1.21e-05,4.08
4511,heroin,7848,1.21e-05,4.08
4512,tracy,7845,1.21e-05,4.08
4513,rex,7841,1.209e-05,4.08
4514,barney,7839,1.209e-05,4.08
4515,gossip,7839,1.209e-05,4.08
4516,humble,7837,1.209e-05,4.08
4517,economy,7837,1.209e-05,4.08
4518,worlds,7827,1.207e-05,4.08
4519,impress,7819,1.206e-05,4.08
4520,clara,7818,1.206e-05,4.08
4521,tissue,7818,1.206e-05,4.08
4522,threaten,7814,1.205e-05,4.08
4523,et,7814,1.205e-05,4.08
4524,bump,7813,1.205e-05,4.08
4525,supreme,7809,1.204e-05,4.08
4526,bingo,7807,1.204e-05,4.08
4527,mitchell,7806,1.204e-05,4.08
4528,excitement,7805,1.204e-05,4.08
4529,mankind,7803,1.203e-05,4.08
4530,document,7799,1.203e-05,4.08
4531,broad,7798,1.203e-05,4.08
4532,vietnam,7796,1.202e-05,4.08
4533,vessel,7796,1.202e-05,4.08
4534,lit,7794,1.202e-05,4.08
4535,dale,7794,1.202e-05,4.08
4536,killers,7790,1.201e-05,4.08
4537,connor,7790,1.201e-05,4.08
4538,mario,7787,1.201e-05,4.08
4539,foul,7784,1.2e-05,4.08
4540,stare,7782,1.2e-05,4.08
4541,deaths,7780,1.2e-05,4.08
4542,hut,7776,1.199e-05,4.08
4543,elements,7774,1.199e-05,4.08
4544,coma,7770,1.198e-05,4.08
4545,laying,7769,1.198e-05,4.08
4546,coffin,7767,1.198e-05,4.08
4547,paula,7766,1.198e-05,4.08
4548,cocaine,7765,1.197e-05,4.08
4549,puppy,7764,1.197e-05,4.08
4550,louder,7761,1.197e-05,4.08
4551,handled,7759,1.197e-05,4.08
4552,announcement,7759,1.197e-05,4.08
4553,oath,7758,1.196e-05,4.08
4554,mob,7753,1.196e-05,4.08
4555,cotton,7748,1.195e-05,4.08
4556,deposit,7747,1.195e-05,4.08
4557,taxes,7741,1.194e-05,4.08
4558,injuries,7735,1.193e-05,4.08
4559,jen,7731,1.192e-05,4.08
4560,autopsy,7728,1.192e-05,4.08
4561,advise,7727,1.192e-05,4.08
4562,gig,7723,1.191e-05,4.08
4563,lecture,7721,1.191e-05,4.08
4564,posted,7719,1.19e-05,4.08
4565,skinny,7719,1.19e-05,4.08
4566,lo,7717,1.19e-05,4.08
4567,include,7716,1.19e-05,4.08
4568,revealed,7713,1.189e-05,4.08
4569,infected,7711,1.189e-05,4.08
4570,relieved,7707,1.188e-05,4.07
4571,assistance,7707,1.188e-05,4.07
4572,solo,7703,1.188e-05,4.07
4573,determine,7695,1.187e-05,4.07
4574,terrorists,7694,1.186e-05,4.07
4575,elsewhere,7693,1.186e-05,4.07
4576,lamp,7692,1.186e-05,4.07
4577,practical,7685,1.185e-05,4.07
4578,marked,7684,1.185e-05,4.07
4579,adorable,7682,1.185e-05,4.07
4580,rubber,7682,1.185e-05,4.07
4581,purple,7681,1.184e-05,4.07
4582,operating,7681,1.184e-05,4.07
4583,suite,7680,1.184e-05,4.07
4584,apologies,7679,1.184e-05,4.07
4585,personnel,7676,1.184e-05,4.07
4586,beam,7674,1.183e-05,4.07
4587,poet,7674,1.183e-05,4.07
4588,samples,7673,1.183e-05,4.07
4589,arrow,7670,1.183e-05,4.07
4590,counselor,7670,1.183e-05,4.07
4591,carpet,7667,1.182e-05,4.07
4592,allen,7667,1.182e-05,4.07
4593,audrey,7665,1.182e-05,4.07
4594,spotted,7664,1.182e-05,4.07
4595,floating,7661,1.181e-05,4.07
4596,corrected,7648,1.179e-05,4.07
4597,located,7648,1.179e-05,4.07
4598,journalist,7646,1.179e-05,4.07
4599,insisted,7645,1.179e-05,4.07
4600,operator,7633,1.177e-05,4.07
4601,rely,7632,1.177e-05,4.07
4602,singh,7631,1.177e-05,4.07
4603,fooled,7627,1.176e-05,4.07
4604,arrives,7625,1.176e-05,4.07
4605,leon,7619,1.175e-05,4.07
4606,walt,7614,1.174e-05,4.07
4607,eastern,7614,1.174e-05,4.07
4608,ay,7613,1.174e-05,4.07
4609,shave,7607,1.173e-05,4.07
4610,remaining,7606,1.173e-05,4.07
4611,toss,7606,1.173e-05,4.07
4612,anderson,7602,1.172e-05,4.07
4613,lip,7597,1.172e-05,4.07
4614,acid,7597,1.172e-05,4.07
4615,nora,7593,1.171e-05,4.07
4616,si,7588,1.17e-05,4.07
4617,december,7586,1.17e-05,4.07
4618,anonymous,7582,1.169e-05,4.07
4619,inn,7578,1.169e-05,4.07
4620,planted,7577,1.168e-05,4.07
4621,oldest,7576,1.168e-05,4.07
4622,breast,7568,1.167e-05,4.07
4623,sixth,7566,1.167e-05,4.07
4624,error,7563,1.166e-05,4.07
4625,reporting,7562,1.166e-05,4.07
4626,egypt,7553,1.165e-05,4.07
4627,islands,7553,1.165e-05,4.07
4628,jules,7536,1.162e-05,4.07
4629,roommate,7535,1.162e-05,4.07
4630,sings,7535,1.162e-05,4.07
4631,scum,7530,1.161e-05,4.06
4632,visitor,7527,1.161e-05,4.06
4633,giggling,7525,1.16e-05,4.06
4634,described,7525,1.16e-05,4.06
4635,geez,7525,1.16e-05,4.06
4636,inches,7524,1.16e-05,4.06
4637,commitment,7523,1.16e-05,4.06
4638,hercules,7521,1.16e-05,4.06
4639,react,7521,1.16e-05,4.06
4640,cows,7517,1.159e-05,4.06
4641,protest,7517,1.159e-05,4.06
4642,misery,7513,1.159e-05,4.06
4643,theft,7510,1.158e-05,4.06
4644,embrace,7510,1.158e-05,4.06
4645,darn,7507,1.158e-05,4.06
4646,harsh,7507,1.158e-05,4.06
4647,andrea,7506,1.157e-05,4.06
4648,communicate,7505,1.157e-05,4.06
4649,fathers,7504,1.157e-05,4.06
4650,faithful,7503,1.157e-05,4.06
4651,hector,7501,1.157e-05,4.06
4652,flame,7500,1.157e-05,4.06
4653,medal,7498,1.156e-05,4.06
4654,silk,7495,1.156e-05,4.06
4655,photographer,7495,1.156e-05,4.06
4656,trevor,7493,1.155e-05,4.06
4657,cemetery,7493,1.155e-05,4.06
4658,rear,7491,1.155e-05,4.06
4659,freddy,7491,1.155e-05,4.06
4660,banana,7491,1.155e-05,4.06
4661,allison,7485,1.154e-05,4.06
4662,emotion,7482,1.154e-05,4.06
4663,chap,7480,1.153e-05,4.06
4664,dated,7478,1.153e-05,4.06
4665,excuses,7477,1.153e-05,4.06
4666,shitty,7475,1.153e-05,4.06
4667,bin,7468,1.152e-05,4.06
4668,jew,7465,1.151e-05,4.06
4669,gum,7462,1.151e-05,4.06
4670,crushed,7462,1.151e-05,4.06
4671,efforts,7459,1.15e-05,4.06
4672,content,7459,1.15e-05,4.06
4673,corporal,7450,1.149e-05,4.06
4674,realised,7449,1.149e-05,4.06
4675,del,7447,1.148e-05,4.06
4676,rap,7446,1.148e-05,4.06
4677,hopeless,7445,1.148e-05,4.06
4678,debate,7444,1.148e-05,4.06
4679,era,7442,1.148e-05,4.06
4680,luckily,7442,1.148e-05,4.06
4681,ton,7438,1.147e-05,4.06
4682,liquid,7435,1.147e-05,4.06
4683,swell,7434,1.146e-05,4.06
4684,peggy,7431,1.146e-05,4.06
4685,feast,7431,1.146e-05,4.06
4686,murphy,7430,1.146e-05,4.06
4687,attracted,7428,1.145e-05,4.06
4688,application,7420,1.144e-05,4.06
4689,profession,7420,1.144e-05,4.06
4690,bench,7419,1.144e-05,4.06
4691,vanessa,7418,1.144e-05,4.06
4692,ahem,7416,1.144e-05,4.06
4693,symptoms,7415,1.143e-05,4.06
4694,scout,7409,1.143e-05,4.06
4695,crashed,7406,1.142e-05,4.06
4696,keen,7404,1.142e-05,4.06
4697,aircraft,7395,1.14e-05,4.06
4698,formed,7394,1.14e-05,4.06
4699,hon,7387,1.139e-05,4.06
4700,aggressive,7383,1.139e-05,4.06
4701,pale,7382,1.138e-05,4.06
4702,significant,7382,1.138e-05,4.06
4703,duncan,7380,1.138e-05,4.06
4704,clubs,7379,1.138e-05,4.06
4705,visual,7379,1.138e-05,4.06
4706,embassy,7375,1.137e-05,4.06
4707,defence,7374,1.137e-05,4.06
4708,cabinet,7374,1.137e-05,4.06
4709,display,7373,1.137e-05,4.06
4710,fame,7372,1.137e-05,4.06
4711,gibbs,7369,1.136e-05,4.06
4712,drowned,7366,1.136e-05,4.06
4713,wolves,7364,1.136e-05,4.06
4714,filming,7364,1.136e-05,4.06
4715,dunno,7363,1.135e-05,4.05
4716,cursed,7360,1.135e-05,4.05
4717,twin,7358,1.135e-05,4.05
4718,sorrow,7354,1.134e-05,4.05
4719,vault,7351,1.134e-05,4.05
4720,defeated,7350,1.133e-05,4.05
4721,watson,7349,1.133e-05,4.05
4722,quote,7348,1.133e-05,4.05
4723,penalty,7347,1.133e-05,4.05
4724,bargain,7347,1.133e-05,4.05
4725,pepper,7346,1.133e-05,4.05
4726,speaker,7343,1.132e-05,4.05
4727,compare,7342,1.132e-05,4.05
4728,satan,7341,1.132e-05,4.05
4729,helmet,7341,1.132e-05,4.05
4730,scar,7339,1.132e-05,4.05
4731,copies,7335,1.131e-05,4.05
4732,fuss,7333,1.131e-05,4.05
4733,envelope,7330,1.13e-05,4.05
4734,perry,7325,1.13e-05,4.05
4735,stinks,7323,1.129e-05,4.05
4736,african,7322,1.129e-05,4.05
4737,arrangements,7321,1.129e-05,4.05
4738,wished,7318,1.129e-05,4.05
4739,honored,7316,1.128e-05,4.05
4740,believing,7311,1.127e-05,4.05
4741,discussed,7309,1.127e-05,4.05
4742,assigned,7308,1.127e-05,4.05
4743,rosa,7305,1.126e-05,4.05
4744,oven,7301,1.126e-05,4.05
4745,jenna,7299,1.126e-05,4.05
4746,attacking,7299,1.126e-05,4.05
4747,tin,7297,1.125e-05,4.05
4748,sonic,7293,1.125e-05,4.05
4749,collar,7290,1.124e-05,4.05
4750,mere,7287,1.124e-05,4.05
4751,romeo,7286,1.124e-05,4.05
4752,belief,7284,1.123e-05,4.05
4753,storage,7281,1.123e-05,4.05
4754,rusty,7276,1.122e-05,4.05
4755,psycho,7269,1.121e-05,4.05
4756,climbing,7269,1.121e-05,4.05
4757,melissa,7267,1.121e-05,4.05
4758,fears,7266,1.12e-05,4.05
4759,sum,7265,1.12e-05,4.05
4760,dedicated,7262,1.12e-05,4.05
4761,ladder,7260,1.12e-05,4.05
4762,alternative,7253,1.118e-05,4.05
4763,raid,7253,1.118e-05,4.05
4764,dining,7250,1.118e-05,4.05
4765,ms,7250,1.118e-05,4.05
4766,corporate,7248,1.118e-05,4.05
4767,folk,7245,1.117e-05,4.05
4768,jon,7243,1.117e-05,4.05
4769,replaced,7242,1.117e-05,4.05
4770,bailey,7241,1.117e-05,4.05
4771,un,7239,1.116e-05,4.05
4772,heels,7238,1.116e-05,4.05
4773,duties,7236,1.116e-05,4.05
4774,smarter,7236,1.116e-05,4.05
4775,existed,7236,1.116e-05,4.05
4776,surprising,7235,1.116e-05,4.05
4777,chess,7234,1.116e-05,4.05
4778,requested,7233,1.115e-05,4.05
4779,cruise,7226,1.114e-05,4.05
4780,primary,7225,1.114e-05,4.05
4781,rhythm,7224,1.114e-05,4.05
4782,drum,7222,1.114e-05,4.05
4783,models,7221,1.114e-05,4.05
4784,motorcycle,7221,1.114e-05,4.05
4785,adopted,7218,1.113e-05,4.05
4786,barrel,7217,1.113e-05,4.05
4787,cargo,7217,1.113e-05,4.05
4788,planets,7215,1.113e-05,4.05
4789,shove,7215,1.113e-05,4.05
4790,wha,7214,1.112e-05,4.05
4791,surprises,7208,1.112e-05,4.05
4792,rosie,7206,1.111e-05,4.05
4793,dings,7204,1.111e-05,4.05
4794,trailer,7200,1.11e-05,4.05
4795,cannon,7198,1.11e-05,4.05
4796,tables,7196,1.11e-05,4.05
4797,arse,7196,1.11e-05,4.05
4798,ally,7195,1.11e-05,4.05
4799,lawrence,7193,1.109e-05,4.04
4800,wee,7190,1.109e-05,4.04
4801,tapes,7186,1.108e-05,4.04
4802,dull,7185,1.108e-05,4.04
4803,sandra,7185,1.108e-05,4.04
4804,teenage,7184,1.108e-05,4.04
4805,kent,7183,1.108e-05,4.04
4806,cooperate,7180,1.107e-05,4.04
4807,risks,7178,1.107e-05,4.04
4808,dug,7177,1.107e-05,4.04
4809,worthless,7177,1.107e-05,4.04
4810,arriving,7175,1.106e-05,4.04
4811,kindness,7173,1.106e-05,4.04
4812,ties,7172,1.106e-05,4.04
4813,items,7171,1.106e-05,4.04
4814,grip,7167,1.105e-05,4.04
4815,relations,7164,1.105e-05,4.04
4816,rumor,7163,1.105e-05,4.04
4817,skirt,7161,1.104e-05,4.04
4818,frog,7160,1.104e-05,4.04
4819,paige,7153,1.103e-05,4.04
4820,lloyd,7151,1.103e-05,4.04
4821,claimed,7146,1.102e-05,4.04
4822,perfume,7146,1.102e-05,4.04
4823,instrumental,7146,1.102e-05,4.04
4824,flames,7145,1.102e-05,4.04
4825,association,7145,1.102e-05,4.04
4826,loses,7142,1.101e-05,4.04
4827,january,7140,1.101e-05,4.04
4828,spike,7140,1.101e-05,4.04
4829,israel,7137,1.101e-05,4.04
4830,eleven,7136,1.1e-05,4.04
4831,gallery,7134,1.1e-05,4.04
4832,ginger,7134,1.1e-05,4.04
4833,activities,7131,1.1e-05,4.04
4834,iraq,7131,1.1e-05,4.04
4835,boarding,7121,1.098e-05,4.04
4836,fist,7118,1.098e-05,4.04
4837,stuffed,7114,1.097e-05,4.04
4838,improve,7114,1.097e-05,4.04
4839,creation,7113,1.097e-05,4.04
4840,connie,7111,1.097e-05,4.04
4841,infection,7108,1.096e-05,4.04
4842,strikes,7107,1.096e-05,4.04
4843,wiped,7107,1.096e-05,4.04
4844,tension,7107,1.096e-05,4.04
4845,whistles,7105,1.096e-05,4.04
4846,kindly,7104,1.096e-05,4.04
4847,certificate,7103,1.095e-05,4.04
4848,curtis,7102,1.095e-05,4.04
4849,bold,7100,1.095e-05,4.04
4850,threats,7099,1.095e-05,4.04
4851,claudia,7099,1.095e-05,4.04
4852,sid,7095,1.094e-05,4.04
4853,twisted,7092,1.094e-05,4.04
4854,suspended,7092,1.094e-05,4.04
4855,affected,7090,1.093e-05,4.04
4856,envy,7089,1.093e-05,4.04
4857,whale,7087,1.093e-05,4.04
4858,dial,7086,1.093e-05,4.04
4859,cameron,7085,1.093e-05,4.04
4860,martial,7085,1.093e-05,4.04
4861,controlled,7084,1.092e-05,4.04
4862,lung,7084,1.092e-05,4.04
4863,nigga,7077,1.091e-05,4.04
4864,coal,7074,1.091e-05,4.04
4865,upside,7074,1.091e-05,4.04
4866,imperial,7073,1.091e-05,4.04
4867,pam,7072,1.091e-05,4.04
4868,paranoid,7063,1.089e-05,4.04
4869,signing,7061,1.089e-05,4.04
4870,congress,7060,1.089e-05,4.04
4871,villa,7056,1.088e-05,4.04
4872,candles,7055,1.088e-05,4.04
4873,filling,7055,1.088e-05,4.04
4874,becky,7053,1.088e-05,4.04
4875,comic,7053,1.088e-05,4.04
4876,faint,7053,1.088e-05,4.04
4877,recovery,7052,1.087e-05,4.04
4878,volunteer,7052,1.087e-05,4.04
4879,tech,7051,1.087e-05,4.04
4880,bleed,7050,1.087e-05,4.04
4881,positions,7050,1.087e-05,4.04
4882,cindy,7047,1.087e-05,4.04
4883,narrow,7036,1.085e-05,4.04
4884,forbid,7033,1.085e-05,4.04
4885,stuart,7032,1.084e-05,4.04
4886,perspective,7030,1.084e-05,4.04
4887,faced,7028,1.084e-05,4.04
4888,neat,7027,1.084e-05,4.04
4889,pierce,7027,1.084e-05,4.04
4890,observe,7024,1.083e-05,4.03
4891,cycle,7022,1.083e-05,4.03
4892,psychic,7022,1.083e-05,4.03
4893,handling,7022,1.083e-05,4.03
4894,goose,7019,1.082e-05,4.03
4895,accidentally,7018,1.082e-05,4.03
4896,conclusion,7018,1.082e-05,4.03
4897,designer,7017,1.082e-05,4.03
4898,sits,7016,1.082e-05,4.03
4899,importance,7014,1.082e-05,4.03
4900,spots,7006,1.08e-05,4.03
4901,francs,7004,1.08e-05,4.03
4902,sweep,7003,1.08e-05,4.03
4903,destroying,7000,1.079e-05,4.03
4904,communist,6994,1.079e-05,4.03
4905,blackmail,6988,1.078e-05,4.03
4906,pacific,6984,1.077e-05,4.03
4907,risky,6984,1.077e-05,4.03
4908,glorious,6982,1.077e-05,4.03
4909,filed,6981,1.077e-05,4.03
4910,hatred,6973,1.075e-05,4.03
4911,cam,6972,1.075e-05,4.03
4912,deals,6971,1.075e-05,4.03
4913,pos,6970,1.075e-05,4.03
4914,fooling,6967,1.074e-05,4.03
4915,persons,6965,1.074e-05,4.03
4916,scotch,6965,1.074e-05,4.03
4917,executed,6959,1.073e-05,4.03
4918,brakes,6958,1.073e-05,4.03
4919,blank,6956,1.073e-05,4.03
4920,tender,6954,1.072e-05,4.03
4921,kurt,6953,1.072e-05,4.03
4922,turner,6951,1.072e-05,4.03
4923,tub,6944,1.071e-05,4.03
4924,sucker,6939,1.07e-05,4.03
4925,slight,6937,1.07e-05,4.03
4926,addition,6933,1.069e-05,4.03
4927,campus,6931,1.069e-05,4.03
4928,ritual,6931,1.069e-05,4.03
4929,prey,6930,1.069e-05,4.03
4930,graduate,6927,1.068e-05,4.03
4931,anyways,6926,1.068e-05,4.03
4932,ew,6926,1.068e-05,4.03
4933,fry,6923,1.068e-05,4.03
4934,genuine,6921,1.067e-05,4.03
4935,ned,6918,1.067e-05,4.03
4936,judging,6915,1.066e-05,4.03
4937,doubts,6915,1.066e-05,4.03
4938,warden,6914,1.066e-05,4.03
4939,ceiling,6909,1.065e-05,4.03
4940,practicing,6904,1.065e-05,4.03
4941,somewhat,6901,1.064e-05,4.03
4942,established,6899,1.064e-05,4.03
4943,attempted,6898,1.064e-05,4.03
4944,zombie,6895,1.063e-05,4.03
4945,generations,6895,1.063e-05,4.03
4946,yöu,6891,1.063e-05,4.03
4947,gathering,6886,1.062e-05,4.03
4948,warriors,6885,1.062e-05,4.03
4949,mick,6882,1.061e-05,4.03
4950,electrical,6880,1.061e-05,4.03
4951,collins,6875,1.06e-05,4.03
4952,sobs,6875,1.06e-05,4.03
4953,couples,6872,1.06e-05,4.03
4954,depend,6872,1.06e-05,4.03
4955,institute,6870,1.059e-05,4.02
4956,miranda,6868,1.059e-05,4.02
4957,principle,6868,1.059e-05,4.02
4958,fixing,6867,1.059e-05,4.02
4959,therapist,6866,1.059e-05,4.02
4960,compete,6863,1.058e-05,4.02
4961,compliment,6859,1.058e-05,4.02
4962,worship,6858,1.058e-05,4.02
4963,residence,6855,1.057e-05,4.02
4964,democracy,6848,1.056e-05,4.02
4965,joel,6844,1.055e-05,4.02
4966,published,6843,1.055e-05,4.02
4967,myth,6843,1.055e-05,4.02
4968,helpless,6843,1.055e-05,4.02
4969,screwing,6841,1.055e-05,4.02
4970,kennedy,6836,1.054e-05,4.02
4971,execution,6833,1.054e-05,4.02
4972,appetite,6828,1.053e-05,4.02
4973,formal,6824,1.052e-05,4.02
4974,strictly,6823,1.052e-05,4.02
4975,sucked,6822,1.052e-05,4.02
4976,tanks,6821,1.052e-05,4.02
4977,chickens,6815,1.051e-05,4.02
4978,gwen,6813,1.051e-05,4.02
4979,technical,6813,1.051e-05,4.02
4980,stella,6811,1.05e-05,4.02
4981,rod,6808,1.05e-05,4.02
4982,meets,6803,1.049e-05,4.02
4983,shepherd,6803,1.049e-05,4.02
4984,brazil,6802,1.049e-05,4.02
4985,brutal,6802,1.049e-05,4.02
4986,alison,6801,1.049e-05,4.02
4987,vain,6800,1.049e-05,4.02
4988,switched,6797,1.048e-05,4.02
4989,chi,6797,1.048e-05,4.02
4990,deer,6789,1.047e-05,4.02
4991,brooklyn,6787,1.047e-05,4.02
4992,dresses,6786,1.046e-05,4.02
4993,retire,6786,1.046e-05,4.02
4994,overcome,6778,1.045e-05,4.02
4995,inspiration,6778,1.045e-05,4.02
4996,cunt,6777,1.045e-05,4.02
4997,benjamin,6777,1.045e-05,4.02
4998,nicky,6777,1.045e-05,4.02
4999,thrilled,6775,1.045e-05,4.02
5000,tae,6771,1.044e-05,4.02
5001,suggestion,6771,1.044e-05,4.02
5002,dummy,6768,1.044e-05,4.02
5003,sailor,6767,1.044e-05,4.02
5004,destination,6765,1.043e-05,4.02
5005,bass,6760,1.042e-05,4.02
5006,picnic,6760,1.042e-05,4.02
5007,assholes,6760,1.042e-05,4.02
5008,idol,6759,1.042e-05,4.02
5009,trucks,6757,1.042e-05,4.02
5010,rank,6755,1.042e-05,4.02
5011,denise,6751,1.041e-05,4.02
5012,yu,6750,1.041e-05,4.02
5013,veronica,6749,1.041e-05,4.02
5014,blocked,6747,1.04e-05,4.02
5015,strict,6747,1.04e-05,4.02
5016,hiya,6746,1.04e-05,4.02
5017,formula,6745,1.04e-05,4.02
5018,clerk,6743,1.04e-05,4.02
5019,samurai,6738,1.039e-05,4.02
5020,disturbed,6738,1.039e-05,4.02
5021,vera,6737,1.039e-05,4.02
5022,cafe,6737,1.039e-05,4.02
5023,wandering,6737,1.039e-05,4.02
5024,consciousness,6735,1.039e-05,4.02
5025,val,6731,1.038e-05,4.02
5026,nikki,6728,1.038e-05,4.02
5027,min,6721,1.036e-05,4.02
5028,bare,6720,1.036e-05,4.02
5029,hans,6717,1.036e-05,4.02
5030,caleb,6717,1.036e-05,4.02
5031,butcher,6715,1.036e-05,4.02
5032,arrangement,6715,1.036e-05,4.02
5033,chased,6714,1.035e-05,4.01
5034,ministry,6714,1.035e-05,4.01
5035,brandy,6713,1.035e-05,4.01
5036,sweater,6711,1.035e-05,4.01
5037,boobs,6711,1.035e-05,4.01
5038,locate,6706,1.034e-05,4.01
5039,apologise,6701,1.033e-05,4.01
5040,nazi,6700,1.033e-05,4.01
5041,parole,6694,1.032e-05,4.01
5042,examine,6694,1.032e-05,4.01
5043,trains,6692,1.032e-05,4.01
5044,candle,6692,1.032e-05,4.01
5045,prior,6689,1.032e-05,4.01
5046,stream,6688,1.031e-05,4.01
5047,passage,6681,1.03e-05,4.01
5048,reaching,6680,1.03e-05,4.01
5049,organ,6680,1.03e-05,4.01
5050,directions,6678,1.03e-05,4.01
5051,asses,6677,1.03e-05,4.01
5052,outer,6677,1.03e-05,4.01
5053,proves,6677,1.03e-05,4.01
5054,morris,6677,1.03e-05,4.01
5055,luxury,6673,1.029e-05,4.01
5056,pistol,6669,1.028e-05,4.01
5057,losers,6666,1.028e-05,4.01
5058,funds,6662,1.027e-05,4.01
5059,sunset,6661,1.027e-05,4.01
5060,strings,6661,1.027e-05,4.01
5061,fortunately,6660,1.027e-05,4.01
5062,gotcha,6660,1.027e-05,4.01
5063,tomb,6655,1.026e-05,4.01
5064,freddie,6654,1.026e-05,4.01
5065,engineering,6649,1.025e-05,4.01
5066,element,6645,1.025e-05,4.01
5067,balloon,6642,1.024e-05,4.01
5068,ty,6639,1.024e-05,4.01
5069,broadcast,6639,1.024e-05,4.01
5070,spray,6639,1.024e-05,4.01
5071,ninja,6637,1.023e-05,4.01
5072,eternity,6636,1.023e-05,4.01
5073,handy,6634,1.023e-05,4.01
5074,crawl,6626,1.022e-05,4.01
5075,slice,6625,1.022e-05,4.01
5076,nations,6625,1.022e-05,4.01
5077,behaviour,6624,1.021e-05,4.01
5078,pace,6620,1.021e-05,4.01
5079,stiff,6620,1.021e-05,4.01
5080,lick,6617,1.02e-05,4.01
5081,concrete,6610,1.019e-05,4.01
5082,allah,6610,1.019e-05,4.01
5083,vegetables,6608,1.019e-05,4.01
5084,euros,6606,1.019e-05,4.01
5085,sausage,6605,1.019e-05,4.01
5086,constable,6604,1.018e-05,4.01
5087,spinning,6603,1.018e-05,4.01
5088,rolls,6601,1.018e-05,4.01
5089,genetic,6597,1.017e-05,4.01
5090,loudly,6596,1.017e-05,4.01
5091,marvelous,6595,1.017e-05,4.01
5092,subway,6595,1.017e-05,4.01
5093,creep,6594,1.017e-05,4.01
5094,scheme,6590,1.016e-05,4.01
5095,performed,6584,1.015e-05,4.01
5096,plug,6583,1.015e-05,4.01
5097,rejected,6579,1.015e-05,4.01
5098,brenda,6576,1.014e-05,4.01
5099,respected,6573,1.014e-05,4.01
5100,backs,6569,1.013e-05,4.01
5101,protocol,6562,1.012e-05,4.01
5102,muscles,6555,1.011e-05,4.0
5103,kidney,6554,1.011e-05,4.0
5104,finishing,6553,1.011e-05,4.0
5105,products,6553,1.011e-05,4.0
5106,im,6553,1.011e-05,4.0
5107,wu,6549,1.01e-05,4.0
5108,invasion,6544,1.009e-05,4.0
5109,affection,6544,1.009e-05,4.0
5110,woody,6543,1.009e-05,4.0
5111,endless,6543,1.009e-05,4.0
5112,discipline,6542,1.009e-05,4.0
5113,horns,6541,1.009e-05,4.0
5114,absence,6538,1.008e-05,4.0
5115,waking,6537,1.008e-05,4.0
5116,dudes,6536,1.008e-05,4.0
5117,philosophy,6535,1.008e-05,4.0
5118,cracked,6533,1.007e-05,4.0
5119,nicholas,6531,1.007e-05,4.0
5120,reed,6529,1.007e-05,4.0
5121,verdict,6529,1.007e-05,4.0
5122,drake,6527,1.007e-05,4.0
5123,connections,6526,1.006e-05,4.0
5124,privilege,6526,1.006e-05,4.0
5125,anyhow,6523,1.006e-05,4.0
5126,scent,6523,1.006e-05,4.0
5127,naive,6522,1.006e-05,4.0
5128,daylight,6521,1.006e-05,4.0
5129,controls,6520,1.005e-05,4.0
5130,airplane,6520,1.005e-05,4.0
5131,values,6519,1.005e-05,4.0
5132,jolly,6519,1.005e-05,4.0
5133,swore,6516,1.005e-05,4.0
5134,blaring,6515,1.005e-05,4.0
5135,consent,6513,1.004e-05,4.0
5136,puzzle,6510,1.004e-05,4.0
5137,disagree,6505,1.003e-05,4.0
5138,argh,6496,1.002e-05,4.0
5139,winds,6496,1.002e-05,4.0
5140,vanished,6494,1.001e-05,4.0
5141,wizard,6493,1.001e-05,4.0
5142,ranger,6492,1.001e-05,4.0
5143,celebrity,6491,1.001e-05,4.0
5144,sniffles,6491,1.001e-05,4.0
5145,stores,6488,1.001e-05,4.0
5146,aha,6485,1e-05,4.0
5147,intentions,6482,1e-05,4.0
5148,plague,6480,9.99e-06,4.0
5149,farmers,6480,9.99e-06,4.0
5150,breeze,6478,9.99e-06,4.0
5151,rascal,6477,9.99e-06,4.0
5152,convenient,6470,9.98e-06,4.0
5153,bonus,6470,9.98e-06,4.0
5154,dong,6470,9.98e-06,4.0
5155,hush,6469,9.98e-06,4.0
5156,instinct,6463,9.97e-06,4.0
5157,entitled,6463,9.97e-06,4.0
5158,porter,6462,9.96e-06,4.0
5159,maurice,6462,9.96e-06,4.0
5160,wrist,6461,9.96e-06,4.0
5161,originally,6459,9.96e-06,4.0
5162,coins,6459,9.96e-06,4.0
5163,drain,6453,9.95e-06,4.0
5164,physics,6452,9.95e-06,4.0
5165,phoebe,6452,9.95e-06,4.0
5166,furious,6452,9.95e-06,4.0
5167,sniffs,6450,9.95e-06,4.0
5168,vampires,6450,9.95e-06,4.0
5169,defending,6447,9.94e-06,4.0
5170,sector,6447,9.94e-06,4.0
5171,income,6446,9.94e-06,4.0
5172,finn,6445,9.94e-06,4.0
5173,offended,6444,9.94e-06,4.0
5174,decides,6440,9.93e-06,4.0
5175,laser,6438,9.93e-06,4.0
5176,fled,6436,9.92e-06,4.0
5177,beers,6435,9.92e-06,4.0
5178,boxing,6435,9.92e-06,4.0
5179,accurate,6435,9.92e-06,4.0
5180,kung,6434,9.92e-06,4.0
5181,snakes,6431,9.92e-06,4.0
5182,thumb,6429,9.91e-06,4.0
5183,bald,6428,9.91e-06,4.0
5184,sharon,6425,9.91e-06,4.0
5185,suspicion,6424,9.91e-06,4.0
5186,convicted,6423,9.9e-06,4.0
5187,roots,6422,9.9e-06,4.0
5188,shares,6420,9.9e-06,4.0
5189,bernard,6419,9.9e-06,4.0
5190,jessie,6418,9.9e-06,4.0
5191,wang,6418,9.9e-06,4.0
5192,harrison,6412,9.89e-06,4.0
5193,blues,6412,9.89e-06,4.0
5194,confusing,6410,9.88e-06,3.99
5195,lobby,6408,9.88e-06,3.99
5196,recipe,6408,9.88e-06,3.99
5197,las,6408,9.88e-06,3.99
5198,winston,6405,9.88e-06,3.99
5199,generally,6401,9.87e-06,3.99
5200,seeking,6398,9.87e-06,3.99
5201,secretly,6398,9.87e-06,3.99
5202,declare,6397,9.86e-06,3.99
5203,freaked,6395,9.86e-06,3.99
5204,missile,6395,9.86e-06,3.99
5205,ensure,6394,9.86e-06,3.99
5206,tricky,6391,9.86e-06,3.99
5207,pointed,6390,9.85e-06,3.99
5208,hockey,6389,9.85e-06,3.99
5209,bubble,6388,9.85e-06,3.99
5210,contacts,6388,9.85e-06,3.99
5211,maximum,6386,9.85e-06,3.99
5212,reminded,6386,9.85e-06,3.99
5213,carriage,6381,9.84e-06,3.99
5214,curtain,6374,9.83e-06,3.99
5215,clues,6370,9.82e-06,3.99
5216,hostages,6367,9.82e-06,3.99
5217,circles,6367,9.82e-06,3.99
5218,author,6367,9.82e-06,3.99
5219,wallace,6366,9.82e-06,3.99
5220,receiving,6362,9.81e-06,3.99
5221,debts,6359,9.81e-06,3.99
5222,cellar,6358,9.8e-06,3.99
5223,tortured,6357,9.8e-06,3.99
5224,tips,6355,9.8e-06,3.99
5225,mates,6354,9.8e-06,3.99
5226,mortal,6352,9.8e-06,3.99
5227,reporters,6352,9.8e-06,3.99
5228,associate,6351,9.79e-06,3.99
5229,honesty,6350,9.79e-06,3.99
5230,laptop,6347,9.79e-06,3.99
5231,jung,6345,9.78e-06,3.99
5232,katherine,6339,9.78e-06,3.99
5233,rainbow,6336,9.77e-06,3.99
5234,seed,6336,9.77e-06,3.99
5235,mature,6334,9.77e-06,3.99
5236,deed,6333,9.77e-06,3.99
5237,kay,6331,9.76e-06,3.99
5238,expenses,6320,9.75e-06,3.99
5239,discussing,6319,9.74e-06,3.99
5240,pirate,6318,9.74e-06,3.99
5241,meals,6318,9.74e-06,3.99
5242,performing,6317,9.74e-06,3.99
5243,remained,6315,9.74e-06,3.99
5244,prostitute,6312,9.73e-06,3.99
5245,adams,6312,9.73e-06,3.99
5246,retirement,6309,9.73e-06,3.99
5247,platform,6308,9.73e-06,3.99
5248,claus,6307,9.73e-06,3.99
5249,erica,6304,9.72e-06,3.99
5250,beds,6300,9.72e-06,3.99
5251,writes,6299,9.71e-06,3.99
5252,illusion,6299,9.71e-06,3.99
5253,mill,6298,9.71e-06,3.99
5254,dealt,6298,9.71e-06,3.99
5255,hears,6292,9.7e-06,3.99
5256,tryin,6290,9.7e-06,3.99
5257,manhattan,6290,9.7e-06,3.99
5258,mole,6289,9.7e-06,3.99
5259,rang,6287,9.7e-06,3.99
5260,prosecution,6287,9.7e-06,3.99
5261,fatal,6284,9.69e-06,3.99
5262,copper,6283,9.69e-06,3.99
5263,troubled,6282,9.69e-06,3.99
5264,heir,6278,9.68e-06,3.99
5265,traces,6277,9.68e-06,3.99
5266,owners,6276,9.68e-06,3.99
5267,length,6276,9.68e-06,3.99
5268,dentist,6275,9.68e-06,3.99
5269,zach,6274,9.68e-06,3.99
5270,lesbian,6274,9.68e-06,3.99
5271,enterprise,6274,9.68e-06,3.99
5272,tournament,6273,9.67e-06,3.99
5273,travelling,6273,9.67e-06,3.99
5274,confessed,6270,9.67e-06,3.99
5275,roast,6269,9.67e-06,3.99
5276,website,6268,9.67e-06,3.99
5277,ja,6266,9.66e-06,3.98
5278,mikey,6266,9.66e-06,3.98
5279,flood,6263,9.66e-06,3.98
5280,harbor,6263,9.66e-06,3.98
5281,lola,6262,9.66e-06,3.98
5282,rory,6259,9.65e-06,3.98
5283,richie,6257,9.65e-06,3.98
5284,mansion,6257,9.65e-06,3.98
5285,mademoiselle,6256,9.65e-06,3.98
5286,auction,6255,9.65e-06,3.98
5287,desires,6252,9.64e-06,3.98
5288,bachelor,6250,9.64e-06,3.98
5289,haunted,6247,9.63e-06,3.98
5290,distracted,6245,9.63e-06,3.98
5291,smashed,6240,9.62e-06,3.98
5292,rodney,6238,9.62e-06,3.98
5293,scheduled,6236,9.62e-06,3.98
5294,negotiate,6229,9.61e-06,3.98
5295,champ,6229,9.61e-06,3.98
5296,allows,6229,9.61e-06,3.98
5297,shotgun,6226,9.6e-06,3.98
5298,nigger,6224,9.6e-06,3.98
5299,cocktail,6224,9.6e-06,3.98
5300,donkey,6222,9.59e-06,3.98
5301,pointing,6222,9.59e-06,3.98
5302,butler,6218,9.59e-06,3.98
5303,dizzy,6217,9.59e-06,3.98
5304,methods,6216,9.59e-06,3.98
5305,reference,6216,9.59e-06,3.98
5306,georgia,6215,9.58e-06,3.98
5307,bully,6215,9.58e-06,3.98
5308,lydia,6215,9.58e-06,3.98
5309,collapse,6214,9.58e-06,3.98
5310,alfred,6211,9.58e-06,3.98
5311,ana,6209,9.57e-06,3.98
5312,minimum,6209,9.57e-06,3.98
5313,chairs,6208,9.57e-06,3.98
5314,hee,6207,9.57e-06,3.98
5315,patty,6204,9.57e-06,3.98
5316,owes,6202,9.56e-06,3.98
5317,included,6201,9.56e-06,3.98
5318,carmen,6201,9.56e-06,3.98
5319,civilization,6201,9.56e-06,3.98
5320,prices,6196,9.55e-06,3.98
5321,wealthy,6193,9.55e-06,3.98
5322,bart,6192,9.55e-06,3.98
5323,depression,6192,9.55e-06,3.98
5324,tide,6191,9.55e-06,3.98
5325,rented,6190,9.55e-06,3.98
5326,bra,6189,9.54e-06,3.98
5327,lin,6189,9.54e-06,3.98
5328,fellows,6186,9.54e-06,3.98
5329,rot,6186,9.54e-06,3.98
5330,password,6186,9.54e-06,3.98
5331,th,6185,9.54e-06,3.98
5332,kirk,6184,9.54e-06,3.98
5333,pedro,6184,9.54e-06,3.98
5334,spill,6182,9.53e-06,3.98
5335,cured,6180,9.53e-06,3.98
5336,naomi,6179,9.53e-06,3.98
5337,hardest,6179,9.53e-06,3.98
5338,deceased,6176,9.52e-06,3.98
5339,sleepy,6175,9.52e-06,3.98
5340,static,6174,9.52e-06,3.98
5341,hawaii,6172,9.52e-06,3.98
5342,almighty,6170,9.51e-06,3.98
5343,murray,6169,9.51e-06,3.98
5344,offers,6169,9.51e-06,3.98
5345,bruno,6167,9.51e-06,3.98
5346,phrase,6167,9.51e-06,3.98
5347,disgrace,6167,9.51e-06,3.98
5348,sources,6166,9.51e-06,3.98
5349,approval,6165,9.51e-06,3.98
5350,turtles,6164,9.51e-06,3.98
5351,screech,6163,9.5e-06,3.98
5352,snack,6163,9.5e-06,3.98
5353,collected,6158,9.5e-06,3.98
5354,ding,6157,9.49e-06,3.98
5355,fur,6156,9.49e-06,3.98
5356,jewels,6153,9.49e-06,3.98
5357,jan,6153,9.49e-06,3.98
5358,cheek,6152,9.49e-06,3.98
5359,legally,6152,9.49e-06,3.98
5360,ditch,6152,9.49e-06,3.98
5361,benefits,6150,9.48e-06,3.98
5362,roars,6149,9.48e-06,3.98
5363,arnold,6145,9.48e-06,3.98
5364,dime,6143,9.47e-06,3.98
5365,domestic,6143,9.47e-06,3.98
5366,chuckle,6141,9.47e-06,3.98
5367,hack,6138,9.47e-06,3.98
5368,ransom,6138,9.47e-06,3.98
5369,chang,6138,9.47e-06,3.98
5370,bore,6136,9.46e-06,3.98
5371,muslim,6134,9.46e-06,3.98
5372,loads,6133,9.46e-06,3.98
5373,waitress,6133,9.46e-06,3.98
5374,nurses,6131,9.45e-06,3.98
5375,glenn,6131,9.45e-06,3.98
5376,spite,6131,9.45e-06,3.98
5377,rebel,6130,9.45e-06,3.98
5378,clearing,6130,9.45e-06,3.98
5379,andre,6129,9.45e-06,3.98
5380,fortunate,6127,9.45e-06,3.98
5381,survivors,6127,9.45e-06,3.98
5382,reply,6125,9.45e-06,3.98
5383,disappoint,6125,9.45e-06,3.98
5384,orbit,6124,9.44e-06,3.97
5385,expose,6124,9.44e-06,3.97
5386,gin,6118,9.43e-06,3.97
5387,austin,6117,9.43e-06,3.97
5388,toe,6116,9.43e-06,3.97
5389,sympathy,6115,9.43e-06,3.97
5390,intel,6106,9.42e-06,3.97
5391,growth,6104,9.41e-06,3.97
5392,psychiatrist,6102,9.41e-06,3.97
5393,slams,6100,9.41e-06,3.97
5394,encounter,6100,9.41e-06,3.97
5395,daphne,6097,9.4e-06,3.97
5396,passenger,6096,9.4e-06,3.97
5397,monkeys,6095,9.4e-06,3.97
5398,accompany,6092,9.39e-06,3.97
5399,hats,6092,9.39e-06,3.97
5400,column,6088,9.39e-06,3.97
5401,sigh,6086,9.39e-06,3.97
5402,pounding,6085,9.38e-06,3.97
5403,economic,6081,9.38e-06,3.97
5404,tales,6080,9.38e-06,3.97
5405,theirs,6075,9.37e-06,3.97
5406,brat,6073,9.37e-06,3.97
5407,follows,6072,9.36e-06,3.97
5408,spreading,6072,9.36e-06,3.97
5409,burt,6070,9.36e-06,3.97
5410,hilarious,6069,9.36e-06,3.97
5411,hallway,6066,9.35e-06,3.97
5412,hamilton,6063,9.35e-06,3.97
5413,exclusive,6060,9.35e-06,3.97
5414,chimes,6059,9.34e-06,3.97
5415,greet,6059,9.34e-06,3.97
5416,decades,6059,9.34e-06,3.97
5417,bowling,6056,9.34e-06,3.97
5418,buttons,6055,9.34e-06,3.97
5419,confusion,6054,9.34e-06,3.97
5420,thud,6046,9.32e-06,3.97
5421,hooker,6042,9.32e-06,3.97
5422,ruining,6041,9.32e-06,3.97
5423,dreadful,6041,9.32e-06,3.97
5424,collecting,6036,9.31e-06,3.97
5425,lions,6034,9.3e-06,3.97
5426,sheila,6030,9.3e-06,3.97
5427,douglas,6028,9.3e-06,3.97
5428,february,6027,9.29e-06,3.97
5429,elvis,6024,9.29e-06,3.97
5430,forty,6023,9.29e-06,3.97
5431,sleeps,6022,9.29e-06,3.97
5432,sung,6022,9.29e-06,3.97
5433,brass,6019,9.28e-06,3.97
5434,shrink,6019,9.28e-06,3.97
5435,zack,6017,9.28e-06,3.97
5436,whimpers,6016,9.28e-06,3.97
5437,sworn,6015,9.28e-06,3.97
5438,email,6010,9.27e-06,3.97
5439,proven,6008,9.26e-06,3.97
5440,tasty,6008,9.26e-06,3.97
5441,covers,6007,9.26e-06,3.97
5442,sandwiches,6006,9.26e-06,3.97
5443,rarely,6006,9.26e-06,3.97
5444,wyatt,6002,9.26e-06,3.97
5445,programme,6001,9.25e-06,3.97
5446,irene,5998,9.25e-06,3.97
5447,dee,5994,9.24e-06,3.97
5448,contacted,5990,9.24e-06,3.97
5449,chemistry,5989,9.24e-06,3.97
5450,assured,5988,9.23e-06,3.97
5451,applied,5987,9.23e-06,3.97
5452,elected,5987,9.23e-06,3.97
5453,subjects,5985,9.23e-06,3.97
5454,lust,5983,9.23e-06,3.97
5455,label,5982,9.22e-06,3.96
5456,shakespeare,5981,9.22e-06,3.96
5457,tan,5980,9.22e-06,3.96
5458,ego,5980,9.22e-06,3.96
5459,forgiven,5979,9.22e-06,3.96
5460,phoenix,5978,9.22e-06,3.96
5461,companion,5978,9.22e-06,3.96
5462,lottery,5977,9.22e-06,3.96
5463,worm,5976,9.22e-06,3.96
5464,publicity,5976,9.22e-06,3.96
5465,butterfly,5975,9.21e-06,3.96
5466,dialogue,5975,9.21e-06,3.96
5467,cal,5973,9.21e-06,3.96
5468,tremendous,5971,9.21e-06,3.96
5469,pervert,5970,9.21e-06,3.96
5470,establish,5968,9.2e-06,3.96
5471,dearest,5967,9.2e-06,3.96
5472,intimate,5967,9.2e-06,3.96
5473,eager,5966,9.2e-06,3.96
5474,se,5964,9.2e-06,3.96
5475,cathy,5963,9.2e-06,3.96
5476,atlantic,5960,9.19e-06,3.96
5477,contains,5960,9.19e-06,3.96
5478,thompson,5959,9.19e-06,3.96
5479,shirley,5958,9.19e-06,3.96
5480,bets,5958,9.19e-06,3.96
5481,inhales,5957,9.19e-06,3.96
5482,presentation,5957,9.19e-06,3.96
5483,allergic,5956,9.18e-06,3.96
5484,den,5956,9.18e-06,3.96
5485,wells,5955,9.18e-06,3.96
5486,spoiled,5953,9.18e-06,3.96
5487,chen,5952,9.18e-06,3.96
5488,accomplished,5951,9.18e-06,3.96
5489,repay,5951,9.18e-06,3.96
5490,politicians,5950,9.18e-06,3.96
5491,logic,5950,9.18e-06,3.96
5492,gratitude,5948,9.17e-06,3.96
5493,afghanistan,5946,9.17e-06,3.96
5494,exception,5946,9.17e-06,3.96
5495,ultimately,5946,9.17e-06,3.96
5496,pablo,5944,9.17e-06,3.96
5497,compromise,5944,9.17e-06,3.96
5498,majority,5944,9.17e-06,3.96
5499,journal,5943,9.16e-06,3.96
5500,signals,5942,9.16e-06,3.96
5501,bent,5941,9.16e-06,3.96
5502,dock,5939,9.16e-06,3.96
5503,meg,5939,9.16e-06,3.96
5504,essential,5938,9.16e-06,3.96
5505,campbell,5938,9.16e-06,3.96
5506,climate,5937,9.16e-06,3.96
5507,experiments,5936,9.15e-06,3.96
5508,ink,5936,9.15e-06,3.96
5509,magazines,5935,9.15e-06,3.96
5510,rivers,5935,9.15e-06,3.96
5511,teresa,5935,9.15e-06,3.96
5512,administration,5935,9.15e-06,3.96
5513,passionate,5934,9.15e-06,3.96
5514,precise,5932,9.15e-06,3.96
5515,lawn,5932,9.15e-06,3.96
5516,via,5929,9.14e-06,3.96
5517,jeans,5929,9.14e-06,3.96
5518,murmuring,5928,9.14e-06,3.96
5519,resort,5926,9.14e-06,3.96
5520,announced,5925,9.14e-06,3.96
5521,buddha,5922,9.13e-06,3.96
5522,fries,5920,9.13e-06,3.96
5523,capacity,5918,9.13e-06,3.96
5524,lena,5917,9.12e-06,3.96
5525,opponent,5917,9.12e-06,3.96
5526,chains,5916,9.12e-06,3.96
5527,minus,5914,9.12e-06,3.96
5528,caitlyn,5914,9.12e-06,3.96
5529,apples,5914,9.12e-06,3.96
5530,angie,5913,9.12e-06,3.96
5531,seattle,5911,9.12e-06,3.96
5532,aww,5910,9.11e-06,3.96
5533,instrument,5908,9.11e-06,3.96
5534,healing,5907,9.11e-06,3.96
5535,convention,5906,9.11e-06,3.96
5536,messenger,5906,9.11e-06,3.96
5537,explore,5904,9.1e-06,3.96
5538,sonia,5903,9.1e-06,3.96
5539,versus,5900,9.1e-06,3.96
5540,survivor,5895,9.09e-06,3.96
5541,ruled,5893,9.09e-06,3.96
5542,boyd,5892,9.09e-06,3.96
5543,clarence,5890,9.08e-06,3.96
5544,madison,5890,9.08e-06,3.96
5545,cough,5883,9.07e-06,3.96
5546,experts,5881,9.07e-06,3.96
5547,disguise,5881,9.07e-06,3.96
5548,archer,5880,9.07e-06,3.96
5549,bicycle,5880,9.07e-06,3.96
5550,noises,5871,9.05e-06,3.96
5551,inviting,5870,9.05e-06,3.96
5552,pregnancy,5868,9.05e-06,3.96
5553,declared,5867,9.05e-06,3.96
5554,yi,5866,9.05e-06,3.96
5555,vicky,5865,9.04e-06,3.96
5556,drums,5864,9.04e-06,3.96
5557,wooden,5862,9.04e-06,3.96
5558,innocence,5860,9.04e-06,3.96
5559,mouths,5855,9.03e-06,3.96
5560,bees,5854,9.03e-06,3.96
5561,creaking,5853,9.03e-06,3.96
5562,cloth,5852,9.02e-06,3.96
5563,sasha,5850,9.02e-06,3.96
5564,unh,5848,9.02e-06,3.96
5565,skies,5846,9.02e-06,3.96
5566,painter,5846,9.02e-06,3.96
5567,allies,5846,9.02e-06,3.96
5568,miguel,5845,9.01e-06,3.95
5569,pond,5843,9.01e-06,3.95
5570,runway,5842,9.01e-06,3.95
5571,robbie,5841,9.01e-06,3.95
5572,assist,5839,9e-06,3.95
5573,lana,5839,9e-06,3.95
5574,presented,5835,9e-06,3.95
5575,mona,5834,9e-06,3.95
5576,sickness,5834,9e-06,3.95
5577,civilian,5833,9e-06,3.95
5578,fighters,5832,8.99e-06,3.95
5579,facebook,5832,8.99e-06,3.95
5580,customs,5831,8.99e-06,3.95
5581,florence,5828,8.99e-06,3.95
5582,remembers,5824,8.98e-06,3.95
5583,sharks,5822,8.98e-06,3.95
5584,juliet,5821,8.98e-06,3.95
5585,shrimp,5817,8.97e-06,3.95
5586,tore,5817,8.97e-06,3.95
5587,seventh,5814,8.97e-06,3.95
5588,ou,5813,8.96e-06,3.95
5589,avoiding,5809,8.96e-06,3.95
5590,dawson,5808,8.96e-06,3.95
5591,isaac,5807,8.95e-06,3.95
5592,rolled,5803,8.95e-06,3.95
5593,championship,5803,8.95e-06,3.95
5594,household,5802,8.95e-06,3.95
5595,float,5801,8.95e-06,3.95
5596,chad,5801,8.95e-06,3.95
5597,ballet,5799,8.94e-06,3.95
5598,cracking,5798,8.94e-06,3.95
5599,raj,5797,8.94e-06,3.95
5600,possessed,5796,8.94e-06,3.95
5601,harmless,5794,8.93e-06,3.95
5602,curiosity,5792,8.93e-06,3.95
5603,vicious,5792,8.93e-06,3.95
5604,officials,5789,8.93e-06,3.95
5605,glove,5789,8.93e-06,3.95
5606,nearest,5787,8.92e-06,3.95
5607,manny,5786,8.92e-06,3.95
5608,begged,5786,8.92e-06,3.95
5609,que,5785,8.92e-06,3.95
5610,withdraw,5784,8.92e-06,3.95
5611,shocking,5781,8.91e-06,3.95
5612,guessed,5777,8.91e-06,3.95
5613,nightmares,5776,8.91e-06,3.95
5614,greedy,5776,8.91e-06,3.95
5615,forehead,5776,8.91e-06,3.95
5616,corps,5775,8.91e-06,3.95
5617,pirates,5774,8.9e-06,3.95
5618,rudy,5774,8.9e-06,3.95
5619,reservation,5770,8.9e-06,3.95
5620,hunters,5768,8.89e-06,3.95
5621,fog,5768,8.89e-06,3.95
5622,flu,5765,8.89e-06,3.95
5623,hint,5757,8.88e-06,3.95
5624,peanut,5757,8.88e-06,3.95
5625,stark,5756,8.88e-06,3.95
5626,gamble,5755,8.87e-06,3.95
5627,erin,5755,8.87e-06,3.95
5628,autumn,5753,8.87e-06,3.95
5629,bracelet,5753,8.87e-06,3.95
5630,contain,5752,8.87e-06,3.95
5631,arrogant,5748,8.86e-06,3.95
5632,simpson,5745,8.86e-06,3.95
5633,piper,5744,8.86e-06,3.95
5634,knocks,5743,8.86e-06,3.95
5635,sperm,5741,8.85e-06,3.95
5636,gesture,5741,8.85e-06,3.95
5637,materials,5740,8.85e-06,3.95
5638,lindsay,5736,8.85e-06,3.95
5639,alexis,5734,8.84e-06,3.95
5640,ticking,5733,8.84e-06,3.95
5641,standards,5733,8.84e-06,3.95
5642,ribs,5731,8.84e-06,3.95
5643,receipt,5727,8.83e-06,3.95
5644,regards,5724,8.83e-06,3.95
5645,whatsoever,5721,8.82e-06,3.95
5646,homeland,5720,8.82e-06,3.95
5647,leap,5719,8.82e-06,3.95
5648,targets,5719,8.82e-06,3.95
5649,snoring,5718,8.82e-06,3.95
5650,damon,5718,8.82e-06,3.95
5651,leaf,5717,8.82e-06,3.95
5652,jar,5713,8.81e-06,3.94
5653,brooke,5712,8.81e-06,3.94
5654,proposed,5711,8.81e-06,3.94
5655,savage,5708,8.8e-06,3.94
5656,caring,5708,8.8e-06,3.94
5657,ivy,5707,8.8e-06,3.94
5658,approximately,5707,8.8e-06,3.94
5659,kidnap,5702,8.79e-06,3.94
5660,carries,5701,8.79e-06,3.94
5661,bounce,5701,8.79e-06,3.94
5662,creek,5700,8.79e-06,3.94
5663,pony,5698,8.79e-06,3.94
5664,cleaner,5698,8.79e-06,3.94
5665,businessman,5697,8.79e-06,3.94
5666,lunatic,5695,8.78e-06,3.94
5667,unlikely,5694,8.78e-06,3.94
5668,gal,5694,8.78e-06,3.94
5669,situations,5693,8.78e-06,3.94
5670,colony,5693,8.78e-06,3.94
5671,sells,5691,8.78e-06,3.94
5672,choi,5690,8.77e-06,3.94
5673,chambers,5690,8.77e-06,3.94
5674,volume,5684,8.77e-06,3.94
5675,sweets,5683,8.76e-06,3.94
5676,panties,5682,8.76e-06,3.94
5677,respects,5681,8.76e-06,3.94
5678,reads,5680,8.76e-06,3.94
5679,seeds,5678,8.76e-06,3.94
5680,engage,5676,8.75e-06,3.94
5681,explosives,5673,8.75e-06,3.94
5682,stewart,5670,8.74e-06,3.94
5683,violet,5668,8.74e-06,3.94
5684,mutual,5668,8.74e-06,3.94
5685,lighting,5668,8.74e-06,3.94
5686,scores,5667,8.74e-06,3.94
5687,lenny,5667,8.74e-06,3.94
5688,savings,5666,8.74e-06,3.94
5689,beware,5665,8.74e-06,3.94
5690,stephanie,5664,8.73e-06,3.94
5691,educated,5662,8.73e-06,3.94
5692,complaints,5661,8.73e-06,3.94
5693,cassie,5660,8.73e-06,3.94
5694,doomed,5660,8.73e-06,3.94
5695,offensive,5656,8.72e-06,3.94
5696,harvest,5655,8.72e-06,3.94
5697,qualified,5654,8.72e-06,3.94
5698,relaxed,5652,8.72e-06,3.94
5699,cape,5652,8.72e-06,3.94
5700,buffalo,5651,8.71e-06,3.94
5701,triple,5650,8.71e-06,3.94
5702,fireworks,5648,8.71e-06,3.94
5703,palmer,5648,8.71e-06,3.94
5704,armor,5648,8.71e-06,3.94
5705,poverty,5647,8.71e-06,3.94
5706,leadership,5644,8.7e-06,3.94
5707,rode,5640,8.7e-06,3.94
5708,ambition,5633,8.69e-06,3.94
5709,cakes,5632,8.69e-06,3.94
5710,trousers,5627,8.68e-06,3.94
5711,bean,5627,8.68e-06,3.94
5712,melt,5627,8.68e-06,3.94
5713,racist,5624,8.67e-06,3.94
5714,bam,5623,8.67e-06,3.94
5715,ankle,5622,8.67e-06,3.94
5716,occupied,5618,8.66e-06,3.94
5717,nicer,5618,8.66e-06,3.94
5718,correctly,5615,8.66e-06,3.94
5719,terrifying,5615,8.66e-06,3.94
5720,hugh,5614,8.66e-06,3.94
5721,gasp,5613,8.66e-06,3.94
5722,villain,5613,8.66e-06,3.94
5723,willy,5613,8.66e-06,3.94
5724,marc,5610,8.65e-06,3.94
5725,draft,5608,8.65e-06,3.94
5726,factor,5601,8.64e-06,3.94
5727,whew,5597,8.63e-06,3.94
5728,countess,5597,8.63e-06,3.94
5729,portrait,5595,8.63e-06,3.94
5730,suggests,5589,8.62e-06,3.94
5731,font,5589,8.62e-06,3.94
5732,blair,5588,8.62e-06,3.94
5733,learnt,5587,8.62e-06,3.94
5734,pencil,5582,8.61e-06,3.94
5735,coordinates,5582,8.61e-06,3.94
5736,collapsed,5580,8.6e-06,3.93
5737,reserve,5579,8.6e-06,3.93
5738,jeffrey,5577,8.6e-06,3.93
5739,shirts,5574,8.6e-06,3.93
5740,umbrella,5570,8.59e-06,3.93
5741,stevie,5568,8.59e-06,3.93
5742,ta,5568,8.59e-06,3.93
5743,traveled,5566,8.58e-06,3.93
5744,auto,5565,8.58e-06,3.93
5745,logical,5565,8.58e-06,3.93
5746,chew,5565,8.58e-06,3.93
5747,eliminate,5563,8.58e-06,3.93
5748,beverly,5562,8.58e-06,3.93
5749,carbon,5562,8.58e-06,3.93
5750,cancelled,5562,8.58e-06,3.93
5751,crawling,5562,8.58e-06,3.93
5752,stepping,5562,8.58e-06,3.93
5753,independence,5562,8.58e-06,3.93
5754,medium,5560,8.57e-06,3.93
5755,canceled,5559,8.57e-06,3.93
5756,tess,5555,8.57e-06,3.93
5757,fanny,5554,8.56e-06,3.93
5758,seated,5554,8.56e-06,3.93
5759,upbeat,5553,8.56e-06,3.93
5760,asian,5552,8.56e-06,3.93
5761,drowning,5552,8.56e-06,3.93
5762,messy,5552,8.56e-06,3.93
5763,quest,5551,8.56e-06,3.93
5764,represents,5548,8.56e-06,3.93
5765,fletcher,5548,8.56e-06,3.93
5766,memorial,5548,8.56e-06,3.93
5767,doyle,5546,8.55e-06,3.93
5768,stressed,5544,8.55e-06,3.93
5769,bearing,5544,8.55e-06,3.93
5770,watches,5544,8.55e-06,3.93
5771,spoon,5540,8.54e-06,3.93
5772,cooperation,5539,8.54e-06,3.93
5773,tucker,5535,8.54e-06,3.93
5774,earthquake,5535,8.54e-06,3.93
5775,sailing,5534,8.53e-06,3.93
5776,involve,5533,8.53e-06,3.93
5777,houston,5532,8.53e-06,3.93
5778,asia,5524,8.52e-06,3.93
5779,spectacular,5523,8.52e-06,3.93
5780,reliable,5523,8.52e-06,3.93
5781,breach,5520,8.51e-06,3.93
5782,sophisticated,5518,8.51e-06,3.93
5783,echo,5517,8.51e-06,3.93
5784,indicate,5517,8.51e-06,3.93
5785,swamp,5516,8.51e-06,3.93
5786,vehicles,5515,8.5e-06,3.93
5787,manual,5512,8.5e-06,3.93
5788,elegant,5512,8.5e-06,3.93
5789,compound,5508,8.49e-06,3.93
5790,serves,5508,8.49e-06,3.93
5791,scares,5508,8.49e-06,3.93
5792,rattling,5507,8.49e-06,3.93
5793,pursue,5507,8.49e-06,3.93
5794,dreamt,5506,8.49e-06,3.93
5795,stefan,5504,8.49e-06,3.93
5796,revolutionary,5502,8.48e-06,3.93
5797,wa,5502,8.48e-06,3.93
5798,rig,5500,8.48e-06,3.93
5799,convincing,5498,8.48e-06,3.93
5800,fiona,5497,8.48e-06,3.93
5801,tribal,5497,8.48e-06,3.93
5802,cleveland,5496,8.48e-06,3.93
5803,lex,5495,8.47e-06,3.93
5804,depth,5495,8.47e-06,3.93
5805,blaming,5492,8.47e-06,3.93
5806,aids,5492,8.47e-06,3.93
5807,elaine,5491,8.47e-06,3.93
5808,wakes,5491,8.47e-06,3.93
5809,occur,5488,8.46e-06,3.93
5810,camping,5480,8.45e-06,3.93
5811,fart,5480,8.45e-06,3.93
5812,stamp,5478,8.45e-06,3.93
5813,kathy,5478,8.45e-06,3.93
5814,assassin,5475,8.44e-06,3.93
5815,approved,5475,8.44e-06,3.93
5816,crucial,5474,8.44e-06,3.93
5817,annual,5474,8.44e-06,3.93
5818,torch,5474,8.44e-06,3.93
5819,dallas,5473,8.44e-06,3.93
5820,fulfill,5472,8.44e-06,3.93
5821,bon,5471,8.44e-06,3.93
5822,resting,5469,8.43e-06,3.93
5823,reunion,5466,8.43e-06,3.93
5824,witnessed,5464,8.43e-06,3.93
5825,graduated,5462,8.42e-06,3.93
5826,sub,5460,8.42e-06,3.93
5827,howling,5459,8.42e-06,3.93
5828,clyde,5458,8.42e-06,3.93
5829,hospitals,5457,8.42e-06,3.93
5830,stall,5456,8.41e-06,3.92
5831,legacy,5455,8.41e-06,3.92
5832,otto,5454,8.41e-06,3.92
5833,riot,5454,8.41e-06,3.92
5834,shops,5453,8.41e-06,3.92
5835,whereabouts,5453,8.41e-06,3.92
5836,teenager,5451,8.41e-06,3.92
5837,samuel,5450,8.4e-06,3.92
5838,squealing,5449,8.4e-06,3.92
5839,mines,5448,8.4e-06,3.92
5840,danced,5448,8.4e-06,3.92
5841,crowded,5447,8.4e-06,3.92
5842,orleans,5445,8.4e-06,3.92
5843,literature,5444,8.4e-06,3.92
5844,morgue,5443,8.39e-06,3.92
5845,strongest,5442,8.39e-06,3.92
5846,agnes,5441,8.39e-06,3.92
5847,transmission,5439,8.39e-06,3.92
5848,panel,5438,8.39e-06,3.92
5849,sole,5438,8.39e-06,3.92
5850,sequence,5438,8.39e-06,3.92
5851,sexually,5438,8.39e-06,3.92
5852,georgie,5436,8.38e-06,3.92
5853,hugo,5436,8.38e-06,3.92
5854,denny,5435,8.38e-06,3.92
5855,smack,5434,8.38e-06,3.92
5856,congratulate,5432,8.38e-06,3.92
5857,anxiety,5432,8.38e-06,3.92
5858,choking,5430,8.37e-06,3.92
5859,tolerate,5428,8.37e-06,3.92
5860,mode,5426,8.37e-06,3.92
5861,communications,5425,8.37e-06,3.92
5862,welfare,5425,8.37e-06,3.92
5863,dice,5425,8.37e-06,3.92
5864,orphan,5424,8.36e-06,3.92
5865,locks,5422,8.36e-06,3.92
5866,settlement,5422,8.36e-06,3.92
5867,advertising,5422,8.36e-06,3.92
5868,uniforms,5419,8.36e-06,3.92
5869,mcgee,5419,8.36e-06,3.92
5870,devoted,5418,8.36e-06,3.92
5871,shoots,5418,8.36e-06,3.92
5872,principles,5417,8.35e-06,3.92
5873,circuit,5416,8.35e-06,3.92
5874,nickname,5415,8.35e-06,3.92
5875,dot,5415,8.35e-06,3.92
5876,elderman,5415,8.35e-06,3.92
5877,scenario,5414,8.35e-06,3.92
5878,choir,5413,8.35e-06,3.92
5879,stunt,5410,8.34e-06,3.92
5880,smoked,5410,8.34e-06,3.92
5881,isolated,5409,8.34e-06,3.92
5882,equally,5408,8.34e-06,3.92
5883,statements,5407,8.34e-06,3.92
5884,gil,5406,8.34e-06,3.92
5885,shaw,5405,8.34e-06,3.92
5886,lipstick,5405,8.34e-06,3.92
5887,courtesy,5401,8.33e-06,3.92
5888,hobby,5399,8.33e-06,3.92
5889,hesitate,5398,8.32e-06,3.92
5890,hatch,5398,8.32e-06,3.92
5891,luis,5397,8.32e-06,3.92
5892,sylvia,5393,8.32e-06,3.92
5893,phoned,5393,8.32e-06,3.92
5894,experiences,5392,8.31e-06,3.92
5895,popped,5391,8.31e-06,3.92
5896,quid,5389,8.31e-06,3.92
5897,fragile,5388,8.31e-06,3.92
5898,husbands,5387,8.31e-06,3.92
5899,fiction,5387,8.31e-06,3.92
5900,persuade,5385,8.3e-06,3.92
5901,pastor,5385,8.3e-06,3.92
5902,dolls,5385,8.3e-06,3.92
5903,pose,5384,8.3e-06,3.92
5904,ji,5384,8.3e-06,3.92
5905,ming,5384,8.3e-06,3.92
5906,rupees,5383,8.3e-06,3.92
5907,tricked,5382,8.3e-06,3.92
5908,ruins,5381,8.3e-06,3.92
5909,sadly,5380,8.3e-06,3.92
5910,owed,5380,8.3e-06,3.92
5911,importantly,5376,8.29e-06,3.92
5912,louie,5375,8.29e-06,3.92
5913,industrial,5375,8.29e-06,3.92
5914,musician,5371,8.28e-06,3.92
5915,labour,5370,8.28e-06,3.92
5916,evolution,5369,8.28e-06,3.92
5917,salute,5367,8.28e-06,3.92
5918,ba,5366,8.27e-06,3.92
5919,cent,5364,8.27e-06,3.92
5920,bartender,5363,8.27e-06,3.92
5921,calendar,5363,8.27e-06,3.92
5922,hal,5363,8.27e-06,3.92
5923,miracles,5363,8.27e-06,3.92
5924,balcony,5359,8.26e-06,3.92
5925,horny,5357,8.26e-06,3.92
5926,regard,5357,8.26e-06,3.92
5927,valerie,5356,8.26e-06,3.92
5928,fold,5355,8.26e-06,3.92
5929,organs,5353,8.25e-06,3.92
5930,nigel,5349,8.25e-06,3.92
5931,theo,5348,8.25e-06,3.92
5932,einstein,5348,8.25e-06,3.92
5933,boris,5346,8.24e-06,3.92
5934,suitable,5346,8.24e-06,3.92
5935,inaudible,5343,8.24e-06,3.92
5936,melody,5333,8.22e-06,3.91
5937,phillip,5331,8.22e-06,3.91
5938,movements,5331,8.22e-06,3.91
5939,differences,5330,8.22e-06,3.91
5940,barbecue,5329,8.22e-06,3.91
5941,trading,5326,8.21e-06,3.91
5942,strongly,5326,8.21e-06,3.91
5943,fluid,5325,8.21e-06,3.91
5944,scholarship,5324,8.21e-06,3.91
5945,translation,5323,8.21e-06,3.91
5946,cricket,5321,8.21e-06,3.91
5947,shuttle,5321,8.21e-06,3.91
5948,moans,5321,8.21e-06,3.91
5949,quicker,5316,8.2e-06,3.91
5950,picks,5315,8.2e-06,3.91
5951,murderers,5315,8.2e-06,3.91
5952,videos,5315,8.2e-06,3.91
5953,initial,5314,8.19e-06,3.91
5954,perimeter,5313,8.19e-06,3.91
5955,questioned,5312,8.19e-06,3.91
5956,yea,5312,8.19e-06,3.91
5957,cousins,5309,8.19e-06,3.91
5958,divided,5308,8.19e-06,3.91
5959,linked,5307,8.18e-06,3.91
5960,laboratory,5304,8.18e-06,3.91
5961,crab,5300,8.17e-06,3.91
5962,pulls,5299,8.17e-06,3.91
5963,landlord,5298,8.17e-06,3.91
5964,reggie,5298,8.17e-06,3.91
5965,hostile,5297,8.17e-06,3.91
5966,classified,5295,8.17e-06,3.91
5967,cultural,5293,8.16e-06,3.91
5968,measures,5293,8.16e-06,3.91
5969,update,5287,8.15e-06,3.91
5970,cottage,5286,8.15e-06,3.91
5971,backyard,5286,8.15e-06,3.91
5972,amateur,5285,8.15e-06,3.91
5973,chopper,5284,8.15e-06,3.91
5974,rash,5284,8.15e-06,3.91
5975,despair,5284,8.15e-06,3.91
5976,honorable,5282,8.15e-06,3.91
5977,shiny,5281,8.14e-06,3.91
5978,hawk,5280,8.14e-06,3.91
5979,shorts,5280,8.14e-06,3.91
5980,ni,5277,8.14e-06,3.91
5981,representative,5276,8.14e-06,3.91
5982,wong,5276,8.14e-06,3.91
5983,pouring,5275,8.13e-06,3.91
5984,distress,5275,8.13e-06,3.91
5985,tanner,5274,8.13e-06,3.91
5986,telegram,5273,8.13e-06,3.91
5987,pimp,5272,8.13e-06,3.91
5988,dip,5272,8.13e-06,3.91
5989,trophy,5272,8.13e-06,3.91
5990,marilyn,5269,8.13e-06,3.91
5991,hallelujah,5269,8.13e-06,3.91
5992,neal,5269,8.13e-06,3.91
5993,es,5269,8.13e-06,3.91
5994,howdy,5267,8.12e-06,3.91
5995,misses,5262,8.11e-06,3.91
5996,flush,5260,8.11e-06,3.91
5997,magician,5257,8.11e-06,3.91
5998,dynamite,5256,8.11e-06,3.91
5999,cuba,5256,8.11e-06,3.91
6000,conquer,5253,8.1e-06,3.91
6001,unpleasant,5251,8.1e-06,3.91
6002,jealousy,5250,8.1e-06,3.91
6003,regrets,5249,8.09e-06,3.91
6004,lifted,5247,8.09e-06,3.91
6005,increased,5246,8.09e-06,3.91
6006,toxic,5246,8.09e-06,3.91
6007,broadway,5244,8.09e-06,3.91
6008,sakes,5241,8.08e-06,3.91
6009,pudding,5241,8.08e-06,3.91
6010,rally,5239,8.08e-06,3.91
6011,needing,5238,8.08e-06,3.91
6012,bloom,5238,8.08e-06,3.91
6013,corporation,5237,8.08e-06,3.91
6014,buys,5237,8.08e-06,3.91
6015,disorder,5236,8.07e-06,3.91
6016,interrupting,5236,8.07e-06,3.91
6017,sadness,5235,8.07e-06,3.91
6018,needn,5234,8.07e-06,3.91
6019,cease,5233,8.07e-06,3.91
6020,barnes,5233,8.07e-06,3.91
6021,scoundrel,5232,8.07e-06,3.91
6022,sensible,5231,8.07e-06,3.91
6023,evans,5231,8.07e-06,3.91
6024,specialist,5230,8.07e-06,3.91
6025,dragging,5229,8.06e-06,3.91
6026,bribe,5227,8.06e-06,3.91
6027,burke,5226,8.06e-06,3.91
6028,bothers,5226,8.06e-06,3.91
6029,interrogation,5225,8.06e-06,3.91
6030,prescription,5224,8.06e-06,3.91
6031,referring,5224,8.06e-06,3.91
6032,knives,5221,8.05e-06,3.91
6033,graduation,5220,8.05e-06,3.91
6034,liking,5217,8.05e-06,3.91
6035,bubbles,5217,8.05e-06,3.91
6036,grid,5217,8.05e-06,3.91
6037,haircut,5212,8.04e-06,3.91
6038,regardless,5210,8.03e-06,3.9
6039,lodge,5209,8.03e-06,3.9
6040,poisoning,5209,8.03e-06,3.9
6041,feathers,5207,8.03e-06,3.9
6042,edgar,5206,8.03e-06,3.9
6043,software,5205,8.03e-06,3.9
6044,marina,5202,8.02e-06,3.9
6045,sophia,5202,8.02e-06,3.9
6046,queens,5201,8.02e-06,3.9
6047,oak,5200,8.02e-06,3.9
6048,trips,5200,8.02e-06,3.9
6049,scaring,5199,8.02e-06,3.9
6050,avery,5199,8.02e-06,3.9
6051,awhile,5199,8.02e-06,3.9
6052,sofa,5198,8.02e-06,3.9
6053,conscious,5197,8.01e-06,3.9
6054,swords,5196,8.01e-06,3.9
6055,instincts,5196,8.01e-06,3.9
6056,deliberately,5195,8.01e-06,3.9
6057,starve,5194,8.01e-06,3.9
6058,venus,5193,8.01e-06,3.9
6059,olive,5193,8.01e-06,3.9
6060,maniac,5188,8e-06,3.9
6061,psychological,5187,8e-06,3.9
6062,robinson,5185,8e-06,3.9
6063,soo,5182,7.99e-06,3.9
6064,belle,5182,7.99e-06,3.9
6065,landscape,5181,7.99e-06,3.9
6066,straw,5179,7.99e-06,3.9
6067,dam,5177,7.98e-06,3.9
6068,mandy,5175,7.98e-06,3.9
6069,sayin,5174,7.98e-06,3.9
6070,accuse,5174,7.98e-06,3.9
6071,rehab,5172,7.98e-06,3.9
6072,switzerland,5171,7.97e-06,3.9
6073,agenda,5171,7.97e-06,3.9
6074,glue,5170,7.97e-06,3.9
6075,salesman,5170,7.97e-06,3.9
6076,diner,5167,7.97e-06,3.9
6077,projects,5166,7.97e-06,3.9
6078,floors,5165,7.96e-06,3.9
6079,mainly,5165,7.96e-06,3.9
6080,biological,5164,7.96e-06,3.9
6081,sincere,5158,7.95e-06,3.9
6082,weigh,5157,7.95e-06,3.9
6083,pad,5156,7.95e-06,3.9
6084,swiss,5155,7.95e-06,3.9
6085,cue,5154,7.95e-06,3.9
6086,witches,5153,7.95e-06,3.9
6087,opposed,5153,7.95e-06,3.9
6088,tourists,5149,7.94e-06,3.9
6089,sneaking,5148,7.94e-06,3.9
6090,harvard,5148,7.94e-06,3.9
6091,spying,5147,7.94e-06,3.9
6092,sketch,5146,7.94e-06,3.9
6093,parliament,5143,7.93e-06,3.9
6094,behold,5141,7.93e-06,3.9
6095,blamed,5140,7.93e-06,3.9
6096,topic,5140,7.93e-06,3.9
6097,offices,5138,7.92e-06,3.9
6098,sacrificed,5135,7.92e-06,3.9
6099,loop,5134,7.92e-06,3.9
6100,drivers,5134,7.92e-06,3.9
6101,battles,5133,7.92e-06,3.9
6102,blond,5132,7.91e-06,3.9
6103,plead,5132,7.91e-06,3.9
6104,races,5132,7.91e-06,3.9
6105,tanya,5131,7.91e-06,3.9
6106,salmon,5129,7.91e-06,3.9
6107,bizarre,5128,7.91e-06,3.9
6108,rico,5128,7.91e-06,3.9
6109,isabel,5127,7.91e-06,3.9
6110,wig,5127,7.91e-06,3.9
6111,reaches,5126,7.9e-06,3.9
6112,heights,5126,7.9e-06,3.9
6113,possibilities,5122,7.9e-06,3.9
6114,wax,5121,7.9e-06,3.9
6115,travels,5120,7.9e-06,3.9
6116,confidential,5120,7.9e-06,3.9
6117,pursuit,5120,7.9e-06,3.9
6118,herd,5119,7.89e-06,3.9
6119,scissors,5119,7.89e-06,3.9
6120,cd,5118,7.89e-06,3.9
6121,spies,5116,7.89e-06,3.9
6122,exams,5116,7.89e-06,3.9
6123,invention,5116,7.89e-06,3.9
6124,explaining,5113,7.88e-06,3.9
6125,replacement,5112,7.88e-06,3.9
6126,bombing,5112,7.88e-06,3.9
6127,erik,5109,7.88e-06,3.9
6128,springs,5108,7.88e-06,3.9
6129,chelsea,5107,7.88e-06,3.9
6130,sabrina,5107,7.88e-06,3.9
6131,kicks,5105,7.87e-06,3.9
6132,integrity,5104,7.87e-06,3.9
6133,dash,5102,7.87e-06,3.9
6134,jae,5100,7.86e-06,3.9
6135,senate,5100,7.86e-06,3.9
6136,mentally,5097,7.86e-06,3.9
6137,flee,5096,7.86e-06,3.9
6138,gangster,5095,7.86e-06,3.9
6139,beautifully,5095,7.86e-06,3.9
6140,roberts,5094,7.86e-06,3.9
6141,slim,5093,7.85e-06,3.89
6142,choosing,5091,7.85e-06,3.89
6143,promising,5091,7.85e-06,3.89
6144,objective,5090,7.85e-06,3.89
6145,joyce,5089,7.85e-06,3.89
6146,altogether,5089,7.85e-06,3.89
6147,attract,5088,7.85e-06,3.89
6148,ernie,5087,7.84e-06,3.89
6149,melanie,5087,7.84e-06,3.89
6150,prep,5086,7.84e-06,3.89
6151,neighbours,5086,7.84e-06,3.89
6152,nailed,5086,7.84e-06,3.89
6153,briefcase,5085,7.84e-06,3.89
6154,buzzer,5085,7.84e-06,3.89
6155,quitting,5083,7.84e-06,3.89
6156,puppet,5083,7.84e-06,3.89
6157,restore,5083,7.84e-06,3.89
6158,dozens,5082,7.84e-06,3.89
6159,betting,5082,7.84e-06,3.89
6160,pancakes,5082,7.84e-06,3.89
6161,corridor,5082,7.84e-06,3.89
6162,embarrass,5081,7.84e-06,3.89
6163,visits,5080,7.83e-06,3.89
6164,database,5080,7.83e-06,3.89
6165,cheryl,5080,7.83e-06,3.89
6166,achieved,5078,7.83e-06,3.89
6167,sucking,5077,7.83e-06,3.89
6168,encourage,5075,7.83e-06,3.89
6169,grades,5075,7.83e-06,3.89
6170,gps,5074,7.82e-06,3.89
6171,barks,5074,7.82e-06,3.89
6172,patterns,5072,7.82e-06,3.89
6173,relevant,5068,7.82e-06,3.89
6174,mafia,5067,7.81e-06,3.89
6175,hudson,5067,7.81e-06,3.89
6176,expense,5065,7.81e-06,3.89
6177,intact,5064,7.81e-06,3.89
6178,occasionally,5064,7.81e-06,3.89
6179,kiddo,5064,7.81e-06,3.89
6180,heartbeat,5062,7.81e-06,3.89
6181,identical,5062,7.81e-06,3.89
6182,cigar,5060,7.8e-06,3.89
6183,billions,5058,7.8e-06,3.89
6184,alec,5058,7.8e-06,3.89
6185,gained,5057,7.8e-06,3.89
6186,venice,5057,7.8e-06,3.89
6187,classical,5054,7.79e-06,3.89
6188,noodles,5053,7.79e-06,3.89
6189,consistent,5053,7.79e-06,3.89
6190,clip,5051,7.79e-06,3.89
6191,resign,5051,7.79e-06,3.89
6192,insects,5051,7.79e-06,3.89
6193,failing,5050,7.79e-06,3.89
6194,organic,5050,7.79e-06,3.89
6195,seize,5050,7.79e-06,3.89
6196,charging,5049,7.79e-06,3.89
6197,mug,5049,7.79e-06,3.89
6198,iris,5046,7.78e-06,3.89
6199,crow,5042,7.78e-06,3.89
6200,ella,5041,7.77e-06,3.89
6201,fountain,5040,7.77e-06,3.89
6202,observation,5040,7.77e-06,3.89
6203,abortion,5040,7.77e-06,3.89
6204,railroad,5039,7.77e-06,3.89
6205,straighten,5039,7.77e-06,3.89
6206,legitimate,5036,7.77e-06,3.89
6207,sting,5035,7.76e-06,3.89
6208,youngest,5033,7.76e-06,3.89
6209,fork,5032,7.76e-06,3.89
6210,du,5032,7.76e-06,3.89
6211,flynn,5032,7.76e-06,3.89
6212,ciao,5031,7.76e-06,3.89
6213,coroner,5030,7.76e-06,3.89
6214,jonas,5030,7.76e-06,3.89
6215,marching,5029,7.76e-06,3.89
6216,touches,5029,7.76e-06,3.89
6217,jade,5028,7.75e-06,3.89
6218,feared,5027,7.75e-06,3.89
6219,griffin,5027,7.75e-06,3.89
6220,expedition,5026,7.75e-06,3.89
6221,forcing,5024,7.75e-06,3.89
6222,neighbour,5016,7.74e-06,3.89
6223,digital,5016,7.74e-06,3.89
6224,deeds,5015,7.73e-06,3.89
6225,milan,5015,7.73e-06,3.89
6226,bernie,5015,7.73e-06,3.89
6227,attic,5014,7.73e-06,3.89
6228,jr,5012,7.73e-06,3.89
6229,whores,5012,7.73e-06,3.89
6230,sentimental,5011,7.73e-06,3.89
6231,cooler,5011,7.73e-06,3.89
6232,eun,5008,7.72e-06,3.89
6233,bert,5008,7.72e-06,3.89
6234,feds,5007,7.72e-06,3.89
6235,reese,5007,7.72e-06,3.89
6236,plea,5006,7.72e-06,3.89
6237,polly,5005,7.72e-06,3.89
6238,metres,5002,7.71e-06,3.89
6239,harmony,5002,7.71e-06,3.89
6240,difficulty,4998,7.71e-06,3.89
6241,bands,4998,7.71e-06,3.89
6242,dried,4998,7.71e-06,3.89
6243,aunty,4996,7.7e-06,3.89
6244,maker,4996,7.7e-06,3.89
6245,randall,4995,7.7e-06,3.89
6246,supporting,4995,7.7e-06,3.89
6247,brake,4994,7.7e-06,3.89
6248,girlfriends,4994,7.7e-06,3.89
6249,features,4993,7.7e-06,3.89
6250,photography,4993,7.7e-06,3.89
6251,vengeance,4992,7.7e-06,3.89
6252,inappropriate,4992,7.7e-06,3.89
6253,vacuum,4989,7.69e-06,3.89
6254,throws,4988,7.69e-06,3.89
6255,kane,4987,7.69e-06,3.89
6256,residents,4987,7.69e-06,3.89
6257,endure,4987,7.69e-06,3.89
6258,substance,4986,7.69e-06,3.89
6259,corrupt,4986,7.69e-06,3.89
6260,potter,4986,7.69e-06,3.89
6261,investigator,4985,7.69e-06,3.89
6262,thread,4985,7.69e-06,3.89
6263,priests,4984,7.69e-06,3.89
6264,gap,4983,7.68e-06,3.89
6265,whining,4980,7.68e-06,3.89
6266,scarf,4980,7.68e-06,3.89
6267,institution,4978,7.68e-06,3.89
6268,immortal,4976,7.67e-06,3.88
6269,marsh,4974,7.67e-06,3.88
6270,chapel,4973,7.67e-06,3.88
6271,desperately,4973,7.67e-06,3.88
6272,accidents,4973,7.67e-06,3.88
6273,alcoholic,4973,7.67e-06,3.88
6274,fabric,4971,7.67e-06,3.88
6275,nazis,4969,7.66e-06,3.88
6276,railway,4969,7.66e-06,3.88
6277,sal,4969,7.66e-06,3.88
6278,dame,4968,7.66e-06,3.88
6279,rebels,4966,7.66e-06,3.88
6280,custom,4965,7.66e-06,3.88
6281,pension,4963,7.65e-06,3.88
6282,cans,4962,7.65e-06,3.88
6283,possess,4961,7.65e-06,3.88
6284,kira,4960,7.65e-06,3.88
6285,poster,4959,7.65e-06,3.88
6286,developing,4956,7.64e-06,3.88
6287,addict,4953,7.64e-06,3.88
6288,feature,4953,7.64e-06,3.88
6289,cope,4952,7.64e-06,3.88
6290,lords,4951,7.63e-06,3.88
6291,delightful,4950,7.63e-06,3.88
6292,wrestling,4948,7.63e-06,3.88
6293,rio,4945,7.63e-06,3.88
6294,reduce,4943,7.62e-06,3.88
6295,rescued,4940,7.62e-06,3.88
6296,peg,4939,7.62e-06,3.88
6297,mercedes,4937,7.61e-06,3.88
6298,guaranteed,4936,7.61e-06,3.88
6299,emotionally,4936,7.61e-06,3.88
6300,poland,4936,7.61e-06,3.88
6301,accountant,4936,7.61e-06,3.88
6302,theories,4935,7.61e-06,3.88
6303,tumor,4933,7.61e-06,3.88
6304,automatic,4932,7.61e-06,3.88
6305,amusing,4932,7.61e-06,3.88
6306,unnecessary,4930,7.6e-06,3.88
6307,higgins,4930,7.6e-06,3.88
6308,voting,4928,7.6e-06,3.88
6309,buster,4927,7.6e-06,3.88
6310,stadium,4924,7.59e-06,3.88
6311,visible,4923,7.59e-06,3.88
6312,easter,4923,7.59e-06,3.88
6313,jeep,4923,7.59e-06,3.88
6314,dj,4922,7.59e-06,3.88
6315,les,4922,7.59e-06,3.88
6316,garcia,4921,7.59e-06,3.88
6317,tracked,4921,7.59e-06,3.88
6318,ignorant,4919,7.59e-06,3.88
6319,pledge,4918,7.58e-06,3.88
6320,deserted,4918,7.58e-06,3.88
6321,esther,4918,7.58e-06,3.88
6322,rum,4917,7.58e-06,3.88
6323,fisher,4915,7.58e-06,3.88
6324,wheelchair,4914,7.58e-06,3.88
6325,salvation,4913,7.58e-06,3.88
6326,lester,4912,7.57e-06,3.88
6327,wonders,4912,7.57e-06,3.88
6328,clattering,4911,7.57e-06,3.88
6329,maintenance,4911,7.57e-06,3.88
6330,tobacco,4910,7.57e-06,3.88
6331,underwater,4910,7.57e-06,3.88
6332,divide,4907,7.57e-06,3.88
6333,slightest,4906,7.57e-06,3.88
6334,discount,4906,7.57e-06,3.88
6335,yoga,4906,7.57e-06,3.88
6336,vagina,4905,7.56e-06,3.88
6337,rushing,4905,7.56e-06,3.88
6338,modest,4904,7.56e-06,3.88
6339,wes,4902,7.56e-06,3.88
6340,reduced,4901,7.56e-06,3.88
6341,whisper,4898,7.55e-06,3.88
6342,pressing,4898,7.55e-06,3.88
6343,tops,4898,7.55e-06,3.88
6344,variety,4897,7.55e-06,3.88
6345,ignored,4896,7.55e-06,3.88
6346,helena,4896,7.55e-06,3.88
6347,writers,4895,7.55e-06,3.88
6348,grain,4895,7.55e-06,3.88
6349,essentially,4894,7.55e-06,3.88
6350,archie,4893,7.55e-06,3.88
6351,ofthe,4893,7.55e-06,3.88
6352,individuals,4893,7.55e-06,3.88
6353,meredith,4893,7.55e-06,3.88
6354,gavin,4892,7.54e-06,3.88
6355,subtle,4891,7.54e-06,3.88
6356,interviews,4891,7.54e-06,3.88
6357,pinky,4886,7.53e-06,3.88
6358,cord,4885,7.53e-06,3.88
6359,sites,4884,7.53e-06,3.88
6360,brennan,4884,7.53e-06,3.88
6361,maddie,4882,7.53e-06,3.88
6362,vienna,4882,7.53e-06,3.88
6363,issued,4881,7.53e-06,3.88
6364,lasted,4881,7.53e-06,3.88
6365,explosive,4879,7.52e-06,3.88
6366,origin,4878,7.52e-06,3.88
6367,unto,4877,7.52e-06,3.88
6368,rogue,4876,7.52e-06,3.88
6369,superintendent,4874,7.52e-06,3.88
6370,cody,4874,7.52e-06,3.88
6371,jacques,4874,7.52e-06,3.88
6372,ol,4872,7.51e-06,3.88
6373,challenges,4869,7.51e-06,3.88
6374,corruption,4868,7.51e-06,3.88
6375,sullivan,4867,7.51e-06,3.88
6376,shutter,4866,7.5e-06,3.88
6377,erase,4864,7.5e-06,3.88
6378,ski,4862,7.5e-06,3.88
6379,forensics,4861,7.5e-06,3.88
6380,flavor,4859,7.49e-06,3.87
6381,fastest,4859,7.49e-06,3.87
6382,joon,4857,7.49e-06,3.87
6383,vet,4856,7.49e-06,3.87
6384,civilians,4852,7.48e-06,3.87
6385,lobster,4851,7.48e-06,3.87
6386,housing,4846,7.47e-06,3.87
6387,canal,4845,7.47e-06,3.87
6388,robots,4845,7.47e-06,3.87
6389,shade,4843,7.47e-06,3.87
6390,ambitious,4842,7.47e-06,3.87
6391,orchestra,4840,7.46e-06,3.87
6392,succeeded,4837,7.46e-06,3.87
6393,guidance,4837,7.46e-06,3.87
6394,hence,4836,7.46e-06,3.87
6395,bella,4833,7.45e-06,3.87
6396,seoul,4833,7.45e-06,3.87
6397,jose,4828,7.45e-06,3.87
6398,inevitable,4826,7.44e-06,3.87
6399,tick,4825,7.44e-06,3.87
6400,rival,4823,7.44e-06,3.87
6401,refuses,4820,7.43e-06,3.87
6402,fiancé,4819,7.43e-06,3.87
6403,purchase,4819,7.43e-06,3.87
6404,wander,4819,7.43e-06,3.87
6405,ireland,4818,7.43e-06,3.87
6406,hanna,4818,7.43e-06,3.87
6407,hanged,4818,7.43e-06,3.87
6408,napoleon,4813,7.42e-06,3.87
6409,elite,4812,7.42e-06,3.87
6410,craft,4812,7.42e-06,3.87
6411,cult,4811,7.42e-06,3.87
6412,whisky,4810,7.42e-06,3.87
6413,profits,4809,7.42e-06,3.87
6414,shelf,4806,7.41e-06,3.87
6415,kai,4806,7.41e-06,3.87
6416,allowing,4806,7.41e-06,3.87
6417,chart,4806,7.41e-06,3.87
6418,accusing,4803,7.41e-06,3.87
6419,buzzes,4803,7.41e-06,3.87
6420,weekends,4803,7.41e-06,3.87
6421,humiliated,4801,7.4e-06,3.87
6422,fiancée,4800,7.4e-06,3.87
6423,hissing,4800,7.4e-06,3.87
6424,treats,4799,7.4e-06,3.87
6425,granddaughter,4799,7.4e-06,3.87
6426,serena,4797,7.4e-06,3.87
6427,submit,4796,7.4e-06,3.87
6428,supervisor,4796,7.4e-06,3.87
6429,sniffing,4795,7.39e-06,3.87
6430,resident,4794,7.39e-06,3.87
6431,tearing,4793,7.39e-06,3.87
6432,obliged,4792,7.39e-06,3.87
6433,opportunities,4791,7.39e-06,3.87
6434,knights,4791,7.39e-06,3.87
6435,hangs,4789,7.39e-06,3.87
6436,jerusalem,4786,7.38e-06,3.87
6437,stew,4786,7.38e-06,3.87
6438,counted,4785,7.38e-06,3.87
6439,instruments,4783,7.38e-06,3.87
6440,triumph,4781,7.37e-06,3.87
6441,nun,4780,7.37e-06,3.87
6442,frequency,4780,7.37e-06,3.87
6443,resume,4779,7.37e-06,3.87
6444,marines,4779,7.37e-06,3.87
6445,distract,4777,7.37e-06,3.87
6446,satisfaction,4775,7.36e-06,3.87
6447,historical,4774,7.36e-06,3.87
6448,creates,4772,7.36e-06,3.87
6449,costumes,4771,7.36e-06,3.87
6450,swedish,4771,7.36e-06,3.87
6451,lizzie,4769,7.35e-06,3.87
6452,depending,4766,7.35e-06,3.87
6453,sour,4765,7.35e-06,3.87
6454,spark,4765,7.35e-06,3.87
6455,freely,4764,7.35e-06,3.87
6456,scotty,4764,7.35e-06,3.87
6457,freaks,4764,7.35e-06,3.87
6458,shan,4763,7.34e-06,3.87
6459,globe,4762,7.34e-06,3.87
6460,peak,4762,7.34e-06,3.87
6461,sentenced,4762,7.34e-06,3.87
6462,fierce,4761,7.34e-06,3.87
6463,scam,4761,7.34e-06,3.87
6464,hollow,4761,7.34e-06,3.87
6465,anton,4760,7.34e-06,3.87
6466,hoo,4760,7.34e-06,3.87
6467,concentration,4760,7.34e-06,3.87
6468,presume,4760,7.34e-06,3.87
6469,invest,4759,7.34e-06,3.87
6470,eleanor,4759,7.34e-06,3.87
6471,radical,4758,7.34e-06,3.87
6472,protective,4757,7.34e-06,3.87
6473,smiles,4756,7.33e-06,3.87
6474,stunning,4753,7.33e-06,3.87
6475,frustrated,4753,7.33e-06,3.87
6476,suspenseful,4752,7.33e-06,3.87
6477,breed,4752,7.33e-06,3.87
6478,adore,4752,7.33e-06,3.87
6479,controlling,4751,7.33e-06,3.87
6480,reagan,4751,7.33e-06,3.87
6481,pasta,4750,7.32e-06,3.86
6482,precinct,4749,7.32e-06,3.86
6483,swallowed,4748,7.32e-06,3.86
6484,execute,4748,7.32e-06,3.86
6485,towels,4747,7.32e-06,3.86
6486,architect,4747,7.32e-06,3.86
6487,delta,4746,7.32e-06,3.86
6488,honks,4744,7.32e-06,3.86
6489,preserve,4742,7.31e-06,3.86
6490,dose,4741,7.31e-06,3.86
6491,stove,4739,7.31e-06,3.86
6492,codes,4738,7.31e-06,3.86
6493,instantly,4737,7.3e-06,3.86
6494,bugger,4737,7.3e-06,3.86
6495,vivian,4736,7.3e-06,3.86
6496,yoon,4736,7.3e-06,3.86
6497,doo,4732,7.3e-06,3.86
6498,haul,4731,7.3e-06,3.86
6499,orphanage,4730,7.29e-06,3.86
6500,bolt,4726,7.29e-06,3.86
6501,autograph,4724,7.28e-06,3.86
6502,sharply,4724,7.28e-06,3.86
6503,habits,4723,7.28e-06,3.86
6504,villagers,4723,7.28e-06,3.86
6505,cracks,4722,7.28e-06,3.86
6506,dwight,4722,7.28e-06,3.86
6507,omar,4721,7.28e-06,3.86
6508,assembly,4720,7.28e-06,3.86
6509,meds,4720,7.28e-06,3.86
6510,marge,4719,7.28e-06,3.86
6511,magnetic,4718,7.28e-06,3.86
6512,romans,4716,7.27e-06,3.86
6513,joshua,4714,7.27e-06,3.86
6514,sorted,4711,7.26e-06,3.86
6515,assets,4711,7.26e-06,3.86
6516,insulted,4707,7.26e-06,3.86
6517,outstanding,4707,7.26e-06,3.86
6518,essence,4707,7.26e-06,3.86
6519,wardrobe,4707,7.26e-06,3.86
6520,ling,4707,7.26e-06,3.86
6521,nam,4706,7.26e-06,3.86
6522,benson,4705,7.26e-06,3.86
6523,restaurants,4704,7.25e-06,3.86
6524,disco,4702,7.25e-06,3.86
6525,flirting,4702,7.25e-06,3.86
6526,abilities,4700,7.25e-06,3.86
6527,dolly,4700,7.25e-06,3.86
6528,handful,4700,7.25e-06,3.86
6529,mice,4698,7.24e-06,3.86
6530,pumpkin,4698,7.24e-06,3.86
6531,bennett,4696,7.24e-06,3.86
6532,sweating,4695,7.24e-06,3.86
6533,anchor,4693,7.24e-06,3.86
6534,thankful,4693,7.24e-06,3.86
6535,interior,4693,7.24e-06,3.86
6536,moore,4690,7.23e-06,3.86
6537,urge,4688,7.23e-06,3.86
6538,surrounding,4686,7.23e-06,3.86
6539,strain,4683,7.22e-06,3.86
6540,curtains,4682,7.22e-06,3.86
6541,gypsy,4682,7.22e-06,3.86
6542,tomato,4682,7.22e-06,3.86
6543,blanche,4682,7.22e-06,3.86
6544,bonds,4681,7.22e-06,3.86
6545,compassion,4681,7.22e-06,3.86
6546,greece,4679,7.22e-06,3.86
6547,ceo,4678,7.21e-06,3.86
6548,arabic,4677,7.21e-06,3.86
6549,examination,4677,7.21e-06,3.86
6550,participate,4674,7.21e-06,3.86
6551,veins,4674,7.21e-06,3.86
6552,cups,4673,7.21e-06,3.86
6553,additional,4672,7.2e-06,3.86
6554,sofia,4671,7.2e-06,3.86
6555,obsession,4671,7.2e-06,3.86
6556,responsibilities,4670,7.2e-06,3.86
6557,ridge,4670,7.2e-06,3.86
6558,intent,4670,7.2e-06,3.86
6559,axe,4669,7.2e-06,3.86
6560,reckless,4668,7.2e-06,3.86
6561,missiles,4667,7.2e-06,3.86
6562,razor,4664,7.19e-06,3.86
6563,corners,4664,7.19e-06,3.86
6564,frightening,4663,7.19e-06,3.86
6565,rains,4662,7.19e-06,3.86
6566,mutant,4660,7.19e-06,3.86
6567,wally,4659,7.18e-06,3.86
6568,whereas,4656,7.18e-06,3.86
6569,heavenly,4655,7.18e-06,3.86
6570,promoted,4655,7.18e-06,3.86
6571,dang,4654,7.18e-06,3.86
6572,maiden,4652,7.17e-06,3.86
6573,comments,4652,7.17e-06,3.86
6574,batteries,4649,7.17e-06,3.86
6575,bark,4647,7.17e-06,3.86
6576,seas,4647,7.17e-06,3.86
6577,congressman,4645,7.16e-06,3.85
6578,canyon,4642,7.16e-06,3.85
6579,casual,4642,7.16e-06,3.85
6580,rack,4642,7.16e-06,3.85
6581,expectations,4638,7.15e-06,3.85
6582,flowing,4634,7.15e-06,3.85
6583,adjust,4634,7.15e-06,3.85
6584,decade,4633,7.14e-06,3.85
6585,pine,4633,7.14e-06,3.85
6586,tails,4633,7.14e-06,3.85
6587,baxter,4630,7.14e-06,3.85
6588,wires,4628,7.14e-06,3.85
6589,pigeon,4626,7.13e-06,3.85
6590,finance,4624,7.13e-06,3.85
6591,respectable,4622,7.13e-06,3.85
6592,demonstration,4620,7.12e-06,3.85
6593,prank,4618,7.12e-06,3.85
6594,appointed,4618,7.12e-06,3.85
6595,treason,4615,7.12e-06,3.85
6596,views,4612,7.11e-06,3.85
6597,violin,4612,7.11e-06,3.85
6598,stir,4611,7.11e-06,3.85
6599,lifestyle,4610,7.11e-06,3.85
6600,realm,4610,7.11e-06,3.85
6601,monty,4609,7.11e-06,3.85
6602,roosevelt,4608,7.11e-06,3.85
6603,missy,4608,7.11e-06,3.85
6604,fitting,4606,7.1e-06,3.85
6605,señor,4605,7.1e-06,3.85
6606,tuna,4605,7.1e-06,3.85
6607,tuck,4605,7.1e-06,3.85
6608,inspection,4604,7.1e-06,3.85
6609,nursing,4603,7.1e-06,3.85
6610,jared,4602,7.1e-06,3.85
6611,poop,4601,7.1e-06,3.85
6612,cardinal,4601,7.1e-06,3.85
6613,altar,4600,7.09e-06,3.85
6614,herman,4600,7.09e-06,3.85
6615,carlo,4600,7.09e-06,3.85
6616,tourist,4599,7.09e-06,3.85
6617,conviction,4599,7.09e-06,3.85
6618,jelly,4597,7.09e-06,3.85
6619,thrill,4597,7.09e-06,3.85
6620,lounge,4597,7.09e-06,3.85
6621,cha,4596,7.09e-06,3.85
6622,zip,4596,7.09e-06,3.85
6623,hogan,4595,7.09e-06,3.85
6624,dimension,4595,7.09e-06,3.85
6625,choke,4594,7.08e-06,3.85
6626,backing,4594,7.08e-06,3.85
6627,pains,4593,7.08e-06,3.85
6628,bodyguard,4593,7.08e-06,3.85
6629,rug,4593,7.08e-06,3.85
6630,jaw,4592,7.08e-06,3.85
6631,ants,4591,7.08e-06,3.85
6632,popcorn,4590,7.08e-06,3.85
6633,courtroom,4589,7.08e-06,3.85
6634,reynolds,4589,7.08e-06,3.85
6635,pointless,4589,7.08e-06,3.85
6636,documentary,4587,7.07e-06,3.85
6637,donor,4586,7.07e-06,3.85
6638,mortgage,4586,7.07e-06,3.85
6639,tunnels,4586,7.07e-06,3.85
6640,enforcement,4585,7.07e-06,3.85
6641,demanding,4584,7.07e-06,3.85
6642,cocks,4584,7.07e-06,3.85
6643,eliminated,4584,7.07e-06,3.85
6644,agh,4582,7.07e-06,3.85
6645,rapidly,4581,7.06e-06,3.85
6646,refer,4580,7.06e-06,3.85
6647,shipment,4577,7.06e-06,3.85
6648,tasted,4577,7.06e-06,3.85
6649,fails,4577,7.06e-06,3.85
6650,michel,4576,7.06e-06,3.85
6651,rushed,4575,7.06e-06,3.85
6652,ordering,4574,7.05e-06,3.85
6653,efficient,4574,7.05e-06,3.85
6654,outrageous,4569,7.05e-06,3.85
6655,gracious,4566,7.04e-06,3.85
6656,slaughter,4562,7.04e-06,3.85
6657,marijuana,4561,7.03e-06,3.85
6658,monroe,4560,7.03e-06,3.85
6659,pipes,4559,7.03e-06,3.85
6660,backed,4558,7.03e-06,3.85
6661,vest,4557,7.03e-06,3.85
6662,approached,4557,7.03e-06,3.85
6663,mechanic,4555,7.02e-06,3.85
6664,mumbai,4553,7.02e-06,3.85
6665,arizona,4552,7.02e-06,3.85
6666,legendary,4550,7.02e-06,3.85
6667,delayed,4549,7.01e-06,3.85
6668,resolve,4548,7.01e-06,3.85
6669,relation,4547,7.01e-06,3.85
6670,amelia,4545,7.01e-06,3.85
6671,mechanical,4542,7e-06,3.85
6672,fare,4542,7e-06,3.85
6673,karma,4541,7e-06,3.85
6674,jefferson,4541,7e-06,3.85
6675,chorus,4540,7e-06,3.85
6676,nana,4539,7e-06,3.85
6677,extend,4539,7e-06,3.85
6678,info,4533,6.99e-06,3.84
6679,saddle,4531,6.99e-06,3.84
6680,pretended,4528,6.98e-06,3.84
6681,equals,4526,6.98e-06,3.84
6682,motherfuckers,4524,6.98e-06,3.84
6683,artificial,4523,6.97e-06,3.84
6684,accomplish,4521,6.97e-06,3.84
6685,burial,4520,6.97e-06,3.84
6686,lynn,4519,6.97e-06,3.84
6687,detention,4518,6.97e-06,3.84
6688,vow,4518,6.97e-06,3.84
6689,bake,4517,6.97e-06,3.84
6690,breakdown,4517,6.97e-06,3.84
6691,dvd,4515,6.96e-06,3.84
6692,delhi,4512,6.96e-06,3.84
6693,selected,4507,6.95e-06,3.84
6694,lightly,4506,6.95e-06,3.84
6695,dealers,4504,6.95e-06,3.84
6696,layer,4501,6.94e-06,3.84
6697,gown,4501,6.94e-06,3.84
6698,courtney,4495,6.93e-06,3.84
6699,incoming,4492,6.93e-06,3.84
6700,reid,4492,6.93e-06,3.84
6701,countryside,4491,6.93e-06,3.84
6702,cheaper,4491,6.93e-06,3.84
6703,smelled,4491,6.93e-06,3.84
6704,devon,4490,6.92e-06,3.84
6705,ducks,4490,6.92e-06,3.84
6706,lethal,4489,6.92e-06,3.84
6707,swan,4489,6.92e-06,3.84
6708,attending,4489,6.92e-06,3.84
6709,moonlight,4488,6.92e-06,3.84
6710,ropes,4487,6.92e-06,3.84
6711,dispatch,4487,6.92e-06,3.84
6712,notebook,4484,6.91e-06,3.84
6713,punched,4484,6.91e-06,3.84
6714,identification,4483,6.91e-06,3.84
6715,contracts,4482,6.91e-06,3.84
6716,scattered,4482,6.91e-06,3.84
6717,trusting,4477,6.9e-06,3.84
6718,susie,4476,6.9e-06,3.84
6719,prayed,4476,6.9e-06,3.84
6720,volunteers,4474,6.9e-06,3.84
6721,remembering,4474,6.9e-06,3.84
6722,adopt,4473,6.9e-06,3.84
6723,calvin,4472,6.9e-06,3.84
6724,worms,4470,6.89e-06,3.84
6725,consideration,4470,6.89e-06,3.84
6726,bandits,4470,6.89e-06,3.84
6727,moses,4469,6.89e-06,3.84
6728,zombies,4468,6.89e-06,3.84
6729,lionel,4466,6.89e-06,3.84
6730,non,4464,6.88e-06,3.84
6731,transplant,4463,6.88e-06,3.84
6732,crackling,4462,6.88e-06,3.84
6733,loneliness,4461,6.88e-06,3.84
6734,frasier,4461,6.88e-06,3.84
6735,epic,4458,6.87e-06,3.84
6736,gladly,4458,6.87e-06,3.84
6737,marcel,4457,6.87e-06,3.84
6738,mon,4456,6.87e-06,3.84
6739,frost,4455,6.87e-06,3.84
6740,registration,4453,6.87e-06,3.84
6741,prophet,4451,6.86e-06,3.84
6742,launched,4451,6.86e-06,3.84
6743,constitution,4446,6.86e-06,3.84
6744,roland,4441,6.85e-06,3.84
6745,claude,4441,6.85e-06,3.84
6746,sock,4440,6.85e-06,3.84
6747,dragons,4439,6.85e-06,3.84
6748,buyer,4438,6.84e-06,3.84
6749,regulations,4435,6.84e-06,3.84
6750,mimi,4432,6.83e-06,3.83
6751,volcano,4431,6.83e-06,3.83
6752,accomplice,4431,6.83e-06,3.83
6753,bounty,4430,6.83e-06,3.83
6754,hotels,4429,6.83e-06,3.83
6755,favors,4428,6.83e-06,3.83
6756,opinions,4428,6.83e-06,3.83
6757,pressed,4427,6.83e-06,3.83
6758,asylum,4426,6.83e-06,3.83
6759,blunt,4425,6.82e-06,3.83
6760,duel,4425,6.82e-06,3.83
6761,niles,4422,6.82e-06,3.83
6762,consult,4422,6.82e-06,3.83
6763,nevertheless,4420,6.82e-06,3.83
6764,carnival,4420,6.82e-06,3.83
6765,au,4419,6.81e-06,3.83
6766,baba,4419,6.81e-06,3.83
6767,hah,4418,6.81e-06,3.83
6768,paths,4415,6.81e-06,3.83
6769,rides,4414,6.81e-06,3.83
6770,tray,4414,6.81e-06,3.83
6771,cynthia,4414,6.81e-06,3.83
6772,te,4414,6.81e-06,3.83
6773,handcuffs,4414,6.81e-06,3.83
6774,shannon,4414,6.81e-06,3.83
6775,barrier,4413,6.81e-06,3.83
6776,supposedly,4412,6.8e-06,3.83
6777,faggot,4411,6.8e-06,3.83
6778,hunch,4408,6.8e-06,3.83
6779,disposal,4408,6.8e-06,3.83
6780,yacht,4408,6.8e-06,3.83
6781,stain,4407,6.8e-06,3.83
6782,thoughtful,4405,6.79e-06,3.83
6783,healed,4405,6.79e-06,3.83
6784,thinkin,4404,6.79e-06,3.83
6785,syndrome,4403,6.79e-06,3.83
6786,hairy,4402,6.79e-06,3.83
6787,kansas,4400,6.79e-06,3.83
6788,happiest,4399,6.78e-06,3.83
6789,entertain,4399,6.78e-06,3.83
6790,ambush,4397,6.78e-06,3.83
6791,recommended,4397,6.78e-06,3.83
6792,childish,4397,6.78e-06,3.83
6793,meter,4395,6.78e-06,3.83
6794,gilbert,4395,6.78e-06,3.83
6795,lease,4394,6.78e-06,3.83
6796,climbed,4393,6.77e-06,3.83
6797,nadia,4393,6.77e-06,3.83
6798,unstable,4393,6.77e-06,3.83
6799,exploded,4391,6.77e-06,3.83
6800,apollo,4390,6.77e-06,3.83
6801,rogers,4389,6.77e-06,3.83
6802,politician,4389,6.77e-06,3.83
6803,rs,4389,6.77e-06,3.83
6804,awaits,4388,6.77e-06,3.83
6805,abraham,4387,6.77e-06,3.83
6806,evelyn,4386,6.76e-06,3.83
6807,particles,4385,6.76e-06,3.83
6808,violation,4385,6.76e-06,3.83
6809,lined,4384,6.76e-06,3.83
6810,amazed,4383,6.76e-06,3.83
6811,lure,4383,6.76e-06,3.83
6812,lyrics,4382,6.76e-06,3.83
6813,pod,4382,6.76e-06,3.83
6814,fran,4381,6.76e-06,3.83
6815,universal,4381,6.76e-06,3.83
6816,hulk,4376,6.75e-06,3.83
6817,drunken,4376,6.75e-06,3.83
6818,hyah,4376,6.75e-06,3.83
6819,continuing,4375,6.75e-06,3.83
6820,goals,4374,6.75e-06,3.83
6821,warming,4372,6.74e-06,3.83
6822,dc,4371,6.74e-06,3.83
6823,chemicals,4371,6.74e-06,3.83
6824,owl,4370,6.74e-06,3.83
6825,xena,4368,6.74e-06,3.83
6826,compromised,4367,6.73e-06,3.83
6827,grounded,4367,6.73e-06,3.83
6828,cane,4366,6.73e-06,3.83
6829,avenge,4364,6.73e-06,3.83
6830,dexter,4364,6.73e-06,3.83
6831,phantom,4364,6.73e-06,3.83
6832,notion,4363,6.73e-06,3.83
6833,directors,4362,6.73e-06,3.83
6834,tease,4361,6.73e-06,3.83
6835,forensic,4361,6.73e-06,3.83
6836,doe,4361,6.73e-06,3.83
6837,outcome,4360,6.72e-06,3.83
6838,slam,4360,6.72e-06,3.83
6839,shattered,4360,6.72e-06,3.83
6840,cheque,4359,6.72e-06,3.83
6841,baked,4359,6.72e-06,3.83
6842,sought,4357,6.72e-06,3.83
6843,racket,4355,6.72e-06,3.83
6844,hammond,4355,6.72e-06,3.83
6845,rider,4352,6.71e-06,3.83
6846,exotic,4352,6.71e-06,3.83
6847,cory,4351,6.71e-06,3.83
6848,extent,4350,6.71e-06,3.83
6849,eighth,4350,6.71e-06,3.83
6850,stack,4345,6.7e-06,3.83
6851,wheat,4345,6.7e-06,3.83
6852,shipping,4345,6.7e-06,3.83
6853,satisfy,4343,6.7e-06,3.83
6854,kara,4341,6.69e-06,3.83
6855,departure,4341,6.69e-06,3.83
6856,finch,4341,6.69e-06,3.83
6857,blocking,4340,6.69e-06,3.83
6858,regiment,4338,6.69e-06,3.83
6859,kin,4336,6.69e-06,3.83
6860,klaus,4335,6.68e-06,3.82
6861,surf,4333,6.68e-06,3.82
6862,kilometers,4330,6.68e-06,3.82
6863,rises,4329,6.68e-06,3.82
6864,frighten,4329,6.68e-06,3.82
6865,abused,4328,6.67e-06,3.82
6866,gerald,4325,6.67e-06,3.82
6867,colours,4324,6.67e-06,3.82
6868,hath,4323,6.67e-06,3.82
6869,marvin,4322,6.66e-06,3.82
6870,texts,4322,6.66e-06,3.82
6871,spaghetti,4322,6.66e-06,3.82
6872,chester,4322,6.66e-06,3.82
6873,bosses,4320,6.66e-06,3.82
6874,elephants,4319,6.66e-06,3.82
6875,snarling,4319,6.66e-06,3.82
6876,contained,4319,6.66e-06,3.82
6877,laurie,4317,6.66e-06,3.82
6878,arab,4317,6.66e-06,3.82
6879,bumped,4317,6.66e-06,3.82
6880,chili,4316,6.66e-06,3.82
6881,yah,4315,6.65e-06,3.82
6882,sustained,4313,6.65e-06,3.82
6883,abducted,4313,6.65e-06,3.82
6884,panicked,4313,6.65e-06,3.82
6885,shallow,4312,6.65e-06,3.82
6886,diving,4312,6.65e-06,3.82
6887,artie,4311,6.65e-06,3.82
6888,harriet,4311,6.65e-06,3.82
6889,generator,4311,6.65e-06,3.82
6890,federation,4310,6.65e-06,3.82
6891,mulder,4310,6.65e-06,3.82
6892,arresting,4309,6.64e-06,3.82
6893,techniques,4309,6.64e-06,3.82
6894,feather,4308,6.64e-06,3.82
6895,printed,4306,6.64e-06,3.82
6896,untie,4306,6.64e-06,3.82
6897,jupiter,4305,6.64e-06,3.82
6898,hay,4300,6.63e-06,3.82
6899,stalking,4300,6.63e-06,3.82
6900,conrad,4299,6.63e-06,3.82
6901,phony,4298,6.63e-06,3.82
6902,brett,4298,6.63e-06,3.82
6903,whack,4297,6.63e-06,3.82
6904,scored,4297,6.63e-06,3.82
6905,continent,4293,6.62e-06,3.82
6906,articles,4292,6.62e-06,3.82
6907,oxford,4291,6.62e-06,3.82
6908,organize,4289,6.61e-06,3.82
6909,sensors,4288,6.61e-06,3.82
6910,shanghai,4288,6.61e-06,3.82
6911,wh,4287,6.61e-06,3.82
6912,sniper,4285,6.61e-06,3.82
6913,noisy,4284,6.61e-06,3.82
6914,framed,4284,6.61e-06,3.82
6915,horizon,4284,6.61e-06,3.82
6916,twilight,4283,6.6e-06,3.82
6917,reflection,4283,6.6e-06,3.82
6918,masks,4281,6.6e-06,3.82
6919,godfather,4281,6.6e-06,3.82
6920,merchant,4280,6.6e-06,3.82
6921,wages,4280,6.6e-06,3.82
6922,robe,4279,6.6e-06,3.82
6923,waist,4279,6.6e-06,3.82
6924,stinking,4277,6.6e-06,3.82
6925,disappointment,4277,6.6e-06,3.82
6926,venture,4274,6.59e-06,3.82
6927,voyage,4273,6.59e-06,3.82
6928,curry,4271,6.59e-06,3.82
6929,ominous,4270,6.58e-06,3.82
6930,sunlight,4270,6.58e-06,3.82
6931,oui,4269,6.58e-06,3.82
6932,overseas,4269,6.58e-06,3.82
6933,casualties,4269,6.58e-06,3.82
6934,aaah,4269,6.58e-06,3.82
6935,mattress,4265,6.58e-06,3.82
6936,grill,4265,6.58e-06,3.82
6937,marketing,4265,6.58e-06,3.82
6938,accepting,4264,6.58e-06,3.82
6939,occupation,4264,6.58e-06,3.82
6940,deadline,4264,6.58e-06,3.82
6941,freed,4264,6.58e-06,3.82
6942,exhibit,4263,6.57e-06,3.82
6943,poems,4263,6.57e-06,3.82
6944,echoing,4262,6.57e-06,3.82
6945,shin,4262,6.57e-06,3.82
6946,compliments,4262,6.57e-06,3.82
6947,til,4261,6.57e-06,3.82
6948,define,4261,6.57e-06,3.82
6949,urine,4261,6.57e-06,3.82
6950,foreman,4260,6.57e-06,3.82
6951,facial,4259,6.57e-06,3.82
6952,combined,4257,6.56e-06,3.82
6953,brody,4255,6.56e-06,3.82
6954,probation,4254,6.56e-06,3.82
6955,reject,4253,6.56e-06,3.82
6956,catches,4248,6.55e-06,3.82
6957,dances,4248,6.55e-06,3.82
6958,gemma,4248,6.55e-06,3.82
6959,pinch,4247,6.55e-06,3.82
6960,ingredients,4247,6.55e-06,3.82
6961,ra,4247,6.55e-06,3.82
6962,hurricane,4245,6.55e-06,3.82
6963,chatting,4244,6.54e-06,3.82
6964,mini,4243,6.54e-06,3.82
6965,heel,4241,6.54e-06,3.82
6966,adding,4241,6.54e-06,3.82
6967,bandit,4238,6.54e-06,3.82
6968,destined,4236,6.53e-06,3.81
6969,limo,4235,6.53e-06,3.81
6970,spa,4235,6.53e-06,3.81
6971,graves,4234,6.53e-06,3.81
6972,turkish,4234,6.53e-06,3.81
6973,listed,4233,6.53e-06,3.81
6974,corpses,4233,6.53e-06,3.81
6975,matty,4232,6.53e-06,3.81
6976,evacuate,4232,6.53e-06,3.81
6977,publish,4232,6.53e-06,3.81
6978,judith,4231,6.52e-06,3.81
6979,banned,4231,6.52e-06,3.81
6980,snaps,4231,6.52e-06,3.81
6981,cheeks,4230,6.52e-06,3.81
6982,predict,4229,6.52e-06,3.81
6983,ohio,4229,6.52e-06,3.81
6984,holland,4229,6.52e-06,3.81
6985,confront,4228,6.52e-06,3.81
6986,utterly,4228,6.52e-06,3.81
6987,pals,4228,6.52e-06,3.81
6988,pilots,4228,6.52e-06,3.81
6989,umm,4228,6.52e-06,3.81
6990,jonah,4227,6.52e-06,3.81
6991,ironic,4226,6.52e-06,3.81
6992,improved,4226,6.52e-06,3.81
6993,popping,4226,6.52e-06,3.81
6994,mills,4224,6.51e-06,3.81
6995,farther,4220,6.51e-06,3.81
6996,delivering,4220,6.51e-06,3.81
6997,skipper,4218,6.5e-06,3.81
6998,flattered,4218,6.5e-06,3.81
6999,coconut,4217,6.5e-06,3.81
7000,acknowledge,4214,6.5e-06,3.81
7001,shuts,4213,6.5e-06,3.81
7002,sweden,4213,6.5e-06,3.81
7003,hooray,4212,6.5e-06,3.81
7004,sip,4212,6.5e-06,3.81
7005,blessings,4210,6.49e-06,3.81
7006,grocery,4210,6.49e-06,3.81
7007,terminal,4208,6.49e-06,3.81
7008,parks,4205,6.48e-06,3.81
7009,meaningless,4205,6.48e-06,3.81
7010,awards,4205,6.48e-06,3.81
7011,fade,4205,6.48e-06,3.81
7012,hiring,4204,6.48e-06,3.81
7013,burton,4203,6.48e-06,3.81
7014,fees,4203,6.48e-06,3.81
7015,wretched,4202,6.48e-06,3.81
7016,krishna,4199,6.48e-06,3.81
7017,thoroughly,4198,6.47e-06,3.81
7018,exhibition,4198,6.47e-06,3.81
7019,spends,4198,6.47e-06,3.81
7020,denver,4197,6.47e-06,3.81
7021,winners,4193,6.47e-06,3.81
7022,doris,4193,6.47e-06,3.81
7023,luther,4192,6.46e-06,3.81
7024,disappearance,4192,6.46e-06,3.81
7025,madrid,4192,6.46e-06,3.81
7026,supported,4190,6.46e-06,3.81
7027,advised,4190,6.46e-06,3.81
7028,regina,4187,6.46e-06,3.81
7029,supermarket,4187,6.46e-06,3.81
7030,hereby,4186,6.46e-06,3.81
7031,pier,4186,6.46e-06,3.81
7032,shorter,4186,6.46e-06,3.81
7033,betrayal,4185,6.45e-06,3.81
7034,philadelphia,4185,6.45e-06,3.81
7035,christians,4184,6.45e-06,3.81
7036,psychology,4181,6.45e-06,3.81
7037,danielle,4180,6.45e-06,3.81
7038,trent,4179,6.44e-06,3.81
7039,keeper,4179,6.44e-06,3.81
7040,detroit,4179,6.44e-06,3.81
7041,canadian,4179,6.44e-06,3.81
7042,su,4178,6.44e-06,3.81
7043,associates,4177,6.44e-06,3.81
7044,gerry,4176,6.44e-06,3.81
7045,restless,4173,6.44e-06,3.81
7046,collector,4172,6.43e-06,3.81
7047,marvellous,4172,6.43e-06,3.81
7048,physician,4171,6.43e-06,3.81
7049,exposure,4171,6.43e-06,3.81
7050,grudge,4170,6.43e-06,3.81
7051,lid,4166,6.42e-06,3.81
7052,followers,4166,6.42e-06,3.81
7053,glow,4165,6.42e-06,3.81
7054,submarine,4164,6.42e-06,3.81
7055,towns,4164,6.42e-06,3.81
7056,pawn,4164,6.42e-06,3.81
7057,edith,4162,6.42e-06,3.81
7058,includes,4161,6.42e-06,3.81
7059,lu,4160,6.42e-06,3.81
7060,proposition,4160,6.42e-06,3.81
7061,joker,4159,6.41e-06,3.81
7062,spilled,4158,6.41e-06,3.81
7063,opposition,4158,6.41e-06,3.81
7064,jang,4158,6.41e-06,3.81
7065,haley,4158,6.41e-06,3.81
7066,hose,4157,6.41e-06,3.81
7067,partnership,4157,6.41e-06,3.81
7068,usa,4155,6.41e-06,3.81
7069,timmy,4154,6.41e-06,3.81
7070,breathes,4151,6.4e-06,3.81
7071,whoops,4151,6.4e-06,3.81
7072,astronaut,4150,6.4e-06,3.81
7073,porch,4148,6.4e-06,3.81
7074,leonardo,4148,6.4e-06,3.81
7075,responding,4148,6.4e-06,3.81
7076,wishing,4148,6.4e-06,3.81
7077,boil,4146,6.39e-06,3.81
7078,kneel,4146,6.39e-06,3.81
7079,tammy,4141,6.39e-06,3.81
7080,clumsy,4141,6.39e-06,3.81
7081,rapid,4140,6.38e-06,3.8
7082,xiao,4140,6.38e-06,3.8
7083,stevens,4139,6.38e-06,3.8
7084,invested,4138,6.38e-06,3.8
7085,janice,4138,6.38e-06,3.8
7086,roller,4137,6.38e-06,3.8
7087,thai,4137,6.38e-06,3.8
7088,justify,4137,6.38e-06,3.8
7089,garlic,4136,6.38e-06,3.8
7090,yelled,4135,6.38e-06,3.8
7091,simone,4134,6.38e-06,3.8
7092,ammunition,4134,6.38e-06,3.8
7093,sushi,4133,6.37e-06,3.8
7094,shaft,4133,6.37e-06,3.8
7095,definition,4132,6.37e-06,3.8
7096,gardens,4131,6.37e-06,3.8
7097,chandler,4129,6.37e-06,3.8
7098,ne,4128,6.37e-06,3.8
7099,notify,4128,6.37e-06,3.8
7100,brady,4128,6.37e-06,3.8
7101,beasts,4127,6.36e-06,3.8
7102,setup,4127,6.36e-06,3.8
7103,greed,4123,6.36e-06,3.8
7104,dared,4122,6.36e-06,3.8
7105,unlucky,4121,6.35e-06,3.8
7106,classroom,4121,6.35e-06,3.8
7107,treaty,4120,6.35e-06,3.8
7108,hike,4118,6.35e-06,3.8
7109,dagger,4118,6.35e-06,3.8
7110,spine,4115,6.35e-06,3.8
7111,detect,4113,6.34e-06,3.8
7112,chow,4112,6.34e-06,3.8
7113,des,4110,6.34e-06,3.8
7114,teenagers,4109,6.34e-06,3.8
7115,handwriting,4109,6.34e-06,3.8
7116,mock,4108,6.33e-06,3.8
7117,challenging,4108,6.33e-06,3.8
7118,salon,4108,6.33e-06,3.8
7119,virtue,4107,6.33e-06,3.8
7120,lawsuit,4107,6.33e-06,3.8
7121,shelly,4105,6.33e-06,3.8
7122,clap,4105,6.33e-06,3.8
7123,mustache,4104,6.33e-06,3.8
7124,offence,4103,6.33e-06,3.8
7125,med,4103,6.33e-06,3.8
7126,sultan,4102,6.33e-06,3.8
7127,attraction,4102,6.33e-06,3.8
7128,franco,4101,6.32e-06,3.8
7129,courts,4100,6.32e-06,3.8
7130,fortress,4100,6.32e-06,3.8
7131,café,4099,6.32e-06,3.8
7132,peel,4097,6.32e-06,3.8
7133,petrol,4096,6.32e-06,3.8
7134,disappears,4096,6.32e-06,3.8
7135,asset,4096,6.32e-06,3.8
7136,warp,4096,6.32e-06,3.8
7137,workshop,4095,6.31e-06,3.8
7138,traps,4094,6.31e-06,3.8
7139,jeannie,4091,6.31e-06,3.8
7140,appreciated,4090,6.31e-06,3.8
7141,condemned,4089,6.31e-06,3.8
7142,garrett,4088,6.3e-06,3.8
7143,muttering,4087,6.3e-06,3.8
7144,shook,4087,6.3e-06,3.8
7145,naval,4086,6.3e-06,3.8
7146,egyptian,4085,6.3e-06,3.8
7147,expand,4084,6.3e-06,3.8
7148,sunrise,4083,6.3e-06,3.8
7149,swine,4083,6.3e-06,3.8
7150,jingle,4083,6.3e-06,3.8
7151,lordship,4083,6.3e-06,3.8
7152,peach,4083,6.3e-06,3.8
7153,filmed,4083,6.3e-06,3.8
7154,pakistan,4080,6.29e-06,3.8
7155,oughta,4080,6.29e-06,3.8
7156,selection,4079,6.29e-06,3.8
7157,squeaking,4079,6.29e-06,3.8
7158,condom,4078,6.29e-06,3.8
7159,sadie,4077,6.29e-06,3.8
7160,barbie,4076,6.29e-06,3.8
7161,alongside,4076,6.29e-06,3.8
7162,risking,4075,6.28e-06,3.8
7163,democratic,4074,6.28e-06,3.8
7164,nerd,4074,6.28e-06,3.8
7165,dancers,4074,6.28e-06,3.8
7166,crook,4072,6.28e-06,3.8
7167,mack,4071,6.28e-06,3.8
7168,grasp,4071,6.28e-06,3.8
7169,translate,4070,6.28e-06,3.8
7170,behaving,4068,6.27e-06,3.8
7171,humiliating,4067,6.27e-06,3.8
7172,quarrel,4066,6.27e-06,3.8
7173,lively,4065,6.27e-06,3.8
7174,fury,4065,6.27e-06,3.8
7175,policemen,4064,6.27e-06,3.8
7176,sensei,4064,6.27e-06,3.8
7177,elders,4064,6.27e-06,3.8
7178,battlefield,4064,6.27e-06,3.8
7179,sticky,4063,6.27e-06,3.8
7180,glen,4063,6.27e-06,3.8
7181,liu,4062,6.26e-06,3.8
7182,primitive,4062,6.26e-06,3.8
7183,reign,4062,6.26e-06,3.8
7184,eugene,4061,6.26e-06,3.8
7185,stash,4061,6.26e-06,3.8
7186,evolved,4060,6.26e-06,3.8
7187,shifts,4060,6.26e-06,3.8
7188,unlock,4059,6.26e-06,3.8
7189,devices,4059,6.26e-06,3.8
7190,peculiar,4058,6.26e-06,3.8
7191,talents,4057,6.26e-06,3.8
7192,anita,4057,6.26e-06,3.8
7193,foreigners,4056,6.25e-06,3.8
7194,snacks,4056,6.25e-06,3.8
7195,mint,4055,6.25e-06,3.8
7196,pissing,4054,6.25e-06,3.8
7197,fuse,4054,6.25e-06,3.8
7198,manuel,4054,6.25e-06,3.8
7199,towers,4054,6.25e-06,3.8
7200,freezer,4052,6.25e-06,3.8
7201,inheritance,4051,6.25e-06,3.8
7202,villages,4049,6.24e-06,3.8
7203,beckett,4045,6.24e-06,3.8
7204,jewel,4045,6.24e-06,3.8
7205,bollocks,4045,6.24e-06,3.8
7206,shells,4044,6.24e-06,3.8
7207,swept,4043,6.23e-06,3.79
7208,recognition,4042,6.23e-06,3.79
7209,shovel,4040,6.23e-06,3.79
7210,artistic,4039,6.23e-06,3.79
7211,qualities,4037,6.23e-06,3.79
7212,ferry,4034,6.22e-06,3.79
7213,darren,4031,6.22e-06,3.79
7214,misunderstood,4029,6.21e-06,3.79
7215,portal,4029,6.21e-06,3.79
7216,atomic,4028,6.21e-06,3.79
7217,javier,4027,6.21e-06,3.79
7218,ava,4027,6.21e-06,3.79
7219,claiming,4025,6.21e-06,3.79
7220,examined,4025,6.21e-06,3.79
7221,defensive,4025,6.21e-06,3.79
7222,kenneth,4024,6.21e-06,3.79
7223,kat,4023,6.2e-06,3.79
7224,sensation,4023,6.2e-06,3.79
7225,ahhh,4023,6.2e-06,3.79
7226,increasing,4021,6.2e-06,3.79
7227,fugitive,4020,6.2e-06,3.79
7228,urban,4019,6.2e-06,3.79
7229,visions,4017,6.19e-06,3.79
7230,bathing,4016,6.19e-06,3.79
7231,gregory,4016,6.19e-06,3.79
7232,delight,4016,6.19e-06,3.79
7233,iot,4014,6.19e-06,3.79
7234,genes,4014,6.19e-06,3.79
7235,boundaries,4012,6.19e-06,3.79
7236,caution,4012,6.19e-06,3.79
7237,ellis,4011,6.19e-06,3.79
7238,strangled,4011,6.19e-06,3.79
7239,thorough,4010,6.18e-06,3.79
7240,ike,4009,6.18e-06,3.79
7241,bites,4008,6.18e-06,3.79
7242,nude,4008,6.18e-06,3.79
7243,tidy,4007,6.18e-06,3.79
7244,patricia,4007,6.18e-06,3.79
7245,tate,4006,6.18e-06,3.79
7246,obligation,4005,6.18e-06,3.79
7247,ari,4003,6.17e-06,3.79
7248,clearance,4001,6.17e-06,3.79
7249,reserved,4000,6.17e-06,3.79
7250,nasa,3999,6.17e-06,3.79
7251,spock,3996,6.16e-06,3.79
7252,marion,3995,6.16e-06,3.79
7253,reflect,3994,6.16e-06,3.79
7254,jammed,3994,6.16e-06,3.79
7255,sleeve,3992,6.16e-06,3.79
7256,classy,3992,6.16e-06,3.79
7257,fag,3990,6.15e-06,3.79
7258,angelo,3989,6.15e-06,3.79
7259,bradley,3988,6.15e-06,3.79
7260,bananas,3988,6.15e-06,3.79
7261,saints,3988,6.15e-06,3.79
7262,longest,3987,6.15e-06,3.79
7263,confirmation,3986,6.15e-06,3.79
7264,mushrooms,3986,6.15e-06,3.79
7265,cyrus,3985,6.15e-06,3.79
7266,toni,3985,6.15e-06,3.79
7267,finals,3983,6.14e-06,3.79
7268,millionaire,3983,6.14e-06,3.79
7269,adoption,3982,6.14e-06,3.79
7270,wired,3981,6.14e-06,3.79
7271,comet,3980,6.14e-06,3.79
7272,handing,3980,6.14e-06,3.79
7273,cheerful,3980,6.14e-06,3.79
7274,deb,3980,6.14e-06,3.79
7275,acceptable,3978,6.13e-06,3.79
7276,realistic,3978,6.13e-06,3.79
7277,waits,3977,6.13e-06,3.79
7278,sufficient,3977,6.13e-06,3.79
7279,cosmic,3976,6.13e-06,3.79
7280,nolan,3975,6.13e-06,3.79
7281,gabe,3975,6.13e-06,3.79
7282,intellectual,3975,6.13e-06,3.79
7283,vomit,3972,6.13e-06,3.79
7284,warmth,3970,6.12e-06,3.79
7285,magnum,3969,6.12e-06,3.79
7286,associated,3968,6.12e-06,3.79
7287,alas,3967,6.12e-06,3.79
7288,engineers,3967,6.12e-06,3.79
7289,offend,3966,6.12e-06,3.79
7290,overwhelming,3966,6.12e-06,3.79
7291,sherry,3966,6.12e-06,3.79
7292,inherited,3965,6.11e-06,3.79
7293,antoine,3964,6.11e-06,3.79
7294,whooping,3962,6.11e-06,3.79
7295,scars,3962,6.11e-06,3.79
7296,sheldon,3960,6.11e-06,3.79
7297,purposes,3955,6.1e-06,3.79
7298,robbing,3955,6.1e-06,3.79
7299,refrigerator,3954,6.1e-06,3.79
7300,instructor,3954,6.1e-06,3.79
7301,darrin,3954,6.1e-06,3.79
7302,moms,3954,6.1e-06,3.79
7303,overtime,3953,6.1e-06,3.79
7304,percy,3952,6.09e-06,3.78
7305,laurel,3952,6.09e-06,3.78
7306,females,3951,6.09e-06,3.78
7307,sacrifices,3947,6.09e-06,3.78
7308,representing,3943,6.08e-06,3.78
7309,drift,3943,6.08e-06,3.78
7310,ruthless,3942,6.08e-06,3.78
7311,po,3942,6.08e-06,3.78
7312,arguments,3941,6.08e-06,3.78
7313,crappy,3941,6.08e-06,3.78
7314,musicians,3940,6.08e-06,3.78
7315,sidney,3938,6.07e-06,3.78
7316,depressing,3938,6.07e-06,3.78
7317,lasts,3938,6.07e-06,3.78
7318,doom,3937,6.07e-06,3.78
7319,milo,3936,6.07e-06,3.78
7320,cant,3936,6.07e-06,3.78
7321,backpack,3934,6.07e-06,3.78
7322,aisle,3933,6.07e-06,3.78
7323,insulting,3933,6.07e-06,3.78
7324,edition,3932,6.06e-06,3.78
7325,losses,3932,6.06e-06,3.78
7326,sh,3932,6.06e-06,3.78
7327,preacher,3931,6.06e-06,3.78
7328,schmidt,3929,6.06e-06,3.78
7329,swinging,3925,6.05e-06,3.78
7330,managing,3924,6.05e-06,3.78
7331,sinking,3924,6.05e-06,3.78
7332,lacey,3924,6.05e-06,3.78
7333,casting,3922,6.05e-06,3.78
7334,trials,3919,6.04e-06,3.78
7335,demonstrate,3918,6.04e-06,3.78
7336,diseases,3918,6.04e-06,3.78
7337,beggar,3917,6.04e-06,3.78
7338,amounts,3916,6.04e-06,3.78
7339,traced,3915,6.04e-06,3.78
7340,raven,3913,6.03e-06,3.78
7341,activate,3912,6.03e-06,3.78
7342,slapped,3911,6.03e-06,3.78
7343,heroic,3908,6.03e-06,3.78
7344,roar,3907,6.02e-06,3.78
7345,queer,3906,6.02e-06,3.78
7346,uk,3905,6.02e-06,3.78
7347,matching,3905,6.02e-06,3.78
7348,trump,3904,6.02e-06,3.78
7349,resignation,3903,6.02e-06,3.78
7350,newton,3901,6.02e-06,3.78
7351,sincerely,3900,6.01e-06,3.78
7352,stacy,3900,6.01e-06,3.78
7353,saul,3900,6.01e-06,3.78
7354,madman,3899,6.01e-06,3.78
7355,jenkins,3898,6.01e-06,3.78
7356,poke,3898,6.01e-06,3.78
7357,spicy,3897,6.01e-06,3.78
7358,swap,3897,6.01e-06,3.78
7359,programs,3894,6e-06,3.78
7360,sheer,3893,6e-06,3.78
7361,spaceship,3893,6e-06,3.78
7362,schultz,3893,6e-06,3.78
7363,blink,3893,6e-06,3.78
7364,steer,3892,6e-06,3.78
7365,males,3891,6e-06,3.78
7366,injection,3890,6e-06,3.78
7367,ant,3888,6e-06,3.78
7368,reform,3888,6e-06,3.78
7369,properties,3887,5.99e-06,3.78
7370,virtually,3886,5.99e-06,3.78
7371,camps,3886,5.99e-06,3.78
7372,tapping,3884,5.99e-06,3.78
7373,tequila,3882,5.99e-06,3.78
7374,inquiry,3881,5.98e-06,3.78
7375,fainted,3881,5.98e-06,3.78
7376,formation,3879,5.98e-06,3.78
7377,shields,3876,5.98e-06,3.78
7378,escaping,3876,5.98e-06,3.78
7379,unemployed,3875,5.98e-06,3.78
7380,murdering,3874,5.97e-06,3.78
7381,interviewed,3873,5.97e-06,3.78
7382,striking,3872,5.97e-06,3.78
7383,vows,3871,5.97e-06,3.78
7384,donovan,3871,5.97e-06,3.78
7385,antique,3870,5.97e-06,3.78
7386,il,3870,5.97e-06,3.78
7387,sherlock,3869,5.97e-06,3.78
7388,puke,3869,5.97e-06,3.78
7389,hysterical,3868,5.96e-06,3.78
7390,taller,3868,5.96e-06,3.78
7391,employment,3867,5.96e-06,3.78
7392,thats,3866,5.96e-06,3.78
7393,agrees,3865,5.96e-06,3.78
7394,dodge,3864,5.96e-06,3.78
7395,unite,3860,5.95e-06,3.77
7396,mumbling,3859,5.95e-06,3.77
7397,rabbits,3857,5.95e-06,3.77
7398,repeating,3856,5.95e-06,3.77
7399,mule,3856,5.95e-06,3.77
7400,locals,3856,5.95e-06,3.77
7401,neighbourhood,3853,5.94e-06,3.77
7402,hayes,3852,5.94e-06,3.77
7403,bats,3852,5.94e-06,3.77
7404,beliefs,3852,5.94e-06,3.77
7405,spared,3851,5.94e-06,3.77
7406,vegetable,3850,5.94e-06,3.77
7407,liv,3848,5.93e-06,3.77
7408,bunker,3848,5.93e-06,3.77
7409,channels,3847,5.93e-06,3.77
7410,phenomenon,3846,5.93e-06,3.77
7411,hips,3846,5.93e-06,3.77
7412,grayson,3844,5.93e-06,3.77
7413,expelled,3840,5.92e-06,3.77
7414,camille,3839,5.92e-06,3.77
7415,languages,3838,5.92e-06,3.77
7416,iv,3838,5.92e-06,3.77
7417,premises,3837,5.92e-06,3.77
7418,pronounce,3836,5.92e-06,3.77
7419,ng,3836,5.92e-06,3.77
7420,bridges,3834,5.91e-06,3.77
7421,ape,3834,5.91e-06,3.77
7422,julius,3833,5.91e-06,3.77
7423,bruises,3832,5.91e-06,3.77
7424,convict,3831,5.91e-06,3.77
7425,prettier,3830,5.91e-06,3.77
7426,elections,3829,5.9e-06,3.77
7427,annoyed,3828,5.9e-06,3.77
7428,hometown,3828,5.9e-06,3.77
7429,earrings,3827,5.9e-06,3.77
7430,discreet,3827,5.9e-06,3.77
7431,poured,3826,5.9e-06,3.77
7432,morphine,3826,5.9e-06,3.77
7433,henderson,3824,5.9e-06,3.77
7434,jun,3824,5.9e-06,3.77
7435,narrating,3823,5.9e-06,3.77
7436,rookie,3823,5.9e-06,3.77
7437,peanuts,3823,5.9e-06,3.77
7438,camel,3822,5.89e-06,3.77
7439,abe,3822,5.89e-06,3.77
7440,chewing,3821,5.89e-06,3.77
7441,imagining,3821,5.89e-06,3.77
7442,runner,3821,5.89e-06,3.77
7443,hyun,3821,5.89e-06,3.77
7444,tomatoes,3819,5.89e-06,3.77
7445,sponsor,3818,5.89e-06,3.77
7446,fulfilled,3816,5.88e-06,3.77
7447,probe,3816,5.88e-06,3.77
7448,karate,3813,5.88e-06,3.77
7449,grease,3812,5.88e-06,3.77
7450,dinosaurs,3811,5.88e-06,3.77
7451,rebellion,3810,5.88e-06,3.77
7452,marta,3808,5.87e-06,3.77
7453,lone,3807,5.87e-06,3.77
7454,nan,3806,5.87e-06,3.77
7455,underestimate,3804,5.87e-06,3.77
7456,acres,3803,5.86e-06,3.77
7457,carlton,3801,5.86e-06,3.77
7458,hacked,3800,5.86e-06,3.77
7459,barber,3799,5.86e-06,3.77
7460,mining,3799,5.86e-06,3.77
7461,aged,3798,5.86e-06,3.77
7462,designs,3797,5.86e-06,3.77
7463,preferred,3796,5.85e-06,3.77
7464,onions,3796,5.85e-06,3.77
7465,stray,3796,5.85e-06,3.77
7466,void,3793,5.85e-06,3.77
7467,sixteen,3792,5.85e-06,3.77
7468,slower,3792,5.85e-06,3.77
7469,hannibal,3792,5.85e-06,3.77
7470,sabotage,3791,5.85e-06,3.77
7471,rabbi,3791,5.85e-06,3.77
7472,concerning,3789,5.84e-06,3.77
7473,dixon,3789,5.84e-06,3.77
7474,holt,3787,5.84e-06,3.77
7475,mannix,3786,5.84e-06,3.77
7476,noted,3786,5.84e-06,3.77
7477,peterson,3786,5.84e-06,3.77
7478,dental,3786,5.84e-06,3.77
7479,obama,3786,5.84e-06,3.77
7480,squirrel,3785,5.84e-06,3.77
7481,committing,3785,5.84e-06,3.77
7482,werewolf,3785,5.84e-06,3.77
7483,slipping,3784,5.84e-06,3.77
7484,matthews,3783,5.83e-06,3.77
7485,explosions,3783,5.83e-06,3.77
7486,seo,3781,5.83e-06,3.77
7487,russ,3781,5.83e-06,3.77
7488,whitney,3781,5.83e-06,3.77
7489,ignoring,3780,5.83e-06,3.77
7490,infinite,3780,5.83e-06,3.77
7491,cavalry,3780,5.83e-06,3.77
7492,lam,3779,5.83e-06,3.77
7493,suzanne,3779,5.83e-06,3.77
7494,bomber,3779,5.83e-06,3.77
7495,ruling,3777,5.82e-06,3.76
7496,boiling,3775,5.82e-06,3.76
7497,needles,3775,5.82e-06,3.76
7498,semester,3773,5.82e-06,3.76
7499,irrelevant,3772,5.82e-06,3.76
7500,savior,3771,5.82e-06,3.76
7501,veil,3769,5.81e-06,3.76
7502,tramp,3769,5.81e-06,3.76
7503,roberto,3768,5.81e-06,3.76
7504,deepest,3768,5.81e-06,3.76
7505,perfection,3768,5.81e-06,3.76
7506,shutting,3768,5.81e-06,3.76
7507,iii,3766,5.81e-06,3.76
7508,tiffany,3766,5.81e-06,3.76
7509,mentor,3766,5.81e-06,3.76
7510,branches,3765,5.81e-06,3.76
7511,enthusiasm,3764,5.8e-06,3.76
7512,arena,3763,5.8e-06,3.76
7513,listens,3762,5.8e-06,3.76
7514,hardware,3762,5.8e-06,3.76
7515,greatly,3762,5.8e-06,3.76
7516,battalion,3762,5.8e-06,3.76
7517,moustache,3761,5.8e-06,3.76
7518,irresponsible,3761,5.8e-06,3.76
7519,audio,3760,5.8e-06,3.76
7520,ga,3760,5.8e-06,3.76
7521,initiative,3759,5.8e-06,3.76
7522,sweaty,3759,5.8e-06,3.76
7523,noel,3758,5.8e-06,3.76
7524,requests,3757,5.79e-06,3.76
7525,distraction,3757,5.79e-06,3.76
7526,parrot,3754,5.79e-06,3.76
7527,steed,3754,5.79e-06,3.76
7528,entertaining,3754,5.79e-06,3.76
7529,whipped,3753,5.79e-06,3.76
7530,proving,3752,5.79e-06,3.76
7531,assaulted,3752,5.79e-06,3.76
7532,piggy,3750,5.78e-06,3.76
7533,pause,3750,5.78e-06,3.76
7534,surviving,3750,5.78e-06,3.76
7535,funding,3748,5.78e-06,3.76
7536,dinosaur,3748,5.78e-06,3.76
7537,acquaintance,3748,5.78e-06,3.76
7538,bedtime,3748,5.78e-06,3.76
7539,rail,3746,5.78e-06,3.76
7540,rooster,3746,5.78e-06,3.76
7541,cowards,3746,5.78e-06,3.76
7542,hastings,3745,5.78e-06,3.76
7543,container,3743,5.77e-06,3.76
7544,lori,3743,5.77e-06,3.76
7545,secured,3742,5.77e-06,3.76
7546,tossed,3741,5.77e-06,3.76
7547,stripper,3741,5.77e-06,3.76
7548,steele,3740,5.77e-06,3.76
7549,waving,3739,5.77e-06,3.76
7550,clamoring,3739,5.77e-06,3.76
7551,banker,3738,5.76e-06,3.76
7552,bacteria,3738,5.76e-06,3.76
7553,indicates,3738,5.76e-06,3.76
7554,assassination,3737,5.76e-06,3.76
7555,starring,3735,5.76e-06,3.76
7556,drawings,3735,5.76e-06,3.76
7557,cupboard,3735,5.76e-06,3.76
7558,sanctuary,3735,5.76e-06,3.76
7559,surgical,3735,5.76e-06,3.76
7560,pairs,3735,5.76e-06,3.76
7561,purely,3734,5.76e-06,3.76
7562,temptation,3734,5.76e-06,3.76
7563,elderly,3734,5.76e-06,3.76
7564,geoffrey,3734,5.76e-06,3.76
7565,vibe,3733,5.76e-06,3.76
7566,profound,3732,5.76e-06,3.76
7567,gong,3732,5.76e-06,3.76
7568,transformed,3732,5.76e-06,3.76
7569,crop,3732,5.76e-06,3.76
7570,detailed,3731,5.75e-06,3.76
7571,scrap,3730,5.75e-06,3.76
7572,abigail,3729,5.75e-06,3.76
7573,careless,3727,5.75e-06,3.76
7574,dove,3726,5.75e-06,3.76
7575,sloppy,3726,5.75e-06,3.76
7576,atlanta,3723,5.74e-06,3.76
7577,hideous,3722,5.74e-06,3.76
7578,lizard,3720,5.74e-06,3.76
7579,separation,3719,5.74e-06,3.76
7580,intern,3719,5.74e-06,3.76
7581,tab,3719,5.74e-06,3.76
7582,psych,3718,5.73e-06,3.76
7583,ranks,3718,5.73e-06,3.76
7584,parish,3717,5.73e-06,3.76
7585,booty,3716,5.73e-06,3.76
7586,peasant,3715,5.73e-06,3.76
7587,squeal,3715,5.73e-06,3.76
7588,oooh,3715,5.73e-06,3.76
7589,comb,3715,5.73e-06,3.76
7590,bash,3714,5.73e-06,3.76
7591,restored,3713,5.73e-06,3.76
7592,platoon,3712,5.72e-06,3.76
7593,junkie,3712,5.72e-06,3.76
7594,involves,3710,5.72e-06,3.76
7595,rupert,3709,5.72e-06,3.76
7596,norm,3707,5.72e-06,3.76
7597,carrier,3707,5.72e-06,3.76
7598,fatty,3707,5.72e-06,3.76
7599,difficulties,3706,5.71e-06,3.76
7600,producers,3705,5.71e-06,3.76
7601,superb,3705,5.71e-06,3.76
7602,tha,3704,5.71e-06,3.76
7603,candidates,3703,5.71e-06,3.76
7604,summoned,3703,5.71e-06,3.76
7605,refuge,3702,5.71e-06,3.76
7606,righteous,3702,5.71e-06,3.76
7607,carolina,3701,5.71e-06,3.76
7608,onion,3699,5.7e-06,3.76
7609,natasha,3699,5.7e-06,3.76
7610,pickup,3698,5.7e-06,3.76
7611,spells,3697,5.7e-06,3.76
7612,wesley,3697,5.7e-06,3.76
7613,carrington,3696,5.7e-06,3.76
7614,armies,3696,5.7e-06,3.76
7615,seasons,3695,5.7e-06,3.76
7616,senor,3695,5.7e-06,3.76
7617,billie,3695,5.7e-06,3.76
7618,specialty,3690,5.69e-06,3.76
7619,thirst,3690,5.69e-06,3.76
7620,select,3689,5.69e-06,3.76
7621,rendezvous,3689,5.69e-06,3.76
7622,smiled,3688,5.69e-06,3.76
7623,colorado,3687,5.69e-06,3.76
7624,visa,3686,5.68e-06,3.75
7625,spice,3685,5.68e-06,3.75
7626,caller,3684,5.68e-06,3.75
7627,foods,3684,5.68e-06,3.75
7628,rational,3684,5.68e-06,3.75
7629,scottish,3683,5.68e-06,3.75
7630,cunning,3682,5.68e-06,3.75
7631,grunt,3681,5.68e-06,3.75
7632,knot,3681,5.68e-06,3.75
7633,hairs,3680,5.67e-06,3.75
7634,payments,3679,5.67e-06,3.75
7635,granddad,3678,5.67e-06,3.75
7636,massacre,3678,5.67e-06,3.75
7637,competitive,3677,5.67e-06,3.75
7638,herb,3677,5.67e-06,3.75
7639,mae,3676,5.67e-06,3.75
7640,immune,3674,5.67e-06,3.75
7641,grenade,3674,5.67e-06,3.75
7642,regularly,3674,5.67e-06,3.75
7643,stakes,3673,5.66e-06,3.75
7644,kilos,3673,5.66e-06,3.75
7645,monks,3672,5.66e-06,3.75
7646,gail,3671,5.66e-06,3.75
7647,guinea,3671,5.66e-06,3.75
7648,invent,3670,5.66e-06,3.75
7649,nursery,3669,5.66e-06,3.75
7650,protein,3669,5.66e-06,3.75
7651,elbow,3668,5.66e-06,3.75
7652,keller,3667,5.65e-06,3.75
7653,clowns,3666,5.65e-06,3.75
7654,thirteen,3665,5.65e-06,3.75
7655,tattoos,3665,5.65e-06,3.75
7656,flown,3665,5.65e-06,3.75
7657,mustard,3665,5.65e-06,3.75
7658,terrace,3664,5.65e-06,3.75
7659,alter,3663,5.65e-06,3.75
7660,franz,3662,5.65e-06,3.75
7661,transportation,3661,5.65e-06,3.75
7662,lens,3661,5.65e-06,3.75
7663,alaska,3660,5.64e-06,3.75
7664,interference,3660,5.64e-06,3.75
7665,freakin,3659,5.64e-06,3.75
7666,wont,3659,5.64e-06,3.75
7667,weep,3659,5.64e-06,3.75
7668,clive,3659,5.64e-06,3.75
7669,mourning,3659,5.64e-06,3.75
7670,crooked,3659,5.64e-06,3.75
7671,trainer,3658,5.64e-06,3.75
7672,janitor,3658,5.64e-06,3.75
7673,gradually,3657,5.64e-06,3.75
7674,immigration,3656,5.64e-06,3.75
7675,filth,3656,5.64e-06,3.75
7676,momma,3656,5.64e-06,3.75
7677,jackass,3655,5.64e-06,3.75
7678,cho,3655,5.64e-06,3.75
7679,reminder,3655,5.64e-06,3.75
7680,culprit,3655,5.64e-06,3.75
7681,gabrielle,3654,5.63e-06,3.75
7682,innit,3653,5.63e-06,3.75
7683,magistrate,3653,5.63e-06,3.75
7684,jasmine,3652,5.63e-06,3.75
7685,womb,3650,5.63e-06,3.75
7686,texting,3650,5.63e-06,3.75
7687,injustice,3650,5.63e-06,3.75
7688,figuring,3649,5.63e-06,3.75
7689,fracture,3648,5.63e-06,3.75
7690,insanity,3646,5.62e-06,3.75
7691,peasants,3645,5.62e-06,3.75
7692,blossom,3645,5.62e-06,3.75
7693,etc,3644,5.62e-06,3.75
7694,agony,3642,5.62e-06,3.75
7695,sounding,3642,5.62e-06,3.75
7696,oz,3642,5.62e-06,3.75
7697,elementary,3640,5.61e-06,3.75
7698,seized,3636,5.61e-06,3.75
7699,teaches,3636,5.61e-06,3.75
7700,lovejoy,3636,5.61e-06,3.75
7701,phillips,3635,5.61e-06,3.75
7702,eighteen,3635,5.61e-06,3.75
7703,shack,3634,5.6e-06,3.75
7704,teen,3634,5.6e-06,3.75
7705,definite,3634,5.6e-06,3.75
7706,scrub,3633,5.6e-06,3.75
7707,ruler,3631,5.6e-06,3.75
7708,mold,3631,5.6e-06,3.75
7709,contents,3631,5.6e-06,3.75
7710,bitten,3630,5.6e-06,3.75
7711,antidote,3630,5.6e-06,3.75
7712,saves,3628,5.59e-06,3.75
7713,bunk,3627,5.59e-06,3.75
7714,thor,3625,5.59e-06,3.75
7715,republican,3625,5.59e-06,3.75
7716,graveyard,3625,5.59e-06,3.75
7717,attempts,3624,5.59e-06,3.75
7718,poirot,3624,5.59e-06,3.75
7719,aspect,3624,5.59e-06,3.75
7720,relate,3622,5.59e-06,3.75
7721,lemonade,3621,5.58e-06,3.75
7722,flour,3620,5.58e-06,3.75
7723,nypd,3618,5.58e-06,3.75
7724,biology,3617,5.58e-06,3.75
7725,dusty,3617,5.58e-06,3.75
7726,felony,3617,5.58e-06,3.75
7727,jax,3617,5.58e-06,3.75
7728,fundamental,3616,5.58e-06,3.75
7729,jai,3614,5.57e-06,3.75
7730,successfully,3613,5.57e-06,3.75
7731,potentially,3613,5.57e-06,3.75
7732,donnie,3613,5.57e-06,3.75
7733,strangely,3612,5.57e-06,3.75
7734,condoms,3612,5.57e-06,3.75
7735,quantum,3612,5.57e-06,3.75
7736,utter,3611,5.57e-06,3.75
7737,activated,3610,5.57e-06,3.75
7738,installed,3608,5.56e-06,3.75
7739,interrupted,3608,5.56e-06,3.75
7740,discharge,3607,5.56e-06,3.75
7741,devastated,3607,5.56e-06,3.75
7742,substitute,3607,5.56e-06,3.75
7743,splash,3607,5.56e-06,3.75
7744,julio,3606,5.56e-06,3.75
7745,exile,3605,5.56e-06,3.75
7746,aspirin,3605,5.56e-06,3.75
7747,authentic,3602,5.55e-06,3.74
7748,summit,3601,5.55e-06,3.74
7749,beck,3601,5.55e-06,3.74
7750,addiction,3600,5.55e-06,3.74
7751,lent,3600,5.55e-06,3.74
7752,drone,3600,5.55e-06,3.74
7753,involving,3599,5.55e-06,3.74
7754,boyfriends,3598,5.55e-06,3.74
7755,tango,3595,5.54e-06,3.74
7756,permanently,3594,5.54e-06,3.74
7757,province,3593,5.54e-06,3.74
7758,attempting,3591,5.54e-06,3.74
7759,deceived,3589,5.53e-06,3.74
7760,triangle,3588,5.53e-06,3.74
7761,skipped,3588,5.53e-06,3.74
7762,strawberry,3587,5.53e-06,3.74
7763,mirrors,3585,5.53e-06,3.74
7764,preston,3583,5.53e-06,3.74
7765,overwhelmed,3583,5.53e-06,3.74
7766,swift,3583,5.53e-06,3.74
7767,creeps,3581,5.52e-06,3.74
7768,token,3580,5.52e-06,3.74
7769,temporarily,3579,5.52e-06,3.74
7770,poisonous,3579,5.52e-06,3.74
7771,heidi,3579,5.52e-06,3.74
7772,diagnosis,3579,5.52e-06,3.74
7773,ninth,3578,5.52e-06,3.74
7774,locations,3578,5.52e-06,3.74
7775,retrieve,3577,5.52e-06,3.74
7776,robbers,3576,5.51e-06,3.74
7777,conclusions,3575,5.51e-06,3.74
7778,joanna,3575,5.51e-06,3.74
7779,disabled,3575,5.51e-06,3.74
7780,ira,3573,5.51e-06,3.74
7781,extension,3572,5.51e-06,3.74
7782,lining,3572,5.51e-06,3.74
7783,yuri,3571,5.51e-06,3.74
7784,freeman,3571,5.51e-06,3.74
7785,scoop,3569,5.5e-06,3.74
7786,merlin,3568,5.5e-06,3.74
7787,bridget,3567,5.5e-06,3.74
7788,revving,3566,5.5e-06,3.74
7789,transform,3563,5.49e-06,3.74
7790,shelby,3562,5.49e-06,3.74
7791,hospitality,3562,5.49e-06,3.74
7792,brooks,3561,5.49e-06,3.74
7793,survey,3561,5.49e-06,3.74
7794,hunted,3560,5.49e-06,3.74
7795,cozy,3560,5.49e-06,3.74
7796,recommendation,3559,5.49e-06,3.74
7797,providing,3558,5.49e-06,3.74
7798,microphone,3558,5.49e-06,3.74
7799,skeleton,3558,5.49e-06,3.74
7800,muslims,3557,5.49e-06,3.74
7801,toll,3556,5.48e-06,3.74
7802,reconsider,3555,5.48e-06,3.74
7803,creaks,3555,5.48e-06,3.74
7804,extended,3554,5.48e-06,3.74
7805,spear,3554,5.48e-06,3.74
7806,overboard,3554,5.48e-06,3.74
7807,ai,3552,5.48e-06,3.74
7808,clinton,3551,5.48e-06,3.74
7809,petition,3550,5.47e-06,3.74
7810,baggage,3549,5.47e-06,3.74
7811,scumbag,3549,5.47e-06,3.74
7812,tribute,3548,5.47e-06,3.74
7813,weddings,3547,5.47e-06,3.74
7814,facilities,3545,5.47e-06,3.74
7815,bangs,3545,5.47e-06,3.74
7816,claw,3545,5.47e-06,3.74
7817,donation,3544,5.47e-06,3.74
7818,isabelle,3543,5.46e-06,3.74
7819,traitors,3542,5.46e-06,3.74
7820,mei,3541,5.46e-06,3.74
7821,jasper,3540,5.46e-06,3.74
7822,borders,3538,5.46e-06,3.74
7823,australian,3538,5.46e-06,3.74
7824,colby,3538,5.46e-06,3.74
7825,boxer,3537,5.45e-06,3.74
7826,whilst,3536,5.45e-06,3.74
7827,misfortune,3535,5.45e-06,3.74
7828,elaborate,3535,5.45e-06,3.74
7829,sights,3533,5.45e-06,3.74
7830,maestro,3531,5.45e-06,3.74
7831,mysteries,3530,5.44e-06,3.74
7832,loosen,3529,5.44e-06,3.74
7833,gifted,3529,5.44e-06,3.74
7834,involvement,3526,5.44e-06,3.74
7835,affects,3525,5.44e-06,3.74
7836,summon,3525,5.44e-06,3.74
7837,sherman,3525,5.44e-06,3.74
7838,churchill,3523,5.43e-06,3.73
7839,theresa,3523,5.43e-06,3.73
7840,solitary,3522,5.43e-06,3.73
7841,wilderness,3522,5.43e-06,3.73
7842,baltimore,3522,5.43e-06,3.73
7843,olympic,3522,5.43e-06,3.73
7844,undo,3521,5.43e-06,3.73
7845,mechanism,3521,5.43e-06,3.73
7846,vietnamese,3520,5.43e-06,3.73
7847,vanish,3520,5.43e-06,3.73
7848,dome,3519,5.43e-06,3.73
7849,biting,3519,5.43e-06,3.73
7850,ronald,3519,5.43e-06,3.73
7851,texted,3518,5.43e-06,3.73
7852,sage,3516,5.42e-06,3.73
7853,yummy,3515,5.42e-06,3.73
7854,tactics,3515,5.42e-06,3.73
7855,slack,3515,5.42e-06,3.73
7856,snapped,3514,5.42e-06,3.73
7857,weekly,3514,5.42e-06,3.73
7858,bushes,3508,5.41e-06,3.73
7859,grandparents,3508,5.41e-06,3.73
7860,henri,3506,5.41e-06,3.73
7861,obtain,3505,5.41e-06,3.73
7862,hart,3505,5.41e-06,3.73
7863,flights,3503,5.4e-06,3.73
7864,adventures,3502,5.4e-06,3.73
7865,hottest,3501,5.4e-06,3.73
7866,eden,3500,5.4e-06,3.73
7867,mild,3500,5.4e-06,3.73
7868,dom,3500,5.4e-06,3.73
7869,fourteen,3499,5.4e-06,3.73
7870,smuggling,3498,5.39e-06,3.73
7871,blend,3498,5.39e-06,3.73
7872,chancellor,3497,5.39e-06,3.73
7873,biscuits,3496,5.39e-06,3.73
7874,gorilla,3496,5.39e-06,3.73
7875,dynasty,3495,5.39e-06,3.73
7876,acquired,3494,5.39e-06,3.73
7877,businesses,3494,5.39e-06,3.73
7878,countless,3493,5.39e-06,3.73
7879,fritz,3492,5.38e-06,3.73
7880,brent,3489,5.38e-06,3.73
7881,gardener,3488,5.38e-06,3.73
7882,barracks,3488,5.38e-06,3.73
7883,flirt,3488,5.38e-06,3.73
7884,cooks,3488,5.38e-06,3.73
7885,distorted,3486,5.38e-06,3.73
7886,carved,3484,5.37e-06,3.73
7887,jumps,3484,5.37e-06,3.73
7888,superhero,3484,5.37e-06,3.73
7889,forests,3482,5.37e-06,3.73
7890,clapping,3482,5.37e-06,3.73
7891,psychiatric,3482,5.37e-06,3.73
7892,snuck,3481,5.37e-06,3.73
7893,roughly,3481,5.37e-06,3.73
7894,screamed,3481,5.37e-06,3.73
7895,raja,3480,5.37e-06,3.73
7896,disappearing,3480,5.37e-06,3.73
7897,establishment,3479,5.36e-06,3.73
7898,whales,3478,5.36e-06,3.73
7899,lump,3477,5.36e-06,3.73
7900,dwarf,3477,5.36e-06,3.73
7901,environmental,3477,5.36e-06,3.73
7902,mam,3477,5.36e-06,3.73
7903,pint,3476,5.36e-06,3.73
7904,loading,3475,5.36e-06,3.73
7905,diplomatic,3475,5.36e-06,3.73
7906,exclaims,3474,5.36e-06,3.73
7907,context,3474,5.36e-06,3.73
7908,volunteered,3473,5.36e-06,3.73
7909,risked,3473,5.36e-06,3.73
7910,gangs,3473,5.36e-06,3.73
7911,boost,3472,5.35e-06,3.73
7912,fax,3471,5.35e-06,3.73
7913,dante,3471,5.35e-06,3.73
7914,partial,3471,5.35e-06,3.73
7915,refusing,3469,5.35e-06,3.73
7916,gaze,3469,5.35e-06,3.73
7917,rene,3469,5.35e-06,3.73
7918,nuisance,3468,5.35e-06,3.73
7919,terrorism,3468,5.35e-06,3.73
7920,jerome,3468,5.35e-06,3.73
7921,ungrateful,3467,5.35e-06,3.73
7922,donate,3467,5.35e-06,3.73
7923,relieve,3467,5.35e-06,3.73
7924,grandchildren,3465,5.34e-06,3.73
7925,felicity,3465,5.34e-06,3.73
7926,maureen,3464,5.34e-06,3.73
7927,represented,3464,5.34e-06,3.73
7928,co,3462,5.34e-06,3.73
7929,neutral,3462,5.34e-06,3.73
7930,philippe,3462,5.34e-06,3.73
7931,workin,3462,5.34e-06,3.73
7932,steering,3462,5.34e-06,3.73
7933,rm,3461,5.34e-06,3.73
7934,presidential,3461,5.34e-06,3.73
7935,rental,3460,5.34e-06,3.73
7936,challenged,3460,5.34e-06,3.73
7937,julien,3459,5.33e-06,3.73
7938,feeds,3459,5.33e-06,3.73
7939,je,3458,5.33e-06,3.73
7940,vegetarian,3458,5.33e-06,3.73
7941,teasing,3458,5.33e-06,3.73
7942,surprisingly,3458,5.33e-06,3.73
7943,iran,3457,5.33e-06,3.73
7944,shrine,3457,5.33e-06,3.73
7945,automatically,3456,5.33e-06,3.73
7946,timer,3456,5.33e-06,3.73
7947,gasoline,3455,5.33e-06,3.73
7948,juliette,3455,5.33e-06,3.73
7949,scouts,3453,5.32e-06,3.73
7950,millie,3453,5.32e-06,3.73
7951,google,3453,5.32e-06,3.73
7952,dorm,3453,5.32e-06,3.73
7953,athlete,3452,5.32e-06,3.73
7954,shiva,3451,5.32e-06,3.73
7955,robber,3451,5.32e-06,3.73
7956,convent,3451,5.32e-06,3.73
7957,balloons,3450,5.32e-06,3.73
7958,crawford,3449,5.32e-06,3.73
7959,barb,3449,5.32e-06,3.73
7960,enters,3448,5.32e-06,3.73
7961,maps,3448,5.32e-06,3.73
7962,meth,3448,5.32e-06,3.73
7963,ifyou,3447,5.32e-06,3.73
7964,fruits,3447,5.32e-06,3.73
7965,colored,3446,5.31e-06,3.73
7966,poppy,3445,5.31e-06,3.73
7967,metro,3445,5.31e-06,3.73
7968,clarke,3444,5.31e-06,3.73
7969,fernando,3444,5.31e-06,3.73
7970,scully,3443,5.31e-06,3.73
7971,resolved,3440,5.3e-06,3.72
7972,sessions,3440,5.3e-06,3.72
7973,conservative,3439,5.3e-06,3.72
7974,rates,3439,5.3e-06,3.72
7975,forged,3438,5.3e-06,3.72
7976,legends,3438,5.3e-06,3.72
7977,arrows,3437,5.3e-06,3.72
7978,charley,3437,5.3e-06,3.72
7979,dismiss,3436,5.3e-06,3.72
7980,authorized,3434,5.3e-06,3.72
7981,slavery,3433,5.29e-06,3.72
7982,attended,3432,5.29e-06,3.72
7983,flows,3432,5.29e-06,3.72
7984,employed,3432,5.29e-06,3.72
7985,decorated,3432,5.29e-06,3.72
7986,parallel,3432,5.29e-06,3.72
7987,detected,3432,5.29e-06,3.72
7988,grove,3431,5.29e-06,3.72
7989,coverage,3431,5.29e-06,3.72
7990,hen,3430,5.29e-06,3.72
7991,pyramid,3430,5.29e-06,3.72
7992,overall,3429,5.29e-06,3.72
7993,hum,3428,5.29e-06,3.72
7994,specially,3428,5.29e-06,3.72
7995,rebuild,3427,5.28e-06,3.72
7996,exclaiming,3426,5.28e-06,3.72
7997,producing,3426,5.28e-06,3.72
7998,sewing,3425,5.28e-06,3.72
7999,occasions,3425,5.28e-06,3.72
8000,boards,3423,5.28e-06,3.72
8001,trumpet,3423,5.28e-06,3.72
8002,shaped,3422,5.28e-06,3.72
8003,matched,3421,5.28e-06,3.72
8004,ammo,3420,5.27e-06,3.72
8005,typing,3419,5.27e-06,3.72
8006,macgyver,3418,5.27e-06,3.72
8007,blades,3418,5.27e-06,3.72
8008,thailand,3418,5.27e-06,3.72
8009,becca,3417,5.27e-06,3.72
8010,wo,3415,5.27e-06,3.72
8011,debris,3414,5.26e-06,3.72
8012,luca,3414,5.26e-06,3.72
8013,cement,3414,5.26e-06,3.72
8014,hamlet,3414,5.26e-06,3.72
8015,nat,3413,5.26e-06,3.72
8016,communists,3413,5.26e-06,3.72
8017,showers,3412,5.26e-06,3.72
8018,tougher,3411,5.26e-06,3.72
8019,sailors,3411,5.26e-06,3.72
8020,kitt,3411,5.26e-06,3.72
8021,comedian,3411,5.26e-06,3.72
8022,harassment,3410,5.26e-06,3.72
8023,missus,3409,5.26e-06,3.72
8024,monitoring,3409,5.26e-06,3.72
8025,smashing,3408,5.26e-06,3.72
8026,shaved,3408,5.26e-06,3.72
8027,inventory,3408,5.26e-06,3.72
8028,housekeeper,3406,5.25e-06,3.72
8029,tribes,3404,5.25e-06,3.72
8030,vile,3403,5.25e-06,3.72
8031,gotham,3402,5.25e-06,3.72
8032,imaginary,3402,5.25e-06,3.72
8033,artillery,3401,5.24e-06,3.72
8034,ping,3401,5.24e-06,3.72
8035,cereal,3400,5.24e-06,3.72
8036,zoom,3399,5.24e-06,3.72
8037,portion,3399,5.24e-06,3.72
8038,irony,3398,5.24e-06,3.72
8039,exceptional,3398,5.24e-06,3.72
8040,slit,3396,5.24e-06,3.72
8041,ss,3396,5.24e-06,3.72
8042,despise,3396,5.24e-06,3.72
8043,waltz,3396,5.24e-06,3.72
8044,humour,3396,5.24e-06,3.72
8045,crashes,3395,5.24e-06,3.72
8046,gu,3395,5.24e-06,3.72
8047,stammering,3395,5.24e-06,3.72
8048,coaches,3393,5.23e-06,3.72
8049,joo,3393,5.23e-06,3.72
8050,await,3391,5.23e-06,3.72
8051,bryan,3391,5.23e-06,3.72
8052,celebrated,3390,5.23e-06,3.72
8053,encouraged,3390,5.23e-06,3.72
8054,devils,3388,5.22e-06,3.72
8055,gag,3387,5.22e-06,3.72
8056,telescope,3386,5.22e-06,3.72
8057,verse,3386,5.22e-06,3.72
8058,stalin,3385,5.22e-06,3.72
8059,iet,3384,5.22e-06,3.72
8060,babysitter,3382,5.22e-06,3.72
8061,pr,3382,5.22e-06,3.72
8062,distinguished,3381,5.21e-06,3.72
8063,licence,3381,5.21e-06,3.72
8064,addicted,3380,5.21e-06,3.72
8065,bauer,3380,5.21e-06,3.72
8066,speeches,3379,5.21e-06,3.72
8067,wit,3379,5.21e-06,3.72
8068,programmed,3377,5.21e-06,3.72
8069,bliss,3377,5.21e-06,3.72
8070,donny,3377,5.21e-06,3.72
8071,elsa,3376,5.21e-06,3.72
8072,com,3374,5.2e-06,3.72
8073,recorder,3374,5.2e-06,3.72
8074,hides,3372,5.2e-06,3.72
8075,shameless,3371,5.2e-06,3.72
8076,apartments,3371,5.2e-06,3.72
8077,tipped,3370,5.2e-06,3.72
8078,turf,3369,5.2e-06,3.72
8079,tang,3368,5.19e-06,3.72
8080,tu,3368,5.19e-06,3.72
8081,discharged,3368,5.19e-06,3.72
8082,psychologist,3368,5.19e-06,3.72
8083,duh,3366,5.19e-06,3.72
8084,delete,3365,5.19e-06,3.72
8085,jock,3365,5.19e-06,3.72
8086,wrath,3364,5.19e-06,3.72
8087,estimate,3363,5.19e-06,3.72
8088,tutor,3363,5.19e-06,3.72
8089,jurisdiction,3363,5.19e-06,3.72
8090,impulse,3362,5.18e-06,3.71
8091,penguin,3362,5.18e-06,3.71
8092,tubes,3361,5.18e-06,3.71
8093,playground,3360,5.18e-06,3.71
8094,sew,3360,5.18e-06,3.71
8095,nickel,3360,5.18e-06,3.71
8096,claws,3360,5.18e-06,3.71
8097,giants,3359,5.18e-06,3.71
8098,daring,3359,5.18e-06,3.71
8099,posters,3357,5.18e-06,3.71
8100,peacefully,3356,5.18e-06,3.71
8101,rag,3354,5.17e-06,3.71
8102,caves,3354,5.17e-06,3.71
8103,nikita,3354,5.17e-06,3.71
8104,stern,3353,5.17e-06,3.71
8105,condolences,3352,5.17e-06,3.71
8106,ohhh,3352,5.17e-06,3.71
8107,dearly,3351,5.17e-06,3.71
8108,humiliation,3350,5.17e-06,3.71
8109,worldwide,3350,5.17e-06,3.71
8110,cartoon,3350,5.17e-06,3.71
8111,disrespect,3349,5.16e-06,3.71
8112,shhh,3347,5.16e-06,3.71
8113,underworld,3347,5.16e-06,3.71
8114,marble,3346,5.16e-06,3.71
8115,lilly,3346,5.16e-06,3.71
8116,chun,3346,5.16e-06,3.71
8117,curly,3345,5.16e-06,3.71
8118,judged,3345,5.16e-06,3.71
8119,bidding,3344,5.16e-06,3.71
8120,erased,3344,5.16e-06,3.71
8121,confuse,3343,5.16e-06,3.71
8122,masterpiece,3343,5.16e-06,3.71
8123,pentagon,3343,5.16e-06,3.71
8124,oppa,3343,5.16e-06,3.71
8125,tow,3342,5.15e-06,3.71
8126,seduce,3341,5.15e-06,3.71
8127,bathtub,3340,5.15e-06,3.71
8128,pets,3340,5.15e-06,3.71
8129,bricks,3340,5.15e-06,3.71
8130,goa,3340,5.15e-06,3.71
8131,hotter,3339,5.15e-06,3.71
8132,regime,3339,5.15e-06,3.71
8133,contempt,3339,5.15e-06,3.71
8134,batch,3338,5.15e-06,3.71
8135,ramsay,3336,5.14e-06,3.71
8136,speeding,3336,5.14e-06,3.71
8137,compartment,3336,5.14e-06,3.71
8138,tackle,3336,5.14e-06,3.71
8139,wage,3335,5.14e-06,3.71
8140,shines,3334,5.14e-06,3.71
8141,lifting,3334,5.14e-06,3.71
8142,hustle,3333,5.14e-06,3.71
8143,inmates,3332,5.14e-06,3.71
8144,km,3332,5.14e-06,3.71
8145,psst,3331,5.14e-06,3.71
8146,scooter,3330,5.14e-06,3.71
8147,relatively,3329,5.13e-06,3.71
8148,stoned,3328,5.13e-06,3.71
8149,supernatural,3326,5.13e-06,3.71
8150,darwin,3324,5.13e-06,3.71
8151,viewers,3324,5.13e-06,3.71
8152,lorenzo,3323,5.12e-06,3.71
8153,treasures,3323,5.12e-06,3.71
8154,yankee,3323,5.12e-06,3.71
8155,lang,3322,5.12e-06,3.71
8156,taco,3322,5.12e-06,3.71
8157,charts,3322,5.12e-06,3.71
8158,brigade,3321,5.12e-06,3.71
8159,bankrupt,3320,5.12e-06,3.71
8160,marianne,3320,5.12e-06,3.71
8161,bikes,3318,5.12e-06,3.71
8162,lookout,3317,5.12e-06,3.71
8163,merchandise,3317,5.12e-06,3.71
8164,slippery,3317,5.12e-06,3.71
8165,duchess,3316,5.11e-06,3.71
8166,gulf,3316,5.11e-06,3.71
8167,foam,3315,5.11e-06,3.71
8168,steals,3315,5.11e-06,3.71
8169,numerous,3315,5.11e-06,3.71
8170,ripping,3314,5.11e-06,3.71
8171,trusts,3314,5.11e-06,3.71
8172,flock,3314,5.11e-06,3.71
8173,potion,3314,5.11e-06,3.71
8174,fiance,3313,5.11e-06,3.71
8175,glimpse,3313,5.11e-06,3.71
8176,invincible,3312,5.11e-06,3.71
8177,compensation,3312,5.11e-06,3.71
8178,kettle,3312,5.11e-06,3.71
8179,stroll,3311,5.11e-06,3.71
8180,trish,3311,5.11e-06,3.71
8181,brendan,3311,5.11e-06,3.71
8182,cafeteria,3310,5.1e-06,3.71
8183,sane,3310,5.1e-06,3.71
8184,currency,3309,5.1e-06,3.71
8185,amsterdam,3309,5.1e-06,3.71
8186,radius,3309,5.1e-06,3.71
8187,verify,3308,5.1e-06,3.71
8188,founded,3308,5.1e-06,3.71
8189,medic,3308,5.1e-06,3.71
8190,peek,3308,5.1e-06,3.71
8191,sewer,3307,5.1e-06,3.71
8192,vernon,3306,5.1e-06,3.71
8193,callie,3306,5.1e-06,3.71
8194,bbc,3305,5.1e-06,3.71
8195,hull,3305,5.1e-06,3.71
8196,solomon,3304,5.1e-06,3.71
8197,madonna,3304,5.1e-06,3.71
8198,toad,3301,5.09e-06,3.71
8199,powell,3299,5.09e-06,3.71
8200,maxwell,3299,5.09e-06,3.71
8201,moose,3298,5.09e-06,3.71
8202,souvenir,3298,5.09e-06,3.71
8203,stitch,3297,5.08e-06,3.71
8204,compass,3297,5.08e-06,3.71
8205,mercury,3296,5.08e-06,3.71
8206,locking,3296,5.08e-06,3.71
8207,edwards,3295,5.08e-06,3.71
8208,frederick,3295,5.08e-06,3.71
8209,dislike,3295,5.08e-06,3.71
8210,stu,3294,5.08e-06,3.71
8211,rib,3294,5.08e-06,3.71
8212,pamela,3294,5.08e-06,3.71
8213,brace,3293,5.08e-06,3.71
8214,ban,3293,5.08e-06,3.71
8215,gracias,3292,5.08e-06,3.71
8216,stitches,3290,5.07e-06,3.71
8217,thrust,3288,5.07e-06,3.71
8218,referred,3287,5.07e-06,3.71
8219,achievement,3287,5.07e-06,3.71
8220,links,3287,5.07e-06,3.71
8221,denying,3286,5.07e-06,3.71
8222,monastery,3285,5.07e-06,3.71
8223,newly,3284,5.06e-06,3.7
8224,impatient,3283,5.06e-06,3.7
8225,recruit,3282,5.06e-06,3.7
8226,sunk,3279,5.06e-06,3.7
8227,ignorance,3278,5.05e-06,3.7
8228,drugged,3278,5.05e-06,3.7
8229,predicted,3278,5.05e-06,3.7
8230,floyd,3277,5.05e-06,3.7
8231,creator,3276,5.05e-06,3.7
8232,mississippi,3275,5.05e-06,3.7
8233,civilized,3275,5.05e-06,3.7
8234,artery,3275,5.05e-06,3.7
8235,dynamic,3275,5.05e-06,3.7
8236,competing,3274,5.05e-06,3.7
8237,buffy,3274,5.05e-06,3.7
8238,distribution,3272,5.05e-06,3.7
8239,turk,3272,5.05e-06,3.7
8240,voiceover,3271,5.04e-06,3.7
8241,stereo,3271,5.04e-06,3.7
8242,ethel,3271,5.04e-06,3.7
8243,ark,3271,5.04e-06,3.7
8244,carpenter,3271,5.04e-06,3.7
8245,warner,3271,5.04e-06,3.7
8246,industries,3270,5.04e-06,3.7
8247,melted,3270,5.04e-06,3.7
8248,upsetting,3270,5.04e-06,3.7
8249,cruz,3269,5.04e-06,3.7
8250,labs,3268,5.04e-06,3.7
8251,bluff,3266,5.04e-06,3.7
8252,bender,3266,5.04e-06,3.7
8253,unbearable,3265,5.03e-06,3.7
8254,narcotics,3264,5.03e-06,3.7
8255,juicy,3264,5.03e-06,3.7
8256,eerie,3264,5.03e-06,3.7
8257,ingrid,3262,5.03e-06,3.7
8258,mwah,3261,5.03e-06,3.7
8259,slippers,3261,5.03e-06,3.7
8260,freaky,3260,5.03e-06,3.7
8261,vip,3259,5.03e-06,3.7
8262,troop,3259,5.03e-06,3.7
8263,footprints,3258,5.02e-06,3.7
8264,dani,3258,5.02e-06,3.7
8265,pact,3258,5.02e-06,3.7
8266,apparent,3257,5.02e-06,3.7
8267,repeated,3257,5.02e-06,3.7
8268,foreigner,3255,5.02e-06,3.7
8269,feelin,3253,5.02e-06,3.7
8270,journalists,3252,5.01e-06,3.7
8271,employer,3251,5.01e-06,3.7
8272,penelope,3248,5.01e-06,3.7
8273,grim,3248,5.01e-06,3.7
8274,medieval,3248,5.01e-06,3.7
8275,damien,3247,5.01e-06,3.7
8276,frustrating,3246,5.01e-06,3.7
8277,rehearse,3246,5.01e-06,3.7
8278,travelled,3246,5.01e-06,3.7
8279,preparation,3246,5.01e-06,3.7
8280,microwave,3246,5.01e-06,3.7
8281,denial,3245,5e-06,3.7
8282,flute,3245,5e-06,3.7
8283,juvenile,3245,5e-06,3.7
8284,paddy,3245,5e-06,3.7
8285,retarded,3242,5e-06,3.7
8286,memo,3242,5e-06,3.7
8287,canvas,3242,5e-06,3.7
8288,fa,3241,5e-06,3.7
8289,symbols,3241,5e-06,3.7
8290,mccoy,3241,5e-06,3.7
8291,daly,3241,5e-06,3.7
8292,driveway,3240,5e-06,3.7
8293,funky,3239,4.99e-06,3.7
8294,kitten,3239,4.99e-06,3.7
8295,nicest,3238,4.99e-06,3.7
8296,deceive,3237,4.99e-06,3.7
8297,negro,3236,4.99e-06,3.7
8298,chopped,3236,4.99e-06,3.7
8299,consultant,3236,4.99e-06,3.7
8300,rifles,3234,4.99e-06,3.7
8301,heating,3234,4.99e-06,3.7
8302,rays,3233,4.99e-06,3.7
8303,architecture,3232,4.98e-06,3.7
8304,gideon,3232,4.98e-06,3.7
8305,butch,3231,4.98e-06,3.7
8306,warmer,3229,4.98e-06,3.7
8307,contribution,3229,4.98e-06,3.7
8308,advisor,3228,4.98e-06,3.7
8309,peoples,3228,4.98e-06,3.7
8310,groceries,3227,4.98e-06,3.7
8311,behaved,3227,4.98e-06,3.7
8312,experiencing,3226,4.97e-06,3.7
8313,yοu,3225,4.97e-06,3.7
8314,settling,3225,4.97e-06,3.7
8315,tractor,3224,4.97e-06,3.7
8316,unacceptable,3224,4.97e-06,3.7
8317,imitating,3224,4.97e-06,3.7
8318,squadron,3224,4.97e-06,3.7
8319,briggs,3223,4.97e-06,3.7
8320,smallest,3223,4.97e-06,3.7
8321,ethics,3222,4.97e-06,3.7
8322,gibson,3222,4.97e-06,3.7
8323,devotion,3221,4.97e-06,3.7
8324,plumber,3221,4.97e-06,3.7
8325,burgers,3220,4.97e-06,3.7
8326,knots,3220,4.97e-06,3.7
8327,broom,3220,4.97e-06,3.7
8328,briefing,3220,4.97e-06,3.7
8329,curve,3219,4.96e-06,3.7
8330,informant,3219,4.96e-06,3.7
8331,applauding,3218,4.96e-06,3.7
8332,whites,3218,4.96e-06,3.7
8333,app,3218,4.96e-06,3.7
8334,andrews,3218,4.96e-06,3.7
8335,blog,3217,4.96e-06,3.7
8336,ox,3217,4.96e-06,3.7
8337,vase,3217,4.96e-06,3.7
8338,glance,3216,4.96e-06,3.7
8339,collective,3216,4.96e-06,3.7
8340,poles,3216,4.96e-06,3.7
8341,sixty,3216,4.96e-06,3.7
8342,fantasies,3215,4.96e-06,3.7
8343,heritage,3215,4.96e-06,3.7
8344,motherfucking,3213,4.95e-06,3.69
8345,fisherman,3213,4.95e-06,3.69
8346,armstrong,3212,4.95e-06,3.69
8347,nder,3211,4.95e-06,3.69
8348,complained,3210,4.95e-06,3.69
8349,nightclub,3209,4.95e-06,3.69
8350,willow,3208,4.95e-06,3.69
8351,preliminary,3208,4.95e-06,3.69
8352,server,3208,4.95e-06,3.69
8353,provides,3206,4.94e-06,3.69
8354,mat,3206,4.94e-06,3.69
8355,appreciation,3205,4.94e-06,3.69
8356,historic,3205,4.94e-06,3.69
8357,jorge,3204,4.94e-06,3.69
8358,promote,3204,4.94e-06,3.69
8359,processing,3204,4.94e-06,3.69
8360,naples,3203,4.94e-06,3.69
8361,pumping,3202,4.94e-06,3.69
8362,stalker,3202,4.94e-06,3.69
8363,goats,3201,4.94e-06,3.69
8364,francine,3201,4.94e-06,3.69
8365,smokes,3201,4.94e-06,3.69
8366,introduction,3199,4.93e-06,3.69
8367,valid,3198,4.93e-06,3.69
8368,portuguese,3198,4.93e-06,3.69
8369,negotiations,3197,4.93e-06,3.69
8370,wheeler,3196,4.93e-06,3.69
8371,overheard,3196,4.93e-06,3.69
8372,iove,3196,4.93e-06,3.69
8373,breeding,3196,4.93e-06,3.69
8374,barge,3195,4.93e-06,3.69
8375,refugees,3194,4.93e-06,3.69
8376,wah,3194,4.93e-06,3.69
8377,observed,3193,4.92e-06,3.69
8378,tigers,3193,4.92e-06,3.69
8379,brothel,3191,4.92e-06,3.69
8380,missions,3191,4.92e-06,3.69
8381,ashore,3190,4.92e-06,3.69
8382,panda,3190,4.92e-06,3.69
8383,discretion,3190,4.92e-06,3.69
8384,yale,3189,4.92e-06,3.69
8385,disappointing,3188,4.92e-06,3.69
8386,insect,3188,4.92e-06,3.69
8387,prophecy,3186,4.91e-06,3.69
8388,wanda,3186,4.91e-06,3.69
8389,absent,3186,4.91e-06,3.69
8390,machinery,3186,4.91e-06,3.69
8391,generals,3184,4.91e-06,3.69
8392,carrot,3184,4.91e-06,3.69
8393,ferrari,3184,4.91e-06,3.69
8394,wrecked,3183,4.91e-06,3.69
8395,gestapo,3183,4.91e-06,3.69
8396,greene,3182,4.91e-06,3.69
8397,suggestions,3180,4.9e-06,3.69
8398,puff,3179,4.9e-06,3.69
8399,supportive,3178,4.9e-06,3.69
8400,punching,3178,4.9e-06,3.69
8401,lulu,3177,4.9e-06,3.69
8402,intervention,3177,4.9e-06,3.69
8403,layers,3177,4.9e-06,3.69
8404,hughes,3177,4.9e-06,3.69
8405,scholar,3176,4.9e-06,3.69
8406,libby,3175,4.9e-06,3.69
8407,predators,3175,4.9e-06,3.69
8408,accusations,3175,4.9e-06,3.69
8409,olympics,3173,4.89e-06,3.69
8410,accounting,3172,4.89e-06,3.69
8411,jj,3172,4.89e-06,3.69
8412,expertise,3171,4.89e-06,3.69
8413,strap,3171,4.89e-06,3.69
8414,fitz,3171,4.89e-06,3.69
8415,darryl,3171,4.89e-06,3.69
8416,butts,3170,4.89e-06,3.69
8417,approaches,3169,4.89e-06,3.69
8418,flags,3169,4.89e-06,3.69
8419,embarrassment,3168,4.89e-06,3.69
8420,faking,3166,4.88e-06,3.69
8421,jamal,3166,4.88e-06,3.69
8422,vanilla,3166,4.88e-06,3.69
8423,grapes,3164,4.88e-06,3.69
8424,dominic,3164,4.88e-06,3.69
8425,beacon,3164,4.88e-06,3.69
8426,handkerchief,3164,4.88e-06,3.69
8427,rubbing,3163,4.88e-06,3.69
8428,mallory,3162,4.88e-06,3.69
8429,rustling,3162,4.88e-06,3.69
8430,lighten,3161,4.87e-06,3.69
8431,flora,3159,4.87e-06,3.69
8432,cuban,3159,4.87e-06,3.69
8433,polar,3159,4.87e-06,3.69
8434,translator,3156,4.87e-06,3.69
8435,congrats,3154,4.86e-06,3.69
8436,passports,3154,4.86e-06,3.69
8437,grabbing,3154,4.86e-06,3.69
8438,alf,3153,4.86e-06,3.69
8439,brotherhood,3153,4.86e-06,3.69
8440,ernest,3153,4.86e-06,3.69
8441,professionals,3153,4.86e-06,3.69
8442,yuan,3152,4.86e-06,3.69
8443,understandable,3152,4.86e-06,3.69
8444,banner,3151,4.86e-06,3.69
8445,academic,3150,4.86e-06,3.69
8446,thuds,3150,4.86e-06,3.69
8447,sa,3150,4.86e-06,3.69
8448,publicly,3150,4.86e-06,3.69
8449,orphans,3150,4.86e-06,3.69
8450,pearls,3149,4.86e-06,3.69
8451,predator,3149,4.86e-06,3.69
8452,frances,3146,4.85e-06,3.69
8453,addison,3146,4.85e-06,3.69
8454,syrup,3144,4.85e-06,3.69
8455,cartel,3144,4.85e-06,3.69
8456,nash,3144,4.85e-06,3.69
8457,walsh,3144,4.85e-06,3.69
8458,norma,3143,4.85e-06,3.69
8459,bluffing,3143,4.85e-06,3.69
8460,permitted,3143,4.85e-06,3.69
8461,unpredictable,3142,4.85e-06,3.69
8462,wagner,3141,4.84e-06,3.68
8463,suspension,3141,4.84e-06,3.68
8464,addresses,3141,4.84e-06,3.68
8465,stamps,3140,4.84e-06,3.68
8466,category,3140,4.84e-06,3.68
8467,transition,3140,4.84e-06,3.68
8468,peas,3139,4.84e-06,3.68
8469,cautious,3139,4.84e-06,3.68
8470,isabella,3139,4.84e-06,3.68
8471,comparison,3139,4.84e-06,3.68
8472,coats,3138,4.84e-06,3.68
8473,islam,3137,4.84e-06,3.68
8474,thugs,3135,4.83e-06,3.68
8475,grams,3135,4.83e-06,3.68
8476,freshman,3134,4.83e-06,3.68
8477,toilets,3134,4.83e-06,3.68
8478,banquet,3133,4.83e-06,3.68
8479,coup,3132,4.83e-06,3.68
8480,shaken,3132,4.83e-06,3.68
8481,investigations,3132,4.83e-06,3.68
8482,toothbrush,3131,4.83e-06,3.68
8483,expressed,3130,4.83e-06,3.68
8484,vulgar,3130,4.83e-06,3.68
8485,haunt,3128,4.82e-06,3.68
8486,improvement,3128,4.82e-06,3.68
8487,zeus,3128,4.82e-06,3.68
8488,murdoch,3127,4.82e-06,3.68
8489,smelling,3127,4.82e-06,3.68
8490,kirby,3125,4.82e-06,3.68
8491,repairs,3124,4.82e-06,3.68
8492,jeong,3123,4.82e-06,3.68
8493,conducted,3123,4.82e-06,3.68
8494,ollie,3123,4.82e-06,3.68
8495,bakery,3121,4.81e-06,3.68
8496,busting,3121,4.81e-06,3.68
8497,investigated,3120,4.81e-06,3.68
8498,admission,3118,4.81e-06,3.68
8499,essay,3118,4.81e-06,3.68
8500,twitter,3118,4.81e-06,3.68
8501,depths,3117,4.81e-06,3.68
8502,fewer,3116,4.81e-06,3.68
8503,guarding,3115,4.8e-06,3.68
8504,altered,3115,4.8e-06,3.68
8505,filing,3115,4.8e-06,3.68
8506,ecstasy,3115,4.8e-06,3.68
8507,snatch,3114,4.8e-06,3.68
8508,stored,3113,4.8e-06,3.68
8509,tropical,3113,4.8e-06,3.68
8510,pharmacy,3113,4.8e-06,3.68
8511,dalton,3113,4.8e-06,3.68
8512,altitude,3112,4.8e-06,3.68
8513,admired,3112,4.8e-06,3.68
8514,dickhead,3112,4.8e-06,3.68
8515,priya,3112,4.8e-06,3.68
8516,mamma,3112,4.8e-06,3.68
8517,moe,3111,4.8e-06,3.68
8518,grind,3111,4.8e-06,3.68
8519,bombay,3111,4.8e-06,3.68
8520,lowest,3111,4.8e-06,3.68
8521,makin,3109,4.79e-06,3.68
8522,sentences,3109,4.79e-06,3.68
8523,mute,3108,4.79e-06,3.68
8524,scratching,3108,4.79e-06,3.68
8525,imprisoned,3107,4.79e-06,3.68
8526,danish,3106,4.79e-06,3.68
8527,glowing,3105,4.79e-06,3.68
8528,zhang,3105,4.79e-06,3.68
8529,martini,3105,4.79e-06,3.68
8530,leah,3104,4.79e-06,3.68
8531,empress,3104,4.79e-06,3.68
8532,equipped,3104,4.79e-06,3.68
8533,finale,3103,4.79e-06,3.68
8534,tarzan,3103,4.79e-06,3.68
8535,storms,3101,4.78e-06,3.68
8536,sniff,3100,4.78e-06,3.68
8537,slick,3098,4.78e-06,3.68
8538,unarmed,3098,4.78e-06,3.68
8539,violated,3097,4.78e-06,3.68
8540,vent,3097,4.78e-06,3.68
8541,dd,3096,4.77e-06,3.68
8542,breakthrough,3096,4.77e-06,3.68
8543,stud,3095,4.77e-06,3.68
8544,addressed,3095,4.77e-06,3.68
8545,tactical,3095,4.77e-06,3.68
8546,vessels,3095,4.77e-06,3.68
8547,procedures,3094,4.77e-06,3.68
8548,ching,3093,4.77e-06,3.68
8549,dine,3093,4.77e-06,3.68
8550,draws,3093,4.77e-06,3.68
8551,crowds,3091,4.77e-06,3.68
8552,limb,3091,4.77e-06,3.68
8553,wool,3091,4.77e-06,3.68
8554,montana,3090,4.77e-06,3.68
8555,giovanni,3090,4.77e-06,3.68
8556,jerks,3089,4.76e-06,3.68
8557,numb,3088,4.76e-06,3.68
8558,oceans,3087,4.76e-06,3.68
8559,priceless,3087,4.76e-06,3.68
8560,rocking,3087,4.76e-06,3.68
8561,commanding,3087,4.76e-06,3.68
8562,relaxing,3087,4.76e-06,3.68
8563,clatters,3086,4.76e-06,3.68
8564,merci,3086,4.76e-06,3.68
8565,gerard,3086,4.76e-06,3.68
8566,packs,3086,4.76e-06,3.68
8567,parlor,3085,4.76e-06,3.68
8568,cabbage,3085,4.76e-06,3.68
8569,josé,3084,4.76e-06,3.68
8570,intruder,3084,4.76e-06,3.68
8571,considerable,3083,4.75e-06,3.68
8572,argued,3083,4.75e-06,3.68
8573,paladin,3082,4.75e-06,3.68
8574,tellin,3082,4.75e-06,3.68
8575,pupils,3081,4.75e-06,3.68
8576,inspire,3080,4.75e-06,3.68
8577,positively,3080,4.75e-06,3.68
8578,igor,3079,4.75e-06,3.68
8579,traded,3079,4.75e-06,3.68
8580,shipped,3078,4.75e-06,3.68
8581,feminine,3078,4.75e-06,3.68
8582,vague,3077,4.75e-06,3.68
8583,partly,3077,4.75e-06,3.68
8584,insight,3076,4.74e-06,3.68
8585,lucia,3075,4.74e-06,3.68
8586,stages,3075,4.74e-06,3.68
8587,screenplay,3074,4.74e-06,3.68
8588,marquis,3073,4.74e-06,3.68
8589,rahul,3072,4.74e-06,3.68
8590,ripe,3072,4.74e-06,3.68
8591,awaiting,3070,4.73e-06,3.67
8592,pigeons,3068,4.73e-06,3.67
8593,clayton,3068,4.73e-06,3.67
8594,tempted,3068,4.73e-06,3.67
8595,inherit,3068,4.73e-06,3.67
8596,decline,3068,4.73e-06,3.67
8597,pennsylvania,3068,4.73e-06,3.67
8598,fang,3068,4.73e-06,3.67
8599,shitting,3067,4.73e-06,3.67
8600,tens,3067,4.73e-06,3.67
8601,gigantic,3066,4.73e-06,3.67
8602,guv,3066,4.73e-06,3.67
8603,readings,3066,4.73e-06,3.67
8604,headmaster,3064,4.72e-06,3.67
8605,tenth,3064,4.72e-06,3.67
8606,seals,3063,4.72e-06,3.67
8607,peyton,3063,4.72e-06,3.67
8608,avoided,3061,4.72e-06,3.67
8609,blankets,3060,4.72e-06,3.67
8610,overlapping,3060,4.72e-06,3.67
8611,flipped,3060,4.72e-06,3.67
8612,yield,3059,4.72e-06,3.67
8613,ads,3059,4.72e-06,3.67
8614,backstage,3059,4.72e-06,3.67
8615,quiz,3058,4.72e-06,3.67
8616,mosque,3056,4.71e-06,3.67
8617,weaver,3055,4.71e-06,3.67
8618,puppies,3055,4.71e-06,3.67
8619,stated,3054,4.71e-06,3.67
8620,vicki,3053,4.71e-06,3.67
8621,weirdo,3053,4.71e-06,3.67
8622,belongings,3053,4.71e-06,3.67
8623,functions,3052,4.71e-06,3.67
8624,reservations,3052,4.71e-06,3.67
8625,chilly,3051,4.7e-06,3.67
8626,betsy,3050,4.7e-06,3.67
8627,eldest,3050,4.7e-06,3.67
8628,traditions,3049,4.7e-06,3.67
8629,factories,3049,4.7e-06,3.67
8630,feedback,3049,4.7e-06,3.67
8631,repeatedly,3049,4.7e-06,3.67
8632,exquisite,3048,4.7e-06,3.67
8633,pickle,3048,4.7e-06,3.67
8634,masses,3047,4.7e-06,3.67
8635,pauline,3047,4.7e-06,3.67
8636,frogs,3045,4.7e-06,3.67
8637,crosses,3045,4.7e-06,3.67
8638,headaches,3044,4.69e-06,3.67
8639,arctic,3044,4.69e-06,3.67
8640,reinforcements,3043,4.69e-06,3.67
8641,secondary,3042,4.69e-06,3.67
8642,pajamas,3042,4.69e-06,3.67
8643,roles,3041,4.69e-06,3.67
8644,asteroid,3041,4.69e-06,3.67
8645,unsub,3040,4.69e-06,3.67
8646,mixing,3040,4.69e-06,3.67
8647,courier,3039,4.69e-06,3.67
8648,jeanne,3038,4.68e-06,3.67
8649,carrots,3038,4.68e-06,3.67
8650,fuckers,3037,4.68e-06,3.67
8651,translated,3037,4.68e-06,3.67
8652,longing,3035,4.68e-06,3.67
8653,cigars,3035,4.68e-06,3.67
8654,manipulate,3035,4.68e-06,3.67
8655,liberal,3034,4.68e-06,3.67
8656,investors,3034,4.68e-06,3.67
8657,bun,3034,4.68e-06,3.67
8658,sly,3034,4.68e-06,3.67
8659,pickles,3034,4.68e-06,3.67
8660,temperatures,3033,4.68e-06,3.67
8661,sweetest,3033,4.68e-06,3.67
8662,motto,3032,4.68e-06,3.67
8663,moss,3032,4.68e-06,3.67
8664,yum,3032,4.68e-06,3.67
8665,melting,3029,4.67e-06,3.67
8666,yan,3028,4.67e-06,3.67
8667,requesting,3028,4.67e-06,3.67
8668,lava,3027,4.67e-06,3.67
8669,kris,3026,4.67e-06,3.67
8670,monthly,3026,4.67e-06,3.67
8671,noses,3026,4.67e-06,3.67
8672,tickle,3025,4.66e-06,3.67
8673,ufo,3023,4.66e-06,3.67
8674,timothy,3022,4.66e-06,3.67
8675,stacey,3021,4.66e-06,3.67
8676,midst,3021,4.66e-06,3.67
8677,herbert,3021,4.66e-06,3.67
8678,purchased,3020,4.66e-06,3.67
8679,tis,3018,4.65e-06,3.67
8680,convenience,3016,4.65e-06,3.67
8681,flashlight,3016,4.65e-06,3.67
8682,dewey,3015,4.65e-06,3.67
8683,tripped,3015,4.65e-06,3.67
8684,easiest,3014,4.65e-06,3.67
8685,shouted,3014,4.65e-06,3.67
8686,splitting,3014,4.65e-06,3.67
8687,bryce,3014,4.65e-06,3.67
8688,commands,3013,4.65e-06,3.67
8689,demanded,3013,4.65e-06,3.67
8690,cuff,3012,4.64e-06,3.67
8691,cosmos,3012,4.64e-06,3.67
8692,curfew,3011,4.64e-06,3.67
8693,instructed,3011,4.64e-06,3.67
8694,notorious,3011,4.64e-06,3.67
8695,prague,3011,4.64e-06,3.67
8696,streak,3011,4.64e-06,3.67
8697,equivalent,3011,4.64e-06,3.67
8698,pitiful,3011,4.64e-06,3.67
8699,fin,3010,4.64e-06,3.67
8700,greeting,3009,4.64e-06,3.67
8701,propaganda,3009,4.64e-06,3.67
8702,doorstep,3009,4.64e-06,3.67
8703,hilda,3008,4.64e-06,3.67
8704,butterflies,3008,4.64e-06,3.67
8705,fascinated,3008,4.64e-06,3.67
8706,jude,3007,4.64e-06,3.67
8707,beatrice,3007,4.64e-06,3.67
8708,miriam,3006,4.64e-06,3.67
8709,dumping,3006,4.64e-06,3.67
8710,karan,3005,4.63e-06,3.67
8711,condo,3005,4.63e-06,3.67
8712,fearless,3004,4.63e-06,3.67
8713,cripple,3003,4.63e-06,3.67
8714,errand,3003,4.63e-06,3.67
8715,halls,3002,4.63e-06,3.67
8716,imitates,3001,4.63e-06,3.67
8717,harley,3001,4.63e-06,3.67
8718,ravi,3001,4.63e-06,3.67
8719,gretchen,3000,4.63e-06,3.67
8720,sailed,3000,4.63e-06,3.67
8721,nico,2999,4.62e-06,3.66
8722,baking,2999,4.62e-06,3.66
8723,connecting,2999,4.62e-06,3.66
8724,bourbon,2998,4.62e-06,3.66
8725,cathedral,2998,4.62e-06,3.66
8726,malone,2997,4.62e-06,3.66
8727,bong,2996,4.62e-06,3.66
8728,tying,2996,4.62e-06,3.66
8729,lists,2996,4.62e-06,3.66
8730,strangle,2996,4.62e-06,3.66
8731,stripped,2995,4.62e-06,3.66
8732,loans,2995,4.62e-06,3.66
8733,manchester,2995,4.62e-06,3.66
8734,briefly,2994,4.62e-06,3.66
8735,tessa,2994,4.62e-06,3.66
8736,unfinished,2993,4.62e-06,3.66
8737,experimental,2993,4.62e-06,3.66
8738,greeks,2992,4.61e-06,3.66
8739,lil,2991,4.61e-06,3.66
8740,mainland,2990,4.61e-06,3.66
8741,judgement,2987,4.61e-06,3.66
8742,stammers,2987,4.61e-06,3.66
8743,pike,2986,4.6e-06,3.66
8744,liars,2985,4.6e-06,3.66
8745,slot,2985,4.6e-06,3.66
8746,amazon,2984,4.6e-06,3.66
8747,flooded,2983,4.6e-06,3.66
8748,torment,2983,4.6e-06,3.66
8749,mermaid,2983,4.6e-06,3.66
8750,rapist,2983,4.6e-06,3.66
8751,sanders,2982,4.6e-06,3.66
8752,triggered,2982,4.6e-06,3.66
8753,expects,2982,4.6e-06,3.66
8754,lisbon,2982,4.6e-06,3.66
8755,reader,2981,4.6e-06,3.66
8756,keyboard,2981,4.6e-06,3.66
8757,roam,2980,4.6e-06,3.66
8758,seventeen,2980,4.6e-06,3.66
8759,openly,2979,4.59e-06,3.66
8760,deacon,2978,4.59e-06,3.66
8761,olga,2978,4.59e-06,3.66
8762,jackpot,2977,4.59e-06,3.66
8763,soaked,2976,4.59e-06,3.66
8764,printing,2975,4.59e-06,3.66
8765,yuck,2975,4.59e-06,3.66
8766,shorty,2975,4.59e-06,3.66
8767,extract,2973,4.58e-06,3.66
8768,nköö,2973,4.58e-06,3.66
8769,prostitutes,2971,4.58e-06,3.66
8770,cherish,2971,4.58e-06,3.66
8771,logs,2970,4.58e-06,3.66
8772,takin,2969,4.58e-06,3.66
8773,sponge,2968,4.58e-06,3.66
8774,bates,2967,4.58e-06,3.66
8775,cuffs,2965,4.57e-06,3.66
8776,virginity,2965,4.57e-06,3.66
8777,torturing,2965,4.57e-06,3.66
8778,unity,2963,4.57e-06,3.66
8779,coop,2963,4.57e-06,3.66
8780,forge,2962,4.57e-06,3.66
8781,morse,2962,4.57e-06,3.66
8782,guru,2960,4.56e-06,3.66
8783,tai,2960,4.56e-06,3.66
8784,skilled,2958,4.56e-06,3.66
8785,dev,2957,4.56e-06,3.66
8786,insists,2957,4.56e-06,3.66
8787,calf,2956,4.56e-06,3.66
8788,oof,2956,4.56e-06,3.66
8789,allowance,2955,4.56e-06,3.66
8790,homosexual,2955,4.56e-06,3.66
8791,vijay,2954,4.56e-06,3.66
8792,shapes,2954,4.56e-06,3.66
8793,rosemary,2953,4.55e-06,3.66
8794,idle,2953,4.55e-06,3.66
8795,slaughtered,2953,4.55e-06,3.66
8796,resent,2952,4.55e-06,3.66
8797,cassandra,2950,4.55e-06,3.66
8798,leaking,2950,4.55e-06,3.66
8799,likewise,2950,4.55e-06,3.66
8800,riddle,2949,4.55e-06,3.66
8801,ghetto,2949,4.55e-06,3.66
8802,sunglasses,2949,4.55e-06,3.66
8803,vega,2948,4.55e-06,3.66
8804,newest,2946,4.54e-06,3.66
8805,valve,2945,4.54e-06,3.66
8806,geek,2945,4.54e-06,3.66
8807,fucks,2945,4.54e-06,3.66
8808,gangsters,2945,4.54e-06,3.66
8809,pies,2944,4.54e-06,3.66
8810,publisher,2943,4.54e-06,3.66
8811,troubling,2943,4.54e-06,3.66
8812,trembling,2942,4.54e-06,3.66
8813,marathon,2942,4.54e-06,3.66
8814,douche,2942,4.54e-06,3.66
8815,conducting,2942,4.54e-06,3.66
8816,sundays,2941,4.54e-06,3.66
8817,shrieks,2941,4.54e-06,3.66
8818,fiancee,2937,4.53e-06,3.66
8819,frankenstein,2937,4.53e-06,3.66
8820,summers,2936,4.53e-06,3.66
8821,wei,2936,4.53e-06,3.66
8822,liang,2936,4.53e-06,3.66
8823,burglar,2935,4.53e-06,3.66
8824,spiders,2933,4.52e-06,3.66
8825,norway,2933,4.52e-06,3.66
8826,crops,2932,4.52e-06,3.66
8827,infant,2932,4.52e-06,3.66
8828,falcon,2932,4.52e-06,3.66
8829,pursuing,2929,4.52e-06,3.66
8830,humiliate,2929,4.52e-06,3.66
8831,hydrogen,2928,4.52e-06,3.66
8832,karaoke,2928,4.52e-06,3.66
8833,encountered,2928,4.52e-06,3.66
8834,alberto,2927,4.51e-06,3.65
8835,corey,2927,4.51e-06,3.65
8836,scope,2927,4.51e-06,3.65
8837,cultures,2926,4.51e-06,3.65
8838,speakers,2925,4.51e-06,3.65
8839,superstar,2925,4.51e-06,3.65
8840,orgasm,2924,4.51e-06,3.65
8841,byron,2924,4.51e-06,3.65
8842,gravy,2924,4.51e-06,3.65
8843,calculations,2924,4.51e-06,3.65
8844,vocal,2924,4.51e-06,3.65
8845,severely,2923,4.51e-06,3.65
8846,hating,2923,4.51e-06,3.65
8847,novels,2922,4.51e-06,3.65
8848,mindy,2918,4.5e-06,3.65
8849,boiled,2917,4.5e-06,3.65
8850,metaphor,2917,4.5e-06,3.65
8851,kindergarten,2917,4.5e-06,3.65
8852,fades,2917,4.5e-06,3.65
8853,anders,2917,4.5e-06,3.65
8854,fi,2915,4.5e-06,3.65
8855,brazilian,2914,4.49e-06,3.65
8856,devastating,2913,4.49e-06,3.65
8857,bea,2912,4.49e-06,3.65
8858,interfering,2911,4.49e-06,3.65
8859,dripping,2910,4.49e-06,3.65
8860,ops,2909,4.49e-06,3.65
8861,cuz,2909,4.49e-06,3.65
8862,holden,2908,4.48e-06,3.65
8863,suited,2907,4.48e-06,3.65
8864,merciful,2907,4.48e-06,3.65
8865,hayley,2907,4.48e-06,3.65
8866,affirmative,2907,4.48e-06,3.65
8867,runaway,2906,4.48e-06,3.65
8868,shoo,2905,4.48e-06,3.65
8869,italians,2905,4.48e-06,3.65
8870,wales,2905,4.48e-06,3.65
8871,santiago,2905,4.48e-06,3.65
8872,adapt,2905,4.48e-06,3.65
8873,renee,2904,4.48e-06,3.65
8874,mal,2904,4.48e-06,3.65
8875,smartest,2904,4.48e-06,3.65
8876,blacks,2904,4.48e-06,3.65
8877,struggled,2903,4.48e-06,3.65
8878,prostitution,2902,4.48e-06,3.65
8879,payback,2902,4.48e-06,3.65
8880,buenos,2901,4.47e-06,3.65
8881,vintage,2901,4.47e-06,3.65
8882,diapers,2900,4.47e-06,3.65
8883,killings,2900,4.47e-06,3.65
8884,courthouse,2900,4.47e-06,3.65
8885,tong,2898,4.47e-06,3.65
8886,cubs,2898,4.47e-06,3.65
8887,surfing,2898,4.47e-06,3.65
8888,indiana,2898,4.47e-06,3.65
8889,spotlight,2897,4.47e-06,3.65
8890,frontier,2897,4.47e-06,3.65
8891,monte,2896,4.47e-06,3.65
8892,stocks,2895,4.46e-06,3.65
8893,patterson,2893,4.46e-06,3.65
8894,holiness,2893,4.46e-06,3.65
8895,denmark,2893,4.46e-06,3.65
8896,isolation,2892,4.46e-06,3.65
8897,starters,2892,4.46e-06,3.65
8898,resigned,2890,4.46e-06,3.65
8899,acquainted,2890,4.46e-06,3.65
8900,meow,2889,4.46e-06,3.65
8901,appearances,2889,4.46e-06,3.65
8902,loft,2888,4.45e-06,3.65
8903,snitch,2888,4.45e-06,3.65
8904,ribbon,2887,4.45e-06,3.65
8905,dares,2887,4.45e-06,3.65
8906,greatness,2886,4.45e-06,3.65
8907,fallon,2886,4.45e-06,3.65
8908,coolest,2885,4.45e-06,3.65
8909,decency,2884,4.45e-06,3.65
8910,mayday,2883,4.45e-06,3.65
8911,michigan,2883,4.45e-06,3.65
8912,reactor,2882,4.44e-06,3.65
8913,buckle,2882,4.44e-06,3.65
8914,vanity,2882,4.44e-06,3.65
8915,simmons,2882,4.44e-06,3.65
8916,earning,2882,4.44e-06,3.65
8917,marriages,2880,4.44e-06,3.65
8918,docks,2880,4.44e-06,3.65
8919,lopez,2878,4.44e-06,3.65
8920,alleged,2878,4.44e-06,3.65
8921,asap,2878,4.44e-06,3.65
8922,preparations,2877,4.44e-06,3.65
8923,bugging,2877,4.44e-06,3.65
8924,conquered,2877,4.44e-06,3.65
8925,cuckoo,2876,4.44e-06,3.65
8926,crib,2874,4.43e-06,3.65
8927,yogurt,2874,4.43e-06,3.65
8928,secondly,2874,4.43e-06,3.65
8929,nixon,2873,4.43e-06,3.65
8930,portland,2873,4.43e-06,3.65
8931,fishy,2873,4.43e-06,3.65
8932,flick,2873,4.43e-06,3.65
8933,scratched,2873,4.43e-06,3.65
8934,muffin,2872,4.43e-06,3.65
8935,hale,2872,4.43e-06,3.65
8936,tailor,2872,4.43e-06,3.65
8937,chimney,2872,4.43e-06,3.65
8938,nuns,2871,4.43e-06,3.65
8939,ezra,2871,4.43e-06,3.65
8940,packet,2871,4.43e-06,3.65
8941,homemade,2871,4.43e-06,3.65
8942,farming,2871,4.43e-06,3.65
8943,genuinely,2870,4.43e-06,3.65
8944,rumours,2870,4.43e-06,3.65
8945,daniels,2870,4.43e-06,3.65
8946,blouse,2869,4.42e-06,3.65
8947,kite,2869,4.42e-06,3.65
8948,buses,2868,4.42e-06,3.65
8949,hassan,2868,4.42e-06,3.65
8950,rhyme,2868,4.42e-06,3.65
8951,invaded,2868,4.42e-06,3.65
8952,quentin,2867,4.42e-06,3.65
8953,equation,2866,4.42e-06,3.65
8954,transmitter,2866,4.42e-06,3.65
8955,morons,2866,4.42e-06,3.65
8956,lime,2866,4.42e-06,3.65
8957,rotting,2866,4.42e-06,3.65
8958,remorse,2865,4.42e-06,3.65
8959,otis,2864,4.42e-06,3.65
8960,marker,2864,4.42e-06,3.65
8961,aiming,2864,4.42e-06,3.65
8962,adds,2864,4.42e-06,3.65
8963,chores,2863,4.42e-06,3.65
8964,gem,2863,4.42e-06,3.65
8965,blasted,2863,4.42e-06,3.65
8966,grabs,2863,4.42e-06,3.65
8967,courageous,2863,4.42e-06,3.65
8968,determination,2862,4.41e-06,3.64
8969,beaver,2862,4.41e-06,3.64
8970,publishing,2862,4.41e-06,3.64
8971,crickets,2862,4.41e-06,3.64
8972,exercises,2860,4.41e-06,3.64
8973,testament,2860,4.41e-06,3.64
8974,apocalypse,2859,4.41e-06,3.64
8975,phew,2859,4.41e-06,3.64
8976,dicks,2858,4.41e-06,3.64
8977,paralyzed,2857,4.41e-06,3.64
8978,headlines,2857,4.41e-06,3.64
8979,stripes,2856,4.4e-06,3.64
8980,santos,2856,4.4e-06,3.64
8981,breaths,2856,4.4e-06,3.64
8982,abort,2855,4.4e-06,3.64
8983,heap,2855,4.4e-06,3.64
8984,ketchup,2853,4.4e-06,3.64
8985,responded,2852,4.4e-06,3.64
8986,edmund,2852,4.4e-06,3.64
8987,gracie,2852,4.4e-06,3.64
8988,protects,2852,4.4e-06,3.64
8989,tummy,2851,4.4e-06,3.64
8990,hog,2850,4.39e-06,3.64
8991,yakuza,2850,4.39e-06,3.64
8992,weeping,2850,4.39e-06,3.64
8993,fragments,2849,4.39e-06,3.64
8994,catastrophe,2849,4.39e-06,3.64
8995,bp,2847,4.39e-06,3.64
8996,churches,2847,4.39e-06,3.64
8997,pins,2847,4.39e-06,3.64
8998,shaving,2847,4.39e-06,3.64
8999,legit,2845,4.39e-06,3.64
9000,yoo,2845,4.39e-06,3.64
9001,targeted,2844,4.39e-06,3.64
9002,simpler,2844,4.39e-06,3.64
9003,noticing,2843,4.38e-06,3.64
9004,rover,2843,4.38e-06,3.64
9005,lars,2843,4.38e-06,3.64
9006,moreover,2843,4.38e-06,3.64
9007,releasing,2842,4.38e-06,3.64
9008,fascist,2841,4.38e-06,3.64
9009,greta,2841,4.38e-06,3.64
9010,spitting,2841,4.38e-06,3.64
9011,colt,2840,4.38e-06,3.64
9012,tristan,2839,4.38e-06,3.64
9013,hardy,2839,4.38e-06,3.64
9014,truce,2837,4.37e-06,3.64
9015,plaza,2837,4.37e-06,3.64
9016,bronze,2836,4.37e-06,3.64
9017,guarded,2834,4.37e-06,3.64
9018,airline,2833,4.37e-06,3.64
9019,ramon,2833,4.37e-06,3.64
9020,incapable,2832,4.37e-06,3.64
9021,punches,2832,4.37e-06,3.64
9022,sanchez,2830,4.36e-06,3.64
9023,hq,2830,4.36e-06,3.64
9024,privately,2828,4.36e-06,3.64
9025,vatican,2828,4.36e-06,3.64
9026,surround,2828,4.36e-06,3.64
9027,barrett,2828,4.36e-06,3.64
9028,edna,2827,4.36e-06,3.64
9029,alvin,2827,4.36e-06,3.64
9030,consolation,2827,4.36e-06,3.64
9031,gutter,2827,4.36e-06,3.64
9032,lan,2826,4.36e-06,3.64
9033,astonishing,2826,4.36e-06,3.64
9034,broker,2826,4.36e-06,3.64
9035,seizure,2826,4.36e-06,3.64
9036,fright,2825,4.36e-06,3.64
9037,runnin,2825,4.36e-06,3.64
9038,leaning,2825,4.36e-06,3.64
9039,mic,2825,4.36e-06,3.64
9040,scarlett,2824,4.35e-06,3.64
9041,berry,2824,4.35e-06,3.64
9042,paulie,2823,4.35e-06,3.64
9043,lacking,2823,4.35e-06,3.64
9044,verge,2823,4.35e-06,3.64
9045,lucifer,2822,4.35e-06,3.64
9046,contribute,2822,4.35e-06,3.64
9047,jewellery,2821,4.35e-06,3.64
9048,richards,2821,4.35e-06,3.64
9049,erotic,2820,4.35e-06,3.64
9050,feng,2818,4.35e-06,3.64
9051,siblings,2818,4.35e-06,3.64
9052,est,2818,4.35e-06,3.64
9053,dre,2818,4.35e-06,3.64
9054,cass,2817,4.34e-06,3.64
9055,disk,2817,4.34e-06,3.64
9056,op,2817,4.34e-06,3.64
9057,comics,2816,4.34e-06,3.64
9058,obstacle,2815,4.34e-06,3.64
9059,ale,2815,4.34e-06,3.64
9060,coral,2815,4.34e-06,3.64
9061,hamburger,2814,4.34e-06,3.64
9062,biscuit,2814,4.34e-06,3.64
9063,redemption,2814,4.34e-06,3.64
9064,thug,2813,4.34e-06,3.64
9065,concussion,2812,4.34e-06,3.64
9066,martinez,2812,4.34e-06,3.64
9067,disgust,2809,4.33e-06,3.64
9068,wright,2808,4.33e-06,3.64
9069,nsa,2806,4.33e-06,3.64
9070,arise,2806,4.33e-06,3.64
9071,celebrities,2806,4.33e-06,3.64
9072,kev,2805,4.33e-06,3.64
9073,dolphins,2805,4.33e-06,3.64
9074,kidneys,2804,4.32e-06,3.64
9075,leaked,2804,4.32e-06,3.64
9076,solving,2804,4.32e-06,3.64
9077,plasma,2803,4.32e-06,3.64
9078,singapore,2802,4.32e-06,3.64
9079,scram,2802,4.32e-06,3.64
9080,regain,2802,4.32e-06,3.64
9081,conductor,2802,4.32e-06,3.64
9082,ministers,2802,4.32e-06,3.64
9083,gender,2801,4.32e-06,3.64
9084,removing,2800,4.32e-06,3.64
9085,cocky,2800,4.32e-06,3.64
9086,richest,2799,4.32e-06,3.64
9087,deciding,2799,4.32e-06,3.64
9088,poo,2798,4.31e-06,3.63
9089,dispute,2797,4.31e-06,3.63
9090,brute,2796,4.31e-06,3.63
9091,incidents,2796,4.31e-06,3.63
9092,telly,2794,4.31e-06,3.63
9093,capsule,2794,4.31e-06,3.63
9094,chefs,2794,4.31e-06,3.63
9095,psychopath,2793,4.31e-06,3.63
9096,dumpster,2793,4.31e-06,3.63
9097,lire,2792,4.31e-06,3.63
9098,jarod,2792,4.31e-06,3.63
9099,bind,2792,4.31e-06,3.63
9100,chops,2791,4.3e-06,3.63
9101,crust,2791,4.3e-06,3.63
9102,poorly,2790,4.3e-06,3.63
9103,weighs,2790,4.3e-06,3.63
9104,bundle,2790,4.3e-06,3.63
9105,vibrating,2790,4.3e-06,3.63
9106,ricardo,2789,4.3e-06,3.63
9107,encouraging,2789,4.3e-06,3.63
9108,dwayne,2789,4.3e-06,3.63
9109,polo,2789,4.3e-06,3.63
9110,singers,2788,4.3e-06,3.63
9111,ada,2788,4.3e-06,3.63
9112,meteor,2787,4.3e-06,3.63
9113,firmly,2787,4.3e-06,3.63
9114,prettiest,2786,4.3e-06,3.63
9115,hormones,2785,4.29e-06,3.63
9116,starboard,2784,4.29e-06,3.63
9117,chauffeur,2783,4.29e-06,3.63
9118,download,2782,4.29e-06,3.63
9119,garrison,2781,4.29e-06,3.63
9120,recovering,2781,4.29e-06,3.63
9121,heated,2781,4.29e-06,3.63
9122,hillary,2779,4.29e-06,3.63
9123,cctv,2779,4.29e-06,3.63
9124,postcard,2779,4.29e-06,3.63
9125,darlin,2779,4.29e-06,3.63
9126,convert,2779,4.29e-06,3.63
9127,celia,2779,4.29e-06,3.63
9128,abi,2779,4.29e-06,3.63
9129,sissy,2779,4.29e-06,3.63
9130,reef,2778,4.28e-06,3.63
9131,treasury,2778,4.28e-06,3.63
9132,calmly,2778,4.28e-06,3.63
9133,mathematics,2778,4.28e-06,3.63
9134,ar,2778,4.28e-06,3.63
9135,ups,2777,4.28e-06,3.63
9136,shameful,2776,4.28e-06,3.63
9137,abbey,2776,4.28e-06,3.63
9138,strategic,2775,4.28e-06,3.63
9139,wrists,2774,4.28e-06,3.63
9140,payroll,2774,4.28e-06,3.63
9141,beethoven,2773,4.28e-06,3.63
9142,immense,2772,4.27e-06,3.63
9143,heartless,2772,4.27e-06,3.63
9144,magnus,2771,4.27e-06,3.63
9145,banged,2770,4.27e-06,3.63
9146,montgomery,2769,4.27e-06,3.63
9147,protector,2768,4.27e-06,3.63
9148,michelangelo,2767,4.27e-06,3.63
9149,teller,2767,4.27e-06,3.63
9150,raging,2767,4.27e-06,3.63
9151,applying,2766,4.27e-06,3.63
9152,mop,2766,4.27e-06,3.63
9153,sol,2766,4.27e-06,3.63
9154,atom,2766,4.27e-06,3.63
9155,paolo,2766,4.27e-06,3.63
9156,unload,2765,4.26e-06,3.63
9157,detector,2765,4.26e-06,3.63
9158,switching,2765,4.26e-06,3.63
9159,handles,2765,4.26e-06,3.63
9160,favorites,2765,4.26e-06,3.63
9161,stinky,2764,4.26e-06,3.63
9162,lina,2764,4.26e-06,3.63
9163,norton,2763,4.26e-06,3.63
9164,regional,2763,4.26e-06,3.63
9165,heil,2762,4.26e-06,3.63
9166,richer,2762,4.26e-06,3.63
9167,secrecy,2762,4.26e-06,3.63
9168,thighs,2761,4.26e-06,3.63
9169,rigged,2761,4.26e-06,3.63
9170,thesis,2761,4.26e-06,3.63
9171,zeke,2761,4.26e-06,3.63
9172,consumed,2760,4.26e-06,3.63
9173,ahold,2760,4.26e-06,3.63
9174,tuned,2759,4.25e-06,3.63
9175,atlantis,2758,4.25e-06,3.63
9176,repaired,2758,4.25e-06,3.63
9177,leverage,2758,4.25e-06,3.63
9178,winnie,2758,4.25e-06,3.63
9179,weary,2758,4.25e-06,3.63
9180,costa,2757,4.25e-06,3.63
9181,rue,2757,4.25e-06,3.63
9182,cowboys,2757,4.25e-06,3.63
9183,employ,2756,4.25e-06,3.63
9184,provoke,2756,4.25e-06,3.63
9185,stool,2756,4.25e-06,3.63
9186,postpone,2755,4.25e-06,3.63
9187,extensive,2755,4.25e-06,3.63
9188,beau,2755,4.25e-06,3.63
9189,urgently,2754,4.25e-06,3.63
9190,optimistic,2754,4.25e-06,3.63
9191,lotus,2754,4.25e-06,3.63
9192,apologizing,2753,4.25e-06,3.63
9193,spooky,2753,4.25e-06,3.63
9194,skate,2753,4.25e-06,3.63
9195,maze,2753,4.25e-06,3.63
9196,arrests,2752,4.24e-06,3.63
9197,dialing,2752,4.24e-06,3.63
9198,fireplace,2751,4.24e-06,3.63
9199,gt,2751,4.24e-06,3.63
9200,vicar,2751,4.24e-06,3.63
9201,beetle,2751,4.24e-06,3.63
9202,horace,2751,4.24e-06,3.63
9203,suspicions,2750,4.24e-06,3.63
9204,stupidity,2750,4.24e-06,3.63
9205,restricted,2750,4.24e-06,3.63
9206,skating,2750,4.24e-06,3.63
9207,pupil,2750,4.24e-06,3.63
9208,homo,2750,4.24e-06,3.63
9209,thumbs,2749,4.24e-06,3.63
9210,hostess,2748,4.24e-06,3.63
9211,cheng,2748,4.24e-06,3.63
9212,sneaky,2747,4.24e-06,3.63
9213,swollen,2747,4.24e-06,3.63
9214,por,2746,4.23e-06,3.63
9215,unlocked,2746,4.23e-06,3.63
9216,eliza,2746,4.23e-06,3.63
9217,gladys,2746,4.23e-06,3.63
9218,mixture,2745,4.23e-06,3.63
9219,porsche,2744,4.23e-06,3.63
9220,diagnosed,2744,4.23e-06,3.63
9221,vaughn,2743,4.23e-06,3.63
9222,ri,2743,4.23e-06,3.63
9223,liberation,2743,4.23e-06,3.63
9224,nay,2742,4.23e-06,3.63
9225,crows,2740,4.23e-06,3.63
9226,rockets,2739,4.22e-06,3.63
9227,starfleet,2739,4.22e-06,3.63
9228,reindeer,2738,4.22e-06,3.63
9229,shampoo,2737,4.22e-06,3.63
9230,milton,2737,4.22e-06,3.63
9231,mai,2736,4.22e-06,3.63
9232,skiing,2736,4.22e-06,3.63
9233,overhead,2735,4.22e-06,3.63
9234,disturbance,2735,4.22e-06,3.63
9235,cohen,2734,4.22e-06,3.63
9236,spits,2734,4.22e-06,3.63
9237,crank,2734,4.22e-06,3.63
9238,crocodile,2732,4.21e-06,3.62
9239,bulls,2732,4.21e-06,3.62
9240,medals,2732,4.21e-06,3.62
9241,sierra,2731,4.21e-06,3.62
9242,motivation,2731,4.21e-06,3.62
9243,dangers,2731,4.21e-06,3.62
9244,exploring,2731,4.21e-06,3.62
9245,mist,2730,4.21e-06,3.62
9246,galaxies,2729,4.21e-06,3.62
9247,ju,2729,4.21e-06,3.62
9248,sculpture,2728,4.21e-06,3.62
9249,marjorie,2728,4.21e-06,3.62
9250,adrenaline,2728,4.21e-06,3.62
9251,malik,2728,4.21e-06,3.62
9252,allied,2727,4.21e-06,3.62
9253,manor,2726,4.2e-06,3.62
9254,convoy,2726,4.2e-06,3.62
9255,carly,2726,4.2e-06,3.62
9256,elliott,2726,4.2e-06,3.62
9257,merit,2725,4.2e-06,3.62
9258,cutter,2725,4.2e-06,3.62
9259,stressful,2725,4.2e-06,3.62
9260,forming,2725,4.2e-06,3.62
9261,bikini,2725,4.2e-06,3.62
9262,sway,2723,4.2e-06,3.62
9263,virgil,2722,4.2e-06,3.62
9264,soy,2722,4.2e-06,3.62
9265,nell,2722,4.2e-06,3.62
9266,salty,2722,4.2e-06,3.62
9267,elf,2721,4.2e-06,3.62
9268,belts,2721,4.2e-06,3.62
9269,yvonne,2721,4.2e-06,3.62
9270,disney,2721,4.2e-06,3.62
9271,contractor,2720,4.19e-06,3.62
9272,rodeo,2720,4.19e-06,3.62
9273,crackers,2720,4.19e-06,3.62
9274,playboy,2719,4.19e-06,3.62
9275,arch,2719,4.19e-06,3.62
9276,operated,2719,4.19e-06,3.62
9277,crews,2718,4.19e-06,3.62
9278,scanner,2718,4.19e-06,3.62
9279,dads,2718,4.19e-06,3.62
9280,limbs,2718,4.19e-06,3.62
9281,bathe,2717,4.19e-06,3.62
9282,cardiac,2717,4.19e-06,3.62
9283,persuaded,2717,4.19e-06,3.62
9284,argentina,2717,4.19e-06,3.62
9285,velvet,2716,4.19e-06,3.62
9286,hyde,2716,4.19e-06,3.62
9287,stem,2716,4.19e-06,3.62
9288,rewarded,2716,4.19e-06,3.62
9289,taiwan,2716,4.19e-06,3.62
9290,warfare,2715,4.19e-06,3.62
9291,lakhs,2715,4.19e-06,3.62
9292,filter,2715,4.19e-06,3.62
9293,pumped,2715,4.19e-06,3.62
9294,sterling,2714,4.19e-06,3.62
9295,gran,2713,4.18e-06,3.62
9296,fills,2713,4.18e-06,3.62
9297,chet,2712,4.18e-06,3.62
9298,disc,2711,4.18e-06,3.62
9299,percentage,2711,4.18e-06,3.62
9300,bravery,2710,4.18e-06,3.62
9301,edges,2710,4.18e-06,3.62
9302,diaper,2710,4.18e-06,3.62
9303,lyle,2709,4.18e-06,3.62
9304,ida,2709,4.18e-06,3.62
9305,preserved,2708,4.18e-06,3.62
9306,sutton,2707,4.17e-06,3.62
9307,katrina,2706,4.17e-06,3.62
9308,champions,2706,4.17e-06,3.62
9309,partying,2706,4.17e-06,3.62
9310,sergei,2706,4.17e-06,3.62
9311,pd,2706,4.17e-06,3.62
9312,morality,2706,4.17e-06,3.62
9313,crate,2705,4.17e-06,3.62
9314,mina,2705,4.17e-06,3.62
9315,complications,2705,4.17e-06,3.62
9316,sausages,2704,4.17e-06,3.62
9317,smoothly,2704,4.17e-06,3.62
9318,rafael,2703,4.17e-06,3.62
9319,cradle,2703,4.17e-06,3.62
9320,leopard,2703,4.17e-06,3.62
9321,chu,2702,4.17e-06,3.62
9322,gardner,2701,4.17e-06,3.62
9323,athens,2701,4.17e-06,3.62
9324,abu,2701,4.17e-06,3.62
9325,kramer,2700,4.16e-06,3.62
9326,magnet,2700,4.16e-06,3.62
9327,psychotic,2699,4.16e-06,3.62
9328,vaccine,2698,4.16e-06,3.62
9329,motivated,2698,4.16e-06,3.62
9330,aggression,2698,4.16e-06,3.62
9331,courses,2698,4.16e-06,3.62
9332,willis,2696,4.16e-06,3.62
9333,expanding,2695,4.16e-06,3.62
9334,vance,2695,4.16e-06,3.62
9335,bases,2695,4.16e-06,3.62
9336,burglary,2694,4.15e-06,3.62
9337,stumbled,2694,4.15e-06,3.62
9338,buns,2694,4.15e-06,3.62
9339,confronted,2693,4.15e-06,3.62
9340,geneva,2693,4.15e-06,3.62
9341,increasingly,2693,4.15e-06,3.62
9342,sidewalk,2693,4.15e-06,3.62
9343,shady,2693,4.15e-06,3.62
9344,defended,2692,4.15e-06,3.62
9345,resolution,2691,4.15e-06,3.62
9346,chooses,2691,4.15e-06,3.62
9347,tapped,2691,4.15e-06,3.62
9348,exploding,2690,4.15e-06,3.62
9349,punks,2690,4.15e-06,3.62
9350,scenery,2689,4.15e-06,3.62
9351,hitch,2688,4.15e-06,3.62
9352,severed,2688,4.15e-06,3.62
9353,wink,2688,4.15e-06,3.62
9354,initially,2688,4.15e-06,3.62
9355,assessment,2688,4.15e-06,3.62
9356,shredder,2687,4.14e-06,3.62
9357,villains,2687,4.14e-06,3.62
9358,miners,2687,4.14e-06,3.62
9359,introducing,2686,4.14e-06,3.62
9360,focusing,2685,4.14e-06,3.62
9361,rainy,2685,4.14e-06,3.62
9362,amendment,2685,4.14e-06,3.62
9363,getaway,2684,4.14e-06,3.62
9364,recognised,2684,4.14e-06,3.62
9365,blackout,2684,4.14e-06,3.62
9366,leash,2684,4.14e-06,3.62
9367,muhammad,2684,4.14e-06,3.62
9368,eyebrows,2683,4.14e-06,3.62
9369,livin,2683,4.14e-06,3.62
9370,bouncing,2682,4.14e-06,3.62
9371,nipples,2682,4.14e-06,3.62
9372,raft,2682,4.14e-06,3.62
9373,pharaoh,2682,4.14e-06,3.62
9374,pots,2682,4.14e-06,3.62
9375,refreshing,2681,4.13e-06,3.62
9376,wandered,2681,4.13e-06,3.62
9377,roz,2681,4.13e-06,3.62
9378,abel,2681,4.13e-06,3.62
9379,beatles,2680,4.13e-06,3.62
9380,confined,2680,4.13e-06,3.62
9381,contagious,2680,4.13e-06,3.62
9382,madeline,2679,4.13e-06,3.62
9383,beijing,2679,4.13e-06,3.62
9384,frequently,2679,4.13e-06,3.62
9385,operational,2679,4.13e-06,3.62
9386,shakes,2678,4.13e-06,3.62
9387,thanking,2677,4.13e-06,3.62
9388,suffers,2677,4.13e-06,3.62
9389,basil,2677,4.13e-06,3.62
9390,babylon,2677,4.13e-06,3.62
9391,drilling,2674,4.12e-06,3.61
9392,agencies,2674,4.12e-06,3.61
9393,buffet,2674,4.12e-06,3.61
9394,farms,2673,4.12e-06,3.61
9395,motives,2673,4.12e-06,3.61
9396,cocoa,2673,4.12e-06,3.61
9397,perception,2673,4.12e-06,3.61
9398,targeting,2671,4.12e-06,3.61
9399,thudding,2670,4.12e-06,3.61
9400,blares,2668,4.11e-06,3.61
9401,dense,2668,4.11e-06,3.61
9402,pinned,2668,4.11e-06,3.61
9403,pending,2667,4.11e-06,3.61
9404,nod,2666,4.11e-06,3.61
9405,crunch,2666,4.11e-06,3.61
9406,stains,2665,4.11e-06,3.61
9407,nervously,2664,4.11e-06,3.61
9408,caribbean,2663,4.11e-06,3.61
9409,bouquet,2663,4.11e-06,3.61
9410,stabbing,2663,4.11e-06,3.61
9411,screws,2662,4.11e-06,3.61
9412,boone,2662,4.11e-06,3.61
9413,philosopher,2662,4.11e-06,3.61
9414,bulb,2662,4.11e-06,3.61
9415,sinner,2660,4.1e-06,3.61
9416,ongoing,2660,4.1e-06,3.61
9417,editing,2660,4.1e-06,3.61
9418,veteran,2660,4.1e-06,3.61
9419,drip,2660,4.1e-06,3.61
9420,mara,2659,4.1e-06,3.61
9421,inspiring,2659,4.1e-06,3.61
9422,gale,2658,4.1e-06,3.61
9423,flint,2658,4.1e-06,3.61
9424,nova,2658,4.1e-06,3.61
9425,nevada,2658,4.1e-06,3.61
9426,manning,2657,4.1e-06,3.61
9427,membership,2657,4.1e-06,3.61
9428,puerto,2656,4.1e-06,3.61
9429,raphael,2656,4.1e-06,3.61
9430,chalk,2655,4.09e-06,3.61
9431,liable,2655,4.09e-06,3.61
9432,manuscript,2655,4.09e-06,3.61
9433,organised,2655,4.09e-06,3.61
9434,clanging,2653,4.09e-06,3.61
9435,markets,2651,4.09e-06,3.61
9436,rama,2650,4.09e-06,3.61
9437,austria,2650,4.09e-06,3.61
9438,chocolates,2650,4.09e-06,3.61
9439,trafficking,2649,4.09e-06,3.61
9440,philly,2648,4.08e-06,3.61
9441,unaware,2648,4.08e-06,3.61
9442,loot,2647,4.08e-06,3.61
9443,perish,2647,4.08e-06,3.61
9444,processed,2647,4.08e-06,3.61
9445,clone,2647,4.08e-06,3.61
9446,whooshing,2647,4.08e-06,3.61
9447,hangover,2646,4.08e-06,3.61
9448,flatter,2645,4.08e-06,3.61
9449,wretch,2645,4.08e-06,3.61
9450,weasel,2645,4.08e-06,3.61
9451,columbia,2645,4.08e-06,3.61
9452,israeli,2644,4.08e-06,3.61
9453,shatters,2644,4.08e-06,3.61
9454,lace,2643,4.08e-06,3.61
9455,indication,2643,4.08e-06,3.61
9456,allan,2642,4.07e-06,3.61
9457,cora,2642,4.07e-06,3.61
9458,drifting,2642,4.07e-06,3.61
9459,grady,2641,4.07e-06,3.61
9460,undress,2641,4.07e-06,3.61
9461,dolphin,2641,4.07e-06,3.61
9462,faked,2641,4.07e-06,3.61
9463,depart,2640,4.07e-06,3.61
9464,monument,2640,4.07e-06,3.61
9465,tyres,2640,4.07e-06,3.61
9466,marissa,2639,4.07e-06,3.61
9467,lorraine,2638,4.07e-06,3.61
9468,pow,2638,4.07e-06,3.61
9469,invade,2638,4.07e-06,3.61
9470,scooby,2638,4.07e-06,3.61
9471,hazel,2638,4.07e-06,3.61
9472,rep,2638,4.07e-06,3.61
9473,heavier,2636,4.06e-06,3.61
9474,tart,2635,4.06e-06,3.61
9475,mocking,2635,4.06e-06,3.61
9476,forgets,2634,4.06e-06,3.61
9477,sinister,2633,4.06e-06,3.61
9478,christy,2632,4.06e-06,3.61
9479,dex,2632,4.06e-06,3.61
9480,judas,2631,4.06e-06,3.61
9481,assemble,2631,4.06e-06,3.61
9482,shortcut,2630,4.06e-06,3.61
9483,transformation,2629,4.05e-06,3.61
9484,posts,2629,4.05e-06,3.61
9485,generosity,2629,4.05e-06,3.61
9486,amusement,2629,4.05e-06,3.61
9487,beta,2628,4.05e-06,3.61
9488,counseling,2627,4.05e-06,3.61
9489,bobo,2627,4.05e-06,3.61
9490,honors,2626,4.05e-06,3.61
9491,snatched,2626,4.05e-06,3.61
9492,phyllis,2626,4.05e-06,3.61
9493,measured,2626,4.05e-06,3.61
9494,gamma,2626,4.05e-06,3.61
9495,squeals,2626,4.05e-06,3.61
9496,evidently,2626,4.05e-06,3.61
9497,mildred,2625,4.05e-06,3.61
9498,caitlin,2625,4.05e-06,3.61
9499,dubai,2625,4.05e-06,3.61
9500,lantern,2625,4.05e-06,3.61
9501,combine,2624,4.05e-06,3.61
9502,nero,2624,4.05e-06,3.61
9503,trey,2624,4.05e-06,3.61
9504,toughest,2623,4.04e-06,3.61
9505,limp,2623,4.04e-06,3.61
9506,implying,2622,4.04e-06,3.61
9507,matrix,2622,4.04e-06,3.61
9508,dots,2622,4.04e-06,3.61
9509,kilometres,2622,4.04e-06,3.61
9510,evacuation,2621,4.04e-06,3.61
9511,earliest,2620,4.04e-06,3.61
9512,incompetent,2620,4.04e-06,3.61
9513,closure,2619,4.04e-06,3.61
9514,descent,2619,4.04e-06,3.61
9515,parachute,2619,4.04e-06,3.61
9516,analyze,2619,4.04e-06,3.61
9517,crushing,2619,4.04e-06,3.61
9518,classmates,2618,4.04e-06,3.61
9519,excessive,2618,4.04e-06,3.61
9520,tighter,2618,4.04e-06,3.61
9521,hump,2617,4.04e-06,3.61
9522,fuzzy,2617,4.04e-06,3.61
9523,tad,2617,4.04e-06,3.61
9524,punishing,2617,4.04e-06,3.61
9525,pageant,2616,4.03e-06,3.61
9526,wan,2616,4.03e-06,3.61
9527,reveals,2616,4.03e-06,3.61
9528,wildlife,2616,4.03e-06,3.61
9529,clare,2616,4.03e-06,3.61
9530,poking,2614,4.03e-06,3.61
9531,rehearsing,2614,4.03e-06,3.61
9532,homecoming,2614,4.03e-06,3.61
9533,swelling,2614,4.03e-06,3.61
9534,shrieking,2613,4.03e-06,3.61
9535,squawking,2613,4.03e-06,3.61
9536,tardis,2612,4.03e-06,3.61
9537,caine,2612,4.03e-06,3.61
9538,statues,2610,4.02e-06,3.6
9539,practiced,2609,4.02e-06,3.6
9540,christianity,2609,4.02e-06,3.6
9541,hazard,2607,4.02e-06,3.6
9542,stretched,2607,4.02e-06,3.6
9543,dea,2606,4.02e-06,3.6
9544,trudy,2606,4.02e-06,3.6
9545,slug,2606,4.02e-06,3.6
9546,frustration,2606,4.02e-06,3.6
9547,edie,2605,4.02e-06,3.6
9548,deception,2604,4.02e-06,3.6
9549,lillian,2603,4.01e-06,3.6
9550,trespassing,2603,4.01e-06,3.6
9551,elimination,2603,4.01e-06,3.6
9552,comforting,2603,4.01e-06,3.6
9553,len,2603,4.01e-06,3.6
9554,preach,2603,4.01e-06,3.6
9555,practise,2603,4.01e-06,3.6
9556,damages,2601,4.01e-06,3.6
9557,exits,2600,4.01e-06,3.6
9558,yer,2600,4.01e-06,3.6
9559,appointments,2600,4.01e-06,3.6
9560,significance,2599,4.01e-06,3.6
9561,drummer,2599,4.01e-06,3.6
9562,specimen,2599,4.01e-06,3.6
9563,voodoo,2599,4.01e-06,3.6
9564,cleo,2599,4.01e-06,3.6
9565,misunderstand,2599,4.01e-06,3.6
9566,asthma,2598,4.01e-06,3.6
9567,errands,2598,4.01e-06,3.6
9568,hypocrite,2598,4.01e-06,3.6
9569,snorts,2598,4.01e-06,3.6
9570,advocate,2598,4.01e-06,3.6
9571,cutie,2597,4e-06,3.6
9572,obtained,2597,4e-06,3.6
9573,cristina,2597,4e-06,3.6
9574,radioactive,2597,4e-06,3.6
9575,richmond,2597,4e-06,3.6
9576,ideals,2596,4e-06,3.6
9577,apprentice,2596,4e-06,3.6
9578,unreasonable,2595,4e-06,3.6
9579,inmate,2594,4e-06,3.6
9580,siege,2593,4e-06,3.6
9581,cobra,2592,4e-06,3.6
9582,increases,2592,4e-06,3.6
9583,harbour,2592,4e-06,3.6
9584,illegally,2591,4e-06,3.6
9585,rattle,2590,3.99e-06,3.6
9586,trim,2590,3.99e-06,3.6
9587,noodle,2590,3.99e-06,3.6
9588,antibiotics,2589,3.99e-06,3.6
9589,mattered,2589,3.99e-06,3.6
9590,declaration,2589,3.99e-06,3.6
9591,virtual,2589,3.99e-06,3.6
9592,intuition,2589,3.99e-06,3.6
9593,revs,2589,3.99e-06,3.6
9594,darcy,2588,3.99e-06,3.6
9595,scales,2588,3.99e-06,3.6
9596,testified,2587,3.99e-06,3.6
9597,gigi,2587,3.99e-06,3.6
9598,bypass,2587,3.99e-06,3.6
9599,pneumonia,2587,3.99e-06,3.6
9600,manly,2587,3.99e-06,3.6
9601,medicines,2586,3.99e-06,3.6
9602,slowing,2586,3.99e-06,3.6
9603,groan,2586,3.99e-06,3.6
9604,dungeon,2586,3.99e-06,3.6
9605,chaps,2585,3.99e-06,3.6
9606,ncis,2585,3.99e-06,3.6
9607,consequence,2585,3.99e-06,3.6
9608,intercept,2585,3.99e-06,3.6
9609,badass,2585,3.99e-06,3.6
9610,examples,2584,3.98e-06,3.6
9611,fists,2584,3.98e-06,3.6
9612,klink,2584,3.98e-06,3.6
9613,substantial,2582,3.98e-06,3.6
9614,brag,2582,3.98e-06,3.6
9615,pitcher,2582,3.98e-06,3.6
9616,onboard,2581,3.98e-06,3.6
9617,amigo,2581,3.98e-06,3.6
9618,courtyard,2581,3.98e-06,3.6
9619,royalty,2580,3.98e-06,3.6
9620,spontaneous,2580,3.98e-06,3.6
9621,ca,2580,3.98e-06,3.6
9622,restroom,2579,3.98e-06,3.6
9623,peep,2579,3.98e-06,3.6
9624,negotiating,2579,3.98e-06,3.6
9625,ache,2575,3.97e-06,3.6
9626,swat,2575,3.97e-06,3.6
9627,emerge,2575,3.97e-06,3.6
9628,gambler,2575,3.97e-06,3.6
9629,references,2574,3.97e-06,3.6
9630,bonjour,2574,3.97e-06,3.6
9631,darkest,2574,3.97e-06,3.6
9632,insecure,2574,3.97e-06,3.6
9633,attendant,2574,3.97e-06,3.6
9634,sympathetic,2573,3.97e-06,3.6
9635,lila,2572,3.97e-06,3.6
9636,heroine,2571,3.96e-06,3.6
9637,choked,2571,3.96e-06,3.6
9638,unidentified,2570,3.96e-06,3.6
9639,plumbing,2570,3.96e-06,3.6
9640,darker,2569,3.96e-06,3.6
9641,ariel,2569,3.96e-06,3.6
9642,crude,2568,3.96e-06,3.6
9643,dictionary,2567,3.96e-06,3.6
9644,sparks,2567,3.96e-06,3.6
9645,auditions,2567,3.96e-06,3.6
9646,demo,2567,3.96e-06,3.6
9647,oppose,2566,3.96e-06,3.6
9648,fingernails,2566,3.96e-06,3.6
9649,mineral,2566,3.96e-06,3.6
9650,collateral,2566,3.96e-06,3.6
9651,istanbul,2565,3.96e-06,3.6
9652,venom,2565,3.96e-06,3.6
9653,tempting,2565,3.96e-06,3.6
9654,relay,2564,3.95e-06,3.6
9655,bamboo,2564,3.95e-06,3.6
9656,particle,2564,3.95e-06,3.6
9657,ying,2563,3.95e-06,3.6
9658,torres,2563,3.95e-06,3.6
9659,broadcasting,2563,3.95e-06,3.6
9660,banking,2562,3.95e-06,3.6
9661,reminding,2561,3.95e-06,3.6
9662,cassidy,2561,3.95e-06,3.6
9663,axl,2561,3.95e-06,3.6
9664,ferguson,2560,3.95e-06,3.6
9665,estimated,2560,3.95e-06,3.6
9666,hebrew,2559,3.95e-06,3.6
9667,electronics,2558,3.94e-06,3.6
9668,octopus,2558,3.94e-06,3.6
9669,meaningful,2558,3.94e-06,3.6
9670,stranded,2558,3.94e-06,3.6
9671,daytime,2557,3.94e-06,3.6
9672,dowry,2556,3.94e-06,3.6
9673,starved,2556,3.94e-06,3.6
9674,collision,2556,3.94e-06,3.6
9675,admitting,2556,3.94e-06,3.6
9676,comeback,2556,3.94e-06,3.6
9677,hungarian,2555,3.94e-06,3.6
9678,faculty,2555,3.94e-06,3.6
9679,operative,2555,3.94e-06,3.6
9680,liza,2555,3.94e-06,3.6
9681,tenants,2554,3.94e-06,3.6
9682,revealing,2553,3.94e-06,3.6
9683,ko,2552,3.94e-06,3.6
9684,ounce,2552,3.94e-06,3.6
9685,mediterranean,2552,3.94e-06,3.6
9686,gadget,2551,3.93e-06,3.59
9687,paramedics,2551,3.93e-06,3.59
9688,console,2550,3.93e-06,3.59
9689,cyril,2550,3.93e-06,3.59
9690,drawers,2550,3.93e-06,3.59
9691,caravan,2549,3.93e-06,3.59
9692,spinal,2549,3.93e-06,3.59
9693,bummer,2548,3.93e-06,3.59
9694,crippled,2547,3.93e-06,3.59
9695,bled,2547,3.93e-06,3.59
9696,defy,2546,3.93e-06,3.59
9697,luna,2546,3.93e-06,3.59
9698,herbs,2545,3.92e-06,3.59
9699,hwang,2544,3.92e-06,3.59
9700,queue,2543,3.92e-06,3.59
9701,blinded,2543,3.92e-06,3.59
9702,studios,2543,3.92e-06,3.59
9703,goddammit,2542,3.92e-06,3.59
9704,recess,2541,3.92e-06,3.59
9705,countdown,2541,3.92e-06,3.59
9706,maddy,2541,3.92e-06,3.59
9707,dracula,2541,3.92e-06,3.59
9708,alarms,2540,3.92e-06,3.59
9709,gaining,2539,3.92e-06,3.59
9710,quarterback,2538,3.91e-06,3.59
9711,maxine,2538,3.91e-06,3.59
9712,eminence,2537,3.91e-06,3.59
9713,willingly,2537,3.91e-06,3.59
9714,investigators,2537,3.91e-06,3.59
9715,speculation,2536,3.91e-06,3.59
9716,tο,2536,3.91e-06,3.59
9717,clearer,2536,3.91e-06,3.59
9718,gino,2536,3.91e-06,3.59
9719,cheeky,2535,3.91e-06,3.59
9720,powerless,2535,3.91e-06,3.59
9721,lapd,2535,3.91e-06,3.59
9722,cruelty,2534,3.91e-06,3.59
9723,external,2534,3.91e-06,3.59
9724,arjun,2533,3.91e-06,3.59
9725,quarantine,2533,3.91e-06,3.59
9726,shush,2533,3.91e-06,3.59
9727,allegations,2533,3.91e-06,3.59
9728,tito,2531,3.9e-06,3.59
9729,sands,2531,3.9e-06,3.59
9730,spelling,2531,3.9e-06,3.59
9731,che,2530,3.9e-06,3.59
9732,headline,2529,3.9e-06,3.59
9733,taliban,2529,3.9e-06,3.59
9734,tablet,2529,3.9e-06,3.59
9735,founder,2528,3.9e-06,3.59
9736,gandhi,2528,3.9e-06,3.59
9737,squash,2527,3.9e-06,3.59
9738,josie,2527,3.9e-06,3.59
9739,jets,2527,3.9e-06,3.59
9740,saloon,2527,3.9e-06,3.59
9741,tuition,2526,3.9e-06,3.59
9742,tame,2526,3.9e-06,3.59
9743,occasional,2526,3.9e-06,3.59
9744,apologized,2525,3.89e-06,3.59
9745,clinical,2525,3.89e-06,3.59
9746,serpent,2525,3.89e-06,3.59
9747,criticism,2525,3.89e-06,3.59
9748,sawyer,2524,3.89e-06,3.59
9749,fading,2524,3.89e-06,3.59
9750,viktor,2524,3.89e-06,3.59
9751,prop,2523,3.89e-06,3.59
9752,shoved,2522,3.89e-06,3.59
9753,mend,2522,3.89e-06,3.59
9754,lonesome,2522,3.89e-06,3.59
9755,separately,2522,3.89e-06,3.59
9756,reg,2522,3.89e-06,3.59
9757,evie,2522,3.89e-06,3.59
9758,waitin,2521,3.89e-06,3.59
9759,legion,2521,3.89e-06,3.59
9760,tsk,2520,3.89e-06,3.59
9761,arabs,2520,3.89e-06,3.59
9762,accompanied,2520,3.89e-06,3.59
9763,tread,2520,3.89e-06,3.59
9764,findings,2520,3.89e-06,3.59
9765,toronto,2519,3.88e-06,3.59
9766,exploit,2518,3.88e-06,3.59
9767,proposing,2518,3.88e-06,3.59
9768,shi,2518,3.88e-06,3.59
9769,scorpion,2518,3.88e-06,3.59
9770,zoey,2517,3.88e-06,3.59
9771,curb,2517,3.88e-06,3.59
9772,opium,2516,3.88e-06,3.59
9773,athletic,2516,3.88e-06,3.59
9774,bombed,2516,3.88e-06,3.59
9775,jumper,2515,3.88e-06,3.59
9776,weaker,2514,3.88e-06,3.59
9777,suing,2514,3.88e-06,3.59
9778,bianca,2513,3.88e-06,3.59
9779,seminar,2513,3.88e-06,3.59
9780,confirms,2513,3.88e-06,3.59
9781,commence,2513,3.88e-06,3.59
9782,plains,2511,3.87e-06,3.59
9783,debra,2511,3.87e-06,3.59
9784,readers,2510,3.87e-06,3.59
9785,neglected,2510,3.87e-06,3.59
9786,tavern,2510,3.87e-06,3.59
9787,worthwhile,2510,3.87e-06,3.59
9788,morale,2510,3.87e-06,3.59
9789,cleaners,2510,3.87e-06,3.59
9790,caviar,2510,3.87e-06,3.59
9791,welcoming,2510,3.87e-06,3.59
9792,kimberly,2510,3.87e-06,3.59
9793,evaluation,2509,3.87e-06,3.59
9794,occurs,2508,3.87e-06,3.59
9795,rituals,2507,3.87e-06,3.59
9796,morton,2506,3.86e-06,3.59
9797,disguised,2506,3.86e-06,3.59
9798,precision,2506,3.86e-06,3.59
9799,cube,2505,3.86e-06,3.59
9800,revelation,2505,3.86e-06,3.59
9801,titanic,2505,3.86e-06,3.59
9802,realizing,2505,3.86e-06,3.59
9803,doggy,2505,3.86e-06,3.59
9804,babbling,2504,3.86e-06,3.59
9805,cheung,2502,3.86e-06,3.59
9806,dora,2502,3.86e-06,3.59
9807,tenant,2502,3.86e-06,3.59
9808,riches,2502,3.86e-06,3.59
9809,diabetes,2501,3.86e-06,3.59
9810,alternate,2500,3.86e-06,3.59
9811,diversion,2499,3.85e-06,3.59
9812,effectively,2498,3.85e-06,3.59
9813,dedication,2498,3.85e-06,3.59
9814,wager,2498,3.85e-06,3.59
9815,companions,2498,3.85e-06,3.59
9816,sinclair,2497,3.85e-06,3.59
9817,bailed,2497,3.85e-06,3.59
9818,smelly,2497,3.85e-06,3.59
9819,ratings,2496,3.85e-06,3.59
9820,trench,2496,3.85e-06,3.59
9821,cameraman,2495,3.85e-06,3.59
9822,dillon,2495,3.85e-06,3.59
9823,hawkins,2494,3.85e-06,3.59
9824,stanton,2494,3.85e-06,3.59
9825,ajay,2494,3.85e-06,3.59
9826,edison,2494,3.85e-06,3.59
9827,batter,2493,3.84e-06,3.58
9828,dye,2493,3.84e-06,3.58
9829,abduction,2493,3.84e-06,3.58
9830,prospect,2493,3.84e-06,3.58
9831,morrison,2493,3.84e-06,3.58
9832,brighter,2493,3.84e-06,3.58
9833,wider,2493,3.84e-06,3.58
9834,alma,2492,3.84e-06,3.58
9835,manslaughter,2492,3.84e-06,3.58
9836,remedy,2492,3.84e-06,3.58
9837,damp,2492,3.84e-06,3.58
9838,thigh,2491,3.84e-06,3.58
9839,cologne,2491,3.84e-06,3.58
9840,accusation,2491,3.84e-06,3.58
9841,outsider,2491,3.84e-06,3.58
9842,serum,2490,3.84e-06,3.58
9843,whats,2490,3.84e-06,3.58
9844,spaces,2490,3.84e-06,3.58
9845,oral,2489,3.84e-06,3.58
9846,shades,2489,3.84e-06,3.58
9847,woe,2489,3.84e-06,3.58
9848,elise,2488,3.84e-06,3.58
9849,receipts,2488,3.84e-06,3.58
9850,alias,2488,3.84e-06,3.58
9851,notified,2487,3.84e-06,3.58
9852,apron,2487,3.84e-06,3.58
9853,kentucky,2486,3.83e-06,3.58
9854,vein,2485,3.83e-06,3.58
9855,tonic,2485,3.83e-06,3.58
9856,squeaks,2485,3.83e-06,3.58
9857,dim,2484,3.83e-06,3.58
9858,steep,2484,3.83e-06,3.58
9859,sod,2484,3.83e-06,3.58
9860,presenting,2484,3.83e-06,3.58
9861,cinderella,2484,3.83e-06,3.58
9862,cub,2483,3.83e-06,3.58
9863,chung,2482,3.83e-06,3.58
9864,eyewitness,2481,3.83e-06,3.58
9865,flattering,2480,3.82e-06,3.58
9866,overdose,2479,3.82e-06,3.58
9867,kathleen,2479,3.82e-06,3.58
9868,doubled,2479,3.82e-06,3.58
9869,della,2477,3.82e-06,3.58
9870,suckers,2477,3.82e-06,3.58
9871,automobile,2476,3.82e-06,3.58
9872,cain,2476,3.82e-06,3.58
9873,loo,2475,3.82e-06,3.58
9874,brittany,2474,3.82e-06,3.58
9875,bullied,2474,3.82e-06,3.58
9876,humphrey,2474,3.82e-06,3.58
9877,tyson,2473,3.81e-06,3.58
9878,kidnapper,2473,3.81e-06,3.58
9879,dispose,2473,3.81e-06,3.58
9880,margarita,2473,3.81e-06,3.58
9881,hash,2472,3.81e-06,3.58
9882,grieving,2472,3.81e-06,3.58
9883,initials,2472,3.81e-06,3.58
9884,hound,2470,3.81e-06,3.58
9885,boogie,2470,3.81e-06,3.58
9886,dawg,2469,3.81e-06,3.58
9887,perp,2469,3.81e-06,3.58
9888,cloak,2469,3.81e-06,3.58
9889,crabs,2468,3.81e-06,3.58
9890,pastry,2468,3.81e-06,3.58
9891,successor,2467,3.8e-06,3.58
9892,hola,2467,3.8e-06,3.58
9893,michele,2467,3.8e-06,3.58
9894,cheerleader,2466,3.8e-06,3.58
9895,slips,2466,3.8e-06,3.58
9896,critics,2465,3.8e-06,3.58
9897,recruited,2464,3.8e-06,3.58
9898,macho,2464,3.8e-06,3.58
9899,stunned,2464,3.8e-06,3.58
9900,fuller,2463,3.8e-06,3.58
9901,mornings,2463,3.8e-06,3.58
9902,accidental,2461,3.8e-06,3.58
9903,lara,2461,3.8e-06,3.58
9904,convey,2461,3.8e-06,3.58
9905,prototype,2461,3.8e-06,3.58
9906,superiors,2460,3.79e-06,3.58
9907,barcelona,2460,3.79e-06,3.58
9908,fling,2460,3.79e-06,3.58
9909,froze,2460,3.79e-06,3.58
9910,atoms,2460,3.79e-06,3.58
9911,kidnappers,2459,3.79e-06,3.58
9912,cupcake,2459,3.79e-06,3.58
9913,athletes,2459,3.79e-06,3.58
9914,warsaw,2459,3.79e-06,3.58
9915,pleasures,2458,3.79e-06,3.58
9916,ax,2457,3.79e-06,3.58
9917,kumar,2456,3.79e-06,3.58
9918,uptight,2456,3.79e-06,3.58
9919,inclined,2456,3.79e-06,3.58
9920,stockings,2455,3.79e-06,3.58
9921,scrooge,2455,3.79e-06,3.58
9922,fingerprint,2454,3.78e-06,3.58
9923,harmed,2454,3.78e-06,3.58
9924,sensational,2454,3.78e-06,3.58
9925,jockey,2453,3.78e-06,3.58
9926,mourn,2453,3.78e-06,3.58
9927,intercom,2453,3.78e-06,3.58
9928,tory,2452,3.78e-06,3.58
9929,penthouse,2452,3.78e-06,3.58
9930,forthe,2451,3.78e-06,3.58
9931,eileen,2451,3.78e-06,3.58
9932,ginny,2451,3.78e-06,3.58
9933,quack,2451,3.78e-06,3.58
9934,peck,2450,3.78e-06,3.58
9935,gospel,2450,3.78e-06,3.58
9936,presumably,2449,3.78e-06,3.58
9937,signatures,2448,3.78e-06,3.58
9938,hyung,2448,3.78e-06,3.58
9939,aspects,2448,3.78e-06,3.58
9940,assumption,2448,3.78e-06,3.58
9941,rumbles,2447,3.77e-06,3.58
9942,hugging,2447,3.77e-06,3.58
9943,sideways,2447,3.77e-06,3.58
9944,theodore,2446,3.77e-06,3.58
9945,organisation,2446,3.77e-06,3.58
9946,lowered,2445,3.77e-06,3.58
9947,youtube,2445,3.77e-06,3.58
9948,ct,2445,3.77e-06,3.58
9949,jaws,2445,3.77e-06,3.58
9950,troll,2444,3.77e-06,3.58
9951,squid,2444,3.77e-06,3.58
9952,designers,2444,3.77e-06,3.58
9953,mushroom,2444,3.77e-06,3.58
9954,freeway,2443,3.77e-06,3.58
9955,believer,2443,3.77e-06,3.58
9956,possessions,2442,3.77e-06,3.58
9957,tunes,2441,3.76e-06,3.58
9958,tornado,2441,3.76e-06,3.58
9959,cowardly,2441,3.76e-06,3.58
9960,notch,2440,3.76e-06,3.58
9961,routes,2440,3.76e-06,3.58
9962,winters,2439,3.76e-06,3.58
9963,elijah,2439,3.76e-06,3.58
9964,annoy,2439,3.76e-06,3.58
9965,loaf,2438,3.76e-06,3.58
9966,commercials,2438,3.76e-06,3.58
9967,idiotic,2438,3.76e-06,3.58
9968,inconvenience,2437,3.76e-06,3.58
9969,plum,2437,3.76e-06,3.58
9970,solicitor,2437,3.76e-06,3.58
9971,amnesia,2436,3.76e-06,3.58
9972,deborah,2436,3.76e-06,3.58
9973,distinct,2436,3.76e-06,3.58
9974,sweeping,2435,3.75e-06,3.57
9975,arson,2435,3.75e-06,3.57
9976,doubted,2435,3.75e-06,3.57
9977,furthermore,2435,3.75e-06,3.57
9978,quarry,2434,3.75e-06,3.57
9979,puss,2432,3.75e-06,3.57
9980,farts,2432,3.75e-06,3.57
9981,guo,2432,3.75e-06,3.57
9982,depot,2431,3.75e-06,3.57
9983,evenings,2430,3.75e-06,3.57
9984,ole,2430,3.75e-06,3.57
9985,circulation,2430,3.75e-06,3.57
9986,socialist,2430,3.75e-06,3.57
9987,melinda,2430,3.75e-06,3.57
9988,dryer,2429,3.75e-06,3.57
9989,mutters,2429,3.75e-06,3.57
9990,vomiting,2429,3.75e-06,3.57
9991,brock,2428,3.74e-06,3.57
9992,fei,2428,3.74e-06,3.57
9993,candis,2428,3.74e-06,3.57
9994,moody,2426,3.74e-06,3.57
9995,donated,2426,3.74e-06,3.57
9996,reich,2426,3.74e-06,3.57
9997,receiver,2426,3.74e-06,3.57
9998,semen,2425,3.74e-06,3.57
9999,converted,2424,3.74e-06,3.57
10000,rags,2424,3.74e-06,3.57
