rank,word,frequency,zipf
1,the,0.0537,7.73
2,to,0.0269,7.43
3,and,0.0257,7.41
4,of,0.0251,7.4
5,a,0.0229,7.36
6,in,0.0186,7.27
7,i,0.0123,7.09
8,is,0.0117,7.07
9,for,0.0102,7.01
10,that,0.0102,7.01
11,you,0.00955,6.98
12,it,0.00891,6.95
13,on,0.00813,6.91
14,with,0.00708,6.85
15,this,0.00661,6.82
16,was,0.00661,6.82
17,be,0.00617,6.79
18,as,0.00589,6.77
19,are,0.0055,6.74
20,have,0.00513,6.71
21,at,0.00501,6.7
22,he,0.0049,6.69
23,not,0.0049,6.69
24,by,0.00457,6.66
25,but,0.00427,6.63
26,from,0.00427,6.63
27,my,0.00372,6.57
28,or,0.00347,6.54
29,we,0.00347,6.54
30,an,0.00339,6.53
31,your,0.00339,6.53
32,all,0.00331,6.52
33,so,0.00331,6.52
34,his,0.00324,6.51
35,they,0.00316,6.5
36,me,0.00302,6.48
37,if,0.00295,6.47
38,one,0.00295,6.47
39,can,0.00288,6.46
40,will,0.00282,6.45
41,just,0.00269,6.43
42,like,0.00257,6.41
43,about,0.00251,6.4
44,up,0.00245,6.39
45,out,0.0024,6.38
46,what,0.0024,6.38
47,has,0.00234,6.37
48,when,0.00234,6.37
49,more,0.00229,6.36
50,do,0.00224,6.35
51,no,0.00224,6.35
52,were,0.00219,6.34
53,who,0.00219,6.34
54,had,0.00214,6.33
55,it's,0.00214,6.33
56,their,0.00214,6.33
57,there,0.00204,6.31
58,her,0.002,6.3
59,which,0.002,6.3
60,time,0.00195,6.29
61,get,0.00191,6.28
62,been,0.00186,6.27
63,would,0.00186,6.27
64,she,0.00182,6.26
65,new,0.00178,6.25
66,people,0.00178,6.25
67,how,0.00174,6.24
68,don't,0.00158,6.2
69,some,0.00158,6.2
70,also,0.00155,6.19
71,them,0.00155,6.19
72,now,0.00151,6.18
73,other,0.00145,6.16
74,i'm,0.00141,6.15
75,its,0.00138,6.14
76,our,0.00138,6.14
77,than,0.00135,6.13
78,good,0.00132,6.12
79,only,0.00132,6.12
80,after,0.00129,6.11
81,first,0.00129,6.11
82,him,0.00129,6.11
83,into,0.00129,6.11
84,know,0.00126,6.1
85,see,0.00126,6.1
86,two,0.00126,6.1
87,make,0.0012,6.08
88,over,0.0012,6.08
89,think,0.0012,6.08
90,any,0.00117,6.07
91,then,0.00117,6.07
92,could,0.00115,6.06
93,back,0.0011,6.04
94,these,0.0011,6.04
95,us,0.0011,6.04
96,want,0.0011,6.04
97,because,0.00107,6.03
98,go,0.00107,6.03
99,well,0.00107,6.03
100,said,0.00102,6.01
101,way,0.00102,6.01
102,1,0.001,6.0
103,2,0.001,6.0
104,most,0.001,6.0
105,much,0.001,6.0
106,very,0.001,6.0
107,where,0.001,6.0
108,even,0.000977,5.99
109,should,0.000977,5.99
110,may,0.000955,5.98
111,here,0.000933,5.97
112,need,0.000933,5.97
113,really,0.000933,5.97
114,did,0.000912,5.96
115,right,0.000912,5.96
116,work,0.000912,5.96
117,year,0.000912,5.96
118,years,0.000912,5.96
119,being,0.000891,5.95
120,day,0.000891,5.95
121,too,0.000891,5.95
122,going,0.000871,5.94
123,before,0.000851,5.93
124,off,0.000851,5.93
125,why,0.000851,5.93
126,made,0.000832,5.92
127,still,0.000832,5.92
128,take,0.000832,5.92
129,3,0.000813,5.91
130,got,0.000813,5.91
131,many,0.000813,5.91
132,never,0.000813,5.91
133,those,0.000794,5.9
134,life,0.000776,5.89
135,say,0.000776,5.89
136,world,0.000776,5.89
137,down,0.000759,5.88
138,great,0.000759,5.88
139,through,0.000741,5.87
140,you're,0.000741,5.87
141,last,0.000724,5.86
142,s,0.000724,5.86
143,that's,0.000724,5.86
144,while,0.000724,5.86
145,best,0.000692,5.84
146,such,0.000692,5.84
147,love,0.000661,5.82
148,man,0.000661,5.82
149,home,0.000646,5.81
150,long,0.000646,5.81
151,look,0.000646,5.81
152,something,0.000646,5.81
153,use,0.000646,5.81
154,can't,0.000631,5.8
155,same,0.000631,5.8
156,used,0.000631,5.8
157,both,0.000617,5.79
158,every,0.000617,5.79
159,4,0.000603,5.78
160,am,0.000603,5.78
161,come,0.000603,5.78
162,part,0.000603,5.78
163,state,0.000603,5.78
164,three,0.000603,5.78
165,around,0.000589,5.77
166,between,0.000589,5.77
167,always,0.000575,5.76
168,better,0.000575,5.76
169,find,0.000575,5.76
170,5,0.000562,5.75
171,help,0.000562,5.75
172,high,0.000562,5.75
173,little,0.000562,5.75
174,old,0.000562,5.75
175,since,0.000562,5.75
176,another,0.00055,5.74
177,does,0.00055,5.74
178,own,0.00055,5.74
179,things,0.00055,5.74
180,under,0.000537,5.73
181,during,0.000525,5.72
182,game,0.000525,5.72
183,i've,0.000525,5.72
184,thing,0.000525,5.72
185,give,0.000513,5.71
186,house,0.000513,5.71
187,place,0.000513,5.71
188,school,0.000513,5.71
189,again,0.000501,5.7
190,next,0.000501,5.7
191,each,0.00049,5.69
192,mr,0.00049,5.69
193,without,0.00049,5.69
194,against,0.000479,5.68
195,didn't,0.000479,5.68
196,end,0.000479,5.68
197,found,0.000479,5.68
198,must,0.000479,5.68
199,show,0.000479,5.68
200,big,0.000468,5.67
201,feel,0.000468,5.67
202,sure,0.000468,5.67
203,team,0.000468,5.67
204,ever,0.000457,5.66
205,family,0.000457,5.66
206,keep,0.000457,5.66
207,might,0.000457,5.66
208,please,0.000457,5.66
209,put,0.000457,5.66
210,money,0.000437,5.64
211,free,0.000427,5.63
212,second,0.000427,5.63
213,someone,0.000427,5.63
214,away,0.000417,5.62
215,left,0.000417,5.62
216,number,0.000417,5.62
217,city,0.000407,5.61
218,days,0.000407,5.61
219,lot,0.000407,5.61
220,name,0.000407,5.61
221,night,0.000407,5.61
222,play,0.000407,5.61
223,until,0.000407,5.61
224,company,0.000398,5.6
225,doing,0.000398,5.6
226,few,0.000398,5.6
227,he's,0.000398,5.6
228,let,0.000398,5.6
229,real,0.000398,5.6
230,6,0.000389,5.59
231,called,0.000389,5.59
232,different,0.000389,5.59
233,having,0.000389,5.59
234,set,0.000389,5.59
235,thought,0.000389,5.59
236,done,0.00038,5.58
237,however,0.00038,5.58
238,getting,0.000372,5.57
239,god,0.000372,5.57
240,government,0.000372,5.57
241,group,0.000372,5.57
242,looking,0.000372,5.57
243,public,0.000372,5.57
244,top,0.000372,5.57
245,women,0.000372,5.57
246,business,0.000363,5.56
247,care,0.000363,5.56
248,start,0.000363,5.56
249,system,0.000363,5.56
250,times,0.000363,5.56
251,week,0.000363,5.56
252,7,0.000355,5.55
253,already,0.000355,5.55
254,anything,0.000355,5.55
255,case,0.000355,5.55
256,nothing,0.000355,5.55
257,person,0.000355,5.55
258,today,0.000355,5.55
259,change,0.000347,5.54
260,enough,0.000347,5.54
261,everything,0.000347,5.54
262,full,0.000347,5.54
263,live,0.000347,5.54
264,making,0.000347,5.54
265,point,0.000347,5.54
266,read,0.000347,5.54
267,there's,0.000347,5.54
268,told,0.000347,5.54
269,yet,0.000347,5.54
270,bad,0.000339,5.53
271,doesn't,0.000339,5.53
272,four,0.000339,5.53
273,hard,0.000339,5.53
274,mean,0.000339,5.53
275,once,0.000339,5.53
276,support,0.000339,5.53
277,tell,0.000339,5.53
278,including,0.000331,5.52
279,music,0.000331,5.52
280,power,0.000331,5.52
281,seen,0.000331,5.52
282,states,0.000331,5.52
283,stop,0.000331,5.52
284,water,0.000331,5.52
285,based,0.000324,5.51
286,believe,0.000324,5.51
287,call,0.000324,5.51
288,head,0.000324,5.51
289,men,0.000324,5.51
290,national,0.000324,5.51
291,small,0.000324,5.51
292,took,0.000324,5.51
293,white,0.000324,5.51
294,came,0.000316,5.5
295,far,0.000316,5.5
296,job,0.000316,5.5
297,side,0.000316,5.5
298,though,0.000316,5.5
299,try,0.000316,5.5
300,went,0.000316,5.5
301,yes,0.000316,5.5
302,actually,0.000309,5.49
303,american,0.000309,5.49
304,later,0.000309,5.49
305,less,0.000309,5.49
306,line,0.000309,5.49
307,order,0.000309,5.49
308,party,0.000309,5.49
309,run,0.000309,5.49
310,says,0.000309,5.49
311,service,0.000309,5.49
312,8,0.000302,5.48
313,country,0.000302,5.48
314,open,0.000302,5.48
315,season,0.000302,5.48
316,shit,0.000302,5.48
317,thank,0.000302,5.48
318,children,0.000295,5.47
319,everyone,0.000295,5.47
320,general,0.000295,5.47
321,they're,0.000295,5.47
322,trying,0.000295,5.47
323,united,0.000295,5.47
324,using,0.000295,5.47
325,area,0.000288,5.46
326,black,0.000288,5.46
327,d,0.000288,5.46
328,following,0.000288,5.46
329,law,0.000288,5.46
330,makes,0.000288,5.46
331,together,0.000288,5.46
332,war,0.000288,5.46
333,whole,0.000288,5.46
334,car,0.000282,5.45
335,face,0.000282,5.45
336,five,0.000282,5.45
337,kind,0.000282,5.45
338,maybe,0.000282,5.45
339,per,0.000282,5.45
340,president,0.000282,5.45
341,story,0.000282,5.45
342,working,0.000282,5.45
343,course,0.000275,5.44
344,games,0.000275,5.44
345,health,0.000275,5.44
346,hope,0.000275,5.44
347,important,0.000275,5.44
348,least,0.000275,5.44
349,means,0.000275,5.44
350,news,0.000275,5.44
351,within,0.000275,5.44
352,able,0.000269,5.43
353,book,0.000269,5.43
354,early,0.000269,5.43
355,friends,0.000269,5.43
356,i'll,0.000269,5.43
357,information,0.000269,5.43
358,local,0.000269,5.43
359,oh,0.000269,5.43
360,post,0.000269,5.43
361,t,0.000269,5.43
362,thanks,0.000269,5.43
363,video,0.000269,5.43
364,young,0.000269,5.43
365,ago,0.000263,5.42
366,others,0.000263,5.42
367,social,0.000263,5.42
368,talk,0.000263,5.42
369,9,0.000257,5.41
370,court,0.000257,5.41
371,fact,0.000257,5.41
372,given,0.000257,5.41
373,guys,0.000257,5.41
374,half,0.000257,5.41
375,hand,0.000257,5.41
376,isn't,0.000257,5.41
377,level,0.000257,5.41
378,mind,0.000257,5.41
379,often,0.000257,5.41
380,single,0.000257,5.41
381,become,0.000251,5.4
382,body,0.000251,5.4
383,coming,0.000251,5.4
384,control,0.000251,5.4
385,death,0.000251,5.4
386,food,0.000251,5.4
387,guy,0.000251,5.4
388,hours,0.000251,5.4
389,office,0.000251,5.4
390,pay,0.000251,5.4
391,problem,0.000251,5.4
392,south,0.000251,5.4
393,true,0.000251,5.4
394,we're,0.000251,5.4
395,almost,0.000245,5.39
396,fuck,0.000245,5.39
397,history,0.000245,5.39
398,known,0.000245,5.39
399,large,0.000245,5.39
400,lost,0.000245,5.39
401,m,0.000245,5.39
402,research,0.000245,5.39
403,room,0.000245,5.39
404,several,0.000245,5.39
405,started,0.000245,5.39
406,taking,0.000245,5.39
407,university,0.000245,5.39
408,win,0.000245,5.39
409,wrong,0.000245,5.39
410,along,0.00024,5.38
411,anyone,0.00024,5.38
412,else,0.00024,5.38
413,girl,0.00024,5.38
414,john,0.00024,5.38
415,matter,0.00024,5.38
416,pretty,0.00024,5.38
417,remember,0.00024,5.38
418,air,0.000234,5.37
419,bit,0.000234,5.37
420,friend,0.000234,5.37
421,hit,0.000234,5.37
422,needs,0.000234,5.37
423,nice,0.000234,5.37
424,playing,0.000234,5.37
425,probably,0.000234,5.37
426,saying,0.000234,5.37
427,understand,0.000234,5.37
428,yeah,0.000234,5.37
429,york,0.000234,5.37
430,class,0.000229,5.36
431,close,0.000229,5.36
432,comes,0.000229,5.36
433,i'd,0.000229,5.36
434,idea,0.000229,5.36
435,international,0.000229,5.36
436,looks,0.000229,5.36
437,past,0.000229,5.36
438,possible,0.000229,5.36
439,wanted,0.000229,5.36
440,b,0.000224,5.35
441,cause,0.000224,5.35
442,due,0.000224,5.35
443,happy,0.000224,5.35
444,human,0.000224,5.35
445,members,0.000224,5.35
446,months,0.000224,5.35
447,move,0.000224,5.35
448,question,0.000224,5.35
449,r,0.000224,5.35
450,series,0.000224,5.35
451,wait,0.000224,5.35
452,woman,0.000224,5.35
453,ask,0.000219,5.34
454,community,0.000219,5.34
455,data,0.000219,5.34
456,late,0.000219,5.34
457,leave,0.000219,5.34
458,north,0.000219,5.34
459,saw,0.000219,5.34
460,special,0.000219,5.34
461,watch,0.000219,5.34
462,won't,0.000219,5.34
463,c,0.000214,5.33
464,either,0.000214,5.33
465,fucking,0.000214,5.33
466,future,0.000214,5.33
467,light,0.000214,5.33
468,low,0.000214,5.33
469,million,0.000214,5.33
470,morning,0.000214,5.33
471,police,0.000214,5.33
472,short,0.000214,5.33
473,stay,0.000214,5.33
474,taken,0.000214,5.33
475,age,0.000209,5.32
476,buy,0.000209,5.32
477,deal,0.000209,5.32
478,rather,0.000209,5.32
479,reason,0.000209,5.32
480,red,0.000209,5.32
481,report,0.000209,5.32
482,soon,0.000209,5.32
483,third,0.000209,5.32
484,turn,0.000209,5.32
485,whether,0.000209,5.32
486,among,0.000204,5.31
487,check,0.000204,5.31
488,development,0.000204,5.31
489,form,0.000204,5.31
490,further,0.000204,5.31
491,heart,0.000204,5.31
492,minutes,0.000204,5.31
493,myself,0.000204,5.31
494,services,0.000204,5.31
495,u.s,0.000204,5.31
496,yourself,0.000204,5.31
497,act,0.0002,5.3
498,although,0.0002,5.3
499,asked,0.0002,5.3
500,child,0.0002,5.3
501,fire,0.0002,5.3
502,fun,0.0002,5.3
503,living,0.0002,5.3
504,major,0.0002,5.3
505,media,0.0002,5.3
506,phone,0.0002,5.3
507,players,0.0002,5.3
508,art,0.000195,5.29
509,behind,0.000195,5.29
510,building,0.000195,5.29
511,easy,0.000195,5.29
512,gonna,0.000195,5.29
513,market,0.000195,5.29
514,near,0.000195,5.29
515,non,0.000195,5.29
516,plan,0.000195,5.29
517,political,0.000195,5.29
518,quite,0.000195,5.29
519,six,0.000195,5.29
520,talking,0.000195,5.29
521,west,0.000195,5.29
522,works,0.000195,5.29
523,according,0.000191,5.28
524,available,0.000191,5.28
525,e,0.000191,5.28
526,education,0.000191,5.28
527,final,0.000191,5.28
528,former,0.000191,5.28
529,front,0.000191,5.28
530,kids,0.000191,5.28
531,list,0.000191,5.28
532,ready,0.000191,5.28
533,sometimes,0.000191,5.28
534,son,0.000191,5.28
535,street,0.000191,5.28
536,wasn't,0.000191,5.28
537,bring,0.000186,5.27
538,college,0.000186,5.27
539,current,0.000186,5.27
540,example,0.000186,5.27
541,experience,0.000186,5.27
542,heard,0.000186,5.27
543,london,0.000186,5.27
544,meet,0.000186,5.27
545,program,0.000186,5.27
546,type,0.000186,5.27
547,baby,0.000182,5.26
548,chance,0.000182,5.26
549,father,0.000182,5.26
550,march,0.000182,5.26
551,process,0.000182,5.26
552,she's,0.000182,5.26
553,song,0.000182,5.26
554,study,0.000182,5.26
555,word,0.000182,5.26
556,across,0.000178,5.25
557,action,0.000178,5.25
558,clear,0.000178,5.25
559,gave,0.000178,5.25
560,gets,0.000178,5.25
561,himself,0.000178,5.25
562,month,0.000178,5.25
563,outside,0.000178,5.25
564,self,0.000178,5.25
565,students,0.000178,5.25
566,words,0.000178,5.25
567,board,0.000174,5.24
568,cost,0.000174,5.24
569,cut,0.000174,5.24
570,dr,0.000174,5.24
571,field,0.000174,5.24
572,held,0.000174,5.24
573,instead,0.000174,5.24
574,main,0.000174,5.24
575,moment,0.000174,5.24
576,mother,0.000174,5.24
577,road,0.000174,5.24
578,seems,0.000174,5.24
579,thinking,0.000174,5.24
580,town,0.000174,5.24
581,wants,0.000174,5.24
582,de,0.00017,5.23
583,department,0.00017,5.23
584,energy,0.00017,5.23
585,fight,0.00017,5.23
586,fine,0.00017,5.23
587,force,0.00017,5.23
588,hear,0.00017,5.23
589,issue,0.00017,5.23
590,played,0.00017,5.23
591,points,0.00017,5.23
592,price,0.00017,5.23
593,re,0.00017,5.23
594,rest,0.00017,5.23
595,results,0.00017,5.23
596,running,0.00017,5.23
597,shows,0.00017,5.23
598,space,0.00017,5.23
599,summer,0.00017,5.23
600,term,0.00017,5.23
601,wife,0.00017,5.23
602,0,0.000166,5.22
603,america,0.000166,5.22
604,beautiful,0.000166,5.22
605,date,0.000166,5.22
606,goes,0.000166,5.22
607,killed,0.000166,5.22
608,land,0.000166,5.22
609,miss,0.000166,5.22
610,project,0.000166,5.22
611,sex,0.000166,5.22
612,shot,0.000166,5.22
613,site,0.000166,5.22
614,strong,0.000166,5.22
615,you'll,0.000166,5.22
616,account,0.000162,5.21
617,co,0.000162,5.21
618,especially,0.000162,5.21
619,eyes,0.000162,5.21
620,include,0.000162,5.21
621,june,0.000162,5.21
622,parents,0.000162,5.21
623,period,0.000162,5.21
624,position,0.000162,5.21
625,record,0.000162,5.21
626,similar,0.000162,5.21
627,total,0.000162,5.21
628,w,0.000162,5.21
629,above,0.000158,5.2
630,club,0.000158,5.2
631,common,0.000158,5.2
632,died,0.000158,5.2
633,film,0.000158,5.2
634,happened,0.000158,5.2
635,knew,0.000158,5.2
636,lead,0.000158,5.2
637,likely,0.000158,5.2
638,military,0.000158,5.2
639,perfect,0.000158,5.2
640,personal,0.000158,5.2
641,security,0.000158,5.2
642,share,0.000158,5.2
643,st,0.000158,5.2
644,tv,0.000158,5.2
645,what's,0.000158,5.2
646,won,0.000158,5.2
647,x,0.000158,5.2
648,april,0.000155,5.19
649,center,0.000155,5.19
650,county,0.000155,5.19
651,couple,0.000155,5.19
652,dead,0.000155,5.19
653,english,0.000155,5.19
654,happen,0.000155,5.19
655,hold,0.000155,5.19
656,industry,0.000155,5.19
657,inside,0.000155,5.19
658,issues,0.000155,5.19
659,online,0.000155,5.19
660,player,0.000155,5.19
661,private,0.000155,5.19
662,problems,0.000155,5.19
663,return,0.000155,5.19
664,rights,0.000155,5.19
665,sense,0.000155,5.19
666,star,0.000155,5.19
667,test,0.000155,5.19
668,view,0.000155,5.19
669,weeks,0.000155,5.19
670,break,0.000151,5.18
671,british,0.000151,5.18
672,companies,0.000151,5.18
673,event,0.000151,5.18
674,higher,0.000151,5.18
675,hour,0.000151,5.18
676,l,0.000151,5.18
677,member,0.000151,5.18
678,middle,0.000151,5.18
679,needed,0.000151,5.18
680,present,0.000151,5.18
681,result,0.000151,5.18
682,sorry,0.000151,5.18
683,takes,0.000151,5.18
684,training,0.000151,5.18
685,wish,0.000151,5.18
686,wouldn't,0.000151,5.18
687,answer,0.000148,5.17
688,boy,0.000148,5.17
689,design,0.000148,5.17
690,finally,0.000148,5.17
691,girls,0.000148,5.17
692,gold,0.000148,5.17
693,gone,0.000148,5.17
694,guess,0.000148,5.17
695,interest,0.000148,5.17
696,july,0.000148,5.17
697,king,0.000148,5.17
698,learn,0.000148,5.17
699,policy,0.000148,5.17
700,society,0.000148,5.17
701,added,0.000145,5.16
702,al,0.000145,5.16
703,alone,0.000145,5.16
704,average,0.000145,5.16
705,bank,0.000145,5.16
706,brought,0.000145,5.16
707,certain,0.000145,5.16
708,church,0.000145,5.16
709,east,0.000145,5.16
710,hands,0.000145,5.16
711,hot,0.000145,5.16
712,let's,0.000145,5.16
713,longer,0.000145,5.16
714,medical,0.000145,5.16
715,movie,0.000145,5.16
716,original,0.000145,5.16
717,park,0.000145,5.16
718,performance,0.000145,5.16
719,press,0.000145,5.16
720,received,0.000145,5.16
721,role,0.000145,5.16
722,sent,0.000145,5.16
723,themselves,0.000145,5.16
724,tried,0.000145,5.16
725,worked,0.000145,5.16
726,worth,0.000145,5.16
727,areas,0.000141,5.15
728,became,0.000141,5.15
729,bill,0.000141,5.15
730,books,0.000141,5.15
731,cool,0.000141,5.15
732,director,0.000141,5.15
733,exactly,0.000141,5.15
734,giving,0.000141,5.15
735,ground,0.000141,5.15
736,meeting,0.000141,5.15
737,n,0.000141,5.15
738,provide,0.000141,5.15
739,questions,0.000141,5.15
740,relationship,0.000141,5.15
741,september,0.000141,5.15
742,sound,0.000141,5.15
743,source,0.000141,5.15
744,usually,0.000141,5.15
745,value,0.000141,5.15
746,evidence,0.000138,5.14
747,follow,0.000138,5.14
748,lives,0.000138,5.14
749,official,0.000138,5.14
750,ok,0.000138,5.14
751,production,0.000138,5.14
752,rate,0.000138,5.14
753,reading,0.000138,5.14
754,round,0.000138,5.14
755,save,0.000138,5.14
756,stand,0.000138,5.14
757,stuff,0.000138,5.14
758,tax,0.000138,5.14
759,whatever,0.000138,5.14
760,amount,0.000135,5.13
761,blue,0.000135,5.13
762,countries,0.000135,5.13
763,david,0.000135,5.13
764,drive,0.000135,5.13
765,eat,0.000135,5.13
766,fall,0.000135,5.13
767,fast,0.000135,5.13
768,federal,0.000135,5.13
769,feeling,0.000135,5.13
770,felt,0.000135,5.13
771,green,0.000135,5.13
772,league,0.000135,5.13
773,management,0.000135,5.13
774,match,0.000135,5.13
775,model,0.000135,5.13
776,p,0.000135,5.13
777,picture,0.000135,5.13
778,size,0.000135,5.13
779,step,0.000135,5.13
780,trust,0.000135,5.13
781,you've,0.000135,5.13
782,central,0.000132,5.12
783,changes,0.000132,5.12
784,england,0.000132,5.12
785,forward,0.000132,5.12
786,groups,0.000132,5.12
787,hey,0.000132,5.12
788,key,0.000132,5.12
789,mom,0.000132,5.12
790,o,0.000132,5.12
791,page,0.000132,5.12
792,paid,0.000132,5.12
793,range,0.000132,5.12
794,review,0.000132,5.12
795,science,0.000132,5.12
796,trade,0.000132,5.12
797,uk,0.000132,5.12
798,upon,0.000132,5.12
799,various,0.000132,5.12
800,attention,0.000129,5.11
801,brother,0.000129,5.11
802,cannot,0.000129,5.11
803,character,0.000129,5.11
804,chief,0.000129,5.11
805,cup,0.000129,5.11
806,football,0.000129,5.11
807,hate,0.000129,5.11
808,haven't,0.000129,5.11
809,james,0.000129,5.11
810,led,0.000129,5.11
811,looked,0.000129,5.11
812,lower,0.000129,5.11
813,natural,0.000129,5.11
814,october,0.000129,5.11
815,property,0.000129,5.11
816,quality,0.000129,5.11
817,send,0.000129,5.11
818,style,0.000129,5.11
819,u,0.000129,5.11
820,vote,0.000129,5.11
821,amazing,0.000126,5.1
822,august,0.000126,5.1
823,blood,0.000126,5.1
824,china,0.000126,5.1
825,complete,0.000126,5.1
826,dog,0.000126,5.1
827,economic,0.000126,5.1
828,hell,0.000126,5.1
829,involved,0.000126,5.1
830,itself,0.000126,5.1
831,language,0.000126,5.1
832,lord,0.000126,5.1
833,november,0.000126,5.1
834,oil,0.000126,5.1
835,related,0.000126,5.1
836,serious,0.000126,5.1
837,stage,0.000126,5.1
838,terms,0.000126,5.1
839,title,0.000126,5.1
840,add,0.000123,5.09
841,article,0.000123,5.09
842,attack,0.000123,5.09
843,born,0.000123,5.09
844,couldn't,0.000123,5.09
845,damn,0.000123,5.09
846,decided,0.000123,5.09
847,decision,0.000123,5.09
848,enjoy,0.000123,5.09
849,entire,0.000123,5.09
850,french,0.000123,5.09
851,january,0.000123,5.09
852,kill,0.000123,5.09
853,met,0.000123,5.09
854,perhaps,0.000123,5.09
855,poor,0.000123,5.09
856,release,0.000123,5.09
857,situation,0.000123,5.09
858,technology,0.000123,5.09
859,turned,0.000123,5.09
860,website,0.000123,5.09
861,written,0.000123,5.09
862,choice,0.00012,5.08
863,code,0.00012,5.08
864,considered,0.00012,5.08
865,continue,0.00012,5.08
866,council,0.00012,5.08
867,cover,0.00012,5.08
868,currently,0.00012,5.08
869,door,0.00012,5.08
870,election,0.00012,5.08
871,european,0.00012,5.08
872,events,0.00012,5.08
873,f,0.00012,5.08
874,financial,0.00012,5.08
875,foreign,0.00012,5.08
876,hair,0.00012,5.08
877,increase,0.00012,5.08
878,legal,0.00012,5.08
879,lose,0.00012,5.08
880,michael,0.00012,5.08
881,pick,0.00012,5.08
882,race,0.00012,5.08
883,seem,0.00012,5.08
884,seven,0.00012,5.08
885,sign,0.00012,5.08
886,simple,0.00012,5.08
887,simply,0.00012,5.08
888,staff,0.00012,5.08
889,super,0.00012,5.08
890,union,0.00012,5.08
891,walk,0.00012,5.08
892,washington,0.00012,5.08
893,bed,0.000117,5.07
894,began,0.000117,5.07
895,built,0.000117,5.07
896,career,0.000117,5.07
897,changed,0.000117,5.07
898,crazy,0.000117,5.07
899,daily,0.000117,5.07
900,daughter,0.000117,5.07
901,december,0.000117,5.07
902,die,0.000117,5.07
903,difficult,0.000117,5.07
904,figure,0.000117,5.07
905,hospital,0.000117,5.07
906,knows,0.000117,5.07
907,loss,0.000117,5.07
908,modern,0.000117,5.07
909,ones,0.000117,5.07
910,paper,0.000117,5.07
911,parts,0.000117,5.07
912,popular,0.000117,5.07
913,published,0.000117,5.07
914,safe,0.000117,5.07
915,starting,0.000117,5.07
916,systems,0.000117,5.07
917,version,0.000117,5.07
918,voice,0.000117,5.07
919,whose,0.000117,5.07
920,writing,0.000117,5.07
921,army,0.000115,5.06
922,australia,0.000115,5.06
923,earth,0.000115,5.06
924,forget,0.000115,5.06
925,goal,0.000115,5.06
926,h,0.000115,5.06
927,huge,0.000115,5.06
928,internet,0.000115,5.06
929,listen,0.000115,5.06
930,okay,0.000115,5.06
931,practice,0.000115,5.06
932,rules,0.000115,5.06
933,sea,0.000115,5.06
934,sir,0.000115,5.06
935,success,0.000115,5.06
936,towards,0.000115,5.06
937,v,0.000115,5.06
938,waiting,0.000115,5.06
939,ways,0.000115,5.06
940,access,0.000112,5.05
941,aren't,0.000112,5.05
942,base,0.000112,5.05
943,below,0.000112,5.05
944,created,0.000112,5.05
945,deep,0.000112,5.05
946,followed,0.000112,5.05
947,la,0.000112,5.05
948,lol,0.000112,5.05
949,mark,0.000112,5.05
950,missing,0.000112,5.05
951,offer,0.000112,5.05
952,pass,0.000112,5.05
953,professional,0.000112,5.05
954,released,0.000112,5.05
955,risk,0.000112,5.05
956,schools,0.000112,5.05
957,sleep,0.000112,5.05
958,table,0.000112,5.05
959,ten,0.000112,5.05
960,truth,0.000112,5.05
961,ball,0.00011,5.04
962,box,0.00011,5.04
963,build,0.00011,5.04
964,card,0.00011,5.04
965,cases,0.00011,5.04
966,dark,0.00011,5.04
967,district,0.00011,5.04
968,europe,0.00011,5.04
969,george,0.00011,5.04
970,india,0.00011,5.04
971,mine,0.00011,5.04
972,minister,0.00011,5.04
973,note,0.00011,5.04
974,percent,0.00011,5.04
975,piece,0.00011,5.04
976,products,0.00011,5.04
977,recent,0.00011,5.04
978,seeing,0.00011,5.04
979,straight,0.00011,5.04
980,visit,0.00011,5.04
981,wall,0.00011,5.04
982,wanna,0.00011,5.04
983,we've,0.00011,5.04
984,wrote,0.00011,5.04
985,allowed,0.000107,5.03
986,boys,0.000107,5.03
987,culture,0.000107,5.03
988,etc,0.000107,5.03
989,fans,0.000107,5.03
990,february,0.000107,5.03
991,gives,0.000107,5.03
992,growth,0.000107,5.03
993,included,0.000107,5.03
994,married,0.000107,5.03
995,officer,0.000107,5.03
996,pain,0.000107,5.03
997,paul,0.000107,5.03
998,places,0.000107,5.03
999,respect,0.000107,5.03
1000,response,0.000107,5.03
1001,river,0.000107,5.03
1002,rock,0.000107,5.03
1003,shall,0.000107,5.03
1004,speak,0.000107,5.03
1005,specific,0.000107,5.03
1006,standard,0.000107,5.03
1007,tonight,0.000107,5.03
1008,write,0.000107,5.03
1009,y,0.000107,5.03
1010,album,0.000105,5.02
1011,century,0.000105,5.02
1012,charge,0.000105,5.02
1013,cold,0.000105,5.02
1014,create,0.000105,5.02
1015,effect,0.000105,5.02
1016,eight,0.000105,5.02
1017,except,0.000105,5.02
1018,eye,0.000105,5.02
1019,funny,0.000105,5.02
1020,ii,0.000105,5.02
1021,limited,0.000105,5.02
1022,moving,0.000105,5.02
1023,network,0.000105,5.02
1024,peace,0.000105,5.02
1025,provided,0.000105,5.02
1026,recently,0.000105,5.02
1027,required,0.000105,5.02
1028,sales,0.000105,5.02
1029,spent,0.000105,5.02
1030,store,0.000105,5.02
1031,student,0.000105,5.02
1032,tomorrow,0.000105,5.02
1033,track,0.000105,5.02
1034,via,0.000105,5.02
1035,watching,0.000105,5.02
1036,weight,0.000105,5.02
1037,addition,0.000102,5.01
1038,ahead,0.000102,5.01
1039,allow,0.000102,5.01
1040,anti,0.000102,5.01
1041,association,0.000102,5.01
1042,beat,0.000102,5.01
1043,brown,0.000102,5.01
1044,capital,0.000102,5.01
1045,chinese,0.000102,5.01
1046,committee,0.000102,5.01
1047,conference,0.000102,5.01
1048,difference,0.000102,5.01
1049,double,0.000102,5.01
1050,expect,0.000102,5.01
1051,gas,0.000102,5.01
1052,island,0.000102,5.01
1053,moved,0.000102,5.01
1054,normal,0.000102,5.01
1055,plans,0.000102,5.01
1056,population,0.000102,5.01
1057,potential,0.000102,5.01
1058,pressure,0.000102,5.01
1059,radio,0.000102,5.01
1060,russian,0.000102,5.01
1061,station,0.000102,5.01
1062,text,0.000102,5.01
1063,treatment,0.000102,5.01
1064,western,0.000102,5.01
1065,ass,0.0001,5.0
1066,beginning,0.0001,5.0
1067,california,0.0001,5.0
1068,campaign,0.0001,5.0
1069,certainly,0.0001,5.0
1070,completely,0.0001,5.0
1071,content,0.0001,5.0
1072,credit,0.0001,5.0
1073,cross,0.0001,5.0
1074,described,0.0001,5.0
1075,despite,0.0001,5.0
1076,female,0.0001,5.0
1077,focus,0.0001,5.0
1078,g,0.0001,5.0
1079,hi,0.0001,5.0
1080,husband,0.0001,5.0
1081,ice,0.0001,5.0
1082,individual,0.0001,5.0
1083,interesting,0.0001,5.0
1084,j,0.0001,5.0
1085,join,0.0001,5.0
1086,kept,0.0001,5.0
1087,leading,0.0001,5.0
1088,loved,0.0001,5.0
1089,message,0.0001,5.0
1090,miles,0.0001,5.0
1091,nearly,0.0001,5.0
1092,particular,0.0001,5.0
1093,previous,0.0001,5.0
1094,quickly,0.0001,5.0
1095,region,0.0001,5.0
1096,reported,0.0001,5.0
1097,section,0.0001,5.0
1098,sort,0.0001,5.0
1099,speed,0.0001,5.0
1100,travel,0.0001,5.0
1101,consider,9.77e-05,4.99
1102,contact,9.77e-05,4.99
1103,drop,9.77e-05,4.99
1104,fair,9.77e-05,4.99
1105,feet,9.77e-05,4.99
1106,jesus,9.77e-05,4.99
1107,kid,9.77e-05,4.99
1108,link,9.77e-05,4.99
1109,positive,9.77e-05,4.99
1110,sale,9.77e-05,4.99
1111,throughout,9.77e-05,4.99
1112,tour,9.77e-05,4.99
1113,welcome,9.77e-05,4.99
1114,absolutely,9.55e-05,4.98
1115,additional,9.55e-05,4.98
1116,beyond,9.55e-05,4.98
1117,conditions,9.55e-05,4.98
1118,earlier,9.55e-05,4.98
1119,extra,9.55e-05,4.98
1120,forces,9.55e-05,4.98
1121,immediately,9.55e-05,4.98
1122,jobs,9.55e-05,4.98
1123,leaving,9.55e-05,4.98
1124,minute,9.55e-05,4.98
1125,nature,9.55e-05,4.98
1126,numbers,9.55e-05,4.98
1127,quick,9.55e-05,4.98
1128,sell,9.55e-05,4.98
1129,significant,9.55e-05,4.98
1130,studies,9.55e-05,4.98
1131,unless,9.55e-05,4.98
1132,winning,9.55e-05,4.98
1133,agree,9.33e-05,4.97
1134,canada,9.33e-05,4.97
1135,clean,9.33e-05,4.97
1136,computer,9.33e-05,4.97
1137,construction,9.33e-05,4.97
1138,episode,9.33e-05,4.97
1139,favorite,9.33e-05,4.97
1140,income,9.33e-05,4.97
1141,justice,9.33e-05,4.97
1142,levels,9.33e-05,4.97
1143,manager,9.33e-05,4.97
1144,movement,9.33e-05,4.97
1145,photo,9.33e-05,4.97
1146,posted,9.33e-05,4.97
1147,safety,9.33e-05,4.97
1148,san,9.33e-05,4.97
1149,scene,9.33e-05,4.97
1150,sold,9.33e-05,4.97
1151,sounds,9.33e-05,4.97
1152,spend,9.33e-05,4.97
1153,statement,9.33e-05,4.97
1154,sun,9.33e-05,4.97
1155,teams,9.33e-05,4.97
1156,ability,9.12e-05,4.96
1157,announced,9.12e-05,4.96
1158,asking,9.12e-05,4.96
1159,calling,9.12e-05,4.96
1160,coach,9.12e-05,4.96
1161,collection,9.12e-05,4.96
1162,continued,9.12e-05,4.96
1163,costs,9.12e-05,4.96
1164,definitely,9.12e-05,4.96
1165,designed,9.12e-05,4.96
1166,expected,9.12e-05,4.96
1167,friday,9.12e-05,4.96
1168,gun,9.12e-05,4.96
1169,happens,9.12e-05,4.96
1170,heavy,9.12e-05,4.96
1171,includes,9.12e-05,4.96
1172,knowledge,9.12e-05,4.96
1173,particularly,9.12e-05,4.96
1174,search,9.12e-05,4.96
1175,subject,9.12e-05,4.96
1176,train,9.12e-05,4.96
1177,wide,9.12e-05,4.96
1178,wow,9.12e-05,4.96
1179,author,8.91e-05,4.95
1180,centre,8.91e-05,4.95
1181,claim,8.91e-05,4.95
1182,dad,8.91e-05,4.95
1183,developed,8.91e-05,4.95
1184,fear,8.91e-05,4.95
1185,fit,8.91e-05,4.95
1186,generally,8.91e-05,4.95
1187,german,8.91e-05,4.95
1188,global,8.91e-05,4.95
1189,goals,8.91e-05,4.95
1190,gotta,8.91e-05,4.95
1191,hotel,8.91e-05,4.95
1192,interested,8.91e-05,4.95
1193,judge,8.91e-05,4.95
1194,lady,8.91e-05,4.95
1195,leader,8.91e-05,4.95
1196,letter,8.91e-05,4.95
1197,lines,8.91e-05,4.95
1198,material,8.91e-05,4.95
1199,named,8.91e-05,4.95
1200,nobody,8.91e-05,4.95
1201,opportunity,8.91e-05,4.95
1202,plus,8.91e-05,4.95
1203,pre,8.91e-05,4.95
1204,product,8.91e-05,4.95
1205,regular,8.91e-05,4.95
1206,secretary,8.91e-05,4.95
1207,sister,8.91e-05,4.95
1208,stories,8.91e-05,4.95
1209,unit,8.91e-05,4.95
1210,workers,8.91e-05,4.95
1211,annual,8.71e-05,4.94
1212,anymore,8.71e-05,4.94
1213,bar,8.71e-05,4.94
1214,battle,8.71e-05,4.94
1215,brain,8.71e-05,4.94
1216,contract,8.71e-05,4.94
1217,degree,8.71e-05,4.94
1218,families,8.71e-05,4.94
1219,features,8.71e-05,4.94
1220,finished,8.71e-05,4.94
1221,floor,8.71e-05,4.94
1222,france,8.71e-05,4.94
1223,growing,8.71e-05,4.94
1224,hurt,8.71e-05,4.94
1225,image,8.71e-05,4.94
1226,insurance,8.71e-05,4.94
1227,majority,8.71e-05,4.94
1228,meant,8.71e-05,4.94
1229,opening,8.71e-05,4.94
1230,opinion,8.71e-05,4.94
1231,physical,8.71e-05,4.94
1232,pro,8.71e-05,4.94
1233,reach,8.71e-05,4.94
1234,rule,8.71e-05,4.94
1235,seriously,8.71e-05,4.94
1236,sports,8.71e-05,4.94
1237,stupid,8.71e-05,4.94
1238,successful,8.71e-05,4.94
1239,active,8.51e-05,4.93
1240,administration,8.51e-05,4.93
1241,approach,8.51e-05,4.93
1242,australian,8.51e-05,4.93
1243,biggest,8.51e-05,4.93
1244,cancer,8.51e-05,4.93
1245,civil,8.51e-05,4.93
1246,dance,8.51e-05,4.93
1247,defense,8.51e-05,4.93
1248,direction,8.51e-05,4.93
1249,independent,8.51e-05,4.93
1250,master,8.51e-05,4.93
1251,none,8.51e-05,4.93
1252,reasons,8.51e-05,4.93
1253,russia,8.51e-05,4.93
1254,ship,8.51e-05,4.93
1255,stock,8.51e-05,4.93
1256,trump,8.51e-05,4.93
1257,weekend,8.51e-05,4.93
1258,wonder,8.51e-05,4.93
1259,worst,8.51e-05,4.93
1260,africa,8.32e-05,4.92
1261,awesome,8.32e-05,4.92
1262,band,8.32e-05,4.92
1263,beach,8.32e-05,4.92
1264,cash,8.32e-05,4.92
1265,clearly,8.32e-05,4.92
1266,commercial,8.32e-05,4.92
1267,compared,8.32e-05,4.92
1268,effort,8.32e-05,4.92
1269,ended,8.32e-05,4.92
1270,fan,8.32e-05,4.92
1271,fighting,8.32e-05,4.92
1272,imagine,8.32e-05,4.92
1273,impact,8.32e-05,4.92
1274,lack,8.32e-05,4.92
1275,latest,8.32e-05,4.92
1276,learning,8.32e-05,4.92
1277,multiple,8.32e-05,4.92
1278,older,8.32e-05,4.92
1279,operation,8.32e-05,4.92
1280,organization,8.32e-05,4.92
1281,passed,8.32e-05,4.92
1282,pictures,8.32e-05,4.92
1283,protect,8.32e-05,4.92
1284,secret,8.32e-05,4.92
1285,senior,8.32e-05,4.92
1286,spring,8.32e-05,4.92
1287,sunday,8.32e-05,4.92
1288,telling,8.32e-05,4.92
1289,wear,8.32e-05,4.92
1290,activities,8.13e-05,4.91
1291,address,8.13e-05,4.91
1292,analysis,8.13e-05,4.91
1293,anyway,8.13e-05,4.91
1294,bought,8.13e-05,4.91
1295,calls,8.13e-05,4.91
1296,choose,8.13e-05,4.91
1297,christmas,8.13e-05,4.91
1298,color,8.13e-05,4.91
1299,commission,8.13e-05,4.91
1300,competition,8.13e-05,4.91
1301,details,8.13e-05,4.91
1302,direct,8.13e-05,4.91
1303,dream,8.13e-05,4.91
1304,easily,8.13e-05,4.91
1305,finish,8.13e-05,4.91
1306,grand,8.13e-05,4.91
1307,here's,8.13e-05,4.91
1308,increased,8.13e-05,4.91
1309,indian,8.13e-05,4.91
1310,k,8.13e-05,4.91
1311,literally,8.13e-05,4.91
1312,luck,8.13e-05,4.91
1313,marriage,8.13e-05,4.91
1314,names,8.13e-05,4.91
1315,necessary,8.13e-05,4.91
1316,patients,8.13e-05,4.91
1317,resources,8.13e-05,4.91
1318,rich,8.13e-05,4.91
1319,skin,8.13e-05,4.91
1320,speaking,8.13e-05,4.91
1321,supposed,8.13e-05,4.91
1322,sweet,8.13e-05,4.91
1323,thus,8.13e-05,4.91
1324,touch,8.13e-05,4.91
1325,yesterday,8.13e-05,4.91
1326,caught,7.94e-05,4.9
1327,closed,7.94e-05,4.9
1328,congress,7.94e-05,4.9
1329,damage,7.94e-05,4.9
1330,directly,7.94e-05,4.9
1331,disease,7.94e-05,4.9
1332,doctor,7.94e-05,4.9
1333,doubt,7.94e-05,4.9
1334,drink,7.94e-05,4.9
1335,driving,7.94e-05,4.9
1336,established,7.94e-05,4.9
1337,facebook,7.94e-05,4.9
1338,feels,7.94e-05,4.9
1339,fish,7.94e-05,4.9
1340,gay,7.94e-05,4.9
1341,germany,7.94e-05,4.9
1342,glad,7.94e-05,4.9
1343,greater,7.94e-05,4.9
1344,grow,7.94e-05,4.9
1345,largest,7.94e-05,4.9
1346,machine,7.94e-05,4.9
1347,notice,7.94e-05,4.9
1348,overall,7.94e-05,4.9
1349,planning,7.94e-05,4.9
1350,professor,7.94e-05,4.9
1351,programs,7.94e-05,4.9
1352,records,7.94e-05,4.9
1353,reports,7.94e-05,4.9
1354,shown,7.94e-05,4.9
1355,sit,7.94e-05,4.9
1356,trip,7.94e-05,4.9
1357,associated,7.76e-05,4.89
1358,basic,7.76e-05,4.89
1359,captain,7.76e-05,4.89
1360,carry,7.76e-05,4.89
1361,cars,7.76e-05,4.89
1362,crime,7.76e-05,4.89
1363,effective,7.76e-05,4.89
1364,effects,7.76e-05,4.89
1365,explain,7.76e-05,4.89
1366,fully,7.76e-05,4.89
1367,highly,7.76e-05,4.89
1368,holding,7.76e-05,4.89
1369,japan,7.76e-05,4.89
1370,laws,7.76e-05,4.89
1371,male,7.76e-05,4.89
1372,mrs,7.76e-05,4.89
1373,parties,7.76e-05,4.89
1374,plant,7.76e-05,4.89
1375,reality,7.76e-05,4.89
1376,smith,7.76e-05,4.89
1377,spot,7.76e-05,4.89
1378,texas,7.76e-05,4.89
1379,we'll,7.76e-05,4.89
1380,winter,7.76e-05,4.89
1381,worse,7.76e-05,4.89
1382,advice,7.59e-05,4.88
1383,agreement,7.59e-05,4.88
1384,ain't,7.59e-05,4.88
1385,award,7.59e-05,4.88
1386,block,7.59e-05,4.88
1387,broken,7.59e-05,4.88
1388,caused,7.59e-05,4.88
1389,challenge,7.59e-05,4.88
1390,characters,7.59e-05,4.88
1391,christian,7.59e-05,4.88
1392,comment,7.59e-05,4.88
1393,equipment,7.59e-05,4.88
1394,eventually,7.59e-05,4.88
1395,helped,7.59e-05,4.88
1396,holy,7.59e-05,4.88
1397,killing,7.59e-05,4.88
1398,lived,7.59e-05,4.88
1399,lots,7.59e-05,4.88
1400,nation,7.59e-05,4.88
1401,otherwise,7.59e-05,4.88
1402,peter,7.59e-05,4.88
1403,prices,7.59e-05,4.88
1404,primary,7.59e-05,4.88
1405,purpose,7.59e-05,4.88
1406,rates,7.59e-05,4.88
1407,responsible,7.59e-05,4.88
1408,shop,7.59e-05,4.88
1409,showing,7.59e-05,4.88
1410,sick,7.59e-05,4.88
1411,teacher,7.59e-05,4.88
1412,theory,7.59e-05,4.88
1413,uses,7.59e-05,4.88
1414,william,7.59e-05,4.88
1415,agency,7.41e-05,4.87
1416,avoid,7.41e-05,4.87
1417,camera,7.41e-05,4.87
1418,catch,7.41e-05,4.87
1419,cell,7.41e-05,4.87
1420,coast,7.41e-05,4.87
1421,comments,7.41e-05,4.87
1422,drug,7.41e-05,4.87
1423,economy,7.41e-05,4.87
1424,environment,7.41e-05,4.87
1425,executive,7.41e-05,4.87
1426,foot,7.41e-05,4.87
1427,hall,7.41e-05,4.87
1428,mass,7.41e-05,4.87
1429,meaning,7.41e-05,4.87
1430,mission,7.41e-05,4.87
1431,nine,7.41e-05,4.87
1432,officers,7.41e-05,4.87
1433,operations,7.41e-05,4.87
1434,politics,7.41e-05,4.87
1435,pop,7.41e-05,4.87
1436,produced,7.41e-05,4.87
1437,ran,7.41e-05,4.87
1438,saturday,7.41e-05,4.87
1439,status,7.41e-05,4.87
1440,therefore,7.41e-05,4.87
1441,trial,7.41e-05,4.87
1442,truly,7.41e-05,4.87
1443,weather,7.41e-05,4.87
1444,activity,7.24e-05,4.86
1445,app,7.24e-05,4.86
1446,application,7.24e-05,4.86
1447,claims,7.24e-05,4.86
1448,coffee,7.24e-05,4.86
1449,complex,7.24e-05,4.86
1450,condition,7.24e-05,4.86
1451,division,7.24e-05,4.86
1452,evening,7.24e-05,4.86
1453,flight,7.24e-05,4.86
1454,freedom,7.24e-05,4.86
1455,google,7.24e-05,4.86
1456,heat,7.24e-05,4.86
1457,highest,7.24e-05,4.86
1458,interview,7.24e-05,4.86
1459,library,7.24e-05,4.86
1460,located,7.24e-05,4.86
1461,location,7.24e-05,4.86
1462,murder,7.24e-05,4.86
1463,obama,7.24e-05,4.86
1464,offered,7.24e-05,4.86
1465,putting,7.24e-05,4.86
1466,queen,7.24e-05,4.86
1467,seconds,7.24e-05,4.86
1468,showed,7.24e-05,4.86
1469,sitting,7.24e-05,4.86
1470,standing,7.24e-05,4.86
1471,stars,7.24e-05,4.86
1472,walking,7.24e-05,4.86
1473,accept,7.08e-05,4.85
1474,actual,7.08e-05,4.85
1475,appear,7.08e-05,4.85
1476,attempt,7.08e-05,4.85
1477,broke,7.08e-05,4.85
1478,channel,7.08e-05,4.85
1479,distance,7.08e-05,4.85
1480,eating,7.08e-05,4.85
1481,exchange,7.08e-05,4.85
1482,fat,7.08e-05,4.85
1483,fell,7.08e-05,4.85
1484,finding,7.08e-05,4.85
1485,glass,7.08e-05,4.85
1486,learned,7.08e-05,4.85
1487,losing,7.08e-05,4.85
1488,mobile,7.08e-05,4.85
1489,northern,7.08e-05,4.85
1490,opened,7.08e-05,4.85
1491,placed,7.08e-05,4.85
1492,powerful,7.08e-05,4.85
1493,prior,7.08e-05,4.85
1494,protection,7.08e-05,4.85
1495,reached,7.08e-05,4.85
1496,receive,7.08e-05,4.85
1497,religious,7.08e-05,4.85
1498,ride,7.08e-05,4.85
1499,robert,7.08e-05,4.85
1500,royal,7.08e-05,4.85
1501,screen,7.08e-05,4.85
1502,serve,7.08e-05,4.85
1503,signed,7.08e-05,4.85
1504,slow,7.08e-05,4.85
1505,species,7.08e-05,4.85
1506,speech,7.08e-05,4.85
1507,traffic,7.08e-05,4.85
1508,tree,7.08e-05,4.85
1509,types,7.08e-05,4.85
1510,vs,7.08e-05,4.85
1511,wearing,7.08e-05,4.85
1512,who's,7.08e-05,4.85
1513,whom,7.08e-05,4.85
1514,wonderful,7.08e-05,4.85
1515,agreed,6.92e-05,4.84
1516,airport,6.92e-05,4.84
1517,animals,6.92e-05,4.84
1518,appears,6.92e-05,4.84
1519,begin,6.92e-05,4.84
1520,benefits,6.92e-05,4.84
1521,bottom,6.92e-05,4.84
1522,cities,6.92e-05,4.84
1523,demand,6.92e-05,4.84
1524,engine,6.92e-05,4.84
1525,everybody,6.92e-05,4.84
1526,famous,6.92e-05,4.84
1527,ideas,6.92e-05,4.84
1528,investment,6.92e-05,4.84
1529,keeping,6.92e-05,4.84
1530,lie,6.92e-05,4.84
1531,notes,6.92e-05,4.84
1532,partner,6.92e-05,4.84
1533,plays,6.92e-05,4.84
1534,raised,6.92e-05,4.84
1535,runs,6.92e-05,4.84
1536,sad,6.92e-05,4.84
1537,solution,6.92e-05,4.84
1538,songs,6.92e-05,4.84
1539,sources,6.92e-05,4.84
1540,southern,6.92e-05,4.84
1541,square,6.92e-05,4.84
1542,stopped,6.92e-05,4.84
1543,structure,6.92e-05,4.84
1544,thomas,6.92e-05,4.84
1545,traditional,6.92e-05,4.84
1546,twice,6.92e-05,4.84
1547,wind,6.92e-05,4.84
1548,worry,6.92e-05,4.84
1549,1st,6.76e-05,4.83
1550,americans,6.76e-05,4.83
1551,appeared,6.76e-05,4.83
1552,becomes,6.76e-05,4.83
1553,brand,6.76e-05,4.83
1554,bus,6.76e-05,4.83
1555,cent,6.76e-05,4.83
1556,chicago,6.76e-05,4.83
1557,count,6.76e-05,4.83
1558,covered,6.76e-05,4.83
1559,critical,6.76e-05,4.83
1560,digital,6.76e-05,4.83
1561,forced,6.76e-05,4.83
1562,fourth,6.76e-05,4.83
1563,fresh,6.76e-05,4.83
1564,lake,6.76e-05,4.83
1565,mental,6.76e-05,4.83
1566,mentioned,6.76e-05,4.83
1567,missed,6.76e-05,4.83
1568,mostly,6.76e-05,4.83
1569,mouth,6.76e-05,4.83
1570,owner,6.76e-05,4.83
1571,photos,6.76e-05,4.83
1572,previously,6.76e-05,4.83
1573,realize,6.76e-05,4.83
1574,remain,6.76e-05,4.83
1575,scale,6.76e-05,4.83
1576,score,6.76e-05,4.83
1577,separate,6.76e-05,4.83
1578,smart,6.76e-05,4.83
1579,starts,6.76e-05,4.83
1580,surface,6.76e-05,4.83
1581,throw,6.76e-05,4.83
1582,tom,6.76e-05,4.83
1583,totally,6.76e-05,4.83
1584,twitter,6.76e-05,4.83
1585,views,6.76e-05,4.83
1586,wedding,6.76e-05,4.83
1587,you'd,6.76e-05,4.83
1588,acting,6.61e-05,4.82
1589,actions,6.61e-05,4.82
1590,african,6.61e-05,4.82
1591,arms,6.61e-05,4.82
1592,benefit,6.61e-05,4.82
1593,budget,6.61e-05,4.82
1594,click,6.61e-05,4.82
1595,estate,6.61e-05,4.82
1596,failed,6.61e-05,4.82
1597,faith,6.61e-05,4.82
1598,fashion,6.61e-05,4.82
1599,feature,6.61e-05,4.82
1600,fund,6.61e-05,4.82
1601,generation,6.61e-05,4.82
1602,hearing,6.61e-05,4.82
1603,hill,6.61e-05,4.82
1604,jack,6.61e-05,4.82
1605,larger,6.61e-05,4.82
1606,louis,6.61e-05,4.82
1607,metal,6.61e-05,4.82
1608,mid,6.61e-05,4.82
1609,paris,6.61e-05,4.82
1610,profile,6.61e-05,4.82
1611,pull,6.61e-05,4.82
1612,push,6.61e-05,4.82
1613,returned,6.61e-05,4.82
1614,rose,6.61e-05,4.82
1615,seat,6.61e-05,4.82
1616,seemed,6.61e-05,4.82
1617,sexual,6.61e-05,4.82
1618,shouldn't,6.61e-05,4.82
1619,target,6.61e-05,4.82
1620,understanding,6.61e-05,4.82
1621,village,6.61e-05,4.82
1622,agent,6.46e-05,4.81
1623,animal,6.46e-05,4.81
1624,apply,6.46e-05,4.81
1625,authority,6.46e-05,4.81
1626,basis,6.46e-05,4.81
1627,becoming,6.46e-05,4.81
1628,chris,6.46e-05,4.81
1629,draw,6.46e-05,4.81
1630,dude,6.46e-05,4.81
1631,employees,6.46e-05,4.81
1632,enter,6.46e-05,4.81
1633,ex,6.46e-05,4.81
1634,follows,6.46e-05,4.81
1635,foundation,6.46e-05,4.81
1636,gain,6.46e-05,4.81
1637,http,6.46e-05,4.81
1638,individuals,6.46e-05,4.81
1639,japanese,6.46e-05,4.81
1640,leaders,6.46e-05,4.81
1641,memory,6.46e-05,4.81
1642,prime,6.46e-05,4.81
1643,projects,6.46e-05,4.81
1644,ring,6.46e-05,4.81
1645,rise,6.46e-05,4.81
1646,selling,6.46e-05,4.81
1647,served,6.46e-05,4.81
1648,silver,6.46e-05,4.81
1649,soul,6.46e-05,4.81
1650,spread,6.46e-05,4.81
1651,supply,6.46e-05,4.81
1652,waste,6.46e-05,4.81
1653,weird,6.46e-05,4.81
1654,adult,6.31e-05,4.8
1655,apparently,6.31e-05,4.8
1656,artist,6.31e-05,4.8
1657,chairman,6.31e-05,4.8
1658,edition,6.31e-05,4.8
1659,engineering,6.31e-05,4.8
1660,grade,6.31e-05,4.8
1661,happening,6.31e-05,4.8
1662,healthy,6.31e-05,4.8
1663,institute,6.31e-05,4.8
1664,method,6.31e-05,4.8
1665,mike,6.31e-05,4.8
1666,monday,6.31e-05,4.8
1667,nations,6.31e-05,4.8
1668,obviously,6.31e-05,4.8
1669,option,6.31e-05,4.8
1670,prison,6.31e-05,4.8
1671,provides,6.31e-05,4.8
1672,remains,6.31e-05,4.8
1673,senate,6.31e-05,4.8
1674,smaller,6.31e-05,4.8
1675,somebody,6.31e-05,4.8
1676,stone,6.31e-05,4.8
1677,strength,6.31e-05,4.8
1678,users,6.31e-05,4.8
1679,wild,6.31e-05,4.8
1680,window,6.31e-05,4.8
1681,winner,6.31e-05,4.8
1682,arrived,6.17e-05,4.79
1683,bag,6.17e-05,4.79
1684,bet,6.17e-05,4.79
1685,camp,6.17e-05,4.79
1686,cast,6.17e-05,4.79
1687,christ,6.17e-05,4.79
1688,continues,6.17e-05,4.79
1689,correct,6.17e-05,4.79
1690,dangerous,6.17e-05,4.79
1691,ed,6.17e-05,4.79
1692,extremely,6.17e-05,4.79
1693,firm,6.17e-05,4.79
1694,greatest,6.17e-05,4.79
1695,handle,6.17e-05,4.79
1696,improve,6.17e-05,4.79
1697,indeed,6.17e-05,4.79
1698,leaves,6.17e-05,4.79
1699,movies,6.17e-05,4.79
1700,negative,6.17e-05,4.79
1701,prevent,6.17e-05,4.79
1702,removed,6.17e-05,4.79
1703,richard,6.17e-05,4.79
1704,spirit,6.17e-05,4.79
1705,television,6.17e-05,4.79
1706,till,6.17e-05,4.79
1707,trouble,6.17e-05,4.79
1708,usa,6.17e-05,4.79
1709,videos,6.17e-05,4.79
1710,advantage,6.03e-05,4.78
1711,apart,6.03e-05,4.78
1712,aware,6.03e-05,4.78
1713,cat,6.03e-05,4.78
1714,customers,6.03e-05,4.78
1715,decide,6.03e-05,4.78
1716,dinner,6.03e-05,4.78
1717,dollars,6.03e-05,4.78
1718,eastern,6.03e-05,4.78
1719,fifth,6.03e-05,4.78
1720,function,6.03e-05,4.78
1721,gift,6.03e-05,4.78
1722,helping,6.03e-05,4.78
1723,herself,6.03e-05,4.78
1724,impossible,6.03e-05,4.78
1725,influence,6.03e-05,4.78
1726,items,6.03e-05,4.78
1727,joe,6.03e-05,4.78
1728,los,6.03e-05,4.78
1729,marketing,6.03e-05,4.78
1730,mary,6.03e-05,4.78
1731,materials,6.03e-05,4.78
1732,nor,6.03e-05,4.78
1733,produce,6.03e-05,4.78
1734,progress,6.03e-05,4.78
1735,proud,6.03e-05,4.78
1736,require,6.03e-05,4.78
1737,shooting,6.03e-05,4.78
1738,shut,6.03e-05,4.78
1739,standards,6.03e-05,4.78
1740,tells,6.03e-05,4.78
1741,thinks,6.03e-05,4.78
1742,van,6.03e-05,4.78
1743,wood,6.03e-05,4.78
1744,background,5.89e-05,4.77
1745,birth,5.89e-05,4.77
1746,bridge,5.89e-05,4.77
1747,carried,5.89e-05,4.77
1748,charles,5.89e-05,4.77
1749,classes,5.89e-05,4.77
1750,completed,5.89e-05,4.77
1751,concept,5.89e-05,4.77
1752,copy,5.89e-05,4.77
1753,dear,5.89e-05,4.77
1754,dogs,5.89e-05,4.77
1755,drugs,5.89e-05,4.77
1756,efforts,5.89e-05,4.77
1757,garden,5.89e-05,4.77
1758,host,5.89e-05,4.77
1759,housing,5.89e-05,4.77
1760,inc,5.89e-05,4.77
1761,israel,5.89e-05,4.77
1762,journal,5.89e-05,4.77
1763,labor,5.89e-05,4.77
1764,leadership,5.89e-05,4.77
1765,length,5.89e-05,4.77
1766,lucky,5.89e-05,4.77
1767,neither,5.89e-05,4.77
1768,onto,5.89e-05,4.77
1769,patient,5.89e-05,4.77
1770,possibly,5.89e-05,4.77
1771,prove,5.89e-05,4.77
1772,rare,5.89e-05,4.77
1773,setting,5.89e-05,4.77
1774,skills,5.89e-05,4.77
1775,software,5.89e-05,4.77
1776,thousands,5.89e-05,4.77
1777,tough,5.89e-05,4.77
1778,units,5.89e-05,4.77
1779,ad,5.75e-05,4.76
1780,alive,5.75e-05,4.76
1781,apple,5.75e-05,4.76
1782,balance,5.75e-05,4.76
1783,birthday,5.75e-05,4.76
1784,bitch,5.75e-05,4.76
1785,boss,5.75e-05,4.76
1786,cards,5.75e-05,4.76
1787,changing,5.75e-05,4.76
1788,connection,5.75e-05,4.76
1789,dress,5.75e-05,4.76
1790,easier,5.75e-05,4.76
1791,fellow,5.75e-05,4.76
1792,florida,5.75e-05,4.76
1793,horse,5.75e-05,4.76
1794,knowing,5.75e-05,4.76
1795,liked,5.75e-05,4.76
1796,magic,5.75e-05,4.76
1797,managed,5.75e-05,4.76
1798,map,5.75e-05,4.76
1799,net,5.75e-05,4.76
1800,owned,5.75e-05,4.76
1801,request,5.75e-05,4.76
1802,stick,5.75e-05,4.76
1803,they've,5.75e-05,4.76
1804,turns,5.75e-05,4.76
1805,vehicle,5.75e-05,4.76
1806,volume,5.75e-05,4.76
1807,wake,5.75e-05,4.76
1808,aid,5.62e-05,4.75
1809,beauty,5.62e-05,4.75
1810,believed,5.62e-05,4.75
1811,billion,5.62e-05,4.75
1812,busy,5.62e-05,4.75
1813,buying,5.62e-05,4.75
1814,cells,5.62e-05,4.75
1815,concerned,5.62e-05,4.75
1816,conversation,5.62e-05,4.75
1817,corner,5.62e-05,4.75
1818,criminal,5.62e-05,4.75
1819,cultural,5.62e-05,4.75
1820,develop,5.62e-05,4.75
1821,driver,5.62e-05,4.75
1822,ends,5.62e-05,4.75
1823,existing,5.62e-05,4.75
1824,farm,5.62e-05,4.75
1825,file,5.62e-05,4.75
1826,fix,5.62e-05,4.75
1827,fly,5.62e-05,4.75
1828,frank,5.62e-05,4.75
1829,guide,5.62e-05,4.75
1830,images,5.62e-05,4.75
1831,investigation,5.62e-05,4.75
1832,mexico,5.62e-05,4.75
1833,operating,5.62e-05,4.75
1834,paying,5.62e-05,4.75
1835,presented,5.62e-05,4.75
1836,raise,5.62e-05,4.75
1837,responsibility,5.62e-05,4.75
1838,roll,5.62e-05,4.75
1839,slightly,5.62e-05,4.75
1840,suggest,5.62e-05,4.75
1841,surprise,5.62e-05,4.75
1842,technical,5.62e-05,4.75
1843,thoughts,5.62e-05,4.75
1844,treat,5.62e-05,4.75
1845,unique,5.62e-05,4.75
1846,variety,5.62e-05,4.75
1847,violence,5.62e-05,4.75
1848,weapons,5.62e-05,4.75
1849,yours,5.62e-05,4.75
1850,youth,5.62e-05,4.75
1851,2nd,5.5e-05,4.74
1852,appreciate,5.5e-05,4.74
1853,bigger,5.5e-05,4.74
1854,breaking,5.5e-05,4.74
1855,discovered,5.5e-05,4.74
1856,dont,5.5e-05,4.74
1857,dry,5.5e-05,4.74
1858,edge,5.5e-05,4.74
1859,evil,5.5e-05,4.74
1860,excited,5.5e-05,4.74
1861,forever,5.5e-05,4.74
1862,funds,5.5e-05,4.74
1863,helps,5.5e-05,4.74
1864,henry,5.5e-05,4.74
1865,injury,5.5e-05,4.74
1866,iron,5.5e-05,4.74
1867,lovely,5.5e-05,4.74
1868,mad,5.5e-05,4.74
1869,magazine,5.5e-05,4.74
1870,martin,5.5e-05,4.74
1871,models,5.5e-05,4.74
1872,offers,5.5e-05,4.74
1873,ordered,5.5e-05,4.74
1874,parliament,5.5e-05,4.74
1875,prepared,5.5e-05,4.74
1876,reference,5.5e-05,4.74
1877,religion,5.5e-05,4.74
1878,sites,5.5e-05,4.74
1879,somewhere,5.5e-05,4.74
1880,stated,5.5e-05,4.74
1881,strategy,5.5e-05,4.74
1882,teachers,5.5e-05,4.74
1883,web,5.5e-05,4.74
1884,wine,5.5e-05,4.74
1885,accounts,5.37e-05,4.73
1886,angeles,5.37e-05,4.73
1887,arm,5.37e-05,4.73
1888,audience,5.37e-05,4.73
1889,bay,5.37e-05,4.73
1890,blog,5.37e-05,4.73
1891,closer,5.37e-05,4.73
1892,core,5.37e-05,4.73
1893,democratic,5.37e-05,4.73
1894,description,5.37e-05,4.73
1895,dropped,5.37e-05,4.73
1896,excellent,5.37e-05,4.73
1897,exist,5.37e-05,4.73
1898,figures,5.37e-05,4.73
1899,forms,5.37e-05,4.73
1900,guard,5.37e-05,4.73
1901,honest,5.37e-05,4.73
1902,issued,5.37e-05,4.73
1903,joined,5.37e-05,4.73
1904,jones,5.37e-05,4.73
1905,lee,5.37e-05,4.73
1906,lies,5.37e-05,4.73
1907,likes,5.37e-05,4.73
1908,medicine,5.37e-05,4.73
1909,mention,5.37e-05,4.73
1910,mountain,5.37e-05,4.73
1911,nuclear,5.37e-05,4.73
1912,orders,5.37e-05,4.73
1913,port,5.37e-05,4.73
1914,presence,5.37e-05,4.73
1915,reaction,5.37e-05,4.73
1916,reduce,5.37e-05,4.73
1917,shoot,5.37e-05,4.73
1918,sides,5.37e-05,4.73
1919,solid,5.37e-05,4.73
1920,spanish,5.37e-05,4.73
1921,sport,5.37e-05,4.73
1922,steps,5.37e-05,4.73
1923,stress,5.37e-05,4.73
1924,taste,5.37e-05,4.73
1925,tea,5.37e-05,4.73
1926,victory,5.37e-05,4.73
1927,afternoon,5.25e-05,4.72
1928,assistant,5.25e-05,4.72
1929,britain,5.25e-05,4.72
1930,citizens,5.25e-05,4.72
1931,classic,5.25e-05,4.72
1932,clothes,5.25e-05,4.72
1933,decisions,5.25e-05,4.72
1934,electric,5.25e-05,4.72
1935,emergency,5.25e-05,4.72
1936,entered,5.25e-05,4.72
1937,entirely,5.25e-05,4.72
1938,facts,5.25e-05,4.72
1939,failure,5.25e-05,4.72
1940,festival,5.25e-05,4.72
1941,flat,5.25e-05,4.72
1942,fuel,5.25e-05,4.72
1943,harry,5.25e-05,4.72
1944,hello,5.25e-05,4.72
1945,houses,5.25e-05,4.72
1946,ill,5.25e-05,4.72
1947,initial,5.25e-05,4.72
1948,introduced,5.25e-05,4.72
1949,johnson,5.25e-05,4.72
1950,kick,5.25e-05,4.72
1951,links,5.25e-05,4.72
1952,mail,5.25e-05,4.72
1953,massive,5.25e-05,4.72
1954,matters,5.25e-05,4.72
1955,pair,5.25e-05,4.72
1956,picked,5.25e-05,4.72
1957,pieces,5.25e-05,4.72
1958,plane,5.25e-05,4.72
1959,plenty,5.25e-05,4.72
1960,prince,5.25e-05,4.72
1961,proper,5.25e-05,4.72
1962,providing,5.25e-05,4.72
1963,quarter,5.25e-05,4.72
1964,regional,5.25e-05,4.72
1965,scott,5.25e-05,4.72
1966,session,5.25e-05,4.72
1967,shape,5.25e-05,4.72
1968,sky,5.25e-05,4.72
1969,teaching,5.25e-05,4.72
1970,toward,5.25e-05,4.72
1971,transfer,5.25e-05,4.72
1972,upper,5.25e-05,4.72
1973,useful,5.25e-05,4.72
1974,valley,5.25e-05,4.72
1975,watched,5.25e-05,4.72
1976,willing,5.25e-05,4.72
1977,windows,5.25e-05,4.72
1978,zone,5.25e-05,4.72
1979,accident,5.13e-05,4.71
1980,advanced,5.13e-05,4.71
1981,alternative,5.13e-05,4.71
1982,anywhere,5.13e-05,4.71
1983,articles,5.13e-05,4.71
1984,awards,5.13e-05,4.71
1985,bear,5.13e-05,4.71
1986,boat,5.13e-05,4.71
1987,bringing,5.13e-05,4.71
1988,capacity,5.13e-05,4.71
1989,cheap,5.13e-05,4.71
1990,climate,5.13e-05,4.71
1991,communities,5.13e-05,4.71
1992,discussion,5.13e-05,4.71
1993,drinking,5.13e-05,4.71
1994,duty,5.13e-05,4.71
1995,fantastic,5.13e-05,4.71
1996,feelings,5.13e-05,4.71
1997,flying,5.13e-05,4.71
1998,governor,5.13e-05,4.71
1999,hasn't,5.13e-05,4.71
2000,hundred,5.13e-05,4.71
2001,industrial,5.13e-05,4.71
2002,joint,5.13e-05,4.71
2003,mix,5.13e-05,4.71
2004,museum,5.13e-05,4.71
2005,options,5.13e-05,4.71
2006,path,5.13e-05,4.71
2007,plants,5.13e-05,4.71
2008,policies,5.13e-05,4.71
2009,promise,5.13e-05,4.71
2010,proposed,5.13e-05,4.71
2011,purchase,5.13e-05,4.71
2012,rain,5.13e-05,4.71
2013,remove,5.13e-05,4.71
2014,signs,5.13e-05,4.71
2015,spending,5.13e-05,4.71
2016,steel,5.13e-05,4.71
2017,steve,5.13e-05,4.71
2018,supporting,5.13e-05,4.71
2019,terrible,5.13e-05,4.71
2020,they'll,5.13e-05,4.71
2021,tired,5.13e-05,4.71
2022,treated,5.13e-05,4.71
2023,turning,5.13e-05,4.71
2024,vice,5.13e-05,4.71
2025,warm,5.13e-05,4.71
2026,°,5.13e-05,4.71
2027,afraid,5.01e-05,4.7
2028,arts,5.01e-05,4.7
2029,beer,5.01e-05,4.7
2030,border,5.01e-05,4.7
2031,canadian,5.01e-05,4.7
2032,command,5.01e-05,4.7
2033,crew,5.01e-05,4.7
2034,crowd,5.01e-05,4.7
2035,dating,5.01e-05,4.7
2036,dick,5.01e-05,4.7
2037,elements,5.01e-05,4.7
2038,enemy,5.01e-05,4.7
2039,ensure,5.01e-05,4.7
2040,environmental,5.01e-05,4.7
2041,filled,5.01e-05,4.7
2042,fixed,5.01e-05,4.7
2043,forest,5.01e-05,4.7
2044,intelligence,5.01e-05,4.7
2045,intended,5.01e-05,4.7
2046,labour,5.01e-05,4.7
2047,limit,5.01e-05,4.7
2048,moon,5.01e-05,4.7
2049,ocean,5.01e-05,4.7
2050,powers,5.01e-05,4.7
2051,profit,5.01e-05,4.7
2052,proof,5.01e-05,4.7
2053,republican,5.01e-05,4.7
2054,soldiers,5.01e-05,4.7
2055,suit,5.01e-05,4.7
2056,wins,5.01e-05,4.7
2057,women's,5.01e-05,4.7
2058,appearance,4.9e-05,4.69
2059,asian,4.9e-05,4.69
2060,attorney,4.9e-05,4.69
2061,banks,4.9e-05,4.69
2062,behavior,4.9e-05,4.69
2063,ben,4.9e-05,4.69
2064,bodies,4.9e-05,4.69
2065,brothers,4.9e-05,4.69
2066,buildings,4.9e-05,4.69
2067,chair,4.9e-05,4.69
2068,creating,4.9e-05,4.69
2069,debt,4.9e-05,4.69
2070,domestic,4.9e-05,4.69
2071,expensive,4.9e-05,4.69
2072,grew,4.9e-05,4.69
2073,historical,4.9e-05,4.69
2074,homes,4.9e-05,4.69
2075,honestly,4.9e-05,4.69
2076,honor,4.9e-05,4.69
2077,im,4.9e-05,4.69
2078,jump,4.9e-05,4.69
2079,launch,4.9e-05,4.69
2080,listed,4.9e-05,4.69
2081,minimum,4.9e-05,4.69
2082,native,4.9e-05,4.69
2083,noted,4.9e-05,4.69
2084,originally,4.9e-05,4.69
2085,planned,4.9e-05,4.69
2086,pm,4.9e-05,4.69
2087,ray,4.9e-05,4.69
2088,sets,4.9e-05,4.69
2089,suddenly,4.9e-05,4.69
2090,supreme,4.9e-05,4.69
2091,survey,4.9e-05,4.69
2092,tech,4.9e-05,4.69
2093,trees,4.9e-05,4.69
2094,update,4.9e-05,4.69
2095,user,4.9e-05,4.69
2096,writer,4.9e-05,4.69
2097,yellow,4.9e-05,4.69
2098,younger,4.9e-05,4.69
2099,ancient,4.79e-05,4.68
2100,attacks,4.79e-05,4.68
2101,charges,4.79e-05,4.68
2102,combined,4.79e-05,4.68
2103,communication,4.79e-05,4.68
2104,connected,4.79e-05,4.68
2105,contains,4.79e-05,4.68
2106,download,4.79e-05,4.68
2107,email,4.79e-05,4.68
2108,ending,4.79e-05,4.68
2109,exercise,4.79e-05,4.68
2110,express,4.79e-05,4.68
2111,flow,4.79e-05,4.68
2112,formed,4.79e-05,4.68
2113,girlfriend,4.79e-05,4.68
2114,hero,4.79e-05,4.68
2115,illegal,4.79e-05,4.68
2116,increasing,4.79e-05,4.68
2117,joke,4.79e-05,4.68
2118,loan,4.79e-05,4.68
2119,methods,4.79e-05,4.68
2120,officials,4.79e-05,4.68
2121,people's,4.79e-05,4.68
2122,performed,4.79e-05,4.68
2123,planet,4.79e-05,4.68
2124,relationships,4.79e-05,4.68
2125,restaurant,4.79e-05,4.68
2126,scotland,4.79e-05,4.68
2127,selected,4.79e-05,4.68
2128,shared,4.79e-05,4.68
2129,shopping,4.79e-05,4.68
2130,soft,4.79e-05,4.68
2131,stuck,4.79e-05,4.68
2132,sugar,4.79e-05,4.68
2133,suggested,4.79e-05,4.68
2134,supported,4.79e-05,4.68
2135,surprised,4.79e-05,4.68
2136,taught,4.79e-05,4.68
2137,transport,4.79e-05,4.68
2138,weren't,4.79e-05,4.68
2139,accepted,4.68e-05,4.67
2140,adding,4.68e-05,4.67
2141,affairs,4.68e-05,4.67
2142,allows,4.68e-05,4.67
2143,appeal,4.68e-05,4.67
2144,applied,4.68e-05,4.67
2145,appropriate,4.68e-05,4.67
2146,artists,4.68e-05,4.67
2147,boston,4.68e-05,4.67
2148,ca,4.68e-05,4.67
2149,confirmed,4.68e-05,4.67
2150,device,4.68e-05,4.67
2151,drama,4.68e-05,4.67
2152,entry,4.68e-05,4.67
2153,era,4.68e-05,4.67
2154,factor,4.68e-05,4.67
2155,feed,4.68e-05,4.67
2156,golden,4.68e-05,4.67
2157,grant,4.68e-05,4.67
2158,grown,4.68e-05,4.67
2159,heads,4.68e-05,4.67
2160,hoping,4.68e-05,4.67
2161,keeps,4.68e-05,4.67
2162,lawyer,4.68e-05,4.67
2163,legs,4.68e-05,4.67
2164,lying,4.68e-05,4.67
2165,measures,4.68e-05,4.67
2166,mistake,4.68e-05,4.67
2167,ms,4.68e-05,4.67
2168,muslim,4.68e-05,4.67
2169,organizations,4.68e-05,4.67
2170,platform,4.68e-05,4.67
2171,pool,4.68e-05,4.67
2172,pulled,4.68e-05,4.67
2173,regarding,4.68e-05,4.67
2174,relations,4.68e-05,4.67
2175,requires,4.68e-05,4.67
2176,route,4.68e-05,4.67
2177,saved,4.68e-05,4.67
2178,schedule,4.68e-05,4.67
2179,scientific,4.68e-05,4.67
2180,shoes,4.68e-05,4.67
2181,smoke,4.68e-05,4.67
2182,squad,4.68e-05,4.67
2183,teach,4.68e-05,4.67
2184,testing,4.68e-05,4.67
2185,tests,4.68e-05,4.67
2186,values,4.68e-05,4.67
2187,walked,4.68e-05,4.67
2188,williams,4.68e-05,4.67
2189,ya,4.68e-05,4.67
2190,abuse,4.57e-05,4.66
2191,angry,4.57e-05,4.66
2192,businesses,4.57e-05,4.66
2193,candidate,4.57e-05,4.66
2194,comfortable,4.57e-05,4.66
2195,concern,4.57e-05,4.66
2196,developing,4.57e-05,4.66
2197,discuss,4.57e-05,4.66
2198,elections,4.57e-05,4.66
2199,emotional,4.57e-05,4.66
2200,et,4.57e-05,4.66
2201,everywhere,4.57e-05,4.66
2202,facilities,4.57e-05,4.66
2203,falling,4.57e-05,4.66
2204,fox,4.57e-05,4.66
2205,guns,4.57e-05,4.66
2206,hole,4.57e-05,4.66
2207,holiday,4.57e-05,4.66
2208,interests,4.57e-05,4.66
2209,internal,4.57e-05,4.66
2210,ireland,4.57e-05,4.66
2211,italian,4.57e-05,4.66
2212,italy,4.57e-05,4.66
2213,jersey,4.57e-05,4.66
2214,laugh,4.57e-05,4.66
2215,leg,4.57e-05,4.66
2216,letters,4.57e-05,4.66
2217,liberal,4.57e-05,4.66
2218,listening,4.57e-05,4.66
2219,ll,4.57e-05,4.66
2220,loves,4.57e-05,4.66
2221,lunch,4.57e-05,4.66
2222,max,4.57e-05,4.66
2223,milk,4.57e-05,4.66
2224,pack,4.57e-05,4.66
2225,payment,4.57e-05,4.66
2226,perform,4.57e-05,4.66
2227,recorded,4.57e-05,4.66
2228,relatively,4.57e-05,4.66
2229,sector,4.57e-05,4.66
2230,sharing,4.57e-05,4.66
2231,snow,4.57e-05,4.66
2232,storm,4.57e-05,4.66
2233,streets,4.57e-05,4.66
2234,strike,4.57e-05,4.66
2235,studio,4.57e-05,4.66
2236,sub,4.57e-05,4.66
2237,weak,4.57e-05,4.66
2238,youtube,4.57e-05,4.66
2239,3rd,4.47e-05,4.65
2240,actor,4.47e-05,4.65
2241,advance,4.47e-05,4.65
2242,apartment,4.47e-05,4.65
2243,asia,4.47e-05,4.65
2244,chain,4.47e-05,4.65
2245,chapter,4.47e-05,4.65
2246,committed,4.47e-05,4.65
2247,confidence,4.47e-05,4.65
2248,cook,4.47e-05,4.65
2249,cute,4.47e-05,4.65
2250,equal,4.47e-05,4.65
2251,fake,4.47e-05,4.65
2252,finance,4.47e-05,4.65
2253,focused,4.47e-05,4.65
2254,hits,4.47e-05,4.65
2255,identity,4.47e-05,4.65
2256,journey,4.47e-05,4.65
2257,kitchen,4.47e-05,4.65
2258,korea,4.47e-05,4.65
2259,leads,4.47e-05,4.65
2260,maintain,4.47e-05,4.65
2261,measure,4.47e-05,4.65
2262,mm,4.47e-05,4.65
2263,numerous,4.47e-05,4.65
2264,owners,4.47e-05,4.65
2265,posts,4.47e-05,4.65
2266,properties,4.47e-05,4.65
2267,quiet,4.47e-05,4.65
2268,revealed,4.47e-05,4.65
2269,specifically,4.47e-05,4.65
2270,split,4.47e-05,4.65
2271,task,4.47e-05,4.65
2272,taxes,4.47e-05,4.65
2273,taylor,4.47e-05,4.65
2274,twenty,4.47e-05,4.65
2275,urban,4.47e-05,4.65
2276,acts,4.37e-05,4.64
2277,affected,4.37e-05,4.64
2278,aircraft,4.37e-05,4.64
2279,applications,4.37e-05,4.64
2280,approved,4.37e-05,4.64
2281,approximately,4.37e-05,4.64
2282,argument,4.37e-05,4.64
2283,arrested,4.37e-05,4.64
2284,claimed,4.37e-05,4.64
2285,conflict,4.37e-05,4.64
2286,considering,4.37e-05,4.64
2287,corporate,4.37e-05,4.64
2288,debate,4.37e-05,4.64
2289,determined,4.37e-05,4.64
2290,distribution,4.37e-05,4.64
2291,documents,4.37e-05,4.64
2292,escape,4.37e-05,4.64
2293,extended,4.37e-05,4.64
2294,factors,4.37e-05,4.64
2295,faster,4.37e-05,4.64
2296,fault,4.37e-05,4.64
2297,fill,4.37e-05,4.64
2298,films,4.37e-05,4.64
2299,flowers,4.37e-05,4.64
2300,friendly,4.37e-05,4.64
2301,ladies,4.37e-05,4.64
2302,lay,4.37e-05,4.64
2303,lights,4.37e-05,4.64
2304,millions,4.37e-05,4.64
2305,mixed,4.37e-05,4.64
2306,phase,4.37e-05,4.64
2307,properly,4.37e-05,4.64
2308,pure,4.37e-05,4.64
2309,reduced,4.37e-05,4.64
2310,requirements,4.37e-05,4.64
2311,residents,4.37e-05,4.64
2312,revenue,4.37e-05,4.64
2313,sam,4.37e-05,4.64
2314,sat,4.37e-05,4.64
2315,secure,4.37e-05,4.64
2316,smile,4.37e-05,4.64
2317,strange,4.37e-05,4.64
2318,talent,4.37e-05,4.64
2319,temperature,4.37e-05,4.64
2320,thousand,4.37e-05,4.64
2321,tony,4.37e-05,4.64
2322,troops,4.37e-05,4.64
2323,truck,4.37e-05,4.64
2324,votes,4.37e-05,4.64
2325,ah,4.27e-05,4.63
2326,authorities,4.27e-05,4.63
2327,basically,4.27e-05,4.63
2328,besides,4.27e-05,4.63
2329,bird,4.27e-05,4.63
2330,blame,4.27e-05,4.63
2331,bob,4.27e-05,4.63
2332,bowl,4.27e-05,4.63
2333,causes,4.27e-05,4.63
2334,chicken,4.27e-05,4.63
2335,collected,4.27e-05,4.63
2336,context,4.27e-05,4.63
2337,coverage,4.27e-05,4.63
2338,determine,4.27e-05,4.63
2339,display,4.27e-05,4.63
2340,dying,4.27e-05,4.63
2341,elected,4.27e-05,4.63
2342,examples,4.27e-05,4.63
2343,experienced,4.27e-05,4.63
2344,falls,4.27e-05,4.63
2345,false,4.27e-05,4.63
2346,fired,4.27e-05,4.63
2347,forgot,4.27e-05,4.63
2348,funding,4.27e-05,4.63
2349,identified,4.27e-05,4.63
2350,iii,4.27e-05,4.63
2351,incredible,4.27e-05,4.63
2352,inspired,4.27e-05,4.63
2353,launched,4.27e-05,4.63
2354,ma,4.27e-05,4.63
2355,meat,4.27e-05,4.63
2356,ministry,4.27e-05,4.63
2357,mode,4.27e-05,4.63
2358,neck,4.27e-05,4.63
2359,noticed,4.27e-05,4.63
2360,novel,4.27e-05,4.63
2361,obvious,4.27e-05,4.63
2362,passing,4.27e-05,4.63
2363,positions,4.27e-05,4.63
2364,remaining,4.27e-05,4.63
2365,scored,4.27e-05,4.63
2366,shirt,4.27e-05,4.63
2367,shots,4.27e-05,4.63
2368,slowly,4.27e-05,4.63
2369,stadium,4.27e-05,4.63
2370,stores,4.27e-05,4.63
2371,surgery,4.27e-05,4.63
2372,trading,4.27e-05,4.63
2373,tuesday,4.27e-05,4.63
2374,vision,4.27e-05,4.63
2375,whenever,4.27e-05,4.63
2376,worried,4.27e-05,4.63
2377,zero,4.27e-05,4.63
2378,alex,4.17e-05,4.62
2379,allowing,4.17e-05,4.62
2380,begins,4.17e-05,4.62
2381,champion,4.17e-05,4.62
2382,charged,4.17e-05,4.62
2383,cream,4.17e-05,4.62
2384,crisis,4.17e-05,4.62
2385,daniel,4.17e-05,4.62
2386,delivered,4.17e-05,4.62
2387,editor,4.17e-05,4.62
2388,estimated,4.17e-05,4.62
2389,eu,4.17e-05,4.62
2390,giant,4.17e-05,4.62
2391,iran,4.17e-05,4.62
2392,jail,4.17e-05,4.62
2393,jim,4.17e-05,4.62
2394,kingdom,4.17e-05,4.62
2395,literature,4.17e-05,4.62
2396,mayor,4.17e-05,4.62
2397,minor,4.17e-05,4.62
2398,moments,4.17e-05,4.62
2399,opposite,4.17e-05,4.62
2400,orange,4.17e-05,4.62
2401,ourselves,4.17e-05,4.62
2402,pages,4.17e-05,4.62
2403,remained,4.17e-05,4.62
2404,selection,4.17e-05,4.62
2405,serving,4.17e-05,4.62
2406,signal,4.17e-05,4.62
2407,stream,4.17e-05,4.62
2408,struggle,4.17e-05,4.62
2409,suicide,4.17e-05,4.62
2410,talked,4.17e-05,4.62
2411,theme,4.17e-05,4.62
2412,thursday,4.17e-05,4.62
2413,tiny,4.17e-05,4.62
2414,typically,4.17e-05,4.62
2415,un,4.17e-05,4.62
2416,unfortunately,4.17e-05,4.62
2417,usual,4.17e-05,4.62
2418,vehicles,4.17e-05,4.62
2419,virginia,4.17e-05,4.62
2420,voted,4.17e-05,4.62
2421,voting,4.17e-05,4.62
2422,walls,4.17e-05,4.62
2423,wave,4.17e-05,4.62
2424,alcohol,4.07e-05,4.61
2425,assembly,4.07e-05,4.61
2426,breakfast,4.07e-05,4.61
2427,bright,4.07e-05,4.61
2428,brings,4.07e-05,4.61
2429,capable,4.07e-05,4.61
2430,carrying,4.07e-05,4.61
2431,chosen,4.07e-05,4.61
2432,combination,4.07e-05,4.61
2433,conservative,4.07e-05,4.61
2434,customer,4.07e-05,4.61
2435,cutting,4.07e-05,4.61
2436,desire,4.07e-05,4.61
2437,destroyed,4.07e-05,4.61
2438,draft,4.07e-05,4.61
2439,drunk,4.07e-05,4.61
2440,essential,4.07e-05,4.61
2441,fail,4.07e-05,4.61
2442,familiar,4.07e-05,4.61
2443,finds,4.07e-05,4.61
2444,granted,4.07e-05,4.61
2445,guilty,4.07e-05,4.61
2446,humans,4.07e-05,4.61
2447,hundreds,4.07e-05,4.61
2448,id,4.07e-05,4.61
2449,improved,4.07e-05,4.61
2450,jewish,4.07e-05,4.61
2451,largely,4.07e-05,4.61
2452,laughing,4.07e-05,4.61
2453,markets,4.07e-05,4.61
2454,medium,4.07e-05,4.61
2455,ohio,4.07e-05,4.61
2456,opportunities,4.07e-05,4.61
2457,papers,4.07e-05,4.61
2458,perfectly,4.07e-05,4.61
2459,recommend,4.07e-05,4.61
2460,referred,4.07e-05,4.61
2461,relevant,4.07e-05,4.61
2462,seek,4.07e-05,4.61
2463,sending,4.07e-05,4.61
2464,solo,4.07e-05,4.61
2465,spoke,4.07e-05,4.61
2466,stands,4.07e-05,4.61
2467,talks,4.07e-05,4.61
2468,ticket,4.07e-05,4.61
2469,unable,4.07e-05,4.61
2470,upset,4.07e-05,4.61
2471,wing,4.07e-05,4.61
2472,world's,4.07e-05,4.61
2473,answers,3.98e-05,4.6
2474,birds,3.98e-05,4.6
2475,bomb,3.98e-05,4.6
2476,creative,3.98e-05,4.6
2477,cycle,3.98e-05,4.6
2478,dealing,3.98e-05,4.6
2479,directed,3.98e-05,4.6
2480,don,3.98e-05,4.6
2481,educational,3.98e-05,4.6
2482,entertainment,3.98e-05,4.6
2483,extreme,3.98e-05,4.6
2484,facility,3.98e-05,4.6
2485,fields,3.98e-05,4.6
2486,goods,3.98e-05,4.6
2487,hang,3.98e-05,4.6
2488,holds,3.98e-05,4.6
2489,info,3.98e-05,4.6
2490,mainly,3.98e-05,4.6
2491,maximum,3.98e-05,4.6
2492,newspaper,3.98e-05,4.6
2493,offering,3.98e-05,4.6
2494,painting,3.98e-05,4.6
2495,republic,3.98e-05,4.6
2496,reserve,3.98e-05,4.6
2497,returns,3.98e-05,4.6
2498,row,3.98e-05,4.6
2499,salt,3.98e-05,4.6
2500,scared,3.98e-05,4.6
2501,scottish,3.98e-05,4.6
2502,shares,3.98e-05,4.6
2503,statistics,3.98e-05,4.6
2504,switch,3.98e-05,4.6
2505,territory,3.98e-05,4.6
2506,threat,3.98e-05,4.6
2507,tickets,3.98e-05,4.6
2508,wales,3.98e-05,4.6
2509,adults,3.89e-05,4.59
2510,affect,3.89e-05,4.59
2511,appointed,3.89e-05,4.59
2512,armed,3.89e-05,4.59
2513,aside,3.89e-05,4.59
2514,assistance,3.89e-05,4.59
2515,bell,3.89e-05,4.59
2516,blow,3.89e-05,4.59
2517,bond,3.89e-05,4.59
2518,boyfriend,3.89e-05,4.59
2519,careful,3.89e-05,4.59
2520,circumstances,3.89e-05,4.59
2521,communications,3.89e-05,4.59
2522,concerns,3.89e-05,4.59
2523,controlled,3.89e-05,4.59
2524,corporation,3.89e-05,4.59
2525,cry,3.89e-05,4.59
2526,danger,3.89e-05,4.59
2527,deals,3.89e-05,4.59
2528,delivery,3.89e-05,4.59
2529,deserve,3.89e-05,4.59
2530,devices,3.89e-05,4.59
2531,dollar,3.89e-05,4.59
2532,dreams,3.89e-05,4.59
2533,empty,3.89e-05,4.59
2534,enjoyed,3.89e-05,4.59
2535,explained,3.89e-05,4.59
2536,faces,3.89e-05,4.59
2537,folks,3.89e-05,4.59
2538,fucked,3.89e-05,4.59
2539,gender,3.89e-05,4.59
2540,instance,3.89e-05,4.59
2541,kim,3.89e-05,4.59
2542,kinda,3.89e-05,4.59
2543,matches,3.89e-05,4.59
2544,mile,3.89e-05,4.59
2545,motion,3.89e-05,4.59
2546,moves,3.89e-05,4.59
2547,nick,3.89e-05,4.59
2548,pacific,3.89e-05,4.59
2549,prize,3.89e-05,4.59
2550,realized,3.89e-05,4.59
2551,reasonable,3.89e-05,4.59
2552,receiving,3.89e-05,4.59
2553,register,3.89e-05,4.59
2554,resolution,3.89e-05,4.59
2555,rural,3.89e-05,4.59
2556,ryan,3.89e-05,4.59
2557,saving,3.89e-05,4.59
2558,sees,3.89e-05,4.59
2559,singing,3.89e-05,4.59
2560,spain,3.89e-05,4.59
2561,tools,3.89e-05,4.59
2562,typical,3.89e-05,4.59
2563,universe,3.89e-05,4.59
2564,warning,3.89e-05,4.59
2565,wars,3.89e-05,4.59
2566,wednesday,3.89e-05,4.59
2567,admit,3.8e-05,4.58
2568,attitude,3.8e-05,4.58
2569,branch,3.8e-05,4.58
2570,brazil,3.8e-05,4.58
2571,conducted,3.8e-05,4.58
2572,decades,3.8e-05,4.58
2573,dedicated,3.8e-05,4.58
2574,definition,3.8e-05,4.58
2575,drawing,3.8e-05,4.58
2576,favor,3.8e-05,4.58
2577,flag,3.8e-05,4.58
2578,frame,3.8e-05,4.58
2579,guest,3.8e-05,4.58
2580,ha,3.8e-05,4.58
2581,heaven,3.8e-05,4.58
2582,independence,3.8e-05,4.58
2583,institutions,3.8e-05,4.58
2584,it'll,3.8e-05,4.58
2585,jackson,3.8e-05,4.58
2586,kiss,3.8e-05,4.58
2587,load,3.8e-05,4.58
2588,plot,3.8e-05,4.58
2589,possibility,3.8e-05,4.58
2590,random,3.8e-05,4.58
2591,recovery,3.8e-05,4.58
2592,rent,3.8e-05,4.58
2593,replace,3.8e-05,4.58
2594,represent,3.8e-05,4.58
2595,reviews,3.8e-05,4.58
2596,scenes,3.8e-05,4.58
2597,seeking,3.8e-05,4.58
2598,senator,3.8e-05,4.58
2599,sentence,3.8e-05,4.58
2600,teeth,3.8e-05,4.58
2601,tips,3.8e-05,4.58
2602,trained,3.8e-05,4.58
2603,understood,3.8e-05,4.58
2604,academic,3.72e-05,4.57
2605,academy,3.72e-05,4.57
2606,accurate,3.72e-05,4.57
2607,achieve,3.72e-05,4.57
2608,adam,3.72e-05,4.57
2609,afford,3.72e-05,4.57
2610,andrew,3.72e-05,4.57
2611,assume,3.72e-05,4.57
2612,bbc,3.72e-05,4.57
2613,bottle,3.72e-05,4.57
2614,bunch,3.72e-05,4.57
2615,category,3.72e-05,4.57
2616,chat,3.72e-05,4.57
2617,cheese,3.72e-05,4.57
2618,chemical,3.72e-05,4.57
2619,clinton,3.72e-05,4.57
2620,competitive,3.72e-05,4.57
2621,detail,3.72e-05,4.57
2622,diet,3.72e-05,4.57
2623,em,3.72e-05,4.57
2624,favourite,3.72e-05,4.57
2625,fruit,3.72e-05,4.57
2626,harder,3.72e-05,4.57
2627,he'd,3.72e-05,4.57
2628,index,3.72e-05,4.57
2629,item,3.72e-05,4.57
2630,lane,3.72e-05,4.57
2631,mess,3.72e-05,4.57
2632,navy,3.72e-05,4.57
2633,normally,3.72e-05,4.57
2634,occurred,3.72e-05,4.57
2635,opposition,3.72e-05,4.57
2636,parent,3.72e-05,4.57
2637,permanent,3.72e-05,4.57
2638,personally,3.72e-05,4.57
2639,pleasure,3.72e-05,4.57
2640,prefer,3.72e-05,4.57
2641,programme,3.72e-05,4.57
2642,representative,3.72e-05,4.57
2643,scheme,3.72e-05,4.57
2644,shift,3.72e-05,4.57
2645,stood,3.72e-05,4.57
2646,storage,3.72e-05,4.57
2647,tank,3.72e-05,4.57
2648,tend,3.72e-05,4.57
2649,tight,3.72e-05,4.57
2650,transportation,3.72e-05,4.57
2651,ultimately,3.72e-05,4.57
2652,unlike,3.72e-05,4.57
2653,weekly,3.72e-05,4.57
2654,yard,3.72e-05,4.57
2655,anybody,3.63e-05,4.56
2656,assets,3.63e-05,4.56
2657,basketball,3.63e-05,4.56
2658,button,3.63e-05,4.56
2659,candidates,3.63e-05,4.56
2660,combat,3.63e-05,4.56
2661,constitution,3.63e-05,4.56
2662,consumer,3.63e-05,4.56
2663,counter,3.63e-05,4.56
2664,creation,3.63e-05,4.56
2665,crown,3.63e-05,4.56
2666,crying,3.63e-05,4.56
2667,dc,3.63e-05,4.56
2668,defined,3.63e-05,4.56
2669,depending,3.63e-05,4.56
2670,depression,3.63e-05,4.56
2671,describe,3.63e-05,4.56
2672,drivers,3.63e-05,4.56
2673,el,3.63e-05,4.56
2674,employment,3.63e-05,4.56
2675,exclusive,3.63e-05,4.56
2676,excuse,3.63e-05,4.56
2677,expert,3.63e-05,4.56
2678,frequently,3.63e-05,4.56
2679,golf,3.63e-05,4.56
2680,grace,3.63e-05,4.56
2681,hopefully,3.63e-05,4.56
2682,identify,3.63e-05,4.56
2683,importance,3.63e-05,4.56
2684,kevin,3.63e-05,4.56
2685,laid,3.63e-05,4.56
2686,latter,3.63e-05,4.56
2687,manufacturing,3.63e-05,4.56
2688,mining,3.63e-05,4.56
2689,object,3.63e-05,4.56
2690,partners,3.63e-05,4.56
2691,pattern,3.63e-05,4.56
2692,performing,3.63e-05,4.56
2693,personnel,3.63e-05,4.56
2694,perspective,3.63e-05,4.56
2695,pregnant,3.63e-05,4.56
2696,premier,3.63e-05,4.56
2697,promote,3.63e-05,4.56
2698,q,3.63e-05,4.56
2699,revolution,3.63e-05,4.56
2700,rooms,3.63e-05,4.56
2701,severe,3.63e-05,4.56
2702,sleeping,3.63e-05,4.56
2703,suppose,3.63e-05,4.56
2704,tool,3.63e-05,4.56
2705,tournament,3.63e-05,4.56
2706,turkey,3.63e-05,4.56
2707,ve,3.63e-05,4.56
2708,victim,3.63e-05,4.56
2709,victims,3.63e-05,4.56
2710,4th,3.55e-05,4.55
2711,agents,3.55e-05,4.55
2712,amazon,3.55e-05,4.55
2713,arrest,3.55e-05,4.55
2714,attend,3.55e-05,4.55
2715,ban,3.55e-05,4.55
2716,brilliant,3.55e-05,4.55
2717,carbon,3.55e-05,4.55
2718,catholic,3.55e-05,4.55
2719,chose,3.55e-05,4.55
2720,circle,3.55e-05,4.55
2721,concert,3.55e-05,4.55
2722,crash,3.55e-05,4.55
2723,declared,3.55e-05,4.55
2724,deliver,3.55e-05,4.55
2725,depth,3.55e-05,4.55
2726,deputy,3.55e-05,4.55
2727,dirty,3.55e-05,4.55
2728,doctors,3.55e-05,4.55
2729,earned,3.55e-05,4.55
2730,electronic,3.55e-05,4.55
2731,error,3.55e-05,4.55
2732,existence,3.55e-05,4.55
2733,experiences,3.55e-05,4.55
2734,expression,3.55e-05,4.55
2735,factory,3.55e-05,4.55
2736,headed,3.55e-05,4.55
2737,interior,3.55e-05,4.55
2738,joy,3.55e-05,4.55
2739,jr,3.55e-05,4.55
2740,legislation,3.55e-05,4.55
2741,maintenance,3.55e-05,4.55
2742,manner,3.55e-05,4.55
2743,mate,3.55e-05,4.55
2744,matt,3.55e-05,4.55
2745,nearby,3.55e-05,4.55
2746,noise,3.55e-05,4.55
2747,origin,3.55e-05,4.55
2748,pakistan,3.55e-05,4.55
2749,panel,3.55e-05,4.55
2750,personality,3.55e-05,4.55
2751,plate,3.55e-05,4.55
2752,practices,3.55e-05,4.55
2753,prepare,3.55e-05,4.55
2754,relief,3.55e-05,4.55
2755,replaced,3.55e-05,4.55
2756,resistance,3.55e-05,4.55
2757,retail,3.55e-05,4.55
2758,rice,3.55e-05,4.55
2759,roads,3.55e-05,4.55
2760,roof,3.55e-05,4.55
2761,shame,3.55e-05,4.55
2762,ships,3.55e-05,4.55
2763,somewhat,3.55e-05,4.55
2764,staying,3.55e-05,4.55
2765,stronger,3.55e-05,4.55
2766,surely,3.55e-05,4.55
2767,tip,3.55e-05,4.55
2768,updated,3.55e-05,4.55
2769,writers,3.55e-05,4.55
2770,absolute,3.47e-05,4.54
2771,advertising,3.47e-05,4.54
2772,agencies,3.47e-05,4.54
2773,baseball,3.47e-05,4.54
2774,bathroom,3.47e-05,4.54
2775,bible,3.47e-05,4.54
2776,cable,3.47e-05,4.54
2777,calm,3.47e-05,4.54
2778,championship,3.47e-05,4.54
2779,checked,3.47e-05,4.54
2780,client,3.47e-05,4.54
2781,constant,3.47e-05,4.54
2782,da,3.47e-05,4.54
2783,dates,3.47e-05,4.54
2784,degrees,3.47e-05,4.54
2785,democrats,3.47e-05,4.54
2786,doors,3.47e-05,4.54
2787,driven,3.47e-05,4.54
2788,dumb,3.47e-05,4.54
2789,empire,3.47e-05,4.54
2790,exciting,3.47e-05,4.54
2791,expansion,3.47e-05,4.54
2792,he'll,3.47e-05,4.54
2793,heavily,3.47e-05,4.54
2794,hide,3.47e-05,4.54
2795,incident,3.47e-05,4.54
2796,irish,3.47e-05,4.54
2797,linked,3.47e-05,4.54
2798,manage,3.47e-05,4.54
2799,messages,3.47e-05,4.54
2800,michigan,3.47e-05,4.54
2801,multi,3.47e-05,4.54
2802,nfl,3.47e-05,4.54
2803,politicians,3.47e-05,4.54
2804,print,3.47e-05,4.54
2805,quit,3.47e-05,4.54
2806,refused,3.47e-05,4.54
2807,reporting,3.47e-05,4.54
2808,sight,3.47e-05,4.54
2809,significantly,3.47e-05,4.54
2810,sing,3.47e-05,4.54
2811,soviet,3.47e-05,4.54
2812,weapon,3.47e-05,4.54
2813,wet,3.47e-05,4.54
2814,widely,3.47e-05,4.54
2815,worldwide,3.47e-05,4.54
2816,ages,3.39e-05,4.53
2817,anniversary,3.39e-05,4.53
2818,attractive,3.39e-05,4.53
2819,bike,3.39e-05,4.53
2820,broad,3.39e-05,4.53
2821,burn,3.39e-05,4.53
2822,cake,3.39e-05,4.53
2823,causing,3.39e-05,4.53
2824,closely,3.39e-05,4.53
2825,constantly,3.39e-05,4.53
2826,contest,3.39e-05,4.53
2827,deaths,3.39e-05,4.53
2828,depends,3.39e-05,4.53
2829,drawn,3.39e-05,4.53
2830,e.g,3.39e-05,4.53
2831,fees,3.39e-05,4.53
2832,francisco,3.39e-05,4.53
2833,haha,3.39e-05,4.53
2834,hardly,3.39e-05,4.53
2835,hat,3.39e-05,4.53
2836,height,3.39e-05,4.53
2837,hidden,3.39e-05,4.53
2838,hong,3.39e-05,4.53
2839,invited,3.39e-05,4.53
2840,letting,3.39e-05,4.53
2841,loud,3.39e-05,4.53
2842,manchester,3.39e-05,4.53
2843,marine,3.39e-05,4.53
2844,motor,3.39e-05,4.53
2845,officially,3.39e-05,4.53
2846,pc,3.39e-05,4.53
2847,peak,3.39e-05,4.53
2848,portion,3.39e-05,4.53
2849,pounds,3.39e-05,4.53
2850,princess,3.39e-05,4.53
2851,protein,3.39e-05,4.53
2852,puts,3.39e-05,4.53
2853,raw,3.39e-05,4.53
2854,reform,3.39e-05,4.53
2855,regions,3.39e-05,4.53
2856,represented,3.39e-05,4.53
2857,respond,3.39e-05,4.53
2858,retirement,3.39e-05,4.53
2859,sample,3.39e-05,4.53
2860,seats,3.39e-05,4.53
2861,secondary,3.39e-05,4.53
2862,solar,3.39e-05,4.53
2863,somehow,3.39e-05,4.53
2864,stayed,3.39e-05,4.53
2865,suffering,3.39e-05,4.53
2866,sydney,3.39e-05,4.53
2867,today's,3.39e-05,4.53
2868,tries,3.39e-05,4.53
2869,ultimate,3.39e-05,4.53
2870,unknown,3.39e-05,4.53
2871,wilson,3.39e-05,4.53
2872,wondering,3.39e-05,4.53
2873,attached,3.31e-05,4.52
2874,attacked,3.31e-05,4.52
2875,automatically,3.31e-05,4.52
2876,balls,3.31e-05,4.52
2877,battery,3.31e-05,4.52
2878,bills,3.31e-05,4.52
2879,blind,3.31e-05,4.52
2880,breath,3.31e-05,4.52
2881,brief,3.31e-05,4.52
2882,carolina,3.31e-05,4.52
2883,chest,3.31e-05,4.52
2884,conduct,3.31e-05,4.52
2885,debut,3.31e-05,4.52
2886,decade,3.31e-05,4.52
2887,destroy,3.31e-05,4.52
2888,differences,3.31e-05,4.52
2889,edward,3.31e-05,4.52
2890,engaged,3.31e-05,4.52
2891,experts,3.31e-05,4.52
2892,expressed,3.31e-05,4.52
2893,external,3.31e-05,4.52
2894,fantasy,3.31e-05,4.52
2895,ft,3.31e-05,4.52
2896,grab,3.31e-05,4.52
2897,hollywood,3.31e-05,4.52
2898,i.e,3.31e-05,4.52
2899,immediate,3.31e-05,4.52
2900,introduction,3.31e-05,4.52
2901,joseph,3.31e-05,4.52
2902,license,3.31e-05,4.52
2903,paint,3.31e-05,4.52
2904,pilot,3.31e-05,4.52
2905,pink,3.31e-05,4.52
2906,presidential,3.31e-05,4.52
2907,principal,3.31e-05,4.52
2908,recognize,3.31e-05,4.52
2909,recognized,3.31e-05,4.52
2910,registered,3.31e-05,4.52
2911,regularly,3.31e-05,4.52
2912,representatives,3.31e-05,4.52
2913,rising,3.31e-05,4.52
2914,seasons,3.31e-05,4.52
2915,shipping,3.31e-05,4.52
2916,singer,3.31e-05,4.52
2917,smoking,3.31e-05,4.52
2918,steam,3.31e-05,4.52
2919,suffered,3.31e-05,4.52
2920,survive,3.31e-05,4.52
2921,tall,3.31e-05,4.52
2922,thats,3.31e-05,4.52
2923,theatre,3.31e-05,4.52
2924,therapy,3.31e-05,4.52
2925,witness,3.31e-05,4.52
2926,adopted,3.24e-05,4.51
2927,aim,3.24e-05,4.51
2928,campus,3.24e-05,4.51
2929,cap,3.24e-05,4.51
2930,chances,3.24e-05,4.51
2931,childhood,3.24e-05,4.51
2932,clinical,3.24e-05,4.51
2933,clubs,3.24e-05,4.51
2934,comedy,3.24e-05,4.51
2935,commander,3.24e-05,4.51
2936,comparison,3.24e-05,4.51
2937,covers,3.24e-05,4.51
2938,dan,3.24e-05,4.51
2939,defeat,3.24e-05,4.51
2940,defence,3.24e-05,4.51
2941,democracy,3.24e-05,4.51
2942,detailed,3.24e-05,4.51
2943,entitled,3.24e-05,4.51
2944,exact,3.24e-05,4.51
2945,exposed,3.24e-05,4.51
2946,fed,3.24e-05,4.51
2947,fee,3.24e-05,4.51
2948,injured,3.24e-05,4.51
2949,jan,3.24e-05,4.51
2950,jordan,3.24e-05,4.51
2951,kinds,3.24e-05,4.51
2952,lets,3.24e-05,4.51
2953,loans,3.24e-05,4.51
2954,lock,3.24e-05,4.51
2955,musical,3.24e-05,4.51
2956,nose,3.24e-05,4.51
2957,objects,3.24e-05,4.51
2958,opposed,3.24e-05,4.51
2959,organized,3.24e-05,4.51
2960,plastic,3.24e-05,4.51
2961,protected,3.24e-05,4.51
2962,purposes,3.24e-05,4.51
2963,quote,3.24e-05,4.51
2964,recording,3.24e-05,4.51
2965,semi,3.24e-05,4.51
2966,statements,3.24e-05,4.51
2967,suspect,3.24e-05,4.51
2968,swear,3.24e-05,4.51
2969,techniques,3.24e-05,4.51
2970,tie,3.24e-05,4.51
2971,tim,3.24e-05,4.51
2972,trend,3.24e-05,4.51
2973,valuable,3.24e-05,4.51
2974,wealth,3.24e-05,4.51
2975,wise,3.24e-05,4.51
2976,yards,3.24e-05,4.51
2977,aged,3.16e-05,4.5
2978,approval,3.16e-05,4.5
2979,aspects,3.16e-05,4.5
2980,attempts,3.16e-05,4.5
2981,bread,3.16e-05,4.5
2982,burning,3.16e-05,4.5
2983,champions,3.16e-05,4.5
2984,contain,3.16e-05,4.5
2985,convention,3.16e-05,4.5
2986,dancing,3.16e-05,4.5
2987,document,3.16e-05,4.5
2988,eggs,3.16e-05,4.5
2989,employee,3.16e-05,4.5
2990,en,3.16e-05,4.5
2991,engineer,3.16e-05,4.5
2992,equivalent,3.16e-05,4.5
2993,facing,3.16e-05,4.5
2994,fairly,3.16e-05,4.5
2995,fingers,3.16e-05,4.5
2996,ford,3.16e-05,4.5
2997,founded,3.16e-05,4.5
2998,functions,3.16e-05,4.5
2999,gang,3.16e-05,4.5
3000,graduate,3.16e-05,4.5
3001,greek,3.16e-05,4.5
3002,hanging,3.16e-05,4.5
3003,inner,3.16e-05,4.5
3004,islands,3.16e-05,4.5
3005,le,3.16e-05,4.5
3006,lift,3.16e-05,4.5
3007,marked,3.16e-05,4.5
3008,memories,3.16e-05,4.5
3009,miller,3.16e-05,4.5
3010,monthly,3.16e-05,4.5
3011,mountains,3.16e-05,4.5
3012,neighborhood,3.16e-05,4.5
3013,operate,3.16e-05,4.5
3014,outstanding,3.16e-05,4.5
3015,permission,3.16e-05,4.5
3016,porn,3.16e-05,4.5
3017,racing,3.16e-05,4.5
3018,recommended,3.16e-05,4.5
3019,regulations,3.16e-05,4.5
3020,reply,3.16e-05,4.5
3021,republicans,3.16e-05,4.5
3022,rid,3.16e-05,4.5
3023,roman,3.16e-05,4.5
3024,scientists,3.16e-05,4.5
3025,shoulder,3.16e-05,4.5
3026,shower,3.16e-05,4.5
3027,solutions,3.16e-05,4.5
3028,sons,3.16e-05,4.5
3029,stations,3.16e-05,4.5
3030,stephen,3.16e-05,4.5
3031,tower,3.16e-05,4.5
3032,tradition,3.16e-05,4.5
3033,visited,3.16e-05,4.5
3034,visual,3.16e-05,4.5
3035,wheel,3.16e-05,4.5
3036,zealand,3.16e-05,4.5
3037,achieved,3.09e-05,4.49
3038,admitted,3.09e-05,4.49
3039,appointment,3.09e-05,4.49
3040,authors,3.09e-05,4.49
3041,barely,3.09e-05,4.49
3042,bc,3.09e-05,4.49
3043,bush,3.09e-05,4.49
3044,cabinet,3.09e-05,4.49
3045,celebrate,3.09e-05,4.49
3046,challenges,3.09e-05,4.49
3047,chocolate,3.09e-05,4.49
3048,coal,3.09e-05,4.49
3049,colour,3.09e-05,4.49
3050,contemporary,3.09e-05,4.49
3051,criticism,3.09e-05,4.49
3052,davis,3.09e-05,4.49
3053,dna,3.09e-05,4.49
3054,effectively,3.09e-05,4.49
3055,eric,3.09e-05,4.49
3056,extensive,3.09e-05,4.49
3057,faced,3.09e-05,4.49
3058,filed,3.09e-05,4.49
3059,formation,3.09e-05,4.49
3060,fought,3.09e-05,4.49
3061,gained,3.09e-05,4.49
3062,gallery,3.09e-05,4.49
3063,highway,3.09e-05,4.49
3064,historic,3.09e-05,4.49
3065,hunt,3.09e-05,4.49
3066,improvement,3.09e-05,4.49
3067,inch,3.09e-05,4.49
3068,initially,3.09e-05,4.49
3069,junior,3.09e-05,4.49
3070,jury,3.09e-05,4.49
3071,kong,3.09e-05,4.49
3072,korean,3.09e-05,4.49
3073,marks,3.09e-05,4.49
3074,monster,3.09e-05,4.49
3075,obtained,3.09e-05,4.49
3076,olympic,3.09e-05,4.49
3077,philosophy,3.09e-05,4.49
3078,pride,3.09e-05,4.49
3079,promised,3.09e-05,4.49
3080,repeat,3.09e-05,4.49
3081,returning,3.09e-05,4.49
3082,riding,3.09e-05,4.49
3083,rough,3.09e-05,4.49
3084,santa,3.09e-05,4.49
3085,settlement,3.09e-05,4.49
3086,smell,3.09e-05,4.49
3087,sought,3.09e-05,4.49
3088,speaker,3.09e-05,4.49
3089,studied,3.09e-05,4.49
3090,suggests,3.09e-05,4.49
3091,surrounding,3.09e-05,4.49
3092,tone,3.09e-05,4.49
3093,topic,3.09e-05,4.49
3094,toronto,3.09e-05,4.49
3095,universal,3.09e-05,4.49
3096,vast,3.09e-05,4.49
3097,visitors,3.09e-05,4.49
3098,wanting,3.09e-05,4.49
3099,auto,3.02e-05,4.48
3100,consistent,3.02e-05,4.48
3101,continuing,3.02e-05,4.48
3102,earn,3.02e-05,4.48
3103,exists,3.02e-05,4.48
3104,finger,3.02e-05,4.48
3105,grey,3.02e-05,4.48
3106,guitar,3.02e-05,4.48
3107,heading,3.02e-05,4.48
3108,howard,3.02e-05,4.48
3109,ignore,3.02e-05,4.48
3110,involving,3.02e-05,4.48
3111,latin,3.02e-05,4.48
3112,lewis,3.02e-05,4.48
3113,meal,3.02e-05,4.48
3114,meanwhile,3.02e-05,4.48
3115,meetings,3.02e-05,4.48
3116,naturally,3.02e-05,4.48
3117,necessarily,3.02e-05,4.48
3118,offices,3.02e-05,4.48
3119,pants,3.02e-05,4.48
3120,partnership,3.02e-05,4.48
3121,payments,3.02e-05,4.48
3122,percentage,3.02e-05,4.48
3123,pocket,3.02e-05,4.48
3124,practical,3.02e-05,4.48
3125,primarily,3.02e-05,4.48
3126,proved,3.02e-05,4.48
3127,rape,3.02e-05,4.48
3128,regardless,3.02e-05,4.48
3129,relative,3.02e-05,4.48
3130,represents,3.02e-05,4.48
3131,rescue,3.02e-05,4.48
3132,resulting,3.02e-05,4.48
3133,rush,3.02e-05,4.48
3134,sarah,3.02e-05,4.48
3135,sessions,3.02e-05,4.48
3136,sharp,3.02e-05,4.48
3137,simon,3.02e-05,4.48
3138,soccer,3.02e-05,4.48
3139,stable,3.02e-05,4.48
3140,structures,3.02e-05,4.48
3141,supplies,3.02e-05,4.48
3142,symptoms,3.02e-05,4.48
3143,temporary,3.02e-05,4.48
3144,tested,3.02e-05,4.48
3145,trick,3.02e-05,4.48
3146,attended,2.95e-05,4.47
3147,audio,2.95e-05,4.47
3148,bone,2.95e-05,4.47
3149,brian,2.95e-05,4.47
3150,bullshit,2.95e-05,4.47
3151,chamber,2.95e-05,4.47
3152,chart,2.95e-05,4.47
3153,children's,2.95e-05,4.47
3154,circuit,2.95e-05,4.47
3155,clothing,2.95e-05,4.47
3156,complicated,2.95e-05,4.47
3157,confused,2.95e-05,4.47
3158,consequences,2.95e-05,4.47
3159,defend,2.95e-05,4.47
3160,divided,2.95e-05,4.47
3161,elizabeth,2.95e-05,4.47
3162,everyday,2.95e-05,4.47
3163,extent,2.95e-05,4.47
3164,fishing,2.95e-05,4.47
3165,format,2.95e-05,4.47
3166,gap,2.95e-05,4.47
3167,gate,2.95e-05,4.47
3168,gotten,2.95e-05,4.47
3169,harm,2.95e-05,4.47
3170,healthcare,2.95e-05,4.47
3171,household,2.95e-05,4.47
3172,immigration,2.95e-05,4.47
3173,impressive,2.95e-05,4.47
3174,jews,2.95e-05,4.47
3175,joining,2.95e-05,4.47
3176,killer,2.95e-05,4.47
3177,lesson,2.95e-05,4.47
3178,limits,2.95e-05,4.47
3179,loving,2.95e-05,4.47
3180,ltd,2.95e-05,4.47
3181,managers,2.95e-05,4.47
3182,membership,2.95e-05,4.47
3183,miami,2.95e-05,4.47
3184,mirror,2.95e-05,4.47
3185,mount,2.95e-05,4.47
3186,nights,2.95e-05,4.47
3187,occur,2.95e-05,4.47
3188,parking,2.95e-05,4.47
3189,proposal,2.95e-05,4.47
3190,province,2.95e-05,4.47
3191,purchased,2.95e-05,4.47
3192,recognition,2.95e-05,4.47
3193,reputation,2.95e-05,4.47
3194,rolling,2.95e-05,4.47
3195,shortly,2.95e-05,4.47
3196,situations,2.95e-05,4.47
3197,strongly,2.95e-05,4.47
3198,tears,2.95e-05,4.47
3199,technique,2.95e-05,4.47
3200,thin,2.95e-05,4.47
3201,tied,2.95e-05,4.47
3202,z,2.95e-05,4.47
3203,3d,2.88e-05,4.46
3204,accused,2.88e-05,4.46
3205,adventure,2.88e-05,4.46
3206,argue,2.88e-05,4.46
3207,assessment,2.88e-05,4.46
3208,atmosphere,2.88e-05,4.46
3209,awful,2.88e-05,4.46
3210,bedroom,2.88e-05,4.46
3211,belief,2.88e-05,4.46
3212,bound,2.88e-05,4.46
3213,breaks,2.88e-05,4.46
3214,carefully,2.88e-05,4.46
3215,cats,2.88e-05,4.46
3216,ceo,2.88e-05,4.46
3217,choices,2.88e-05,4.46
3218,closing,2.88e-05,4.46
3219,cloud,2.88e-05,4.46
3220,colorado,2.88e-05,4.46
3221,colors,2.88e-05,4.46
3222,contrast,2.88e-05,4.46
3223,courses,2.88e-05,4.46
3224,courts,2.88e-05,4.46
3225,donald,2.88e-05,4.46
3226,drew,2.88e-05,4.46
3227,egg,2.88e-05,4.46
3228,element,2.88e-05,4.46
3229,elsewhere,2.88e-05,4.46
3230,establish,2.88e-05,4.46
3231,extension,2.88e-05,4.46
3232,files,2.88e-05,4.46
3233,founder,2.88e-05,4.46
3234,gear,2.88e-05,4.46
3235,georgia,2.88e-05,4.46
3236,hills,2.88e-05,4.46
3237,hip,2.88e-05,4.46
3238,hitting,2.88e-05,4.46
3239,increases,2.88e-05,4.46
3240,infrastructure,2.88e-05,4.46
3241,jason,2.88e-05,4.46
3242,locations,2.88e-05,4.46
3243,loose,2.88e-05,4.46
3244,machines,2.88e-05,4.46
3245,men's,2.88e-05,4.46
3246,moral,2.88e-05,4.46
3247,offensive,2.88e-05,4.46
3248,pa,2.88e-05,4.46
3249,package,2.88e-05,4.46
3250,pointed,2.88e-05,4.46
3251,poverty,2.88e-05,4.46
3252,processes,2.88e-05,4.46
3253,processing,2.88e-05,4.46
3254,qualified,2.88e-05,4.46
3255,railway,2.88e-05,4.46
3256,reaching,2.88e-05,4.46
3257,ridiculous,2.88e-05,4.46
3258,sensitive,2.88e-05,4.46
3259,server,2.88e-05,4.46
3260,shock,2.88e-05,4.46
3261,silence,2.88e-05,4.46
3262,soldier,2.88e-05,4.46
3263,superior,2.88e-05,4.46
3264,supporters,2.88e-05,4.46
3265,thick,2.88e-05,4.46
3266,threw,2.88e-05,4.46
3267,tons,2.88e-05,4.46
3268,transition,2.88e-05,4.46
3269,violent,2.88e-05,4.46
3270,voters,2.88e-05,4.46
3271,wash,2.88e-05,4.46
3272,acid,2.82e-05,4.45
3273,actress,2.82e-05,4.45
3274,administrative,2.82e-05,4.45
3275,alan,2.82e-05,4.45
3276,alongside,2.82e-05,4.45
3277,angel,2.82e-05,4.45
3278,anxiety,2.82e-05,4.45
3279,babies,2.82e-05,4.45
3280,bars,2.82e-05,4.45
3281,bonus,2.82e-05,4.45
3282,castle,2.82e-05,4.45
3283,charity,2.82e-05,4.45
3284,clients,2.82e-05,4.45
3285,compare,2.82e-05,4.45
3286,contained,2.82e-05,4.45
3287,cooking,2.82e-05,4.45
3288,covering,2.82e-05,4.45
3289,curious,2.82e-05,4.45
3290,directors,2.82e-05,4.45
3291,discovery,2.82e-05,4.45
3292,discussed,2.82e-05,4.45
3293,duke,2.82e-05,4.45
3294,egypt,2.82e-05,4.45
3295,encourage,2.82e-05,4.45
3296,enforcement,2.82e-05,4.45
3297,featuring,2.82e-05,4.45
3298,finals,2.82e-05,4.45
3299,flash,2.82e-05,4.45
3300,formal,2.82e-05,4.45
3301,formula,2.82e-05,4.45
3302,fort,2.82e-05,4.45
3303,governments,2.82e-05,4.45
3304,gray,2.82e-05,4.45
3305,gross,2.82e-05,4.45
3306,horses,2.82e-05,4.45
3307,hungry,2.82e-05,4.45
3308,informed,2.82e-05,4.45
3309,innocent,2.82e-05,4.45
3310,jeff,2.82e-05,4.45
3311,losses,2.82e-05,4.45
3312,luke,2.82e-05,4.45
3313,mac,2.82e-05,4.45
3314,math,2.82e-05,4.45
3315,minds,2.82e-05,4.45
3316,mistakes,2.82e-05,4.45
3317,mystery,2.82e-05,4.45
3318,networks,2.82e-05,4.45
3319,olympics,2.82e-05,4.45
3320,palace,2.82e-05,4.45
3321,passes,2.82e-05,4.45
3322,penalty,2.82e-05,4.45
3323,pet,2.82e-05,4.45
3324,phones,2.82e-05,4.45
3325,photography,2.82e-05,4.45
3326,producing,2.82e-05,4.45
3327,protest,2.82e-05,4.45
3328,publication,2.82e-05,4.45
3329,rating,2.82e-05,4.45
3330,refer,2.82e-05,4.45
3331,respectively,2.82e-05,4.45
3332,rome,2.82e-05,4.45
3333,scheduled,2.82e-05,4.45
3334,select,2.82e-05,4.45
3335,silent,2.82e-05,4.45
3336,spoken,2.82e-05,4.45
3337,successfully,2.82e-05,4.45
3338,suffer,2.82e-05,4.45
3339,temple,2.82e-05,4.45
3340,tracks,2.82e-05,4.45
3341,trail,2.82e-05,4.45
3342,uncle,2.82e-05,4.45
3343,unusual,2.82e-05,4.45
3344,waters,2.82e-05,4.45
3345,woods,2.82e-05,4.45
3346,yo,2.82e-05,4.45
3347,arrival,2.75e-05,4.44
3348,asks,2.75e-05,4.44
3349,assault,2.75e-05,4.44
3350,awareness,2.75e-05,4.44
3351,badly,2.75e-05,4.44
3352,bath,2.75e-05,4.44
3353,captured,2.75e-05,4.44
3354,chase,2.75e-05,4.44
3355,components,2.75e-05,4.44
3356,concrete,2.75e-05,4.44
3357,dave,2.75e-05,4.44
3358,deeply,2.75e-05,4.44
3359,expectations,2.75e-05,4.44
3360,explanation,2.75e-05,4.44
3361,exposure,2.75e-05,4.44
3362,featured,2.75e-05,4.44
3363,fiction,2.75e-05,4.44
3364,guarantee,2.75e-05,4.44
3365,happiness,2.75e-05,4.44
3366,harris,2.75e-05,4.44
3367,hearts,2.75e-05,4.44
3368,horrible,2.75e-05,4.44
3369,ideal,2.75e-05,4.44
3370,illinois,2.75e-05,4.44
3371,injuries,2.75e-05,4.44
3372,islamic,2.75e-05,4.44
3373,jimmy,2.75e-05,4.44
3374,kelly,2.75e-05,4.44
3375,legend,2.75e-05,4.44
3376,lieutenant,2.75e-05,4.44
3377,mini,2.75e-05,4.44
3378,mood,2.75e-05,4.44
3379,muscle,2.75e-05,4.44
3380,muslims,2.75e-05,4.44
3381,p.m,2.75e-05,4.44
3382,passion,2.75e-05,4.44
3383,picking,2.75e-05,4.44
3384,pleased,2.75e-05,4.44
3385,procedure,2.75e-05,4.44
3386,producer,2.75e-05,4.44
3387,pushing,2.75e-05,4.44
3388,rank,2.75e-05,4.44
3389,replacement,2.75e-05,4.44
3390,retired,2.75e-05,4.44
3391,roles,2.75e-05,4.44
3392,sand,2.75e-05,4.44
3393,savings,2.75e-05,4.44
3394,settled,2.75e-05,4.44
3395,shadow,2.75e-05,4.44
3396,singles,2.75e-05,4.44
3397,tag,2.75e-05,4.44
3398,tape,2.75e-05,4.44
3399,thread,2.75e-05,4.44
3400,victoria,2.75e-05,4.44
3401,visiting,2.75e-05,4.44
3402,wage,2.75e-05,4.44
3403,we'd,2.75e-05,4.44
3404,wings,2.75e-05,4.44
3405,andy,2.69e-05,4.43
3406,avenue,2.69e-05,4.43
3407,bags,2.69e-05,4.43
3408,beating,2.69e-05,4.43
3409,believes,2.69e-05,4.43
3410,blocks,2.69e-05,4.43
3411,boring,2.69e-05,4.43
3412,charlie,2.69e-05,4.43
3413,checking,2.69e-05,4.43
3414,clock,2.69e-05,4.43
3415,commissioner,2.69e-05,4.43
3416,commitment,2.69e-05,4.43
3417,confident,2.69e-05,4.43
3418,containing,2.69e-05,4.43
3419,copies,2.69e-05,4.43
3420,crimes,2.69e-05,4.43
3421,custom,2.69e-05,4.43
3422,denied,2.69e-05,4.43
3423,desk,2.69e-05,4.43
3424,drinks,2.69e-05,4.43
3425,ear,2.69e-05,4.43
3426,electricity,2.69e-05,4.43
3427,episodes,2.69e-05,4.43
3428,farmers,2.69e-05,4.43
3429,fbi,2.69e-05,4.43
3430,grounds,2.69e-05,4.43
3431,gym,2.69e-05,4.43
3432,helpful,2.69e-05,4.43
3433,horror,2.69e-05,4.43
3434,iphone,2.69e-05,4.43
3435,iraq,2.69e-05,4.43
3436,label,2.69e-05,4.43
3437,liverpool,2.69e-05,4.43
3438,locked,2.69e-05,4.43
3439,naked,2.69e-05,4.43
3440,ny,2.69e-05,4.43
3441,opens,2.69e-05,4.43
3442,output,2.69e-05,4.43
3443,persons,2.69e-05,4.43
3444,pitch,2.69e-05,4.43
3445,pizza,2.69e-05,4.43
3446,plain,2.69e-05,4.43
3447,pushed,2.69e-05,4.43
3448,raising,2.69e-05,4.43
3449,rear,2.69e-05,4.43
3450,reveal,2.69e-05,4.43
3451,romantic,2.69e-05,4.43
3452,scores,2.69e-05,4.43
3453,sisters,2.69e-05,4.43
3454,speaks,2.69e-05,4.43
3455,stages,2.69e-05,4.43
3456,strategic,2.69e-05,4.43
3457,swimming,2.69e-05,4.43
3458,welfare,2.69e-05,4.43
3459,winners,2.69e-05,4.43
3460,wire,2.69e-05,4.43
3461,worker,2.69e-05,4.43
3462,5th,2.63e-05,4.42
3463,afterwards,2.63e-05,4.42
3464,alright,2.63e-05,4.42
3465,android,2.63e-05,4.42
3466,anger,2.63e-05,4.42
3467,architecture,2.63e-05,4.42
3468,assist,2.63e-05,4.42
3469,attempted,2.63e-05,4.42
3470,behalf,2.63e-05,4.42
3471,belt,2.63e-05,4.42
3472,capture,2.63e-05,4.42
3473,centers,2.63e-05,4.42
3474,ceremony,2.63e-05,4.42
3475,comic,2.63e-05,4.42
3476,cops,2.63e-05,4.42
3477,cuts,2.63e-05,4.42
3478,dallas,2.63e-05,4.42
3479,designer,2.63e-05,4.42
3480,diamond,2.63e-05,4.42
3481,disappointed,2.63e-05,4.42
3482,dressed,2.63e-05,4.42
3483,economics,2.63e-05,4.42
3484,efficient,2.63e-05,4.42
3485,electrical,2.63e-05,4.42
3486,employed,2.63e-05,4.42
3487,enjoying,2.63e-05,4.42
3488,entering,2.63e-05,4.42
3489,essentially,2.63e-05,4.42
3490,establishment,2.63e-05,4.42
3491,expecting,2.63e-05,4.42
3492,explains,2.63e-05,4.42
3493,flower,2.63e-05,4.42
3494,ghost,2.63e-05,4.42
3495,guests,2.63e-05,4.42
3496,handed,2.63e-05,4.42
3497,hockey,2.63e-05,4.42
3498,houston,2.63e-05,4.42
3499,https,2.63e-05,4.42
3500,hunting,2.63e-05,4.42
3501,industries,2.63e-05,4.42
3502,islam,2.63e-05,4.42
3503,jane,2.63e-05,4.42
3504,judges,2.63e-05,4.42
3505,kit,2.63e-05,4.42
3506,lab,2.63e-05,4.42
3507,languages,2.63e-05,4.42
3508,maps,2.63e-05,4.42
3509,min,2.63e-05,4.42
3510,morgan,2.63e-05,4.42
3511,moscow,2.63e-05,4.42
3512,na,2.63e-05,4.42
3513,nervous,2.63e-05,4.42
3514,newly,2.63e-05,4.42
3515,odd,2.63e-05,4.42
3516,op,2.63e-05,4.42
3517,ordinary,2.63e-05,4.42
3518,participate,2.63e-05,4.42
3519,philadelphia,2.63e-05,4.42
3520,prayer,2.63e-05,4.42
3521,principles,2.63e-05,4.42
3522,racist,2.63e-05,4.42
3523,rarely,2.63e-05,4.42
3524,references,2.63e-05,4.42
3525,sexy,2.63e-05,4.42
3526,skill,2.63e-05,4.42
3527,soil,2.63e-05,4.42
3528,solve,2.63e-05,4.42
3529,stomach,2.63e-05,4.42
3530,struck,2.63e-05,4.42
3531,studying,2.63e-05,4.42
3532,suck,2.63e-05,4.42
3533,supports,2.63e-05,4.42
3534,trash,2.63e-05,4.42
3535,ugly,2.63e-05,4.42
3536,vegas,2.63e-05,4.42
3537,virus,2.63e-05,4.42
3538,walker,2.63e-05,4.42
3539,whoever,2.63e-05,4.42
3540,amounts,2.57e-05,4.41
3541,anthony,2.57e-05,4.41
3542,arthur,2.57e-05,4.41
3543,aspect,2.57e-05,4.41
3544,banned,2.57e-05,4.41
3545,boost,2.57e-05,4.41
3546,bureau,2.57e-05,4.41
3547,colonel,2.57e-05,4.41
3548,comfort,2.57e-05,4.41
3549,controls,2.57e-05,4.41
3550,cousin,2.57e-05,4.41
3551,crack,2.57e-05,4.41
3552,deck,2.57e-05,4.41
3553,demands,2.57e-05,4.41
3554,dies,2.57e-05,4.41
3555,dragon,2.57e-05,4.41
3556,dramatic,2.57e-05,4.41
3557,dust,2.57e-05,4.41
3558,dutch,2.57e-05,4.41
3559,engineers,2.57e-05,4.41
3560,evolution,2.57e-05,4.41
3561,foods,2.57e-05,4.41
3562,hired,2.57e-05,4.41
3563,illness,2.57e-05,4.41
3564,inspiration,2.57e-05,4.41
3565,institution,2.57e-05,4.41
3566,kings,2.57e-05,4.41
3567,knife,2.57e-05,4.41
3568,lately,2.57e-05,4.41
3569,lowest,2.57e-05,4.41
3570,memorial,2.57e-05,4.41
3571,mexican,2.57e-05,4.41
3572,minority,2.57e-05,4.41
3573,mum,2.57e-05,4.41
3574,opinions,2.57e-05,4.41
3575,patterns,2.57e-05,4.41
3576,presents,2.57e-05,4.41
3577,priority,2.57e-05,4.41
3578,promotion,2.57e-05,4.41
3579,rail,2.57e-05,4.41
3580,readers,2.57e-05,4.41
3581,remote,2.57e-05,4.41
3582,repair,2.57e-05,4.41
3583,root,2.57e-05,4.41
3584,saint,2.57e-05,4.41
3585,steal,2.57e-05,4.41
3586,stolen,2.57e-05,4.41
3587,telephone,2.57e-05,4.41
3588,tho,2.57e-05,4.41
3589,titles,2.57e-05,4.41
3590,trans,2.57e-05,4.41
3591,ups,2.57e-05,4.41
3592,vol,2.57e-05,4.41
3593,whereas,2.57e-05,4.41
3594,abandoned,2.51e-05,4.4
3595,acquired,2.51e-05,4.4
3596,actors,2.51e-05,4.4
3597,alexander,2.51e-05,4.4
3598,alliance,2.51e-05,4.4
3599,annoying,2.51e-05,4.4
3600,ap,2.51e-05,4.4
3601,bid,2.51e-05,4.4
3602,bro,2.51e-05,4.4
3603,buddy,2.51e-05,4.4
3604,buried,2.51e-05,4.4
3605,butter,2.51e-05,4.4
3606,cares,2.51e-05,4.4
3607,columbia,2.51e-05,4.4
3608,conclusion,2.51e-05,4.4
3609,confirm,2.51e-05,4.4
3610,congratulations,2.51e-05,4.4
3611,contracts,2.51e-05,4.4
3612,convinced,2.51e-05,4.4
3613,crap,2.51e-05,4.4
3614,crystal,2.51e-05,4.4
3615,dean,2.51e-05,4.4
3616,decent,2.51e-05,4.4
3617,decline,2.51e-05,4.4
3618,delay,2.51e-05,4.4
3619,describes,2.51e-05,4.4
3620,desert,2.51e-05,4.4
3621,downtown,2.51e-05,4.4
3622,elite,2.51e-05,4.4
3623,enemies,2.51e-05,4.4
3624,forgotten,2.51e-05,4.4
3625,forth,2.51e-05,4.4
3626,gods,2.51e-05,4.4
3627,hadn't,2.51e-05,4.4
3628,hire,2.51e-05,4.4
3629,hop,2.51e-05,4.4
3630,hopes,2.51e-05,4.4
3631,insane,2.51e-05,4.4
3632,installed,2.51e-05,4.4
3633,israeli,2.51e-05,4.4
3634,landing,2.51e-05,4.4
3635,layer,2.51e-05,4.4
3636,managing,2.51e-05,4.4
3637,marry,2.51e-05,4.4
3638,nah,2.51e-05,4.4
3639,nowhere,2.51e-05,4.4
3640,nurse,2.51e-05,4.4
3641,obtain,2.51e-05,4.4
3642,organic,2.51e-05,4.4
3643,ownership,2.51e-05,4.4
3644,participants,2.51e-05,4.4
3645,pennsylvania,2.51e-05,4.4
3646,poetry,2.51e-05,4.4
3647,pot,2.51e-05,4.4
3648,pray,2.51e-05,4.4
3649,printed,2.51e-05,4.4
3650,recall,2.51e-05,4.4
3651,rugby,2.51e-05,4.4
3652,sake,2.51e-05,4.4
3653,sheet,2.51e-05,4.4
3654,signing,2.51e-05,4.4
3655,smooth,2.51e-05,4.4
3656,spiritual,2.51e-05,4.4
3657,stops,2.51e-05,4.4
3658,string,2.51e-05,4.4
3659,sudden,2.51e-05,4.4
3660,sweden,2.51e-05,4.4
3661,syria,2.51e-05,4.4
3662,throwing,2.51e-05,4.4
3663,thrown,2.51e-05,4.4
3664,vacation,2.51e-05,4.4
3665,abroad,2.45e-05,4.39
3666,arab,2.45e-05,4.39
3667,assigned,2.45e-05,4.39
3668,associate,2.45e-05,4.39
3669,assumed,2.45e-05,4.39
3670,atlantic,2.45e-05,4.39
3671,bench,2.45e-05,4.39
3672,bother,2.45e-05,4.39
3673,broadcast,2.45e-05,4.39
3674,bye,2.45e-05,4.39
3675,cambridge,2.45e-05,4.39
3676,citizen,2.45e-05,4.39
3677,cleaning,2.45e-05,4.39
3678,compete,2.45e-05,4.39
3679,consists,2.45e-05,4.39
3680,consumers,2.45e-05,4.39
3681,contributed,2.45e-05,4.39
3682,cricket,2.45e-05,4.39
3683,critics,2.45e-05,4.39
3684,damaged,2.45e-05,4.39
3685,disaster,2.45e-05,4.39
3686,discover,2.45e-05,4.39
3687,disney,2.45e-05,4.39
3688,entrance,2.45e-05,4.39
3689,equally,2.45e-05,4.39
3690,fallen,2.45e-05,4.39
3691,figured,2.45e-05,4.39
3692,fitness,2.45e-05,4.39
3693,francis,2.45e-05,4.39
3694,friendship,2.45e-05,4.39
3695,gary,2.45e-05,4.39
3696,handling,2.45e-05,4.39
3697,idiot,2.45e-05,4.39
3698,intense,2.45e-05,4.39
3699,keys,2.45e-05,4.39
3700,lawyers,2.45e-05,4.39
3701,lifetime,2.45e-05,4.39
3702,liquid,2.45e-05,4.39
3703,makeup,2.45e-05,4.39
3704,medal,2.45e-05,4.39
3705,mortgage,2.45e-05,4.39
3706,narrative,2.45e-05,4.39
3707,narrow,2.45e-05,4.39
3708,nba,2.45e-05,4.39
3709,observed,2.45e-05,4.39
3710,occasionally,2.45e-05,4.39
3711,one's,2.45e-05,4.39
3712,pan,2.45e-05,4.39
3713,physics,2.45e-05,4.39
3714,posting,2.45e-05,4.39
3715,potentially,2.45e-05,4.39
3716,reduction,2.45e-05,4.39
3717,reflect,2.45e-05,4.39
3718,refuse,2.45e-05,4.39
3719,researchers,2.45e-05,4.39
3720,resource,2.45e-05,4.39
3721,roger,2.45e-05,4.39
3722,ross,2.45e-05,4.39
3723,sciences,2.45e-05,4.39
3724,seattle,2.45e-05,4.39
3725,serves,2.45e-05,4.39
3726,shell,2.45e-05,4.39
3727,silly,2.45e-05,4.39
3728,subsequent,2.45e-05,4.39
3729,they'd,2.45e-05,4.39
3730,towns,2.45e-05,4.39
3731,translation,2.45e-05,4.39
3732,visible,2.45e-05,4.39
3733,yep,2.45e-05,4.39
3734,adds,2.4e-05,4.38
3735,allen,2.4e-05,4.38
3736,amendment,2.4e-05,4.38
3737,angle,2.4e-05,4.38
3738,arizona,2.4e-05,4.38
3739,arrive,2.4e-05,4.38
3740,belong,2.4e-05,4.38
3741,berlin,2.4e-05,4.38
3742,bishop,2.4e-05,4.38
3743,channels,2.4e-05,4.38
3744,clark,2.4e-05,4.38
3745,commonly,2.4e-05,4.38
3746,connect,2.4e-05,4.38
3747,defensive,2.4e-05,4.38
3748,designs,2.4e-05,4.38
3749,efficiency,2.4e-05,4.38
3750,enterprise,2.4e-05,4.38
3751,experiment,2.4e-05,4.38
3752,feb,2.4e-05,4.38
3753,females,2.4e-05,4.38
3754,findings,2.4e-05,4.38
3755,firms,2.4e-05,4.38
3756,forum,2.4e-05,4.38
3757,gifts,2.4e-05,4.38
3758,grass,2.4e-05,4.38
3759,hence,2.4e-05,4.38
3760,increasingly,2.4e-05,4.38
3761,incredibly,2.4e-05,4.38
3762,iv,2.4e-05,4.38
3763,jay,2.4e-05,4.38
3764,journalist,2.4e-05,4.38
3765,kicked,2.4e-05,4.38
3766,lessons,2.4e-05,4.38
3767,lists,2.4e-05,4.38
3768,maintained,2.4e-05,4.38
3769,mill,2.4e-05,4.38
3770,mo,2.4e-05,4.38
3771,occasion,2.4e-05,4.38
3772,oxford,2.4e-05,4.38
3773,pace,2.4e-05,4.38
3774,passenger,2.4e-05,4.38
3775,pen,2.4e-05,4.38
3776,pope,2.4e-05,4.38
3777,possession,2.4e-05,4.38
3778,pp,2.4e-05,4.38
3779,races,2.4e-05,4.38
3780,rapid,2.4e-05,4.38
3781,regulation,2.4e-05,4.38
3782,resident,2.4e-05,4.38
3783,rocks,2.4e-05,4.38
3784,shaped,2.4e-05,4.38
3785,sixth,2.4e-05,4.38
3786,spin,2.4e-05,4.38
3787,styles,2.4e-05,4.38
3788,subjects,2.4e-05,4.38
3789,sucks,2.4e-05,4.38
3790,suitable,2.4e-05,4.38
3791,thirty,2.4e-05,4.38
3792,valid,2.4e-05,4.38
3793,vital,2.4e-05,4.38
3794,whilst,2.4e-05,4.38
3795,year's,2.4e-05,4.38
3796,agriculture,2.34e-05,4.37
3797,alleged,2.34e-05,4.37
3798,anna,2.34e-05,4.37
3799,atlanta,2.34e-05,4.37
3800,bands,2.34e-05,4.37
3801,christians,2.34e-05,4.37
3802,collect,2.34e-05,4.37
3803,commerce,2.34e-05,4.37
3804,cop,2.34e-05,4.37
3805,creek,2.34e-05,4.37
3806,currency,2.34e-05,4.37
3807,emotions,2.34e-05,4.37
3808,exhibition,2.34e-05,4.37
3809,fraud,2.34e-05,4.37
3810,funeral,2.34e-05,4.37
3811,genuine,2.34e-05,4.37
3812,god's,2.34e-05,4.37
3813,gordon,2.34e-05,4.37
3814,honey,2.34e-05,4.37
3815,honour,2.34e-05,4.37
3816,hook,2.34e-05,4.37
3817,hunter,2.34e-05,4.37
3818,immigrants,2.34e-05,4.37
3819,improving,2.34e-05,4.37
3820,instructions,2.34e-05,4.37
3821,introduce,2.34e-05,4.37
3822,kansas,2.34e-05,4.37
3823,km,2.34e-05,4.37
3824,lands,2.34e-05,4.37
3825,legacy,2.34e-05,4.37
3826,log,2.34e-05,4.37
3827,matthew,2.34e-05,4.37
3828,merely,2.34e-05,4.37
3829,monitor,2.34e-05,4.37
3830,mother's,2.34e-05,4.37
3831,nov,2.34e-05,4.37
3832,patrick,2.34e-05,4.37
3833,phil,2.34e-05,4.37
3834,prisoners,2.34e-05,4.37
3835,programming,2.34e-05,4.37
3836,publishing,2.34e-05,4.37
3837,ratio,2.34e-05,4.37
3838,regret,2.34e-05,4.37
3839,rejected,2.34e-05,4.37
3840,remind,2.34e-05,4.37
3841,resort,2.34e-05,4.37
3842,resulted,2.34e-05,4.37
3843,reverse,2.34e-05,4.37
3844,routine,2.34e-05,4.37
3845,scary,2.34e-05,4.37
3846,seed,2.34e-05,4.37
3847,settle,2.34e-05,4.37
3848,sin,2.34e-05,4.37
3849,spell,2.34e-05,4.37
3850,summary,2.34e-05,4.37
3851,survival,2.34e-05,4.37
3852,sword,2.34e-05,4.37
3853,tongue,2.34e-05,4.37
3854,ward,2.34e-05,4.37
3855,waves,2.34e-05,4.37
3856,wayne,2.34e-05,4.37
3857,achievement,2.29e-05,4.36
3858,anderson,2.29e-05,4.36
3859,argued,2.29e-05,4.36
3860,asleep,2.29e-05,4.36
3861,austin,2.29e-05,4.36
3862,automatic,2.29e-05,4.36
3863,begun,2.29e-05,4.36
3864,behaviour,2.29e-05,4.36
3865,cd,2.29e-05,4.36
3866,cents,2.29e-05,4.36
3867,coat,2.29e-05,4.36
3868,comprehensive,2.29e-05,4.36
3869,consent,2.29e-05,4.36
3870,daddy,2.29e-05,4.36
3871,destruction,2.29e-05,4.36
3872,diego,2.29e-05,4.36
3873,diseases,2.29e-05,4.36
3874,divorce,2.29e-05,4.36
3875,doc,2.29e-05,4.36
3876,drove,2.29e-05,4.36
3877,ears,2.29e-05,4.36
3878,engage,2.29e-05,4.36
3879,extraordinary,2.29e-05,4.36
3880,fate,2.29e-05,4.36
3881,frequency,2.29e-05,4.36
3882,gaming,2.29e-05,4.36
3883,gene,2.29e-05,4.36
3884,glory,2.29e-05,4.36
3885,headquarters,2.29e-05,4.36
3886,heritage,2.29e-05,4.36
3887,initiative,2.29e-05,4.36
3888,interviews,2.29e-05,4.36
3889,jean,2.29e-05,4.36
3890,juice,2.29e-05,4.36
3891,landscape,2.29e-05,4.36
3892,logic,2.29e-05,4.36
3893,meets,2.29e-05,4.36
3894,melbourne,2.29e-05,4.36
3895,microsoft,2.29e-05,4.36
3896,objective,2.29e-05,4.36
3897,organisation,2.29e-05,4.36
3898,privacy,2.29e-05,4.36
3899,procedures,2.29e-05,4.36
3900,profits,2.29e-05,4.36
3901,reducing,2.29e-05,4.36
3902,regard,2.29e-05,4.36
3903,representing,2.29e-05,4.36
3904,residence,2.29e-05,4.36
3905,roughly,2.29e-05,4.36
3906,salary,2.29e-05,4.36
3907,scoring,2.29e-05,4.36
3908,script,2.29e-05,4.36
3909,searching,2.29e-05,4.36
3910,sections,2.29e-05,4.36
3911,strip,2.29e-05,4.36
3912,surrounded,2.29e-05,4.36
3913,threatened,2.29e-05,4.36
3914,transferred,2.29e-05,4.36
3915,tube,2.29e-05,4.36
3916,universities,2.29e-05,4.36
3917,walter,2.29e-05,4.36
3918,wisconsin,2.29e-05,4.36
3919,would've,2.29e-05,4.36
3920,writes,2.29e-05,4.36
3921,a.m,2.24e-05,4.35
3922,ambassador,2.24e-05,4.35
3923,ann,2.24e-05,4.35
3924,apps,2.24e-05,4.35
3925,awarded,2.24e-05,4.35
3926,banking,2.24e-05,4.35
3927,breast,2.24e-05,4.35
3928,cant,2.24e-05,4.35
3929,carter,2.24e-05,4.35
3930,chelsea,2.24e-05,4.35
3931,chemistry,2.24e-05,4.35
3932,concluded,2.24e-05,4.35
3933,consumption,2.24e-05,4.35
3934,corruption,2.24e-05,4.35
3935,cotton,2.24e-05,4.35
3936,crossed,2.24e-05,4.35
3937,detroit,2.24e-05,4.35
3938,discount,2.24e-05,4.35
3939,dozen,2.24e-05,4.35
3940,engines,2.24e-05,4.35
3941,epic,2.24e-05,4.35
3942,exception,2.24e-05,4.35
3943,exit,2.24e-05,4.35
3944,expand,2.24e-05,4.35
3945,fancy,2.24e-05,4.35
3946,gorgeous,2.24e-05,4.35
3947,grateful,2.24e-05,4.35
3948,heroes,2.24e-05,4.35
3949,holes,2.24e-05,4.35
3950,impression,2.24e-05,4.35
3951,inches,2.24e-05,4.35
3952,indicate,2.24e-05,4.35
3953,input,2.24e-05,4.35
3954,johnny,2.24e-05,4.35
3955,josh,2.24e-05,4.35
3956,knock,2.24e-05,4.35
3957,leather,2.24e-05,4.35
3958,lips,2.24e-05,4.35
3959,luxury,2.24e-05,4.35
3960,lyrics,2.24e-05,4.35
3961,manufacturers,2.24e-05,4.35
3962,masters,2.24e-05,4.35
3963,movements,2.24e-05,4.35
3964,oct,2.24e-05,4.35
3965,operated,2.24e-05,4.35
3966,ought,2.24e-05,4.35
3967,outcome,2.24e-05,4.35
3968,painted,2.24e-05,4.35
3969,poll,2.24e-05,4.35
3970,preferred,2.24e-05,4.35
3971,pulling,2.24e-05,4.35
3972,ranked,2.24e-05,4.35
3973,referring,2.24e-05,4.35
3974,removal,2.24e-05,4.35
3975,rep,2.24e-05,4.35
3976,reporter,2.24e-05,4.35
3977,rio,2.24e-05,4.35
3978,risks,2.24e-05,4.35
3979,rob,2.24e-05,4.35
3980,screaming,2.24e-05,4.35
3981,sept,2.24e-05,4.35
3982,sequence,2.24e-05,4.35
3983,singapore,2.24e-05,4.35
3984,stretch,2.24e-05,4.35
3985,tear,2.24e-05,4.35
3986,tennis,2.24e-05,4.35
3987,terrorist,2.24e-05,4.35
3988,theater,2.24e-05,4.35
3989,ties,2.24e-05,4.35
3990,twelve,2.24e-05,4.35
3991,versions,2.24e-05,4.35
3992,virgin,2.24e-05,4.35
3993,voices,2.24e-05,4.35
3994,wishes,2.24e-05,4.35
3995,wolf,2.24e-05,4.35
3996,absence,2.19e-05,4.34
3997,agricultural,2.19e-05,4.34
3998,asshole,2.19e-05,4.34
3999,ate,2.19e-05,4.34
4000,athletes,2.19e-05,4.34
4001,bears,2.19e-05,4.34
4002,blues,2.19e-05,4.34
4003,boxes,2.19e-05,4.34
4004,bruce,2.19e-05,4.34
4005,bull,2.19e-05,4.34
4006,cameras,2.19e-05,4.34
4007,commonwealth,2.19e-05,4.34
4008,contribute,2.19e-05,4.34
4009,contribution,2.19e-05,4.34
4010,contributions,2.19e-05,4.34
4011,couples,2.19e-05,4.34
4012,delicious,2.19e-05,4.34
4013,deny,2.19e-05,4.34
4014,deserves,2.19e-05,4.34
4015,ease,2.19e-05,4.34
4016,extend,2.19e-05,4.34
4017,fame,2.19e-05,4.34
4018,flood,2.19e-05,4.34
4019,generated,2.19e-05,4.34
4020,genetic,2.19e-05,4.34
4021,glasses,2.19e-05,4.34
4022,impressed,2.19e-05,4.34
4023,indicated,2.19e-05,4.34
4024,instant,2.19e-05,4.34
4025,investors,2.19e-05,4.34
4026,involves,2.19e-05,4.34
4027,kate,2.19e-05,4.34
4028,kills,2.19e-05,4.34
4029,liberty,2.19e-05,4.34
4030,man's,2.19e-05,4.34
4031,maria,2.19e-05,4.34
4032,ministers,2.19e-05,4.34
4033,monitoring,2.19e-05,4.34
4034,occurs,2.19e-05,4.34
4035,passengers,2.19e-05,4.34
4036,photographs,2.19e-05,4.34
4037,principle,2.19e-05,4.34
4038,producers,2.19e-05,4.34
4039,progressive,2.19e-05,4.34
4040,punishment,2.19e-05,4.34
4041,rally,2.19e-05,4.34
4042,rapidly,2.19e-05,4.34
4043,reader,2.19e-05,4.34
4044,representation,2.19e-05,4.34
4045,restaurants,2.19e-05,4.34
4046,reveals,2.19e-05,4.34
4047,roots,2.19e-05,4.34
4048,samples,2.19e-05,4.34
4049,shops,2.19e-05,4.34
4050,sum,2.19e-05,4.34
4051,swing,2.19e-05,4.34
4052,tail,2.19e-05,4.34
4053,texts,2.19e-05,4.34
4054,twin,2.19e-05,4.34
4055,upcoming,2.19e-05,4.34
4056,veterans,2.19e-05,4.34
4057,alert,2.14e-05,4.33
4058,arena,2.14e-05,4.33
4059,arguments,2.14e-05,4.33
4060,aug,2.14e-05,4.33
4061,billy,2.14e-05,4.33
4062,boom,2.14e-05,4.33
4063,boots,2.14e-05,4.33
4064,brave,2.14e-05,4.33
4065,claiming,2.14e-05,4.33
4066,column,2.14e-05,4.33
4067,commit,2.14e-05,4.33
4068,compensation,2.14e-05,4.33
4069,composition,2.14e-05,4.33
4070,computers,2.14e-05,4.33
4071,conservation,2.14e-05,4.33
4072,constitutional,2.14e-05,4.33
4073,crossing,2.14e-05,4.33
4074,d.c,2.14e-05,4.33
4075,defending,2.14e-05,4.33
4076,density,2.14e-05,4.33
4077,di,2.14e-05,4.33
4078,difficulty,2.14e-05,4.33
4079,dropping,2.14e-05,4.33
4080,drops,2.14e-05,4.33
4081,elementary,2.14e-05,4.33
4082,ethnic,2.14e-05,4.33
4083,expenses,2.14e-05,4.33
4084,fleet,2.14e-05,4.33
4085,foster,2.14e-05,4.33
4086,fuckin,2.14e-05,4.33
4087,fundamental,2.14e-05,4.33
4088,gen,2.14e-05,4.33
4089,genius,2.14e-05,4.33
4090,greatly,2.14e-05,4.33
4091,guidance,2.14e-05,4.33
4092,hospitals,2.14e-05,4.33
4093,infection,2.14e-05,4.33
4094,instagram,2.14e-05,4.33
4095,intention,2.14e-05,4.33
4096,iowa,2.14e-05,4.33
4097,jokes,2.14e-05,4.33
4098,knee,2.14e-05,4.33
4099,mechanical,2.14e-05,4.33
4100,nigeria,2.14e-05,4.33
4101,parks,2.14e-05,4.33
4102,participation,2.14e-05,4.33
4103,periods,2.14e-05,4.33
4104,precious,2.14e-05,4.33
4105,pregnancy,2.14e-05,4.33
4106,premium,2.14e-05,4.33
4107,preparing,2.14e-05,4.33
4108,pretend,2.14e-05,4.33
4109,priest,2.14e-05,4.33
4110,prominent,2.14e-05,4.33
4111,proven,2.14e-05,4.33
4112,radical,2.14e-05,4.33
4113,remembered,2.14e-05,4.33
4114,requested,2.14e-05,4.33
4115,residential,2.14e-05,4.33
4116,reward,2.14e-05,4.33
4117,rings,2.14e-05,4.33
4118,robin,2.14e-05,4.33
4119,russell,2.14e-05,4.33
4120,satellite,2.14e-05,4.33
4121,shake,2.14e-05,4.33
4122,shore,2.14e-05,4.33
4123,spots,2.14e-05,4.33
4124,stats,2.14e-05,4.33
4125,struggling,2.14e-05,4.33
4126,substantial,2.14e-05,4.33
4127,teen,2.14e-05,4.33
4128,temperatures,2.14e-05,4.33
4129,transmission,2.14e-05,4.33
4130,trap,2.14e-05,4.33
4131,uniform,2.14e-05,4.33
4132,wildlife,2.14e-05,4.33
4133,wooden,2.14e-05,4.33
4134,ads,2.09e-05,4.32
4135,aggressive,2.09e-05,4.32
4136,anne,2.09e-05,4.32
4137,answered,2.09e-05,4.32
4138,apparent,2.09e-05,4.32
4139,bang,2.09e-05,4.32
4140,blast,2.09e-05,4.32
4141,bones,2.09e-05,4.32
4142,brands,2.09e-05,4.32
4143,centuries,2.09e-05,4.32
4144,communist,2.09e-05,4.32
4145,complaint,2.09e-05,4.32
4146,component,2.09e-05,4.32
4147,connections,2.09e-05,4.32
4148,courage,2.09e-05,4.32
4149,cure,2.09e-05,4.32
4150,del,2.09e-05,4.32
4151,desperate,2.09e-05,4.32
4152,diversity,2.09e-05,4.32
4153,duties,2.09e-05,4.32
4154,encouraged,2.09e-05,4.32
4155,eve,2.09e-05,4.32
4156,faculty,2.09e-05,4.32
4157,feedback,2.09e-05,4.32
4158,fighter,2.09e-05,4.32
4159,frozen,2.09e-05,4.32
4160,guards,2.09e-05,4.32
4161,hiding,2.09e-05,4.32
4162,humanity,2.09e-05,4.32
4163,ian,2.09e-05,4.32
4164,il,2.09e-05,4.32
4165,innovation,2.09e-05,4.32
4166,instruments,2.09e-05,4.32
4167,invest,2.09e-05,4.32
4168,jacket,2.09e-05,4.32
4169,justin,2.09e-05,4.32
4170,legislative,2.09e-05,4.32
4171,listing,2.09e-05,4.32
4172,manual,2.09e-05,4.32
4173,mothers,2.09e-05,4.32
4174,murdered,2.09e-05,4.32
4175,nursing,2.09e-05,4.32
4176,occupied,2.09e-05,4.32
4177,ongoing,2.09e-05,4.32
4178,operator,2.09e-05,4.32
4179,painful,2.09e-05,4.32
4180,pound,2.09e-05,4.32
4181,preparation,2.09e-05,4.32
4182,punch,2.09e-05,4.32
4183,purple,2.09e-05,4.32
4184,railroad,2.09e-05,4.32
4185,registration,2.09e-05,4.32
4186,releases,2.09e-05,4.32
4187,rick,2.09e-05,4.32
4188,romance,2.09e-05,4.32
4189,someone's,2.09e-05,4.32
4190,submitted,2.09e-05,4.32
4191,sufficient,2.09e-05,4.32
4192,survived,2.09e-05,4.32
4193,suspended,2.09e-05,4.32
4194,technologies,2.09e-05,4.32
4195,tissue,2.09e-05,4.32
4196,trailer,2.09e-05,4.32
4197,trends,2.09e-05,4.32
4198,trials,2.09e-05,4.32
4199,ukraine,2.09e-05,4.32
4200,underground,2.09e-05,4.32
4201,versus,2.09e-05,4.32
4202,virtual,2.09e-05,4.32
4203,walks,2.09e-05,4.32
4204,wounded,2.09e-05,4.32
4205,ali,2.04e-05,4.31
4206,amongst,2.04e-05,4.31
4207,announcement,2.04e-05,4.31
4208,arranged,2.04e-05,4.31
4209,arsenal,2.04e-05,4.31
4210,attending,2.04e-05,4.31
4211,attracted,2.04e-05,4.31
4212,biological,2.04e-05,4.31
4213,bite,2.04e-05,4.31
4214,blocked,2.04e-05,4.31
4215,boards,2.04e-05,4.31
4216,burned,2.04e-05,4.31
4217,categories,2.04e-05,4.31
4218,checks,2.04e-05,4.31
4219,chip,2.04e-05,4.31
4220,company's,2.04e-05,4.31
4221,concerning,2.04e-05,4.31
4222,dare,2.04e-05,4.31
4223,database,2.04e-05,4.31
4224,define,2.04e-05,4.31
4225,discrimination,2.04e-05,4.31
4226,disorder,2.04e-05,4.31
4227,distributed,2.04e-05,4.31
4228,districts,2.04e-05,4.31
4229,documentary,2.04e-05,4.31
4230,domain,2.04e-05,4.31
4231,dynamic,2.04e-05,4.31
4232,edited,2.04e-05,4.31
4233,engagement,2.04e-05,4.31
4234,explore,2.04e-05,4.31
4235,favour,2.04e-05,4.31
4236,fewer,2.04e-05,4.31
4237,footage,2.04e-05,4.31
4238,giants,2.04e-05,4.31
4239,grave,2.04e-05,4.31
4240,hamilton,2.04e-05,4.31
4241,implementation,2.04e-05,4.31
4242,indiana,2.04e-05,4.31
4243,investigate,2.04e-05,4.31
4244,jazz,2.04e-05,4.31
4245,jon,2.04e-05,4.31
4246,jonathan,2.04e-05,4.31
4247,laboratory,2.04e-05,4.31
4248,lawrence,2.04e-05,4.31
4249,lincoln,2.04e-05,4.31
4250,literary,2.04e-05,4.31
4251,mask,2.04e-05,4.31
4252,massachusetts,2.04e-05,4.31
4253,midnight,2.04e-05,4.31
4254,minnesota,2.04e-05,4.31
4255,mouse,2.04e-05,4.31
4256,oscar,2.04e-05,4.31
4257,packed,2.04e-05,4.31
4258,piano,2.04e-05,4.31
4259,praise,2.04e-05,4.31
4260,presentation,2.04e-05,4.31
4261,psychology,2.04e-05,4.31
4262,relation,2.04e-05,4.31
4263,restrictions,2.04e-05,4.31
4264,rocket,2.04e-05,4.31
4265,ruin,2.04e-05,4.31
4266,saudi,2.04e-05,4.31
4267,sean,2.04e-05,4.31
4268,sec,2.04e-05,4.31
4269,secrets,2.04e-05,4.31
4270,slave,2.04e-05,4.31
4271,stability,2.04e-05,4.31
4272,steady,2.04e-05,4.31
4273,stones,2.04e-05,4.31
4274,symbol,2.04e-05,4.31
4275,terminal,2.04e-05,4.31
4276,toilet,2.04e-05,4.31
4277,treaty,2.04e-05,4.31
4278,triple,2.04e-05,4.31
4279,unlikely,2.04e-05,4.31
4280,updates,2.04e-05,4.31
4281,vietnam,2.04e-05,4.31
4282,viewed,2.04e-05,4.31
4283,6th,2e-05,4.3
4284,affair,2e-05,4.3
4285,agenda,2e-05,4.3
4286,bat,2e-05,4.3
4287,bow,2e-05,4.3
4288,calendar,2e-05,4.3
4289,cape,2e-05,4.3
4290,collective,2e-05,4.3
4291,conversations,2e-05,4.3
4292,cooperation,2e-05,4.3
4293,craft,2e-05,4.3
4294,darkness,2e-05,4.3
4295,deeper,2e-05,4.3
4296,devil,2e-05,4.3
4297,edit,2e-05,4.3
4298,enable,2e-05,4.3
4299,equity,2e-05,4.3
4300,estimates,2e-05,4.3
4301,failing,2e-05,4.3
4302,finishing,2e-05,4.3
4303,fortune,2e-05,4.3
4304,gates,2e-05,4.3
4305,goodbye,2e-05,4.3
4306,graham,2e-05,4.3
4307,hardware,2e-05,4.3
4308,hillary,2e-05,4.3
4309,hurts,2e-05,4.3
4310,intellectual,2e-05,4.3
4311,invite,2e-05,4.3
4312,involvement,2e-05,4.3
4313,kentucky,2e-05,4.3
4314,madrid,2e-05,4.3
4315,mi,2e-05,4.3
4316,nuts,2e-05,4.3
4317,oregon,2e-05,4.3
4318,partly,2e-05,4.3
4319,petition,2e-05,4.3
4320,phrase,2e-05,4.3
4321,physically,2e-05,4.3
4322,protecting,2e-05,4.3
4323,racial,2e-05,4.3
4324,rated,2e-05,4.3
4325,regime,2e-05,4.3
4326,rivers,2e-05,4.3
4327,rounds,2e-05,4.3
4328,ruled,2e-05,4.3
4329,sa,2e-05,4.3
4330,sauce,2e-05,4.3
4331,seal,2e-05,4.3
4332,separated,2e-05,4.3
4333,shield,2e-05,4.3
4334,similarly,2e-05,4.3
4335,slide,2e-05,4.3
4336,stem,2e-05,4.3
4337,summit,2e-05,4.3
4338,talented,2e-05,4.3
4339,throat,2e-05,4.3
4340,tiger,2e-05,4.3
4341,touched,2e-05,4.3
4342,toy,2e-05,4.3
4343,visits,2e-05,4.3
4344,warriors,2e-05,4.3
4345,wisdom,2e-05,4.3
4346,accounting,1.95e-05,4.29
4347,alien,1.95e-05,4.29
4348,attacking,1.95e-05,4.29
4349,awkward,1.95e-05,4.29
4350,beast,1.95e-05,4.29
4351,beef,1.95e-05,4.29
4352,candy,1.95e-05,4.29
4353,carrier,1.95e-05,4.29
4354,celebration,1.95e-05,4.29
4355,celebrity,1.95e-05,4.29
4356,certificate,1.95e-05,4.29
4357,cited,1.95e-05,4.29
4358,clay,1.95e-05,4.29
4359,coaching,1.95e-05,4.29
4360,colleagues,1.95e-05,4.29
4361,constructed,1.95e-05,4.29
4362,dated,1.95e-05,4.29
4363,dec,1.95e-05,4.29
4364,default,1.95e-05,4.29
4365,delhi,1.95e-05,4.29
4366,derived,1.95e-05,4.29
4367,dialogue,1.95e-05,4.29
4368,disabled,1.95e-05,4.29
4369,distinct,1.95e-05,4.29
4370,drag,1.95e-05,4.29
4371,educated,1.95e-05,4.29
4372,eligible,1.95e-05,4.29
4373,estimate,1.95e-05,4.29
4374,execution,1.95e-05,4.29
4375,existed,1.95e-05,4.29
4376,fifty,1.95e-05,4.29
4377,followers,1.95e-05,4.29
4378,fool,1.95e-05,4.29
4379,framework,1.95e-05,4.29
4380,franchise,1.95e-05,4.29
4381,funded,1.95e-05,4.29
4382,furniture,1.95e-05,4.29
4383,generations,1.95e-05,4.29
4384,guaranteed,1.95e-05,4.29
4385,integrated,1.95e-05,4.29
4386,intelligent,1.95e-05,4.29
4387,interaction,1.95e-05,4.29
4388,jet,1.95e-05,4.29
4389,journalists,1.95e-05,4.29
4390,lifestyle,1.95e-05,4.29
4391,lighting,1.95e-05,4.29
4392,lisa,1.95e-05,4.29
4393,loop,1.95e-05,4.29
4394,mall,1.95e-05,4.29
4395,mp,1.95e-05,4.29
4396,overseas,1.95e-05,4.29
4397,performances,1.95e-05,4.29
4398,philippines,1.95e-05,4.29
4399,polish,1.95e-05,4.29
4400,recommendations,1.95e-05,4.29
4401,recover,1.95e-05,4.29
4402,regarded,1.95e-05,4.29
4403,relax,1.95e-05,4.29
4404,reliable,1.95e-05,4.29
4405,rely,1.95e-05,4.29
4406,remarkable,1.95e-05,4.29
4407,responses,1.95e-05,4.29
4408,ruling,1.95e-05,4.29
4409,sacrifice,1.95e-05,4.29
4410,se,1.95e-05,4.29
4411,sole,1.95e-05,4.29
4412,stopping,1.95e-05,4.29
4413,strategies,1.95e-05,4.29
4414,succeed,1.95e-05,4.29
4415,tables,1.95e-05,4.29
4416,tale,1.95e-05,4.29
4417,targets,1.95e-05,4.29
4418,timing,1.95e-05,4.29
4419,ton,1.95e-05,4.29
4420,volunteers,1.95e-05,4.29
4421,witnesses,1.95e-05,4.29
4422,wore,1.95e-05,4.29
4423,worship,1.95e-05,4.29
4424,worthy,1.95e-05,4.29
4425,acted,1.91e-05,4.28
4426,alarm,1.91e-05,4.28
4427,bass,1.91e-05,4.28
4428,bloody,1.91e-05,4.28
4429,breathing,1.91e-05,4.28
4430,butt,1.91e-05,4.28
4431,characteristics,1.91e-05,4.28
4432,cnn,1.91e-05,4.28
4433,collaboration,1.91e-05,4.28
4434,con,1.91e-05,4.28
4435,consideration,1.91e-05,4.28
4436,counts,1.91e-05,4.28
4437,creates,1.91e-05,4.28
4438,crucial,1.91e-05,4.28
4439,daughters,1.91e-05,4.28
4440,dependent,1.91e-05,4.28
4441,discussions,1.91e-05,4.28
4442,drives,1.91e-05,4.28
4443,dual,1.91e-05,4.28
4444,edinburgh,1.91e-05,4.28
4445,equipped,1.91e-05,4.28
4446,expanded,1.91e-05,4.28
4447,experimental,1.91e-05,4.28
4448,feeding,1.91e-05,4.28
4449,filter,1.91e-05,4.28
4450,galaxy,1.91e-05,4.28
4451,globe,1.91e-05,4.28
4452,grades,1.91e-05,4.28
4453,greece,1.91e-05,4.28
4454,gulf,1.91e-05,4.28
4455,highlights,1.91e-05,4.28
4456,hoped,1.91e-05,4.28
4457,intent,1.91e-05,4.28
4458,involve,1.91e-05,4.28
4459,judgment,1.91e-05,4.28
4460,kennedy,1.91e-05,4.28
4461,knight,1.91e-05,4.28
4462,larry,1.91e-05,4.28
4463,las,1.91e-05,4.28
4464,lmao,1.91e-05,4.28
4465,logo,1.91e-05,4.28
4466,malaysia,1.91e-05,4.28
4467,mature,1.91e-05,4.28
4468,moore,1.91e-05,4.28
4469,nazi,1.91e-05,4.28
4470,netherlands,1.91e-05,4.28
4471,odds,1.91e-05,4.28
4472,peaceful,1.91e-05,4.28
4473,philip,1.91e-05,4.28
4474,photographer,1.91e-05,4.28
4475,pin,1.91e-05,4.28
4476,prevention,1.91e-05,4.28
4477,printing,1.91e-05,4.28
4478,promoting,1.91e-05,4.28
4479,publicly,1.91e-05,4.28
4480,pump,1.91e-05,4.28
4481,repeated,1.91e-05,4.28
4482,replied,1.91e-05,4.28
4483,requests,1.91e-05,4.28
4484,revenge,1.91e-05,4.28
4485,satisfied,1.91e-05,4.28
4486,seeds,1.91e-05,4.28
4487,signals,1.91e-05,4.28
4488,slip,1.91e-05,4.28
4489,spaces,1.91e-05,4.28
4490,spare,1.91e-05,4.28
4491,specialist,1.91e-05,4.28
4492,stocks,1.91e-05,4.28
4493,stranger,1.91e-05,4.28
4494,submit,1.91e-05,4.28
4495,surprising,1.91e-05,4.28
4496,tap,1.91e-05,4.28
4497,thompson,1.91e-05,4.28
4498,threats,1.91e-05,4.28
4499,tourism,1.91e-05,4.28
4500,turkish,1.91e-05,4.28
4501,volunteer,1.91e-05,4.28
4502,7th,1.86e-05,4.27
4503,acceptable,1.86e-05,4.27
4504,allies,1.86e-05,4.27
4505,attempting,1.86e-05,4.27
4506,auction,1.86e-05,4.27
4507,bonds,1.86e-05,4.27
4508,challenging,1.86e-05,4.27
4509,chaos,1.86e-05,4.27
4510,churches,1.86e-05,4.27
4511,cleveland,1.86e-05,4.27
4512,cm,1.86e-05,4.27
4513,composed,1.86e-05,4.27
4514,concentration,1.86e-05,4.27
4515,copper,1.86e-05,4.27
4516,corp,1.86e-05,4.27
4517,corps,1.86e-05,4.27
4518,counting,1.86e-05,4.27
4519,credits,1.86e-05,4.27
4520,dawn,1.86e-05,4.27
4521,dispute,1.86e-05,4.27
4522,earnings,1.86e-05,4.27
4523,editing,1.86e-05,4.27
4524,everyone's,1.86e-05,4.27
4525,executed,1.86e-05,4.27
4526,firing,1.86e-05,4.27
4527,fits,1.86e-05,4.27
4528,frequent,1.86e-05,4.27
4529,gardens,1.86e-05,4.27
4530,gathered,1.86e-05,4.27
4531,hilarious,1.86e-05,4.27
4532,huh,1.86e-05,4.27
4533,ignored,1.86e-05,4.27
4534,improvements,1.86e-05,4.27
4535,investments,1.86e-05,4.27
4536,isis,1.86e-05,4.27
4537,margin,1.86e-05,4.27
4538,mars,1.86e-05,4.27
4539,maryland,1.86e-05,4.27
4540,mechanism,1.86e-05,4.27
4541,moderate,1.86e-05,4.27
4542,murray,1.86e-05,4.27
4543,oklahoma,1.86e-05,4.27
4544,opera,1.86e-05,4.27
4545,overcome,1.86e-05,4.27
4546,parallel,1.86e-05,4.27
4547,passage,1.86e-05,4.27
4548,pit,1.86e-05,4.27
4549,psychological,1.86e-05,4.27
4550,publications,1.86e-05,4.27
4551,quest,1.86e-05,4.27
4552,radiation,1.86e-05,4.27
4553,shocked,1.86e-05,4.27
4554,sized,1.86e-05,4.27
4555,stroke,1.86e-05,4.27
4556,stunning,1.86e-05,4.27
4557,tanks,1.86e-05,4.27
4558,tokyo,1.86e-05,4.27
4559,topics,1.86e-05,4.27
4560,trains,1.86e-05,4.27
4561,traveling,1.86e-05,4.27
4562,treating,1.86e-05,4.27
4563,tune,1.86e-05,4.27
4564,utility,1.86e-05,4.27
4565,vessel,1.86e-05,4.27
4566,weed,1.86e-05,4.27
4567,wherever,1.86e-05,4.27
4568,©,1.86e-05,4.27
4569,acquisition,1.82e-05,4.26
4570,addressed,1.82e-05,4.26
4571,alabama,1.82e-05,4.26
4572,alice,1.82e-05,4.26
4573,angels,1.82e-05,4.26
4574,anime,1.82e-05,4.26
4575,announce,1.82e-05,4.26
4576,autumn,1.82e-05,4.26
4577,backed,1.82e-05,4.26
4578,barry,1.82e-05,4.26
4579,bold,1.82e-05,4.26
4580,borders,1.82e-05,4.26
4581,breathe,1.82e-05,4.26
4582,cameron,1.82e-05,4.26
4583,choosing,1.82e-05,4.26
4584,classical,1.82e-05,4.26
4585,classified,1.82e-05,4.26
4586,clip,1.82e-05,4.26
4587,coaches,1.82e-05,4.26
4588,coins,1.82e-05,4.26
4589,concepts,1.82e-05,4.26
4590,conspiracy,1.82e-05,4.26
4591,controversy,1.82e-05,4.26
4592,convince,1.82e-05,4.26
4593,cooper,1.82e-05,4.26
4594,disappeared,1.82e-05,4.26
4595,eh,1.82e-05,4.26
4596,encounter,1.82e-05,4.26
4597,equality,1.82e-05,4.26
4598,exam,1.82e-05,4.26
4599,examination,1.82e-05,4.26
4600,fails,1.82e-05,4.26
4601,father's,1.82e-05,4.26
4602,federation,1.82e-05,4.26
4603,fi,1.82e-05,4.26
4604,fiscal,1.82e-05,4.26
4605,guardian,1.82e-05,4.26
4606,hd,1.82e-05,4.26
4607,homeless,1.82e-05,4.26
4608,instrument,1.82e-05,4.26
4609,intervention,1.82e-05,4.26
4610,jerry,1.82e-05,4.26
4611,lover,1.82e-05,4.26
4612,mainstream,1.82e-05,4.26
4613,menu,1.82e-05,4.26
4614,missouri,1.82e-05,4.26
4615,mounted,1.82e-05,4.26
4616,mutual,1.82e-05,4.26
4617,nope,1.82e-05,4.26
4618,occasions,1.82e-05,4.26
4619,offense,1.82e-05,4.26
4620,oral,1.82e-05,4.26
4621,panic,1.82e-05,4.26
4622,pays,1.82e-05,4.26
4623,peoples,1.82e-05,4.26
4624,pursue,1.82e-05,4.26
4625,realise,1.82e-05,4.26
4626,refugees,1.82e-05,4.26
4627,removing,1.82e-05,4.26
4628,requirement,1.82e-05,4.26
4629,responded,1.82e-05,4.26
4630,rip,1.82e-05,4.26
4631,ruined,1.82e-05,4.26
4632,scope,1.82e-05,4.26
4633,segment,1.82e-05,4.26
4634,spectrum,1.82e-05,4.26
4635,stays,1.82e-05,4.26
4636,ted,1.82e-05,4.26
4637,terror,1.82e-05,4.26
4638,uh,1.82e-05,4.26
4639,va,1.82e-05,4.26
4640,venture,1.82e-05,4.26
4641,virtually,1.82e-05,4.26
4642,waited,1.82e-05,4.26
4643,warren,1.82e-05,4.26
4644,worn,1.82e-05,4.26
4645,yea,1.82e-05,4.26
4646,ac,1.78e-05,4.25
4647,accompanied,1.78e-05,4.25
4648,adams,1.78e-05,4.25
4649,aids,1.78e-05,4.25
4650,aimed,1.78e-05,4.25
4651,alpha,1.78e-05,4.25
4652,approaches,1.78e-05,4.25
4653,arguing,1.78e-05,4.25
4654,arrangement,1.78e-05,4.25
4655,beliefs,1.78e-05,4.25
4656,boats,1.78e-05,4.25
4657,boundaries,1.78e-05,4.25
4658,brick,1.78e-05,4.25
4659,brooklyn,1.78e-05,4.25
4660,colleges,1.78e-05,4.25
4661,considerable,1.78e-05,4.25
4662,conventional,1.78e-05,4.25
4663,danny,1.78e-05,4.25
4664,des,1.78e-05,4.25
4665,designated,1.78e-05,4.25
4666,dvd,1.78e-05,4.25
4667,emperor,1.78e-05,4.25
4668,employers,1.78e-05,4.25
4669,enormous,1.78e-05,4.25
4670,errors,1.78e-05,4.25
4671,focusing,1.78e-05,4.25
4672,forgive,1.78e-05,4.25
4673,gains,1.78e-05,4.25
4674,garage,1.78e-05,4.25
4675,gathering,1.78e-05,4.25
4676,guidelines,1.78e-05,4.25
4677,handled,1.78e-05,4.25
4678,hosted,1.78e-05,4.25
4679,indians,1.78e-05,4.25
4680,indonesia,1.78e-05,4.25
4681,inquiry,1.78e-05,4.25
4682,inspector,1.78e-05,4.25
4683,jumped,1.78e-05,4.25
4684,khan,1.78e-05,4.25
4685,li,1.78e-05,4.25
4686,lion,1.78e-05,4.25
4687,loaded,1.78e-05,4.25
4688,lonely,1.78e-05,4.25
4689,maintaining,1.78e-05,4.25
4690,measured,1.78e-05,4.25
4691,mercy,1.78e-05,4.25
4692,nevertheless,1.78e-05,4.25
4693,newspapers,1.78e-05,4.25
4694,outer,1.78e-05,4.25
4695,oxygen,1.78e-05,4.25
4696,pipe,1.78e-05,4.25
4697,pissed,1.78e-05,4.25
4698,poem,1.78e-05,4.25
4699,powder,1.78e-05,4.25
4700,powered,1.78e-05,4.25
4701,promises,1.78e-05,4.25
4702,quotes,1.78e-05,4.25
4703,racism,1.78e-05,4.25
4704,ratings,1.78e-05,4.25
4705,reads,1.78e-05,4.25
4706,recovered,1.78e-05,4.25
4707,refers,1.78e-05,4.25
4708,roy,1.78e-05,4.25
4709,rude,1.78e-05,4.25
4710,screw,1.78e-05,4.25
4711,seventh,1.78e-05,4.25
4712,shelter,1.78e-05,4.25
4713,signature,1.78e-05,4.25
4714,sooner,1.78e-05,4.25
4715,spider,1.78e-05,4.25
4716,stewart,1.78e-05,4.25
4717,strikes,1.78e-05,4.25
4718,suggesting,1.78e-05,4.25
4719,suits,1.78e-05,4.25
4720,toys,1.78e-05,4.25
4721,tracking,1.78e-05,4.25
4722,tribute,1.78e-05,4.25
4723,trigger,1.78e-05,4.25
4724,vary,1.78e-05,4.25
4725,venue,1.78e-05,4.25
4726,wages,1.78e-05,4.25
4727,wells,1.78e-05,4.25
4728,wheels,1.78e-05,4.25
4729,ye,1.78e-05,4.25
4730,😂,1.78e-05,4.25
4731,8th,1.74e-05,4.24
4732,abc,1.74e-05,4.24
4733,abortion,1.74e-05,4.24
4734,accuracy,1.74e-05,4.24
4735,albert,1.74e-05,4.24
4736,applying,1.74e-05,4.24
4737,artificial,1.74e-05,4.24
4738,belongs,1.74e-05,4.24
4739,beneath,1.74e-05,4.24
4740,bitcoin,1.74e-05,4.24
4741,bullet,1.74e-05,4.24
4742,burns,1.74e-05,4.24
4743,carl,1.74e-05,4.24
4744,celebrated,1.74e-05,4.24
4745,consistently,1.74e-05,4.24
4746,conversion,1.74e-05,4.24
4747,copyright,1.74e-05,4.24
4748,counties,1.74e-05,4.24
4749,democrat,1.74e-05,4.24
4750,deposit,1.74e-05,4.24
4751,destination,1.74e-05,4.24
4752,dirt,1.74e-05,4.24
4753,diverse,1.74e-05,4.24
4754,divine,1.74e-05,4.24
4755,emails,1.74e-05,4.24
4756,er,1.74e-05,4.24
4757,exclusively,1.74e-05,4.24
4758,export,1.74e-05,4.24
4759,fastest,1.74e-05,4.24
4760,formerly,1.74e-05,4.24
4761,functional,1.74e-05,4.24
4762,gather,1.74e-05,4.24
4763,grandfather,1.74e-05,4.24
4764,habit,1.74e-05,4.24
4765,harvard,1.74e-05,4.24
4766,indicates,1.74e-05,4.24
4767,isolated,1.74e-05,4.24
4768,jealous,1.74e-05,4.24
4769,knocked,1.74e-05,4.24
4770,landed,1.74e-05,4.24
4771,laughed,1.74e-05,4.24
4772,laura,1.74e-05,4.24
4773,lazy,1.74e-05,4.24
4774,mama,1.74e-05,4.24
4775,marshall,1.74e-05,4.24
4776,mitchell,1.74e-05,4.24
4777,modified,1.74e-05,4.24
4778,municipal,1.74e-05,4.24
4779,naval,1.74e-05,4.24
4780,neighbors,1.74e-05,4.24
4781,nelson,1.74e-05,4.24
4782,neutral,1.74e-05,4.24
4783,noble,1.74e-05,4.24
4784,oldest,1.74e-05,4.24
4785,pat,1.74e-05,4.24
4786,picks,1.74e-05,4.24
4787,poland,1.74e-05,4.24
4788,popularity,1.74e-05,4.24
4789,professionals,1.74e-05,4.24
4790,pussy,1.74e-05,4.24
4791,reactions,1.74e-05,4.24
4792,relate,1.74e-05,4.24
4793,robot,1.74e-05,4.24
4794,sacred,1.74e-05,4.24
4795,securities,1.74e-05,4.24
4796,shoe,1.74e-05,4.24
4797,speakers,1.74e-05,4.24
4798,springs,1.74e-05,4.24
4799,spy,1.74e-05,4.24
4800,steven,1.74e-05,4.24
4801,suggestions,1.74e-05,4.24
4802,supplied,1.74e-05,4.24
4803,susan,1.74e-05,4.24
4804,suspension,1.74e-05,4.24
4805,terrorism,1.74e-05,4.24
4806,terry,1.74e-05,4.24
4807,toxic,1.74e-05,4.24
4808,treasury,1.74e-05,4.24
4809,tunnel,1.74e-05,4.24
4810,unions,1.74e-05,4.24
4811,upgrade,1.74e-05,4.24
4812,warrant,1.74e-05,4.24
4813,wider,1.74e-05,4.24
4814,wound,1.74e-05,4.24
4815,aaron,1.7e-05,4.23
4816,actively,1.7e-05,4.23
4817,afghanistan,1.7e-05,4.23
4818,ai,1.7e-05,4.23
4819,applies,1.7e-05,4.23
4820,arrangements,1.7e-05,4.23
4821,asset,1.7e-05,4.23
4822,assuming,1.7e-05,4.23
4823,backing,1.7e-05,4.23
4824,baker,1.7e-05,4.23
4825,barcelona,1.7e-05,4.23
4826,blessed,1.7e-05,4.23
4827,brazilian,1.7e-05,4.23
4828,brush,1.7e-05,4.23
4829,burden,1.7e-05,4.23
4830,campbell,1.7e-05,4.23
4831,carries,1.7e-05,4.23
4832,casual,1.7e-05,4.23
4833,certified,1.7e-05,4.23
4834,charter,1.7e-05,4.23
4835,chef,1.7e-05,4.23
4836,city's,1.7e-05,4.23
4837,civilian,1.7e-05,4.23
4838,coalition,1.7e-05,4.23
4839,cock,1.7e-05,4.23
4840,complain,1.7e-05,4.23
4841,complaints,1.7e-05,4.23
4842,controversial,1.7e-05,4.23
4843,denver,1.7e-05,4.23
4844,describing,1.7e-05,4.23
4845,differently,1.7e-05,4.23
4846,directions,1.7e-05,4.23
4847,discipline,1.7e-05,4.23
4848,discussing,1.7e-05,4.23
4849,disgusting,1.7e-05,4.23
4850,dj,1.7e-05,4.23
4851,dominant,1.7e-05,4.23
4852,earning,1.7e-05,4.23
4853,emma,1.7e-05,4.23
4854,essay,1.7e-05,4.23
4855,expense,1.7e-05,4.23
4856,explaining,1.7e-05,4.23
4857,furthermore,1.7e-05,4.23
4858,graphic,1.7e-05,4.23
4859,greg,1.7e-05,4.23
4860,healing,1.7e-05,4.23
4861,hiring,1.7e-05,4.23
4862,hosts,1.7e-05,4.23
4863,implemented,1.7e-05,4.23
4864,instantly,1.7e-05,4.23
4865,invasion,1.7e-05,4.23
4866,jacob,1.7e-05,4.23
4867,jumping,1.7e-05,4.23
4868,laptop,1.7e-05,4.23
4869,legendary,1.7e-05,4.23
4870,leo,1.7e-05,4.23
4871,maker,1.7e-05,4.23
4872,margaret,1.7e-05,4.23
4873,mario,1.7e-05,4.23
4874,opponents,1.7e-05,4.23
4875,outdoor,1.7e-05,4.23
4876,palm,1.7e-05,4.23
4877,parker,1.7e-05,4.23
4878,photograph,1.7e-05,4.23
4879,pole,1.7e-05,4.23
4880,pub,1.7e-05,4.23
4881,quarters,1.7e-05,4.23
4882,queensland,1.7e-05,4.23
4883,rangers,1.7e-05,4.23
4884,ranks,1.7e-05,4.23
4885,reception,1.7e-05,4.23
4886,recipe,1.7e-05,4.23
4887,regulatory,1.7e-05,4.23
4888,reviewed,1.7e-05,4.23
4889,rolls,1.7e-05,4.23
4890,rubber,1.7e-05,4.23
4891,secured,1.7e-05,4.23
4892,serial,1.7e-05,4.23
4893,settings,1.7e-05,4.23
4894,shed,1.7e-05,4.23
4895,snake,1.7e-05,4.23
4896,sponsored,1.7e-05,4.23
4897,stealing,1.7e-05,4.23
4898,strict,1.7e-05,4.23
4899,subsequently,1.7e-05,4.23
4900,substance,1.7e-05,4.23
4901,suggestion,1.7e-05,4.23
4902,switzerland,1.7e-05,4.23
4903,syndrome,1.7e-05,4.23
4904,tasks,1.7e-05,4.23
4905,trips,1.7e-05,4.23
4906,ultra,1.7e-05,4.23
4907,unexpected,1.7e-05,4.23
4908,usage,1.7e-05,4.23
4909,utah,1.7e-05,4.23
4910,worlds,1.7e-05,4.23
4911,accidentally,1.66e-05,4.22
4912,affordable,1.66e-05,4.22
4913,amateur,1.66e-05,4.22
4914,appeals,1.66e-05,4.22
4915,argentina,1.66e-05,4.22
4916,baltimore,1.66e-05,4.22
4917,batman,1.66e-05,4.22
4918,bearing,1.66e-05,4.22
4919,beats,1.66e-05,4.22
4920,bin,1.66e-05,4.22
4921,biology,1.66e-05,4.22
4922,bobby,1.66e-05,4.22
4923,briefly,1.66e-05,4.22
4924,canal,1.66e-05,4.22
4925,cancelled,1.66e-05,4.22
4926,charlotte,1.66e-05,4.22
4927,cheaper,1.66e-05,4.22
4928,christopher,1.66e-05,4.22
4929,climb,1.66e-05,4.22
4930,com,1.66e-05,4.22
4931,competing,1.66e-05,4.22
4932,completion,1.66e-05,4.22
4933,cruise,1.66e-05,4.22
4934,custody,1.66e-05,4.22
4935,delete,1.66e-05,4.22
4936,demonstrated,1.66e-05,4.22
4937,departure,1.66e-05,4.22
4938,developers,1.66e-05,4.22
4939,developments,1.66e-05,4.22
4940,dig,1.66e-05,4.22
4941,eagles,1.66e-05,4.22
4942,employer,1.66e-05,4.22
4943,evans,1.66e-05,4.22
4944,explosion,1.66e-05,4.22
4945,fever,1.66e-05,4.22
4946,fluid,1.66e-05,4.22
4947,folk,1.66e-05,4.22
4948,generate,1.66e-05,4.22
4949,gop,1.66e-05,4.22
4950,handsome,1.66e-05,4.22
4951,ho,1.66e-05,4.22
4952,holidays,1.66e-05,4.22
4953,hotels,1.66e-05,4.22
4954,imagination,1.66e-05,4.22
4955,integration,1.66e-05,4.22
4956,integrity,1.66e-05,4.22
4957,interpretation,1.66e-05,4.22
4958,leaf,1.66e-05,4.22
4959,legitimate,1.66e-05,4.22
4960,lightning,1.66e-05,4.22
4961,loads,1.66e-05,4.22
4962,longest,1.66e-05,4.22
4963,magical,1.66e-05,4.22
4964,mills,1.66e-05,4.22
4965,motivation,1.66e-05,4.22
4966,nasty,1.66e-05,4.22
4967,oliver,1.66e-05,4.22
4968,outfit,1.66e-05,4.22
4969,pension,1.66e-05,4.22
4970,permit,1.66e-05,4.22
4971,perry,1.66e-05,4.22
4972,plates,1.66e-05,4.22
4973,pleasant,1.66e-05,4.22
4974,portrait,1.66e-05,4.22
4975,productive,1.66e-05,4.22
4976,reminds,1.66e-05,4.22
4977,reserves,1.66e-05,4.22
4978,ron,1.66e-05,4.22
4979,safely,1.66e-05,4.22
4980,shirts,1.66e-05,4.22
4981,shorter,1.66e-05,4.22
4982,slight,1.66e-05,4.22
4983,socialist,1.66e-05,4.22
4984,streaming,1.66e-05,4.22
4985,sue,1.66e-05,4.22
4986,targeted,1.66e-05,4.22
4987,tension,1.66e-05,4.22
4988,thailand,1.66e-05,4.22
4989,theories,1.66e-05,4.22
4990,touching,1.66e-05,4.22
4991,transactions,1.66e-05,4.22
4992,twist,1.66e-05,4.22
4993,ugh,1.66e-05,4.22
4994,unemployment,1.66e-05,4.22
4995,unity,1.66e-05,4.22
4996,useless,1.66e-05,4.22
4997,viewers,1.66e-05,4.22
4998,winds,1.66e-05,4.22
4999,woke,1.66e-05,4.22
5000,wtf,1.66e-05,4.22
5001,_,1.62e-05,4.21
5002,abilities,1.62e-05,4.21
5003,advocate,1.62e-05,4.21
5004,aims,1.62e-05,4.21
5005,arc,1.62e-05,4.21
5006,backup,1.62e-05,4.21
5007,beaten,1.62e-05,4.21
5008,bitter,1.62e-05,4.21
5009,blown,1.62e-05,4.21
5010,branches,1.62e-05,4.21
5011,campaigns,1.62e-05,4.21
5012,chips,1.62e-05,4.21
5013,cia,1.62e-05,4.21
5014,clever,1.62e-05,4.21
5015,clinic,1.62e-05,4.21
5016,closest,1.62e-05,4.21
5017,collections,1.62e-05,4.21
5018,continuous,1.62e-05,4.21
5019,converted,1.62e-05,4.21
5020,correctly,1.62e-05,4.21
5021,creator,1.62e-05,4.21
5022,creatures,1.62e-05,4.21
5023,criteria,1.62e-05,4.21
5024,declined,1.62e-05,4.21
5025,detective,1.62e-05,4.21
5026,difficulties,1.62e-05,4.21
5027,disability,1.62e-05,4.21
5028,dish,1.62e-05,4.21
5029,douglas,1.62e-05,4.21
5030,du,1.62e-05,4.21
5031,duck,1.62e-05,4.21
5032,egyptian,1.62e-05,4.21
5033,ep,1.62e-05,4.21
5034,evaluation,1.62e-05,4.21
5035,excess,1.62e-05,4.21
5036,farming,1.62e-05,4.21
5037,fence,1.62e-05,4.21
5038,fifa,1.62e-05,4.21
5039,fighters,1.62e-05,4.21
5040,flights,1.62e-05,4.21
5041,forcing,1.62e-05,4.21
5042,forming,1.62e-05,4.21
5043,franklin,1.62e-05,4.21
5044,fred,1.62e-05,4.21
5045,gradually,1.62e-05,4.21
5046,gravity,1.62e-05,4.21
5047,habits,1.62e-05,4.21
5048,hawaii,1.62e-05,4.21
5049,highlight,1.62e-05,4.21
5050,holder,1.62e-05,4.21
5051,hood,1.62e-05,4.21
5052,hung,1.62e-05,4.21
5053,identical,1.62e-05,4.21
5054,imperial,1.62e-05,4.21
5055,investigations,1.62e-05,4.21
5056,jose,1.62e-05,4.21
5057,ken,1.62e-05,4.21
5058,legally,1.62e-05,4.21
5059,lied,1.62e-05,4.21
5060,listened,1.62e-05,4.21
5061,males,1.62e-05,4.21
5062,manufacturer,1.62e-05,4.21
5063,meters,1.62e-05,4.21
5064,nail,1.62e-05,4.21
5065,nasa,1.62e-05,4.21
5066,negotiations,1.62e-05,4.21
5067,nonsense,1.62e-05,4.21
5068,ontario,1.62e-05,4.21
5069,operational,1.62e-05,4.21
5070,orleans,1.62e-05,4.21
5071,owns,1.62e-05,4.21
5072,phoenix,1.62e-05,4.21
5073,playoffs,1.62e-05,4.21
5074,poet,1.62e-05,4.21
5075,quoted,1.62e-05,4.21
5076,relating,1.62e-05,4.21
5077,repeatedly,1.62e-05,4.21
5078,robinson,1.62e-05,4.21
5079,rolled,1.62e-05,4.21
5080,scientist,1.62e-05,4.21
5081,sink,1.62e-05,4.21
5082,skip,1.62e-05,4.21
5083,slavery,1.62e-05,4.21
5084,snap,1.62e-05,4.21
5085,sorts,1.62e-05,4.21
5086,souls,1.62e-05,4.21
5087,stole,1.62e-05,4.21
5088,swedish,1.62e-05,4.21
5089,swim,1.62e-05,4.21
5090,swiss,1.62e-05,4.21
5091,tennessee,1.62e-05,4.21
5092,transaction,1.62e-05,4.21
5093,transformation,1.62e-05,4.21
5094,veteran,1.62e-05,4.21
5095,vulnerable,1.62e-05,4.21
5096,wealthy,1.62e-05,4.21
5097,additionally,1.58e-05,4.2
5098,amy,1.58e-05,4.2
5099,attract,1.58e-05,4.2
5100,barbara,1.58e-05,4.2
5101,beta,1.58e-05,4.2
5102,blowing,1.58e-05,4.2
5103,bored,1.58e-05,4.2
5104,bronze,1.58e-05,4.2
5105,bug,1.58e-05,4.2
5106,caring,1.58e-05,4.2
5107,catching,1.58e-05,4.2
5108,cave,1.58e-05,4.2
5109,cheating,1.58e-05,4.2
5110,chronic,1.58e-05,4.2
5111,cleared,1.58e-05,4.2
5112,communicate,1.58e-05,4.2
5113,convicted,1.58e-05,4.2
5114,cultures,1.58e-05,4.2
5115,dealt,1.58e-05,4.2
5116,delayed,1.58e-05,4.2
5117,demonstrate,1.58e-05,4.2
5118,departments,1.58e-05,4.2
5119,depend,1.58e-05,4.2
5120,developer,1.58e-05,4.2
5121,diagnosis,1.58e-05,4.2
5122,dismissed,1.58e-05,4.2
5123,distinguished,1.58e-05,4.2
5124,dose,1.58e-05,4.2
5125,eighth,1.58e-05,4.2
5126,experiments,1.58e-05,4.2
5127,fa,1.58e-05,4.2
5128,flesh,1.58e-05,4.2
5129,flip,1.58e-05,4.2
5130,forty,1.58e-05,4.2
5131,generous,1.58e-05,4.2
5132,germans,1.58e-05,4.2
5133,hated,1.58e-05,4.2
5134,hr,1.58e-05,4.2
5135,implement,1.58e-05,4.2
5136,incorporated,1.58e-05,4.2
5137,influenced,1.58e-05,4.2
5138,jerusalem,1.58e-05,4.2
5139,kidding,1.58e-05,4.2
5140,laser,1.58e-05,4.2
5141,loyal,1.58e-05,4.2
5142,marijuana,1.58e-05,4.2
5143,md,1.58e-05,4.2
5144,mentally,1.58e-05,4.2
5145,missions,1.58e-05,4.2
5146,occupation,1.58e-05,4.2
5147,opponent,1.58e-05,4.2
5148,paintings,1.58e-05,4.2
5149,patch,1.58e-05,4.2
5150,patience,1.58e-05,4.2
5151,pic,1.58e-05,4.2
5152,pointing,1.58e-05,4.2
5153,pollution,1.58e-05,4.2
5154,precisely,1.58e-05,4.2
5155,prisoner,1.58e-05,4.2
5156,privilege,1.58e-05,4.2
5157,proposals,1.58e-05,4.2
5158,protests,1.58e-05,4.2
5159,punk,1.58e-05,4.2
5160,radar,1.58e-05,4.2
5161,regards,1.58e-05,4.2
5162,relatives,1.58e-05,4.2
5163,resist,1.58e-05,4.2
5164,solely,1.58e-05,4.2
5165,stepped,1.58e-05,4.2
5166,striking,1.58e-05,4.2
5167,terrorists,1.58e-05,4.2
5168,th,1.58e-05,4.2
5169,tourist,1.58e-05,4.2
5170,transit,1.58e-05,4.2
5171,trucks,1.58e-05,4.2
5172,trusted,1.58e-05,4.2
5173,vessels,1.58e-05,4.2
5174,villa,1.58e-05,4.2
5175,volumes,1.58e-05,4.2
5176,websites,1.58e-05,4.2
5177,wireless,1.58e-05,4.2
5178,wondered,1.58e-05,4.2
5179,wrap,1.58e-05,4.2
5180,wright,1.58e-05,4.2
5181,yoga,1.58e-05,4.2
5182,adopt,1.55e-05,4.19
5183,airlines,1.55e-05,4.19
5184,alaska,1.55e-05,4.19
5185,albums,1.55e-05,4.19
5186,america's,1.55e-05,4.19
5187,anytime,1.55e-05,4.19
5188,bacteria,1.55e-05,4.19
5189,beings,1.55e-05,4.19
5190,beside,1.55e-05,4.19
5191,blade,1.55e-05,4.19
5192,boot,1.55e-05,4.19
5193,bottles,1.55e-05,4.19
5194,bucks,1.55e-05,4.19
5195,bulk,1.55e-05,4.19
5196,camps,1.55e-05,4.19
5197,cargo,1.55e-05,4.19
5198,census,1.55e-05,4.19
5199,christianity,1.55e-05,4.19
5200,coastal,1.55e-05,4.19
5201,coin,1.55e-05,4.19
5202,colored,1.55e-05,4.19
5203,commentary,1.55e-05,4.19
5204,confusion,1.55e-05,4.19
5205,congressional,1.55e-05,4.19
5206,corn,1.55e-05,4.19
5207,cried,1.55e-05,4.19
5208,customs,1.55e-05,4.19
5209,dealer,1.55e-05,4.19
5210,deemed,1.55e-05,4.19
5211,destiny,1.55e-05,4.19
5212,distant,1.55e-05,4.19
5213,electronics,1.55e-05,4.19
5214,emerging,1.55e-05,4.19
5215,emotion,1.55e-05,4.19
5216,emphasis,1.55e-05,4.19
5217,ethics,1.55e-05,4.19
5218,excitement,1.55e-05,4.19
5219,exploration,1.55e-05,4.19
5220,fights,1.55e-05,4.19
5221,filling,1.55e-05,4.19
5222,filming,1.55e-05,4.19
5223,glasgow,1.55e-05,4.19
5224,graphics,1.55e-05,4.19
5225,helen,1.55e-05,4.19
5226,humor,1.55e-05,4.19
5227,insight,1.55e-05,4.19
5228,invested,1.55e-05,4.19
5229,it'd,1.55e-05,4.19
5230,jennifer,1.55e-05,4.19
5231,lit,1.55e-05,4.19
5232,louisiana,1.55e-05,4.19
5233,mar,1.55e-05,4.19
5234,marie,1.55e-05,4.19
5235,meals,1.55e-05,4.19
5236,mississippi,1.55e-05,4.19
5237,nerve,1.55e-05,4.19
5238,netflix,1.55e-05,4.19
5239,nightmare,1.55e-05,4.19
5240,operators,1.55e-05,4.19
5241,overnight,1.55e-05,4.19
5242,partially,1.55e-05,4.19
5243,participating,1.55e-05,4.19
5244,pie,1.55e-05,4.19
5245,platforms,1.55e-05,4.19
5246,populations,1.55e-05,4.19
5247,poster,1.55e-05,4.19
5248,pr,1.55e-05,4.19
5249,practically,1.55e-05,4.19
5250,preserve,1.55e-05,4.19
5251,produces,1.55e-05,4.19
5252,qualify,1.55e-05,4.19
5253,raid,1.55e-05,4.19
5254,ram,1.55e-05,4.19
5255,ranging,1.55e-05,4.19
5256,ranking,1.55e-05,4.19
5257,receives,1.55e-05,4.19
5258,respective,1.55e-05,4.19
5259,restricted,1.55e-05,4.19
5260,routes,1.55e-05,4.19
5261,samuel,1.55e-05,4.19
5262,sandy,1.55e-05,4.19
5263,scenario,1.55e-05,4.19
5264,sheep,1.55e-05,4.19
5265,situated,1.55e-05,4.19
5266,slaves,1.55e-05,4.19
5267,sony,1.55e-05,4.19
5268,spotted,1.55e-05,4.19
5269,spreading,1.55e-05,4.19
5270,stanley,1.55e-05,4.19
5271,sustainable,1.55e-05,4.19
5272,sustained,1.55e-05,4.19
5273,taxi,1.55e-05,4.19
5274,themes,1.55e-05,4.19
5275,threatening,1.55e-05,4.19
5276,tobacco,1.55e-05,4.19
5277,trace,1.55e-05,4.19
5278,trapped,1.55e-05,4.19
5279,turner,1.55e-05,4.19
5280,uncomfortable,1.55e-05,4.19
5281,wasted,1.55e-05,4.19
5282,weakness,1.55e-05,4.19
5283,widespread,1.55e-05,4.19
5284,xbox,1.55e-05,4.19
5285,accepting,1.51e-05,4.18
5286,accessible,1.51e-05,4.18
5287,acknowledge,1.51e-05,4.18
5288,advised,1.51e-05,4.18
5289,advisory,1.51e-05,4.18
5290,animation,1.51e-05,4.18
5291,assignment,1.51e-05,4.18
5292,balanced,1.51e-05,4.18
5293,bare,1.51e-05,4.18
5294,basement,1.51e-05,4.18
5295,bases,1.51e-05,4.18
5296,battles,1.51e-05,4.18
5297,bias,1.51e-05,4.18
5298,birmingham,1.51e-05,4.18
5299,bits,1.51e-05,4.18
5300,cancel,1.51e-05,4.18
5301,carpet,1.51e-05,4.18
5302,ceiling,1.51e-05,4.18
5303,cherry,1.51e-05,4.18
5304,chill,1.51e-05,4.18
5305,classification,1.51e-05,4.18
5306,clue,1.51e-05,4.18
5307,codes,1.51e-05,4.18
5308,cole,1.51e-05,4.18
5309,collapse,1.51e-05,4.18
5310,collecting,1.51e-05,4.18
5311,compound,1.51e-05,4.18
5312,conscious,1.51e-05,4.18
5313,consecutive,1.51e-05,4.18
5314,contents,1.51e-05,4.18
5315,costume,1.51e-05,4.18
5316,craig,1.51e-05,4.18
5317,deleted,1.51e-05,4.18
5318,devoted,1.51e-05,4.18
5319,didnt,1.51e-05,4.18
5320,displayed,1.51e-05,4.18
5321,dominated,1.51e-05,4.18
5322,earl,1.51e-05,4.18
5323,endless,1.51e-05,4.18
5324,escaped,1.51e-05,4.18
5325,examine,1.51e-05,4.18
5326,floating,1.51e-05,4.18
5327,garbage,1.51e-05,4.18
5328,gospel,1.51e-05,4.18
5329,grain,1.51e-05,4.18
5330,grid,1.51e-05,4.18
5331,grows,1.51e-05,4.18
5332,heating,1.51e-05,4.18
5333,identification,1.51e-05,4.18
5334,knees,1.51e-05,4.18
5335,lap,1.51e-05,4.18
5336,lions,1.51e-05,4.18
5337,liver,1.51e-05,4.18
5338,metro,1.51e-05,4.18
5339,metropolitan,1.51e-05,4.18
5340,mines,1.51e-05,4.18
5341,mixture,1.51e-05,4.18
5342,nominated,1.51e-05,4.18
5343,oak,1.51e-05,4.18
5344,parliamentary,1.51e-05,4.18
5345,patent,1.51e-05,4.18
5346,perception,1.51e-05,4.18
5347,physician,1.51e-05,4.18
5348,portland,1.51e-05,4.18
5349,proceed,1.51e-05,4.18
5350,proceedings,1.51e-05,4.18
5351,pupils,1.51e-05,4.18
5352,reserved,1.51e-05,4.18
5353,restore,1.51e-05,4.18
5354,rifle,1.51e-05,4.18
5355,rival,1.51e-05,4.18
5356,rs,1.51e-05,4.18
5357,runner,1.51e-05,4.18
5358,sadly,1.51e-05,4.18
5359,sc,1.51e-05,4.18
5360,she'd,1.51e-05,4.18
5361,she'll,1.51e-05,4.18
5362,shoulders,1.51e-05,4.18
5363,significance,1.51e-05,4.18
5364,sits,1.51e-05,4.18
5365,sizes,1.51e-05,4.18
5366,slept,1.51e-05,4.18
5367,soap,1.51e-05,4.18
5368,spray,1.51e-05,4.18
5369,stored,1.51e-05,4.18
5370,stressed,1.51e-05,4.18
5371,structural,1.51e-05,4.18
5372,suite,1.51e-05,4.18
5373,tbh,1.51e-05,4.18
5374,tropical,1.51e-05,4.18
5375,ukrainian,1.51e-05,4.18
5376,unnecessary,1.51e-05,4.18
5377,verse,1.51e-05,4.18
5378,victor,1.51e-05,4.18
5379,vintage,1.51e-05,4.18
5380,warned,1.51e-05,4.18
5381,watson,1.51e-05,4.18
5382,acres,1.48e-05,4.17
5383,adapted,1.48e-05,4.17
5384,adoption,1.48e-05,4.17
5385,anonymous,1.48e-05,4.17
5386,antonio,1.48e-05,4.17
5387,approaching,1.48e-05,4.17
5388,artistic,1.48e-05,4.17
5389,attendance,1.48e-05,4.17
5390,aviation,1.48e-05,4.17
5391,barrel,1.48e-05,4.17
5392,beds,1.48e-05,4.17
5393,beloved,1.48e-05,4.17
5394,bless,1.48e-05,4.17
5395,boxing,1.48e-05,4.17
5396,celebrating,1.48e-05,4.17
5397,charging,1.48e-05,4.17
5398,chemicals,1.48e-05,4.17
5399,chuck,1.48e-05,4.17
5400,cinema,1.48e-05,4.17
5401,colonial,1.48e-05,4.17
5402,comics,1.48e-05,4.17
5403,compliance,1.48e-05,4.17
5404,contrary,1.48e-05,4.17
5405,controlling,1.48e-05,4.17
5406,corporations,1.48e-05,4.17
5407,couch,1.48e-05,4.17
5408,country's,1.48e-05,4.17
5409,crush,1.48e-05,4.17
5410,dam,1.48e-05,4.17
5411,decrease,1.48e-05,4.17
5412,defeated,1.48e-05,4.17
5413,diabetes,1.48e-05,4.17
5414,dressing,1.48e-05,4.17
5415,expanding,1.48e-05,4.17
5416,fears,1.48e-05,4.17
5417,fires,1.48e-05,4.17
5418,genre,1.48e-05,4.17
5419,gentle,1.48e-05,4.17
5420,grammar,1.48e-05,4.17
5421,hiv,1.48e-05,4.17
5422,idk,1.48e-05,4.17
5423,illustrated,1.48e-05,4.17
5424,invented,1.48e-05,4.17
5425,jake,1.48e-05,4.17
5426,jam,1.48e-05,4.17
5427,jamie,1.48e-05,4.17
5428,jessica,1.48e-05,4.17
5429,keith,1.48e-05,4.17
5430,kent,1.48e-05,4.17
5431,layers,1.48e-05,4.17
5432,lease,1.48e-05,4.17
5433,lens,1.48e-05,4.17
5434,licensed,1.48e-05,4.17
5435,loyalty,1.48e-05,4.17
5436,madison,1.48e-05,4.17
5437,magnetic,1.48e-05,4.17
5438,metres,1.48e-05,4.17
5439,monsters,1.48e-05,4.17
5440,mysterious,1.48e-05,4.17
5441,notion,1.48e-05,4.17
5442,partial,1.48e-05,4.17
5443,piss,1.48e-05,4.17
5444,placing,1.48e-05,4.17
5445,propaganda,1.48e-05,4.17
5446,rat,1.48e-05,4.17
5447,reflection,1.48e-05,4.17
5448,reminded,1.48e-05,4.17
5449,resolve,1.48e-05,4.17
5450,revolutionary,1.48e-05,4.17
5451,scandal,1.48e-05,4.17
5452,shine,1.48e-05,4.17
5453,si,1.48e-05,4.17
5454,simultaneously,1.48e-05,4.17
5455,substitute,1.48e-05,4.17
5456,surveillance,1.48e-05,4.17
5457,tactics,1.48e-05,4.17
5458,testimony,1.48e-05,4.17
5459,thai,1.48e-05,4.17
5460,treasure,1.48e-05,4.17
5461,trophy,1.48e-05,4.17
5462,tweet,1.48e-05,4.17
5463,tyler,1.48e-05,4.17
5464,underlying,1.48e-05,4.17
5465,unfair,1.48e-05,4.17
5466,villages,1.48e-05,4.17
5467,von,1.48e-05,4.17
5468,wa,1.48e-05,4.17
5469,acceptance,1.45e-05,4.16
5470,accidents,1.45e-05,4.16
5471,affects,1.45e-05,4.16
5472,annually,1.45e-05,4.16
5473,apologize,1.45e-05,4.16
5474,appreciated,1.45e-05,4.16
5475,approached,1.45e-05,4.16
5476,arriving,1.45e-05,4.16
5477,ash,1.45e-05,4.16
5478,aunt,1.45e-05,4.16
5479,benjamin,1.45e-05,4.16
5480,blake,1.45e-05,4.16
5481,bubble,1.45e-05,4.16
5482,buyers,1.45e-05,4.16
5483,casino,1.45e-05,4.16
5484,charts,1.45e-05,4.16
5485,clouds,1.45e-05,4.16
5486,connecting,1.45e-05,4.16
5487,counsel,1.45e-05,4.16
5488,creature,1.45e-05,4.16
5489,deadly,1.45e-05,4.16
5490,decides,1.45e-05,4.16
5491,der,1.45e-05,4.16
5492,desired,1.45e-05,4.16
5493,determination,1.45e-05,4.16
5494,embrace,1.45e-05,4.16
5495,emerged,1.45e-05,4.16
5496,exhibit,1.45e-05,4.16
5497,flew,1.45e-05,4.16
5498,gentleman,1.45e-05,4.16
5499,gm,1.45e-05,4.16
5500,halloween,1.45e-05,4.16
5501,hammer,1.45e-05,4.16
5502,hitler,1.45e-05,4.16
5503,hosting,1.45e-05,4.16
5504,icon,1.45e-05,4.16
5505,imposed,1.45e-05,4.16
5506,indigenous,1.45e-05,4.16
5507,infinite,1.45e-05,4.16
5508,installation,1.45e-05,4.16
5509,inter,1.45e-05,4.16
5510,interactions,1.45e-05,4.16
5511,introducing,1.45e-05,4.16
5512,iranian,1.45e-05,4.16
5513,kicking,1.45e-05,4.16
5514,laying,1.45e-05,4.16
5515,legislature,1.45e-05,4.16
5516,liability,1.45e-05,4.16
5517,maine,1.45e-05,4.16
5518,makers,1.45e-05,4.16
5519,manhattan,1.45e-05,4.16
5520,marathon,1.45e-05,4.16
5521,marvel,1.45e-05,4.16
5522,michelle,1.45e-05,4.16
5523,moreover,1.45e-05,4.16
5524,mps,1.45e-05,4.16
5525,neil,1.45e-05,4.16
5526,organisations,1.45e-05,4.16
5527,ours,1.45e-05,4.16
5528,parade,1.45e-05,4.16
5529,paradise,1.45e-05,4.16
5530,perceived,1.45e-05,4.16
5531,pics,1.45e-05,4.16
5532,planes,1.45e-05,4.16
5533,politician,1.45e-05,4.16
5534,preliminary,1.45e-05,4.16
5535,premiere,1.45e-05,4.16
5536,presidency,1.45e-05,4.16
5537,reaches,1.45e-05,4.16
5538,react,1.45e-05,4.16
5539,realistic,1.45e-05,4.16
5540,remarks,1.45e-05,4.16
5541,retain,1.45e-05,4.16
5542,roberts,1.45e-05,4.16
5543,rocky,1.45e-05,4.16
5544,russians,1.45e-05,4.16
5545,saints,1.45e-05,4.16
5546,satisfaction,1.45e-05,4.16
5547,scratch,1.45e-05,4.16
5548,shade,1.45e-05,4.16
5549,sheets,1.45e-05,4.16
5550,sheriff,1.45e-05,4.16
5551,shy,1.45e-05,4.16
5552,sometime,1.45e-05,4.16
5553,spirits,1.45e-05,4.16
5554,sporting,1.45e-05,4.16
5555,strictly,1.45e-05,4.16
5556,sunshine,1.45e-05,4.16
5557,teens,1.45e-05,4.16
5558,thou,1.45e-05,4.16
5559,tier,1.45e-05,4.16
5560,tommy,1.45e-05,4.16
5561,travelling,1.45e-05,4.16
5562,vancouver,1.45e-05,4.16
5563,vocal,1.45e-05,4.16
5564,warrior,1.45e-05,4.16
5565,woman's,1.45e-05,4.16
5566,worries,1.45e-05,4.16
5567,yield,1.45e-05,4.16
5568,accomplished,1.41e-05,4.15
5569,admission,1.41e-05,4.15
5570,adventures,1.41e-05,4.15
5571,aka,1.41e-05,4.15
5572,appearing,1.41e-05,4.15
5573,bacon,1.41e-05,4.15
5574,barrier,1.41e-05,4.15
5575,belgium,1.41e-05,4.15
5576,believing,1.41e-05,4.15
5577,blacks,1.41e-05,4.15
5578,bombs,1.41e-05,4.15
5579,burst,1.41e-05,4.15
5580,caps,1.41e-05,4.15
5581,casting,1.41e-05,4.15
5582,cattle,1.41e-05,4.15
5583,cc,1.41e-05,4.15
5584,classroom,1.41e-05,4.15
5585,collins,1.41e-05,4.15
5586,colours,1.41e-05,4.15
5587,compromise,1.41e-05,4.15
5588,convenient,1.41e-05,4.15
5589,costa,1.41e-05,4.15
5590,criminals,1.41e-05,4.15
5591,crop,1.41e-05,4.15
5592,earthquake,1.41e-05,4.15
5593,elderly,1.41e-05,4.15
5594,eliminate,1.41e-05,4.15
5595,embarrassing,1.41e-05,4.15
5596,farmer,1.41e-05,4.15
5597,finest,1.41e-05,4.15
5598,grants,1.41e-05,4.15
5599,harbor,1.41e-05,4.15
5600,harvey,1.41e-05,4.15
5601,hates,1.41e-05,4.15
5602,incidents,1.41e-05,4.15
5603,inform,1.41e-05,4.15
5604,ion,1.41e-05,4.15
5605,jeremy,1.41e-05,4.15
5606,lesbian,1.41e-05,4.15
5607,lovers,1.41e-05,4.15
5608,lt,1.41e-05,4.15
5609,mathematics,1.41e-05,4.15
5610,medication,1.41e-05,4.15
5611,minded,1.41e-05,4.15
5612,morris,1.41e-05,4.15
5613,norway,1.41e-05,4.15
5614,par,1.41e-05,4.15
5615,podcast,1.41e-05,4.15
5616,portfolio,1.41e-05,4.15
5617,productivity,1.41e-05,4.15
5618,promoted,1.41e-05,4.15
5619,protocol,1.41e-05,4.15
5620,quietly,1.41e-05,4.15
5621,rachel,1.41e-05,4.15
5622,replacing,1.41e-05,4.15
5623,responsibilities,1.41e-05,4.15
5624,salad,1.41e-05,4.15
5625,scholarship,1.41e-05,4.15
5626,screening,1.41e-05,4.15
5627,sends,1.41e-05,4.15
5628,smiling,1.41e-05,4.15
5629,soup,1.41e-05,4.15
5630,southeast,1.41e-05,4.15
5631,stake,1.41e-05,4.15
5632,stating,1.41e-05,4.15
5633,strain,1.41e-05,4.15
5634,suspected,1.41e-05,4.15
5635,swift,1.41e-05,4.15
5636,tackle,1.41e-05,4.15
5637,tigers,1.41e-05,4.15
5638,timeline,1.41e-05,4.15
5639,torture,1.41e-05,4.15
5640,traded,1.41e-05,4.15
5641,translated,1.41e-05,4.15
5642,tricks,1.41e-05,4.15
5643,twins,1.41e-05,4.15
5644,urgent,1.41e-05,4.15
5645,vegetables,1.41e-05,4.15
5646,vertical,1.41e-05,4.15
5647,violation,1.41e-05,4.15
5648,wallet,1.41e-05,4.15
5649,welsh,1.41e-05,4.15
5650,workshop,1.41e-05,4.15
5651,wrapped,1.41e-05,4.15
5652,9th,1.38e-05,4.14
5653,aboard,1.38e-05,4.14
5654,abstract,1.38e-05,4.14
5655,accent,1.38e-05,4.14
5656,addiction,1.38e-05,4.14
5657,associates,1.38e-05,4.14
5658,awake,1.38e-05,4.14
5659,beam,1.38e-05,4.14
5660,beans,1.38e-05,4.14
5661,binding,1.38e-05,4.14
5662,blank,1.38e-05,4.14
5663,buffalo,1.38e-05,4.14
5664,cbs,1.38e-05,4.14
5665,commons,1.38e-05,4.14
5666,conservatives,1.38e-05,4.14
5667,contacts,1.38e-05,4.14
5668,conviction,1.38e-05,4.14
5669,corrupt,1.38e-05,4.14
5670,cow,1.38e-05,4.14
5671,curve,1.38e-05,4.14
5672,depressed,1.38e-05,4.14
5673,deserved,1.38e-05,4.14
5674,dining,1.38e-05,4.14
5675,disorders,1.38e-05,4.14
5676,duration,1.38e-05,4.14
5677,eddie,1.38e-05,4.14
5678,emily,1.38e-05,4.14
5679,encouraging,1.38e-05,4.14
5680,farms,1.38e-05,4.14
5681,fifteen,1.38e-05,4.14
5682,flows,1.38e-05,4.14
5683,ga,1.38e-05,4.14
5684,genes,1.38e-05,4.14
5685,graduated,1.38e-05,4.14
5686,grandmother,1.38e-05,4.14
5687,harsh,1.38e-05,4.14
5688,heights,1.38e-05,4.14
5689,horn,1.38e-05,4.14
5690,hurry,1.38e-05,4.14
5691,immune,1.38e-05,4.14
5692,inflation,1.38e-05,4.14
5693,ingredients,1.38e-05,4.14
5694,inspection,1.38e-05,4.14
5695,install,1.38e-05,4.14
5696,instruction,1.38e-05,4.14
5697,intensity,1.38e-05,4.14
5698,inventory,1.38e-05,4.14
5699,investigated,1.38e-05,4.14
5700,invitation,1.38e-05,4.14
5701,judicial,1.38e-05,4.14
5702,justify,1.38e-05,4.14
5703,kyle,1.38e-05,4.14
5704,lakes,1.38e-05,4.14
5705,lean,1.38e-05,4.14
5706,lecture,1.38e-05,4.14
5707,libraries,1.38e-05,4.14
5708,logical,1.38e-05,4.14
5709,mason,1.38e-05,4.14
5710,meaningful,1.38e-05,4.14
5711,migration,1.38e-05,4.14
5712,missile,1.38e-05,4.14
5713,motivated,1.38e-05,4.14
5714,muscles,1.38e-05,4.14
5715,nancy,1.38e-05,4.14
5716,norman,1.38e-05,4.14
5717,northwest,1.38e-05,4.14
5718,nurses,1.38e-05,4.14
5719,organ,1.38e-05,4.14
5720,patrol,1.38e-05,4.14
5721,pearl,1.38e-05,4.14
5722,peer,1.38e-05,4.14
5723,pepper,1.38e-05,4.14
5724,pig,1.38e-05,4.14
5725,pile,1.38e-05,4.14
5726,plug,1.38e-05,4.14
5727,provision,1.38e-05,4.14
5728,releasing,1.38e-05,4.14
5729,requiring,1.38e-05,4.14
5730,revised,1.38e-05,4.14
5731,rod,1.38e-05,4.14
5732,scream,1.38e-05,4.14
5733,stairs,1.38e-05,4.14
5734,staring,1.38e-05,4.14
5735,statistical,1.38e-05,4.14
5736,sticks,1.38e-05,4.14
5737,strangers,1.38e-05,4.14
5738,succeeded,1.38e-05,4.14
5739,sweat,1.38e-05,4.14
5740,switched,1.38e-05,4.14
5741,syrian,1.38e-05,4.14
5742,tattoo,1.38e-05,4.14
5743,teenage,1.38e-05,4.14
5744,thunder,1.38e-05,4.14
5745,tours,1.38e-05,4.14
5746,tragedy,1.38e-05,4.14
5747,trauma,1.38e-05,4.14
5748,vincent,1.38e-05,4.14
5749,wrestling,1.38e-05,4.14
5750,zoo,1.38e-05,4.14
5751,accordance,1.35e-05,4.13
5752,acquire,1.35e-05,4.13
5753,activist,1.35e-05,4.13
5754,activists,1.35e-05,4.13
5755,addresses,1.35e-05,4.13
5756,alike,1.35e-05,4.13
5757,applicable,1.35e-05,4.13
5758,arrow,1.35e-05,4.13
5759,availability,1.35e-05,4.13
5760,aw,1.35e-05,4.13
5761,ba,1.35e-05,4.13
5762,bend,1.35e-05,4.13
5763,boundary,1.35e-05,4.13
5764,breach,1.35e-05,4.13
5765,cabin,1.35e-05,4.13
5766,cage,1.35e-05,4.13
5767,chancellor,1.35e-05,4.13
5768,cheers,1.35e-05,4.13
5769,circles,1.35e-05,4.13
5770,closet,1.35e-05,4.13
5771,combine,1.35e-05,4.13
5772,companion,1.35e-05,4.13
5773,comparing,1.35e-05,4.13
5774,consciousness,1.35e-05,4.13
5775,consultant,1.35e-05,4.13
5776,controller,1.35e-05,4.13
5777,corresponding,1.35e-05,4.13
5778,courtesy,1.35e-05,4.13
5779,cuba,1.35e-05,4.13
5780,damages,1.35e-05,4.13
5781,demanding,1.35e-05,4.13
5782,disc,1.35e-05,4.13
5783,dishes,1.35e-05,4.13
5784,dozens,1.35e-05,4.13
5785,eagle,1.35e-05,4.13
5786,eaten,1.35e-05,4.13
5787,embassy,1.35e-05,4.13
5788,engaging,1.35e-05,4.13
5789,fascinating,1.35e-05,4.13
5790,financing,1.35e-05,4.13
5791,fitted,1.35e-05,4.13
5792,flexible,1.35e-05,4.13
5793,gaining,1.35e-05,4.13
5794,gentlemen,1.35e-05,4.13
5795,goodness,1.35e-05,4.13
5796,guilt,1.35e-05,4.13
5797,haven,1.35e-05,4.13
5798,helicopter,1.35e-05,4.13
5799,homework,1.35e-05,4.13
5800,households,1.35e-05,4.13
5801,hp,1.35e-05,4.13
5802,iconic,1.35e-05,4.13
5803,infected,1.35e-05,4.13
5804,keen,1.35e-05,4.13
5805,kenya,1.35e-05,4.13
5806,lesser,1.35e-05,4.13
5807,liberals,1.35e-05,4.13
5808,lip,1.35e-05,4.13
5809,mandatory,1.35e-05,4.13
5810,manufactured,1.35e-05,4.13
5811,mechanics,1.35e-05,4.13
5812,mere,1.35e-05,4.13
5813,miracle,1.35e-05,4.13
5814,mt,1.35e-05,4.13
5815,mud,1.35e-05,4.13
5816,murphy,1.35e-05,4.13
5817,nathan,1.35e-05,4.13
5818,observation,1.35e-05,4.13
5819,operates,1.35e-05,4.13
5820,owe,1.35e-05,4.13
5821,permitted,1.35e-05,4.13
5822,phenomenon,1.35e-05,4.13
5823,pittsburgh,1.35e-05,4.13
5824,playoff,1.35e-05,4.13
5825,precise,1.35e-05,4.13
5826,profession,1.35e-05,4.13
5827,prospect,1.35e-05,4.13
5828,protective,1.35e-05,4.13
5829,providers,1.35e-05,4.13
5830,publisher,1.35e-05,4.13
5831,putin,1.35e-05,4.13
5832,reportedly,1.35e-05,4.13
5833,retreat,1.35e-05,4.13
5834,rookie,1.35e-05,4.13
5835,sandwich,1.35e-05,4.13
5836,seeks,1.35e-05,4.13
5837,sentences,1.35e-05,4.13
5838,separation,1.35e-05,4.13
5839,sexually,1.35e-05,4.13
5840,ski,1.35e-05,4.13
5841,skilled,1.35e-05,4.13
5842,sterling,1.35e-05,4.13
5843,stuart,1.35e-05,4.13
5844,surgeon,1.35e-05,4.13
5845,theft,1.35e-05,4.13
5846,um,1.35e-05,4.13
5847,understands,1.35e-05,4.13
5848,valve,1.35e-05,4.13
5849,visa,1.35e-05,4.13
5850,washing,1.35e-05,4.13
5851,adjacent,1.32e-05,4.12
5852,agreements,1.32e-05,4.12
5853,appreciation,1.32e-05,4.12
5854,arabia,1.32e-05,4.12
5855,athletic,1.32e-05,4.12
5856,authorized,1.32e-05,4.12
5857,banner,1.32e-05,4.12
5858,beijing,1.32e-05,4.12
5859,blew,1.32e-05,4.12
5860,blocking,1.32e-05,4.12
5861,brad,1.32e-05,4.12
5862,caribbean,1.32e-05,4.12
5863,charm,1.32e-05,4.12
5864,chasing,1.32e-05,4.12
5865,climbing,1.32e-05,4.12
5866,colony,1.32e-05,4.12
5867,complaining,1.32e-05,4.12
5868,cookies,1.32e-05,4.12
5869,cruel,1.32e-05,4.12
5870,curriculum,1.32e-05,4.12
5871,deadline,1.32e-05,4.12
5872,deer,1.32e-05,4.12
5873,delta,1.32e-05,4.12
5874,demanded,1.32e-05,4.12
5875,dive,1.32e-05,4.12
5876,divide,1.32e-05,4.12
5877,easter,1.32e-05,4.12
5878,electoral,1.32e-05,4.12
5879,eleven,1.32e-05,4.12
5880,entity,1.32e-05,4.12
5881,excessive,1.32e-05,4.12
5882,exercises,1.32e-05,4.12
5883,feminist,1.32e-05,4.12
5884,governing,1.32e-05,4.12
5885,ham,1.32e-05,4.12
5886,heal,1.32e-05,4.12
5887,interface,1.32e-05,4.12
5888,ios,1.32e-05,4.12
5889,jewelry,1.32e-05,4.12
5890,journalism,1.32e-05,4.12
5891,juan,1.32e-05,4.12
5892,julia,1.32e-05,4.12
5893,jungle,1.32e-05,4.12
5894,linear,1.32e-05,4.12
5895,mg,1.32e-05,4.12
5896,occasional,1.32e-05,4.12
5897,oriented,1.32e-05,4.12
5898,pete,1.32e-05,4.12
5899,pilots,1.32e-05,4.12
5900,prayers,1.32e-05,4.12
5901,predicted,1.32e-05,4.12
5902,pressed,1.32e-05,4.12
5903,preventing,1.32e-05,4.12
5904,prof,1.32e-05,4.12
5905,provisions,1.32e-05,4.12
5906,pursuit,1.32e-05,4.12
5907,rap,1.32e-05,4.12
5908,reflected,1.32e-05,4.12
5909,reminder,1.32e-05,4.12
5910,restored,1.32e-05,4.12
5911,resume,1.32e-05,4.12
5912,rev,1.32e-05,4.12
5913,richmond,1.32e-05,4.12
5914,ridge,1.32e-05,4.12
5915,samsung,1.32e-05,4.12
5916,scholars,1.32e-05,4.12
5917,sealed,1.32e-05,4.12
5918,sounded,1.32e-05,4.12
5919,sri,1.32e-05,4.12
5920,streams,1.32e-05,4.12
5921,strongest,1.32e-05,4.12
5922,tends,1.32e-05,4.12
5923,tribe,1.32e-05,4.12
5924,unfortunate,1.32e-05,4.12
5925,variable,1.32e-05,4.12
5926,victorian,1.32e-05,4.12
5927,worrying,1.32e-05,4.12
5928,xi,1.32e-05,4.12
5929,zones,1.32e-05,4.12
5930,ace,1.29e-05,4.11
5931,adjusted,1.29e-05,4.11
5932,alternate,1.29e-05,4.11
5933,arrives,1.29e-05,4.11
5934,artwork,1.29e-05,4.11
5935,ashley,1.29e-05,4.11
5936,athlete,1.29e-05,4.11
5937,attraction,1.29e-05,4.11
5938,babe,1.29e-05,4.11
5939,bankruptcy,1.29e-05,4.11
5940,canon,1.29e-05,4.11
5941,capabilities,1.29e-05,4.11
5942,cared,1.29e-05,4.11
5943,catherine,1.29e-05,4.11
5944,chains,1.29e-05,4.11
5945,closure,1.29e-05,4.11
5946,cognitive,1.29e-05,4.11
5947,competitors,1.29e-05,4.11
5948,connecticut,1.29e-05,4.11
5949,convert,1.29e-05,4.11
5950,cooked,1.29e-05,4.11
5951,ct,1.29e-05,4.11
5952,cups,1.29e-05,4.11
5953,deciding,1.29e-05,4.11
5954,defender,1.29e-05,4.11
5955,dental,1.29e-05,4.11
5956,diplomatic,1.29e-05,4.11
5957,divisions,1.29e-05,4.11
5958,drum,1.29e-05,4.11
5959,editorial,1.29e-05,4.11
5960,enabled,1.29e-05,4.11
5961,entertaining,1.29e-05,4.11
5962,est,1.29e-05,4.11
5963,establishing,1.29e-05,4.11
5964,eternal,1.29e-05,4.11
5965,freeze,1.29e-05,4.11
5966,generic,1.29e-05,4.11
5967,grandma,1.29e-05,4.11
5968,grip,1.29e-05,4.11
5969,handful,1.29e-05,4.11
5970,happily,1.29e-05,4.11
5971,harmony,1.29e-05,4.11
5972,hmm,1.29e-05,4.11
5973,humble,1.29e-05,4.11
5974,hurting,1.29e-05,4.11
5975,hybrid,1.29e-05,4.11
5976,intentions,1.29e-05,4.11
5977,investing,1.29e-05,4.11
5978,keyboard,1.29e-05,4.11
5979,lasting,1.29e-05,4.11
5980,locally,1.29e-05,4.11
5981,loses,1.29e-05,4.11
5982,mild,1.29e-05,4.11
5983,minimal,1.29e-05,4.11
5984,mixing,1.29e-05,4.11
5985,molecular,1.29e-05,4.11
5986,nearest,1.29e-05,4.11
5987,neighbor,1.29e-05,4.11
5988,noon,1.29e-05,4.11
5989,nowadays,1.29e-05,4.11
5990,openly,1.29e-05,4.11
5991,overview,1.29e-05,4.11
5992,pairs,1.29e-05,4.11
5993,palestinian,1.29e-05,4.11
5994,parish,1.29e-05,4.11
5995,pathetic,1.29e-05,4.11
5996,poems,1.29e-05,4.11
5997,possibilities,1.29e-05,4.11
5998,potato,1.29e-05,4.11
5999,potter,1.29e-05,4.11
6000,preference,1.29e-05,4.11
6001,promising,1.29e-05,4.11
6002,proportion,1.29e-05,4.11
6003,purchases,1.29e-05,4.11
6004,rage,1.29e-05,4.11
6005,rd,1.29e-05,4.11
6006,reflects,1.29e-05,4.11
6007,respected,1.29e-05,4.11
6008,restoration,1.29e-05,4.11
6009,selfish,1.29e-05,4.11
6010,sergeant,1.29e-05,4.11
6011,silk,1.29e-05,4.11
6012,stamp,1.29e-05,4.11
6013,throne,1.29e-05,4.11
6014,thy,1.29e-05,4.11
6015,urge,1.29e-05,4.11
6016,voter,1.29e-05,4.11
6017,warner,1.29e-05,4.11
6018,wasting,1.29e-05,4.11
6019,witch,1.29e-05,4.11
6020,advantages,1.26e-05,4.1
6021,ally,1.26e-05,4.1
6022,archives,1.26e-05,4.1
6023,array,1.26e-05,4.1
6024,assisted,1.26e-05,4.1
6025,backs,1.26e-05,4.1
6026,belly,1.26e-05,4.1
6027,booth,1.26e-05,4.1
6028,breakdown,1.26e-05,4.1
6029,bridges,1.26e-05,4.1
6030,brutal,1.26e-05,4.1
6031,calculated,1.26e-05,4.1
6032,cam,1.26e-05,4.1
6033,centres,1.26e-05,4.1
6034,chapters,1.26e-05,4.1
6035,citizenship,1.26e-05,4.1
6036,civilians,1.26e-05,4.1
6037,cliff,1.26e-05,4.1
6038,conflicts,1.26e-05,4.1
6039,consensus,1.26e-05,4.1
6040,cycling,1.26e-05,4.1
6041,declaration,1.26e-05,4.1
6042,dennis,1.26e-05,4.1
6043,derby,1.26e-05,4.1
6044,distinction,1.26e-05,4.1
6045,donations,1.26e-05,4.1
6046,dragons,1.26e-05,4.1
6047,draws,1.26e-05,4.1
6048,examined,1.26e-05,4.1
6049,facial,1.26e-05,4.1
6050,faithful,1.26e-05,4.1
6051,fatal,1.26e-05,4.1
6052,fig,1.26e-05,4.1
6053,fitting,1.26e-05,4.1
6054,genuinely,1.26e-05,4.1
6055,hardest,1.26e-05,4.1
6056,holland,1.26e-05,4.1
6057,honored,1.26e-05,4.1
6058,hunger,1.26e-05,4.1
6059,hurricane,1.26e-05,4.1
6060,implications,1.26e-05,4.1
6061,import,1.26e-05,4.1
6062,innovative,1.26e-05,4.1
6063,ipad,1.26e-05,4.1
6064,jurisdiction,1.26e-05,4.1
6065,laughter,1.26e-05,4.1
6066,lemon,1.26e-05,4.1
6067,les,1.26e-05,4.1
6068,lifted,1.26e-05,4.1
6069,loading,1.26e-05,4.1
6070,lung,1.26e-05,4.1
6071,matching,1.26e-05,4.1
6072,mighty,1.26e-05,4.1
6073,monetary,1.26e-05,4.1
6074,novels,1.26e-05,4.1
6075,nutrition,1.26e-05,4.1
6076,ore,1.26e-05,4.1
6077,os,1.26e-05,4.1
6078,outcomes,1.26e-05,4.1
6079,outta,1.26e-05,4.1
6080,pine,1.26e-05,4.1
6081,polls,1.26e-05,4.1
6082,poorly,1.26e-05,4.1
6083,portugal,1.26e-05,4.1
6084,pose,1.26e-05,4.1
6085,pour,1.26e-05,4.1
6086,proteins,1.26e-05,4.1
6087,provider,1.26e-05,4.1
6088,publish,1.26e-05,4.1
6089,purely,1.26e-05,4.1
6090,ralph,1.26e-05,4.1
6091,rental,1.26e-05,4.1
6092,resolved,1.26e-05,4.1
6093,rewards,1.26e-05,4.1
6094,sang,1.26e-05,4.1
6095,seemingly,1.26e-05,4.1
6096,senators,1.26e-05,4.1
6097,severely,1.26e-05,4.1
6098,shark,1.26e-05,4.1
6099,shocking,1.26e-05,4.1
6100,southwest,1.26e-05,4.1
6101,ss,1.26e-05,4.1
6102,studios,1.26e-05,4.1
6103,survivors,1.26e-05,4.1
6104,tales,1.26e-05,4.1
6105,technically,1.26e-05,4.1
6106,titled,1.26e-05,4.1
6107,traditions,1.26e-05,4.1
6108,unlimited,1.26e-05,4.1
6109,washed,1.26e-05,4.1
6110,watches,1.26e-05,4.1
6111,advise,1.23e-05,4.09
6112,anxious,1.23e-05,4.09
6113,appearances,1.23e-05,4.09
6114,bee,1.23e-05,4.09
6115,bombing,1.23e-05,4.09
6116,cafe,1.23e-05,4.09
6117,carlos,1.23e-05,4.09
6118,challenged,1.23e-05,4.09
6119,cigarettes,1.23e-05,4.09
6120,colin,1.23e-05,4.09
6121,consisting,1.23e-05,4.09
6122,cult,1.23e-05,4.09
6123,dairy,1.23e-05,4.09
6124,dakota,1.23e-05,4.09
6125,darling,1.23e-05,4.09
6126,delighted,1.23e-05,4.09
6127,delivering,1.23e-05,4.09
6128,destroying,1.23e-05,4.09
6129,diary,1.23e-05,4.09
6130,disagree,1.23e-05,4.09
6131,disappear,1.23e-05,4.09
6132,drill,1.23e-05,4.09
6133,earliest,1.23e-05,4.09
6134,edges,1.23e-05,4.09
6135,entries,1.23e-05,4.09
6136,euro,1.23e-05,4.09
6137,evolved,1.23e-05,4.09
6138,exports,1.23e-05,4.09
6139,fixing,1.23e-05,4.09
6140,fl,1.23e-05,4.09
6141,flags,1.23e-05,4.09
6142,flies,1.23e-05,4.09
6143,forecast,1.23e-05,4.09
6144,fr,1.23e-05,4.09
6145,governance,1.23e-05,4.09
6146,heated,1.23e-05,4.09
6147,hug,1.23e-05,4.09
6148,importantly,1.23e-05,4.09
6149,indicating,1.23e-05,4.09
6150,indoor,1.23e-05,4.09
6151,influential,1.23e-05,4.09
6152,intend,1.23e-05,4.09
6153,invisible,1.23e-05,4.09
6154,jeans,1.23e-05,4.09
6155,jets,1.23e-05,4.09
6156,julie,1.23e-05,4.09
6157,karen,1.23e-05,4.09
6158,lasted,1.23e-05,4.09
6159,lawsuit,1.23e-05,4.09
6160,leak,1.23e-05,4.09
6161,lighter,1.23e-05,4.09
6162,lucas,1.23e-05,4.09
6163,marcus,1.23e-05,4.09
6164,mentions,1.23e-05,4.09
6165,meter,1.23e-05,4.09
6166,mice,1.23e-05,4.09
6167,musicians,1.23e-05,4.09
6168,olive,1.23e-05,4.09
6169,passionate,1.23e-05,4.09
6170,potatoes,1.23e-05,4.09
6171,prevented,1.23e-05,4.09
6172,receiver,1.23e-05,4.09
6173,recommendation,1.23e-05,4.09
6174,riot,1.23e-05,4.09
6175,rogers,1.23e-05,4.09
6176,roster,1.23e-05,4.09
6177,safer,1.23e-05,4.09
6178,sells,1.23e-05,4.09
6179,sentenced,1.23e-05,4.09
6180,servant,1.23e-05,4.09
6181,setup,1.23e-05,4.09
6182,should've,1.23e-05,4.09
6183,skull,1.23e-05,4.09
6184,slot,1.23e-05,4.09
6185,smash,1.23e-05,4.09
6186,statue,1.23e-05,4.09
6187,surprisingly,1.23e-05,4.09
6188,surrender,1.23e-05,4.09
6189,suspicious,1.23e-05,4.09
6190,team's,1.23e-05,4.09
6191,teenager,1.23e-05,4.09
6192,tender,1.23e-05,4.09
6193,thoroughly,1.23e-05,4.09
6194,todd,1.23e-05,4.09
6195,treatments,1.23e-05,4.09
6196,tweeted,1.23e-05,4.09
6197,vacuum,1.23e-05,4.09
6198,variations,1.23e-05,4.09
6199,vi,1.23e-05,4.09
6200,where's,1.23e-05,4.09
6201,wi,1.23e-05,4.09
6202,wont,1.23e-05,4.09
6203,acknowledged,1.2e-05,4.08
6204,advances,1.2e-05,4.08
6205,agrees,1.2e-05,4.08
6206,allegations,1.2e-05,4.08
6207,anticipated,1.2e-05,4.08
6208,approve,1.2e-05,4.08
6209,architect,1.2e-05,4.08
6210,basin,1.2e-05,4.08
6211,beneficial,1.2e-05,4.08
6212,bleeding,1.2e-05,4.08
6213,breed,1.2e-05,4.08
6214,breeding,1.2e-05,4.08
6215,bride,1.2e-05,4.08
6216,broadway,1.2e-05,4.08
6217,bros,1.2e-05,4.08
6218,bud,1.2e-05,4.08
6219,butler,1.2e-05,4.08
6220,careers,1.2e-05,4.08
6221,cartoon,1.2e-05,4.08
6222,celebrities,1.2e-05,4.08
6223,chick,1.2e-05,4.08
6224,coke,1.2e-05,4.08
6225,comparable,1.2e-05,4.08
6226,confirmation,1.2e-05,4.08
6227,console,1.2e-05,4.08
6228,contractor,1.2e-05,4.08
6229,contributing,1.2e-05,4.08
6230,diameter,1.2e-05,4.08
6231,dubai,1.2e-05,4.08
6232,dublin,1.2e-05,4.08
6233,dump,1.2e-05,4.08
6234,duo,1.2e-05,4.08
6235,dynamics,1.2e-05,4.08
6236,elephant,1.2e-05,4.08
6237,enhanced,1.2e-05,4.08
6238,essays,1.2e-05,4.08
6239,exhausted,1.2e-05,4.08
6240,fabric,1.2e-05,4.08
6241,fabulous,1.2e-05,4.08
6242,fairy,1.2e-05,4.08
6243,fathers,1.2e-05,4.08
6244,focuses,1.2e-05,4.08
6245,fold,1.2e-05,4.08
6246,freak,1.2e-05,4.08
6247,frustrated,1.2e-05,4.08
6248,gambling,1.2e-05,4.08
6249,gently,1.2e-05,4.08
6250,glorious,1.2e-05,4.08
6251,grief,1.2e-05,4.08
6252,harrison,1.2e-05,4.08
6253,historically,1.2e-05,4.08
6254,hub,1.2e-05,4.08
6255,hughes,1.2e-05,4.08
6256,inevitable,1.2e-05,4.08
6257,investigating,1.2e-05,4.08
6258,kg,1.2e-05,4.08
6259,labels,1.2e-05,4.08
6260,lacking,1.2e-05,4.08
6261,laughs,1.2e-05,4.08
6262,layout,1.2e-05,4.08
6263,lined,1.2e-05,4.08
6264,lodge,1.2e-05,4.08
6265,lords,1.2e-05,4.08
6266,merchant,1.2e-05,4.08
6267,merit,1.2e-05,4.08
6268,micro,1.2e-05,4.08
6269,myth,1.2e-05,4.08
6270,nintendo,1.2e-05,4.08
6271,objectives,1.2e-05,4.08
6272,obsessed,1.2e-05,4.08
6273,organised,1.2e-05,4.08
6274,overwhelming,1.2e-05,4.08
6275,pale,1.2e-05,4.08
6276,particles,1.2e-05,4.08
6277,pastor,1.2e-05,4.08
6278,penalties,1.2e-05,4.08
6279,permanently,1.2e-05,4.08
6280,pets,1.2e-05,4.08
6281,pockets,1.2e-05,4.08
6282,poison,1.2e-05,4.08
6283,predict,1.2e-05,4.08
6284,presenting,1.2e-05,4.08
6285,presidents,1.2e-05,4.08
6286,pressing,1.2e-05,4.08
6287,prints,1.2e-05,4.08
6288,provincial,1.2e-05,4.08
6289,raped,1.2e-05,4.08
6290,realised,1.2e-05,4.08
6291,rebel,1.2e-05,4.08
6292,repairs,1.2e-05,4.08
6293,rotation,1.2e-05,4.08
6294,separately,1.2e-05,4.08
6295,shaking,1.2e-05,4.08
6296,shaw,1.2e-05,4.08
6297,societies,1.2e-05,4.08
6298,solved,1.2e-05,4.08
6299,starring,1.2e-05,4.08
6300,struggles,1.2e-05,4.08
6301,subtle,1.2e-05,4.08
6302,tastes,1.2e-05,4.08
6303,throws,1.2e-05,4.08
6304,toll,1.2e-05,4.08
6305,tooth,1.2e-05,4.08
6306,torn,1.2e-05,4.08
6307,tragic,1.2e-05,4.08
6308,trainer,1.2e-05,4.08
6309,transformed,1.2e-05,4.08
6310,unbelievable,1.2e-05,4.08
6311,underneath,1.2e-05,4.08
6312,variation,1.2e-05,4.08
6313,viewing,1.2e-05,4.08
6314,viral,1.2e-05,4.08
6315,warehouse,1.2e-05,4.08
6316,wears,1.2e-05,4.08
6317,widow,1.2e-05,4.08
6318,wives,1.2e-05,4.08
6319,®,1.2e-05,4.08
6320,adjust,1.17e-05,4.07
6321,administrator,1.17e-05,4.07
6322,affecting,1.17e-05,4.07
6323,allied,1.17e-05,4.07
6324,altogether,1.17e-05,4.07
6325,animated,1.17e-05,4.07
6326,answering,1.17e-05,4.07
6327,assess,1.17e-05,4.07
6328,assumption,1.17e-05,4.07
6329,assured,1.17e-05,4.07
6330,austria,1.17e-05,4.07
6331,avoided,1.17e-05,4.07
6332,avoiding,1.17e-05,4.07
6333,basket,1.17e-05,4.07
6334,beard,1.17e-05,4.07
6335,bio,1.17e-05,4.07
6336,blanket,1.17e-05,4.07
6337,brains,1.17e-05,4.07
6338,bucket,1.17e-05,4.07
6339,burger,1.17e-05,4.07
6340,capability,1.17e-05,4.07
6341,charming,1.17e-05,4.07
6342,chiefs,1.17e-05,4.07
6343,commented,1.17e-05,4.07
6344,computing,1.17e-05,4.07
6345,concentrate,1.17e-05,4.07
6346,conducting,1.17e-05,4.07
6347,consequence,1.17e-05,4.07
6348,continent,1.17e-05,4.07
6349,cookie,1.17e-05,4.07
6350,cruz,1.17e-05,4.07
6351,curse,1.17e-05,4.07
6352,displays,1.17e-05,4.07
6353,drain,1.17e-05,4.07
6354,emissions,1.17e-05,4.07
6355,ethical,1.17e-05,4.07
6356,excellence,1.17e-05,4.07
6357,flame,1.17e-05,4.07
6358,forests,1.17e-05,4.07
6359,freely,1.17e-05,4.07
6360,fruits,1.17e-05,4.07
6361,grabbed,1.17e-05,4.07
6362,graduation,1.17e-05,4.07
6363,hint,1.17e-05,4.07
6364,horizon,1.17e-05,4.07
6365,hostile,1.17e-05,4.07
6366,imagined,1.17e-05,4.07
6367,inhabitants,1.17e-05,4.07
6368,ink,1.17e-05,4.07
6369,inn,1.17e-05,4.07
6370,intel,1.17e-05,4.07
6371,kicks,1.17e-05,4.07
6372,legends,1.17e-05,4.07
6373,lo,1.17e-05,4.07
6374,lucy,1.17e-05,4.07
6375,magazines,1.17e-05,4.07
6376,matrix,1.17e-05,4.07
6377,measuring,1.17e-05,4.07
6378,miserable,1.17e-05,4.07
6379,momentum,1.17e-05,4.07
6380,monkey,1.17e-05,4.07
6381,montreal,1.17e-05,4.07
6382,motorcycle,1.17e-05,4.07
6383,nationwide,1.17e-05,4.07
6384,nest,1.17e-05,4.07
6385,newcastle,1.17e-05,4.07
6386,nicely,1.17e-05,4.07
6387,ninth,1.17e-05,4.07
6388,nomination,1.17e-05,4.07
6389,notable,1.17e-05,4.07
6390,obligation,1.17e-05,4.07
6391,optical,1.17e-05,4.07
6392,outlook,1.17e-05,4.07
6393,penny,1.17e-05,4.07
6394,petty,1.17e-05,4.07
6395,phd,1.17e-05,4.07
6396,ports,1.17e-05,4.07
6397,preserved,1.17e-05,4.07
6398,programmes,1.17e-05,4.07
6399,prospects,1.17e-05,4.07
6400,publishers,1.17e-05,4.07
6401,quantity,1.17e-05,4.07
6402,quantum,1.17e-05,4.07
6403,rainbow,1.17e-05,4.07
6404,rebels,1.17e-05,4.07
6405,recognised,1.17e-05,4.07
6406,reed,1.17e-05,4.07
6407,reign,1.17e-05,4.07
6408,responding,1.17e-05,4.07
6409,retained,1.17e-05,4.07
6410,rises,1.17e-05,4.07
6411,saves,1.17e-05,4.07
6412,scan,1.17e-05,4.07
6413,scare,1.17e-05,4.07
6414,sectors,1.17e-05,4.07
6415,shorts,1.17e-05,4.07
6416,span,1.17e-05,4.07
6417,specialized,1.17e-05,4.07
6418,spencer,1.17e-05,4.07
6419,submission,1.17e-05,4.07
6420,sunny,1.17e-05,4.07
6421,supporter,1.17e-05,4.07
6422,te,1.17e-05,4.07
6423,testament,1.17e-05,4.07
6424,toe,1.17e-05,4.07
6425,tops,1.17e-05,4.07
6426,tremendous,1.17e-05,4.07
6427,valued,1.17e-05,4.07
6428,wounds,1.17e-05,4.07
6429,ab,1.15e-05,4.06
6430,accommodation,1.15e-05,4.06
6431,achievements,1.15e-05,4.06
6432,addressing,1.15e-05,4.06
6433,adorable,1.15e-05,4.06
6434,allegedly,1.15e-05,4.06
6435,ambulance,1.15e-05,4.06
6436,ar,1.15e-05,4.06
6437,ashamed,1.15e-05,4.06
6438,assure,1.15e-05,4.06
6439,bailey,1.15e-05,4.06
6440,ballot,1.15e-05,4.06
6441,batteries,1.15e-05,4.06
6442,blessing,1.15e-05,4.06
6443,btw,1.15e-05,4.06
6444,cemetery,1.15e-05,4.06
6445,chambers,1.15e-05,4.06
6446,cheat,1.15e-05,4.06
6447,cheer,1.15e-05,4.06
6448,chile,1.15e-05,4.06
6449,cigarette,1.15e-05,4.06
6450,compact,1.15e-05,4.06
6451,completing,1.15e-05,4.06
6452,consulting,1.15e-05,4.06
6453,cooling,1.15e-05,4.06
6454,corners,1.15e-05,4.06
6455,could've,1.15e-05,4.06
6456,deficit,1.15e-05,4.06
6457,demo,1.15e-05,4.06
6458,demon,1.15e-05,4.06
6459,demonstration,1.15e-05,4.06
6460,detected,1.15e-05,4.06
6461,detection,1.15e-05,4.06
6462,doll,1.15e-05,4.06
6463,donated,1.15e-05,4.06
6464,elaborate,1.15e-05,4.06
6465,elder,1.15e-05,4.06
6466,encountered,1.15e-05,4.06
6467,expertise,1.15e-05,4.06
6468,exploring,1.15e-05,4.06
6469,fc,1.15e-05,4.06
6470,fiber,1.15e-05,4.06
6471,filmed,1.15e-05,4.06
6472,fried,1.15e-05,4.06
6473,grocery,1.15e-05,4.06
6474,guided,1.15e-05,4.06
6475,guinea,1.15e-05,4.06
6476,halfway,1.15e-05,4.06
6477,happier,1.15e-05,4.06
6478,heels,1.15e-05,4.06
6479,holmes,1.15e-05,4.06
6480,hull,1.15e-05,4.06
6481,independently,1.15e-05,4.06
6482,indication,1.15e-05,4.06
6483,insisted,1.15e-05,4.06
6484,instances,1.15e-05,4.06
6485,intensive,1.15e-05,4.06
6486,interactive,1.15e-05,4.06
6487,intimate,1.15e-05,4.06
6488,laundry,1.15e-05,4.06
6489,lbs,1.15e-05,4.06
6490,lifting,1.15e-05,4.06
6491,linda,1.15e-05,4.06
6492,martial,1.15e-05,4.06
6493,nigerian,1.15e-05,4.06
6494,northeast,1.15e-05,4.06
6495,observe,1.15e-05,4.06
6496,packing,1.15e-05,4.06
6497,panels,1.15e-05,4.06
6498,password,1.15e-05,4.06
6499,pokemon,1.15e-05,4.06
6500,politically,1.15e-05,4.06
6501,presumably,1.15e-05,4.06
6502,pretending,1.15e-05,4.06
6503,priorities,1.15e-05,4.06
6504,pronounced,1.15e-05,4.06
6505,prosecution,1.15e-05,4.06
6506,proves,1.15e-05,4.06
6507,pulse,1.15e-05,4.06
6508,purchasing,1.15e-05,4.06
6509,qualities,1.15e-05,4.06
6510,queens,1.15e-05,4.06
6511,rational,1.15e-05,4.06
6512,realm,1.15e-05,4.06
6513,reforms,1.15e-05,4.06
6514,revenues,1.15e-05,4.06
6515,rides,1.15e-05,4.06
6516,ripped,1.15e-05,4.06
6517,rope,1.15e-05,4.06
6518,shadows,1.15e-05,4.06
6519,shout,1.15e-05,4.06
6520,sierra,1.15e-05,4.06
6521,smartphone,1.15e-05,4.06
6522,specified,1.15e-05,4.06
6523,spectacular,1.15e-05,4.06
6524,stan,1.15e-05,4.06
6525,streak,1.15e-05,4.06
6526,subscription,1.15e-05,4.06
6527,switching,1.15e-05,4.06
6528,technological,1.15e-05,4.06
6529,temporarily,1.15e-05,4.06
6530,tolerance,1.15e-05,4.06
6531,tourists,1.15e-05,4.06
6532,traditionally,1.15e-05,4.06
6533,traveled,1.15e-05,4.06
6534,treats,1.15e-05,4.06
6535,unhappy,1.15e-05,4.06
6536,whites,1.15e-05,4.06
6537,yup,1.15e-05,4.06
6538,accomplish,1.12e-05,4.05
6539,adequate,1.12e-05,4.05
6540,alter,1.12e-05,4.05
6541,apology,1.12e-05,4.05
6542,arkansas,1.12e-05,4.05
6543,attributed,1.12e-05,4.05
6544,beg,1.12e-05,4.05
6545,belonging,1.12e-05,4.05
6546,booked,1.12e-05,4.05
6547,bout,1.12e-05,4.05
6548,bowling,1.12e-05,4.05
6549,brass,1.12e-05,4.05
6550,buzz,1.12e-05,4.05
6551,clarke,1.12e-05,4.05
6552,comeback,1.12e-05,4.05
6553,cos,1.12e-05,4.05
6554,crops,1.12e-05,4.05
6555,declare,1.12e-05,4.05
6556,designers,1.12e-05,4.05
6557,detect,1.12e-05,4.05
6558,diagnosed,1.12e-05,4.05
6559,diesel,1.12e-05,4.05
6560,dimensions,1.12e-05,4.05
6561,dip,1.12e-05,4.05
6562,disturbing,1.12e-05,4.05
6563,doesnt,1.12e-05,4.05
6564,dot,1.12e-05,4.05
6565,dresses,1.12e-05,4.05
6566,dylan,1.12e-05,4.05
6567,effectiveness,1.12e-05,4.05
6568,eliminated,1.12e-05,4.05
6569,ellen,1.12e-05,4.05
6570,embarrassed,1.12e-05,4.05
6571,exceptional,1.12e-05,4.05
6572,filing,1.12e-05,4.05
6573,fled,1.12e-05,4.05
6574,foul,1.12e-05,4.05
6575,frankly,1.12e-05,4.05
6576,freezing,1.12e-05,4.05
6577,graph,1.12e-05,4.05
6578,hack,1.12e-05,4.05
6579,hannah,1.12e-05,4.05
6580,hatred,1.12e-05,4.05
6581,ignorant,1.12e-05,4.05
6582,influences,1.12e-05,4.05
6583,interact,1.12e-05,4.05
6584,judging,1.12e-05,4.05
6585,knights,1.12e-05,4.05
6586,lamp,1.12e-05,4.05
6587,limitations,1.12e-05,4.05
6588,majesty,1.12e-05,4.05
6589,measurement,1.12e-05,4.05
6590,measurements,1.12e-05,4.05
6591,median,1.12e-05,4.05
6592,medieval,1.12e-05,4.05
6593,milan,1.12e-05,4.05
6594,mobility,1.12e-05,4.05
6595,montana,1.12e-05,4.05
6596,murders,1.12e-05,4.05
6597,nc,1.12e-05,4.05
6598,ne,1.12e-05,4.05
6599,nyc,1.12e-05,4.05
6600,omg,1.12e-05,4.05
6601,orientation,1.12e-05,4.05
6602,oven,1.12e-05,4.05
6603,owen,1.12e-05,4.05
6604,passport,1.12e-05,4.05
6605,penis,1.12e-05,4.05
6606,pills,1.12e-05,4.05
6607,planets,1.12e-05,4.05
6608,proceeds,1.12e-05,4.05
6609,rabbit,1.12e-05,4.05
6610,raises,1.12e-05,4.05
6611,ranges,1.12e-05,4.05
6612,rats,1.12e-05,4.05
6613,retire,1.12e-05,4.05
6614,rhythm,1.12e-05,4.05
6615,ruth,1.12e-05,4.05
6616,savage,1.12e-05,4.05
6617,servers,1.12e-05,4.05
6618,shook,1.12e-05,4.05
6619,shooter,1.12e-05,4.05
6620,siblings,1.12e-05,4.05
6621,slim,1.12e-05,4.05
6622,someday,1.12e-05,4.05
6623,sophisticated,1.12e-05,4.05
6624,spam,1.12e-05,4.05
6625,speeds,1.12e-05,4.05
6626,stack,1.12e-05,4.05
6627,stance,1.12e-05,4.05
6628,state's,1.12e-05,4.05
6629,static,1.12e-05,4.05
6630,subway,1.12e-05,4.05
6631,supportive,1.12e-05,4.05
6632,surgical,1.12e-05,4.05
6633,symbols,1.12e-05,4.05
6634,tablet,1.12e-05,4.05
6635,tent,1.12e-05,4.05
6636,thesis,1.12e-05,4.05
6637,tide,1.12e-05,4.05
6638,travels,1.12e-05,4.05
6639,wallace,1.12e-05,4.05
6640,warfare,1.12e-05,4.05
6641,warming,1.12e-05,4.05
6642,week's,1.12e-05,4.05
6643,weekends,1.12e-05,4.05
6644,withdraw,1.12e-05,4.05
6645,withdrawal,1.12e-05,4.05
6646,youngest,1.12e-05,4.05
6647,aging,1.1e-05,4.04
6648,airline,1.1e-05,4.04
6649,alternatives,1.1e-05,4.04
6650,anyways,1.1e-05,4.04
6651,argues,1.1e-05,4.04
6652,audit,1.1e-05,4.04
6653,authentic,1.1e-05,4.04
6654,ave,1.1e-05,4.04
6655,backwards,1.1e-05,4.04
6656,bi,1.1e-05,4.04
6657,blonde,1.1e-05,4.04
6658,blows,1.1e-05,4.04
6659,bolt,1.1e-05,4.04
6660,brooks,1.1e-05,4.04
6661,bugs,1.1e-05,4.04
6662,bust,1.1e-05,4.04
6663,clearing,1.1e-05,4.04
6664,clips,1.1e-05,4.04
6665,collar,1.1e-05,4.04
6666,columbus,1.1e-05,4.04
6667,comply,1.1e-05,4.04
6668,cope,1.1e-05,4.04
6669,counted,1.1e-05,4.04
6670,crashed,1.1e-05,4.04
6671,creepy,1.1e-05,4.04
6672,cum,1.1e-05,4.04
6673,denmark,1.1e-05,4.04
6674,divorced,1.1e-05,4.04
6675,donate,1.1e-05,4.04
6676,drawings,1.1e-05,4.04
6677,dried,1.1e-05,4.04
6678,ebay,1.1e-05,4.04
6679,echo,1.1e-05,4.04
6680,editors,1.1e-05,4.04
6681,edwards,1.1e-05,4.04
6682,emotionally,1.1e-05,4.04
6683,enhance,1.1e-05,4.04
6684,experiencing,1.1e-05,4.04
6685,extending,1.1e-05,4.04
6686,finale,1.1e-05,4.04
6687,flavor,1.1e-05,4.04
6688,floors,1.1e-05,4.04
6689,freaking,1.1e-05,4.04
6690,gloves,1.1e-05,4.04
6691,harper,1.1e-05,4.04
6692,hart,1.1e-05,4.04
6693,ignorance,1.1e-05,4.04
6694,ignoring,1.1e-05,4.04
6695,immigrant,1.1e-05,4.04
6696,induced,1.1e-05,4.04
6697,inspiring,1.1e-05,4.04
6698,intermediate,1.1e-05,4.04
6699,invention,1.1e-05,4.04
6700,ip,1.1e-05,4.04
6701,jesse,1.1e-05,4.04
6702,joins,1.1e-05,4.04
6703,joking,1.1e-05,4.04
6704,lgbt,1.1e-05,4.04
6705,likewise,1.1e-05,4.04
6706,lineup,1.1e-05,4.04
6707,logan,1.1e-05,4.04
6708,magnificent,1.1e-05,4.04
6709,mathematical,1.1e-05,4.04
6710,meantime,1.1e-05,4.04
6711,nails,1.1e-05,4.04
6712,nevada,1.1e-05,4.04
6713,newest,1.1e-05,4.04
6714,nonetheless,1.1e-05,4.04
6715,nut,1.1e-05,4.04
6716,o'clock,1.1e-05,4.04
6717,opposing,1.1e-05,4.04
6718,origins,1.1e-05,4.04
6719,orlando,1.1e-05,4.04
6720,person's,1.1e-05,4.04
6721,physicians,1.1e-05,4.04
6722,pipeline,1.1e-05,4.04
6723,placement,1.1e-05,4.04
6724,planted,1.1e-05,4.04
6725,pricing,1.1e-05,4.04
6726,pt,1.1e-05,4.04
6727,puerto,1.1e-05,4.04
6728,questioning,1.1e-05,4.04
6729,recreation,1.1e-05,4.04
6730,renewed,1.1e-05,4.04
6731,resigned,1.1e-05,4.04
6732,rt,1.1e-05,4.04
6733,shallow,1.1e-05,4.04
6734,shanghai,1.1e-05,4.04
6735,shitty,1.1e-05,4.04
6736,singh,1.1e-05,4.04
6737,sins,1.1e-05,4.04
6738,sketch,1.1e-05,4.04
6739,smells,1.1e-05,4.04
6740,soda,1.1e-05,4.04
6741,spite,1.1e-05,4.04
6742,sponsor,1.1e-05,4.04
6743,strengthen,1.1e-05,4.04
6744,strings,1.1e-05,4.04
6745,sunset,1.1e-05,4.04
6746,taiwan,1.1e-05,4.04
6747,thanksgiving,1.1e-05,4.04
6748,thee,1.1e-05,4.04
6749,thermal,1.1e-05,4.04
6750,trades,1.1e-05,4.04
6751,transform,1.1e-05,4.04
6752,witnessed,1.1e-05,4.04
6753,workplace,1.1e-05,4.04
6754,yelling,1.1e-05,4.04
6755,yorkshire,1.1e-05,4.04
6756,achieving,1.07e-05,4.03
6757,aliens,1.07e-05,4.03
6758,amsterdam,1.07e-05,4.03
6759,analyst,1.07e-05,4.03
6760,arabic,1.07e-05,4.03
6761,arctic,1.07e-05,4.03
6762,assists,1.07e-05,4.03
6763,bennett,1.07e-05,4.03
6764,bristol,1.07e-05,4.03
6765,burnt,1.07e-05,4.03
6766,buyer,1.07e-05,4.03
6767,calories,1.07e-05,4.03
6768,cannabis,1.07e-05,4.03
6769,cease,1.07e-05,4.03
6770,championships,1.07e-05,4.03
6771,chapel,1.07e-05,4.03
6772,cloth,1.07e-05,4.03
6773,conferences,1.07e-05,4.03
6774,considers,1.07e-05,4.03
6775,container,1.07e-05,4.03
6776,cowboys,1.07e-05,4.03
6777,crushed,1.07e-05,4.03
6778,deployed,1.07e-05,4.03
6779,differ,1.07e-05,4.03
6780,dimensional,1.07e-05,4.03
6781,eager,1.07e-05,4.03
6782,elect,1.07e-05,4.03
6783,elevated,1.07e-05,4.03
6784,essence,1.07e-05,4.03
6785,executives,1.07e-05,4.03
6786,family's,1.07e-05,4.03
6787,flames,1.07e-05,4.03
6788,fork,1.07e-05,4.03
6789,fur,1.07e-05,4.03
6790,gps,1.07e-05,4.03
6791,harold,1.07e-05,4.03
6792,harvest,1.07e-05,4.03
6793,headline,1.07e-05,4.03
6794,hudson,1.07e-05,4.03
6795,hype,1.07e-05,4.03
6796,identifying,1.07e-05,4.03
6797,impacts,1.07e-05,4.03
6798,insist,1.07e-05,4.03
6799,jo,1.07e-05,4.03
6800,junk,1.07e-05,4.03
6801,kenny,1.07e-05,4.03
6802,kidney,1.07e-05,4.03
6803,king's,1.07e-05,4.03
6804,ladder,1.07e-05,4.03
6805,lloyd,1.07e-05,4.03
6806,lobby,1.07e-05,4.03
6807,marc,1.07e-05,4.03
6808,mechanisms,1.07e-05,4.03
6809,mineral,1.07e-05,4.03
6810,mob,1.07e-05,4.03
6811,modest,1.07e-05,4.03
6812,motors,1.07e-05,4.03
6813,mph,1.07e-05,4.03
6814,navigation,1.07e-05,4.03
6815,nicholas,1.07e-05,4.03
6816,orbit,1.07e-05,4.03
6817,paragraph,1.07e-05,4.03
6818,passive,1.07e-05,4.03
6819,peninsula,1.07e-05,4.03
6820,phillips,1.07e-05,4.03
6821,pill,1.07e-05,4.03
6822,pork,1.07e-05,4.03
6823,portuguese,1.07e-05,4.03
6824,profitable,1.07e-05,4.03
6825,provinces,1.07e-05,4.03
6826,ranch,1.07e-05,4.03
6827,rays,1.07e-05,4.03
6828,reasonably,1.07e-05,4.03
6829,reject,1.07e-05,4.03
6830,remainder,1.07e-05,4.03
6831,schemes,1.07e-05,4.03
6832,screens,1.07e-05,4.03
6833,seized,1.07e-05,4.03
6834,semester,1.07e-05,4.03
6835,sentiment,1.07e-05,4.03
6836,servants,1.07e-05,4.03
6837,shipped,1.07e-05,4.03
6838,socks,1.07e-05,4.03
6839,sp,1.07e-05,4.03
6840,sr,1.07e-05,4.03
6841,suited,1.07e-05,4.03
6842,supplement,1.07e-05,4.03
6843,surviving,1.07e-05,4.03
6844,thereby,1.07e-05,4.03
6845,threshold,1.07e-05,4.03
6846,til,1.07e-05,4.03
6847,tin,1.07e-05,4.03
6848,tires,1.07e-05,4.03
6849,tribal,1.07e-05,4.03
6850,tribes,1.07e-05,4.03
6851,trunk,1.07e-05,4.03
6852,uncertainty,1.07e-05,4.03
6853,vampire,1.07e-05,4.03
6854,varied,1.07e-05,4.03
6855,verdict,1.07e-05,4.03
6856,abandon,1.05e-05,4.02
6857,accommodate,1.05e-05,4.02
6858,accordingly,1.05e-05,4.02
6859,aesthetic,1.05e-05,4.02
6860,algorithm,1.05e-05,4.02
6861,altered,1.05e-05,4.02
6862,anchor,1.05e-05,4.02
6863,angela,1.05e-05,4.02
6864,apr,1.05e-05,4.02
6865,arch,1.05e-05,4.02
6866,associations,1.05e-05,4.02
6867,au,1.05e-05,4.02
6868,audiences,1.05e-05,4.02
6869,axis,1.05e-05,4.02
6870,badge,1.05e-05,4.02
6871,bernard,1.05e-05,4.02
6872,bizarre,1.05e-05,4.02
6873,bounce,1.05e-05,4.02
6874,broadcasting,1.05e-05,4.02
6875,bs,1.05e-05,4.02
6876,bullets,1.05e-05,4.02
6877,buses,1.05e-05,4.02
6878,cannon,1.05e-05,4.02
6879,carol,1.05e-05,4.02
6880,carriers,1.05e-05,4.02
6881,chairs,1.05e-05,4.02
6882,cleaned,1.05e-05,4.02
6883,complexity,1.05e-05,4.02
6884,confusing,1.05e-05,4.02
6885,consultation,1.05e-05,4.02
6886,continental,1.05e-05,4.02
6887,convenience,1.05e-05,4.02
6888,deliberately,1.05e-05,4.02
6889,diamonds,1.05e-05,4.02
6890,diana,1.05e-05,4.02
6891,dictionary,1.05e-05,4.02
6892,dignity,1.05e-05,4.02
6893,dimension,1.05e-05,4.02
6894,disappointing,1.05e-05,4.02
6895,diving,1.05e-05,4.02
6896,doug,1.05e-05,4.02
6897,duncan,1.05e-05,4.02
6898,ego,1.05e-05,4.02
6899,enthusiasm,1.05e-05,4.02
6900,environments,1.05e-05,4.02
6901,equation,1.05e-05,4.02
6902,extract,1.05e-05,4.02
6903,favorites,1.05e-05,4.02
6904,ferry,1.05e-05,4.02
6905,fisher,1.05e-05,4.02
6906,flexibility,1.05e-05,4.02
6907,flowing,1.05e-05,4.02
6908,fm,1.05e-05,4.02
6909,fridge,1.05e-05,4.02
6910,functioning,1.05e-05,4.02
6911,fusion,1.05e-05,4.02
6912,gauge,1.05e-05,4.02
6913,goat,1.05e-05,4.02
6914,graduates,1.05e-05,4.02
6915,gut,1.05e-05,4.02
6916,heck,1.05e-05,4.02
6917,helmet,1.05e-05,4.02
6918,holders,1.05e-05,4.02
6919,ideology,1.05e-05,4.02
6920,idiots,1.05e-05,4.02
6921,inclusion,1.05e-05,4.02
6922,initiatives,1.05e-05,4.02
6923,innings,1.05e-05,4.02
6924,insects,1.05e-05,4.02
6925,instructor,1.05e-05,4.02
6926,isolation,1.05e-05,4.02
6927,ive,1.05e-05,4.02
6928,justified,1.05e-05,4.02
6929,keeper,1.05e-05,4.02
6930,lamb,1.05e-05,4.02
6931,liar,1.05e-05,4.02
6932,machinery,1.05e-05,4.02
6933,mansion,1.05e-05,4.02
6934,mega,1.05e-05,4.02
6935,mercury,1.05e-05,4.02
6936,namely,1.05e-05,4.02
6937,nbc,1.05e-05,4.02
6938,needing,1.05e-05,4.02
6939,nerves,1.05e-05,4.02
6940,nhl,1.05e-05,4.02
6941,obama's,1.05e-05,4.02
6942,observations,1.05e-05,4.02
6943,ordering,1.05e-05,4.02
6944,palmer,1.05e-05,4.02
6945,paths,1.05e-05,4.02
6946,peers,1.05e-05,4.02
6947,pending,1.05e-05,4.02
6948,platinum,1.05e-05,4.02
6949,possess,1.05e-05,4.02
6950,praised,1.05e-05,4.02
6951,premises,1.05e-05,4.02
6952,probability,1.05e-05,4.02
6953,ps,1.05e-05,4.02
6954,questioned,1.05e-05,4.02
6955,refuses,1.05e-05,4.02
6956,resignation,1.05e-05,4.02
6957,rider,1.05e-05,4.02
6958,ritual,1.05e-05,4.02
6959,ruins,1.05e-05,4.02
6960,shelf,1.05e-05,4.02
6961,slam,1.05e-05,4.02
6962,stakes,1.05e-05,4.02
6963,starter,1.05e-05,4.02
6964,sticking,1.05e-05,4.02
6965,subscribe,1.05e-05,4.02
6966,superman,1.05e-05,4.02
6967,surfaces,1.05e-05,4.02
6968,ta,1.05e-05,4.02
6969,territories,1.05e-05,4.02
6970,tire,1.05e-05,4.02
6971,tl,1.05e-05,4.02
6972,towers,1.05e-05,4.02
6973,transfers,1.05e-05,4.02
6974,utterly,1.05e-05,4.02
6975,voltage,1.05e-05,4.02
6976,warn,1.05e-05,4.02
6977,width,1.05e-05,4.02
6978,workout,1.05e-05,4.02
6979,aa,1.02e-05,4.01
6980,abu,1.02e-05,4.01
6981,activated,1.02e-05,4.01
6982,adaptation,1.02e-05,4.01
6983,advisor,1.02e-05,4.01
6984,aluminum,1.02e-05,4.01
6985,apartments,1.02e-05,4.01
6986,attitudes,1.02e-05,4.01
6987,attorneys,1.02e-05,4.01
6988,bail,1.02e-05,4.01
6989,barriers,1.02e-05,4.01
6990,belonged,1.02e-05,4.01
6991,bradley,1.02e-05,4.01
6992,brandon,1.02e-05,4.01
6993,broader,1.02e-05,4.01
6994,buck,1.02e-05,4.01
6995,cal,1.02e-05,4.01
6996,caroline,1.02e-05,4.01
6997,characterized,1.02e-05,4.01
6998,civilization,1.02e-05,4.01
6999,congrats,1.02e-05,4.01
7000,contractors,1.02e-05,4.01
7001,creativity,1.02e-05,4.01
7002,dealers,1.02e-05,4.01
7003,delicate,1.02e-05,4.01
7004,den,1.02e-05,4.01
7005,derek,1.02e-05,4.01
7006,desires,1.02e-05,4.01
7007,disappointment,1.02e-05,4.01
7008,disk,1.02e-05,4.01
7009,enters,1.02e-05,4.01
7010,evaluate,1.02e-05,4.01
7011,formally,1.02e-05,4.01
7012,frames,1.02e-05,4.01
7013,goddess,1.02e-05,4.01
7014,gov,1.02e-05,4.01
7015,hampshire,1.02e-05,4.01
7016,harassment,1.02e-05,4.01
7017,hats,1.02e-05,4.01
7018,hugh,1.02e-05,4.01
7019,insert,1.02e-05,4.01
7020,joan,1.02e-05,4.01
7021,lebanon,1.02e-05,4.01
7022,leeds,1.02e-05,4.01
7023,legit,1.02e-05,4.01
7024,leonard,1.02e-05,4.01
7025,liquor,1.02e-05,4.01
7026,loser,1.02e-05,4.01
7027,malcolm,1.02e-05,4.01
7028,massage,1.02e-05,4.01
7029,matched,1.02e-05,4.01
7030,messed,1.02e-05,4.01
7031,milwaukee,1.02e-05,4.01
7032,musician,1.02e-05,4.01
7033,nato,1.02e-05,4.01
7034,nephew,1.02e-05,4.01
7035,notably,1.02e-05,4.01
7036,orchestra,1.02e-05,4.01
7037,oz,1.02e-05,4.01
7038,packages,1.02e-05,4.01
7039,pad,1.02e-05,4.01
7040,pakistani,1.02e-05,4.01
7041,participated,1.02e-05,4.01
7042,precision,1.02e-05,4.01
7043,preservation,1.02e-05,4.01
7044,priests,1.02e-05,4.01
7045,privately,1.02e-05,4.01
7046,prizes,1.02e-05,4.01
7047,pulls,1.02e-05,4.01
7048,qualifying,1.02e-05,4.01
7049,reasoning,1.02e-05,4.01
7050,relaxed,1.02e-05,4.01
7051,reporters,1.02e-05,4.01
7052,roses,1.02e-05,4.01
7053,rumors,1.02e-05,4.01
7054,sail,1.02e-05,4.01
7055,salmon,1.02e-05,4.01
7056,secretly,1.02e-05,4.01
7057,seller,1.02e-05,4.01
7058,sen,1.02e-05,4.01
7059,seo,1.02e-05,4.01
7060,sheer,1.02e-05,4.01
7061,shifts,1.02e-05,4.01
7062,simpson,1.02e-05,4.01
7063,smallest,1.02e-05,4.01
7064,specially,1.02e-05,4.01
7065,stark,1.02e-05,4.01
7066,struggled,1.02e-05,4.01
7067,sympathy,1.02e-05,4.01
7068,tan,1.02e-05,4.01
7069,teenagers,1.02e-05,4.01
7070,theoretical,1.02e-05,4.01
7071,thumb,1.02e-05,4.01
7072,timber,1.02e-05,4.01
7073,transparent,1.02e-05,4.01
7074,travis,1.02e-05,4.01
7075,trump's,1.02e-05,4.01
7076,tweets,1.02e-05,4.01
7077,tx,1.02e-05,4.01
7078,upside,1.02e-05,4.01
7079,urged,1.02e-05,4.01
7080,visitor,1.02e-05,4.01
7081,vitamin,1.02e-05,4.01
7082,void,1.02e-05,4.01
7083,voluntary,1.02e-05,4.01
7084,wheat,1.02e-05,4.01
7085,whip,1.02e-05,4.01
7086,wipe,1.02e-05,4.01
7087,wolves,1.02e-05,4.01
7088,wrist,1.02e-05,4.01
7089,™,1.02e-05,4.01
7090,abused,1e-05,4.0
7091,acute,1e-05,4.0
7092,admiral,1e-05,4.0
7093,amanda,1e-05,4.0
7094,arnold,1e-05,4.0
7095,arrange,1e-05,4.0
7096,banana,1e-05,4.0
7097,behave,1e-05,4.0
7098,betting,1e-05,4.0
7099,blair,1e-05,4.0
7100,bo,1e-05,4.0
7101,borrow,1e-05,4.0
7102,camping,1e-05,4.0
7103,capitol,1e-05,4.0
7104,celtic,1e-05,4.0
7105,chan,1e-05,4.0
7106,chin,1e-05,4.0
7107,civic,1e-05,4.0
7108,clerk,1e-05,4.0
7109,conclusions,1e-05,4.0
7110,considerably,1e-05,4.0
7111,contacted,1e-05,4.0
7112,cottage,1e-05,4.0
7113,coup,1e-05,4.0
7114,criticized,1e-05,4.0
7115,crude,1e-05,4.0
7116,dash,1e-05,4.0
7117,decreased,1e-05,4.0
7118,defended,1e-05,4.0
7119,demons,1e-05,4.0
7120,deposits,1e-05,4.0
7121,disclosure,1e-05,4.0
7122,disposal,1e-05,4.0
7123,distinctive,1e-05,4.0
7124,documented,1e-05,4.0
7125,donation,1e-05,4.0
7126,dragged,1e-05,4.0
7127,drone,1e-05,4.0
7128,else's,1e-05,4.0
7129,encounters,1e-05,4.0
7130,ensuring,1e-05,4.0
7131,enterprises,1e-05,4.0
7132,escort,1e-05,4.0
7133,exams,1e-05,4.0
7134,firmly,1e-05,4.0
7135,flour,1e-05,4.0
7136,gdp,1e-05,4.0
7137,geneva,1e-05,4.0
7138,hindu,1e-05,4.0
7139,holdings,1e-05,4.0
7140,indie,1e-05,4.0
7141,indirect,1e-05,4.0
7142,inspire,1e-05,4.0
7143,institutional,1e-05,4.0
7144,interim,1e-05,4.0
7145,interviewed,1e-05,4.0
7146,java,1e-05,4.0
7147,jefferson,1e-05,4.0
7148,jerk,1e-05,4.0
7149,karl,1e-05,4.0
7150,kindly,1e-05,4.0
7151,kindness,1e-05,4.0
7152,leaked,1e-05,4.0
7153,locals,1e-05,4.0
7154,lottery,1e-05,4.0
7155,louise,1e-05,4.0
7156,magnitude,1e-05,4.0
7157,mc,1e-05,4.0
7158,minus,1e-05,4.0
7159,nhs,1e-05,4.0
7160,noting,1e-05,4.0
7161,nude,1e-05,4.0
7162,organs,1e-05,4.0
7163,outlet,1e-05,4.0
7164,outlets,1e-05,4.0
7165,parameters,1e-05,4.0
7166,pause,1e-05,4.0
7167,pledge,1e-05,4.0
7168,portal,1e-05,4.0
7169,prescription,1e-05,4.0
7170,protesters,1e-05,4.0
7171,proving,1e-05,4.0
7172,publicity,1e-05,4.0
7173,punished,1e-05,4.0
7174,puppy,1e-05,4.0
7175,recruitment,1e-05,4.0
7176,screwed,1e-05,4.0
7177,shades,1e-05,4.0
7178,shakespeare,1e-05,4.0
7179,silicon,1e-05,4.0
7180,slice,1e-05,4.0
7181,spelling,1e-05,4.0
7182,spurs,1e-05,4.0
7183,subscribers,1e-05,4.0
7184,surveys,1e-05,4.0
7185,survivor,1e-05,4.0
7186,telegraph,1e-05,4.0
7187,tits,1e-05,4.0
7188,vaccine,1e-05,4.0
7189,vinyl,1e-05,4.0
7190,westminster,1e-05,4.0
7191,wished,1e-05,4.0
7192,wonders,1e-05,4.0
7193,accurately,9.77e-06,3.99
7194,adelaide,9.77e-06,3.99
7195,affiliate,9.77e-06,3.99
7196,alfred,9.77e-06,3.99
7197,asylum,9.77e-06,3.99
7198,barn,9.77e-06,3.99
7199,bent,9.77e-06,3.99
7200,bernie,9.77e-06,3.99
7201,brussels,9.77e-06,3.99
7202,cathedral,9.77e-06,3.99
7203,centered,9.77e-06,3.99
7204,child's,9.77e-06,3.99
7205,clause,9.77e-06,3.99
7206,cluster,9.77e-06,3.99
7207,complained,9.77e-06,3.99
7208,compounds,9.77e-06,3.99
7209,consistency,9.77e-06,3.99
7210,cr,9.77e-06,3.99
7211,cracked,9.77e-06,3.99
7212,cylinder,9.77e-06,3.99
7213,dancer,9.77e-06,3.99
7214,deaf,9.77e-06,3.99
7215,debts,9.77e-06,3.99
7216,denial,9.77e-06,3.99
7217,digging,9.77e-06,3.99
7218,dock,9.77e-06,3.99
7219,entrepreneur,9.77e-06,3.99
7220,evident,9.77e-06,3.99
7221,expectation,9.77e-06,3.99
7222,expedition,9.77e-06,3.99
7223,expressing,9.77e-06,3.99
7224,extends,9.77e-06,3.99
7225,facilitate,9.77e-06,3.99
7226,failures,9.77e-06,3.99
7227,feat,9.77e-06,3.99
7228,fossil,9.77e-06,3.99
7229,founding,9.77e-06,3.99
7230,freight,9.77e-06,3.99
7231,generating,9.77e-06,3.99
7232,goddamn,9.77e-06,3.99
7233,guides,9.77e-06,3.99
7234,honesty,9.77e-06,3.99
7235,inappropriate,9.77e-06,3.99
7236,infant,9.77e-06,3.99
7237,initiated,9.77e-06,3.99
7238,injection,9.77e-06,3.99
7239,instrumental,9.77e-06,3.99
7240,insult,9.77e-06,3.99
7241,interference,9.77e-06,3.99
7242,interstate,9.77e-06,3.99
7243,julian,9.77e-06,3.99
7244,launching,9.77e-06,3.99
7245,liking,9.77e-06,3.99
7246,linux,9.77e-06,3.99
7247,luis,9.77e-06,3.99
7248,mates,9.77e-06,3.99
7249,mediterranean,9.77e-06,3.99
7250,nation's,9.77e-06,3.99
7251,neat,9.77e-06,3.99
7252,negotiate,9.77e-06,3.99
7253,neo,9.77e-06,3.99
7254,nicole,9.77e-06,3.99
7255,obligations,9.77e-06,3.99
7256,offset,9.77e-06,3.99
7257,outbreak,9.77e-06,3.99
7258,pal,9.77e-06,3.99
7259,palestine,9.77e-06,3.99
7260,perfection,9.77e-06,3.99
7261,pigs,9.77e-06,3.99
7262,pirates,9.77e-06,3.99
7263,posters,9.77e-06,3.99
7264,practicing,9.77e-06,3.99
7265,praying,9.77e-06,3.99
7266,probe,9.77e-06,3.99
7267,prohibited,9.77e-06,3.99
7268,projected,9.77e-06,3.99
7269,propose,9.77e-06,3.99
7270,quarterly,9.77e-06,3.99
7271,recipes,9.77e-06,3.99
7272,recruiting,9.77e-06,3.99
7273,refusing,9.77e-06,3.99
7274,rehabilitation,9.77e-06,3.99
7275,reid,9.77e-06,3.99
7276,remix,9.77e-06,3.99
7277,resistant,9.77e-06,3.99
7278,reynolds,9.77e-06,3.99
7279,riders,9.77e-06,3.99
7280,robots,9.77e-06,3.99
7281,rockets,9.77e-06,3.99
7282,roller,9.77e-06,3.99
7283,sailing,9.77e-06,3.99
7284,shapes,9.77e-06,3.99
7285,skinny,9.77e-06,3.99
7286,slipped,9.77e-06,3.99
7287,sneak,9.77e-06,3.99
7288,solving,9.77e-06,3.99
7289,sore,9.77e-06,3.99
7290,spark,9.77e-06,3.99
7291,speculation,9.77e-06,3.99
7292,steep,9.77e-06,3.99
7293,stevens,9.77e-06,3.99
7294,straw,9.77e-06,3.99
7295,successor,9.77e-06,3.99
7296,targeting,9.77e-06,3.99
7297,triggered,9.77e-06,3.99
7298,troubles,9.77e-06,3.99
7299,uncertain,9.77e-06,3.99
7300,upload,9.77e-06,3.99
7301,vector,9.77e-06,3.99
7302,violations,9.77e-06,3.99
7303,weigh,9.77e-06,3.99
7304,whatsoever,9.77e-06,3.99
7305,wicked,9.77e-06,3.99
7306,abraham,9.55e-06,3.98
7307,absent,9.55e-06,3.98
7308,acoustic,9.55e-06,3.98
7309,adapt,9.55e-06,3.98
7310,ancestors,9.55e-06,3.98
7311,archive,9.55e-06,3.98
7312,atomic,9.55e-06,3.98
7313,bean,9.55e-06,3.98
7314,bicycle,9.55e-06,3.98
7315,bryan,9.55e-06,3.98
7316,bump,9.55e-06,3.98
7317,buttons,9.55e-06,3.98
7318,cart,9.55e-06,3.98
7319,circus,9.55e-06,3.98
7320,claire,9.55e-06,3.98
7321,cocaine,9.55e-06,3.98
7322,cohen,9.55e-06,3.98
7323,colleague,9.55e-06,3.98
7324,compelling,9.55e-06,3.98
7325,compiled,9.55e-06,3.98
7326,complications,9.55e-06,3.98
7327,construct,9.55e-06,3.98
7328,cord,9.55e-06,3.98
7329,crowded,9.55e-06,3.98
7330,cyber,9.55e-06,3.98
7331,dale,9.55e-06,3.98
7332,debates,9.55e-06,3.98
7333,defendant,9.55e-06,3.98
7334,delays,9.55e-06,3.98
7335,dense,9.55e-06,3.98
7336,desperately,9.55e-06,3.98
7337,doctrine,9.55e-06,3.98
7338,expose,9.55e-06,3.98
7339,financially,9.55e-06,3.98
7340,freshman,9.55e-06,3.98
7341,furious,9.55e-06,3.98
7342,gameplay,9.55e-06,3.98
7343,geography,9.55e-06,3.98
7344,gig,9.55e-06,3.98
7345,government's,9.55e-06,3.98
7346,habitat,9.55e-06,3.98
7347,harbour,9.55e-06,3.98
7348,hazard,9.55e-06,3.98
7349,hydrogen,9.55e-06,3.98
7350,implies,9.55e-06,3.98
7351,intact,9.55e-06,3.98
7352,intake,9.55e-06,3.98
7353,irrelevant,9.55e-06,3.98
7354,jaw,9.55e-06,3.98
7355,jin,9.55e-06,3.98
7356,kitty,9.55e-06,3.98
7357,lauren,9.55e-06,3.98
7358,lawn,9.55e-06,3.98
7359,manufacture,9.55e-06,3.98
7360,martha,9.55e-06,3.98
7361,medals,9.55e-06,3.98
7362,mercedes,9.55e-06,3.98
7363,mistaken,9.55e-06,3.98
7364,moses,9.55e-06,3.98
7365,nashville,9.55e-06,3.98
7366,nebraska,9.55e-06,3.98
7367,needle,9.55e-06,3.98
7368,ol,9.55e-06,3.98
7369,olds,9.55e-06,3.98
7370,organize,9.55e-06,3.98
7371,ottawa,9.55e-06,3.98
7372,oval,9.55e-06,3.98
7373,pity,9.55e-06,3.98
7374,pond,9.55e-06,3.98
7375,porter,9.55e-06,3.98
7376,portions,9.55e-06,3.98
7377,prey,9.55e-06,3.98
7378,prophet,9.55e-06,3.98
7379,raymond,9.55e-06,3.98
7380,recalled,9.55e-06,3.98
7381,reduces,9.55e-06,3.98
7382,referendum,9.55e-06,3.98
7383,refugee,9.55e-06,3.98
7384,regulated,9.55e-06,3.98
7385,rounded,9.55e-06,3.98
7386,ruby,9.55e-06,3.98
7387,rushed,9.55e-06,3.98
7388,sanders,9.55e-06,3.98
7389,satisfy,9.55e-06,3.98
7390,scales,9.55e-06,3.98
7391,seasonal,9.55e-06,3.98
7392,segments,9.55e-06,3.98
7393,sensible,9.55e-06,3.98
7394,sequel,9.55e-06,3.98
7395,shifted,9.55e-06,3.98
7396,shifting,9.55e-06,3.98
7397,shining,9.55e-06,3.98
7398,slower,9.55e-06,3.98
7399,spinning,9.55e-06,3.98
7400,stanford,9.55e-06,3.98
7401,stepping,9.55e-06,3.98
7402,teammates,9.55e-06,3.98
7403,touches,9.55e-06,3.98
7404,township,9.55e-06,3.98
7405,travelled,9.55e-06,3.98
7406,twisted,9.55e-06,3.98
7407,usb,9.55e-06,3.98
7408,vienna,9.55e-06,3.98
7409,wade,9.55e-06,3.98
7410,whale,9.55e-06,3.98
7411,writings,9.55e-06,3.98
7412,admire,9.33e-06,3.97
7413,af,9.33e-06,3.97
7414,amber,9.33e-06,3.97
7415,ankle,9.33e-06,3.97
7416,armor,9.33e-06,3.97
7417,autism,9.33e-06,3.97
7418,bachelor,9.33e-06,3.97
7419,berry,9.33e-06,3.97
7420,billions,9.33e-06,3.97
7421,brady,9.33e-06,3.97
7422,brisbane,9.33e-06,3.97
7423,bulls,9.33e-06,3.97
7424,bullying,9.33e-06,3.97
7425,capitalism,9.33e-06,3.97
7426,caution,9.33e-06,3.97
7427,certification,9.33e-06,3.97
7428,characteristic,9.33e-06,3.97
7429,clan,9.33e-06,3.97
7430,clash,9.33e-06,3.97
7431,columns,9.33e-06,3.97
7432,compatible,9.33e-06,3.97
7433,concerts,9.33e-06,3.97
7434,condemned,9.33e-06,3.97
7435,configuration,9.33e-06,3.97
7436,continuously,9.33e-06,3.97
7437,convincing,9.33e-06,3.97
7438,coupled,9.33e-06,3.97
7439,curiosity,9.33e-06,3.97
7440,delight,9.33e-06,3.97
7441,determining,9.33e-06,3.97
7442,entities,9.33e-06,3.97
7443,exceptions,9.33e-06,3.97
7444,explosive,9.33e-06,3.97
7445,flooding,9.33e-06,3.97
7446,fortunate,9.33e-06,3.97
7447,fortunately,9.33e-06,3.97
7448,foundations,9.33e-06,3.97
7449,frontier,9.33e-06,3.97
7450,frustrating,9.33e-06,3.97
7451,frustration,9.33e-06,3.97
7452,geographic,9.33e-06,3.97
7453,glenn,9.33e-06,3.97
7454,grande,9.33e-06,3.97
7455,grasp,9.33e-06,3.97
7456,handy,9.33e-06,3.97
7457,hardcore,9.33e-06,3.97
7458,harmful,9.33e-06,3.97
7459,headache,9.33e-06,3.97
7460,hers,9.33e-06,3.97
7461,hispanic,9.33e-06,3.97
7462,incentive,9.33e-06,3.97
7463,inclusive,9.33e-06,3.97
7464,infections,9.33e-06,3.97
7465,jackie,9.33e-06,3.97
7466,joel,9.33e-06,3.97
7467,kissing,9.33e-06,3.97
7468,lanes,9.33e-06,3.97
7469,licence,9.33e-06,3.97
7470,lungs,9.33e-06,3.97
7471,madness,9.33e-06,3.97
7472,mandate,9.33e-06,3.97
7473,manga,9.33e-06,3.97
7474,memorable,9.33e-06,3.97
7475,merger,9.33e-06,3.97
7476,minorities,9.33e-06,3.97
7477,nj,9.33e-06,3.97
7478,occurring,9.33e-06,3.97
7479,organizing,9.33e-06,3.97
7480,performs,9.33e-06,3.97
7481,ph,9.33e-06,3.97
7482,po,9.33e-06,3.97
7483,poker,9.33e-06,3.97
7484,portable,9.33e-06,3.97
7485,priced,9.33e-06,3.97
7486,quebec,9.33e-06,3.97
7487,randomly,9.33e-06,3.97
7488,rankings,9.33e-06,3.97
7489,realizing,9.33e-06,3.97
7490,resign,9.33e-06,3.97
7491,revealing,9.33e-06,3.97
7492,rico,9.33e-06,3.97
7493,robbery,9.33e-06,3.97
7494,rub,9.33e-06,3.97
7495,runners,9.33e-06,3.97
7496,sally,9.33e-06,3.97
7497,scattered,9.33e-06,3.97
7498,scout,9.33e-06,3.97
7499,searched,9.33e-06,3.97
7500,sexuality,9.33e-06,3.97
7501,shouting,9.33e-06,3.97
7502,slap,9.33e-06,3.97
7503,steak,9.33e-06,3.97
7504,succession,9.33e-06,3.97
7505,superintendent,9.33e-06,3.97
7506,suspicion,9.33e-06,3.97
7507,sweep,9.33e-06,3.97
7508,tactical,9.33e-06,3.97
7509,talents,9.33e-06,3.97
7510,therapist,9.33e-06,3.97
7511,thereafter,9.33e-06,3.97
7512,thorough,9.33e-06,3.97
7513,tuition,9.33e-06,3.97
7514,tumor,9.33e-06,3.97
7515,usd,9.33e-06,3.97
7516,variables,9.33e-06,3.97
7517,varying,9.33e-06,3.97
7518,wholesale,9.33e-06,3.97
7519,wwe,9.33e-06,3.97
7520,administered,9.12e-06,3.96
7521,affiliated,9.12e-06,3.96
7522,apples,9.12e-06,3.96
7523,architectural,9.12e-06,3.96
7524,artillery,9.12e-06,3.96
7525,assembled,9.12e-06,3.96
7526,bangladesh,9.12e-06,3.96
7527,barack,9.12e-06,3.96
7528,beaches,9.12e-06,3.96
7529,bees,9.12e-06,3.96
7530,boarding,9.12e-06,3.96
7531,bothered,9.12e-06,3.96
7532,canvas,9.12e-06,3.96
7533,canyon,9.12e-06,3.96
7534,casey,9.12e-06,3.96
7535,cheek,9.12e-06,3.96
7536,chen,9.12e-06,3.96
7537,cincinnati,9.12e-06,3.96
7538,circular,9.12e-06,3.96
7539,circulation,9.12e-06,3.96
7540,clearance,9.12e-06,3.96
7541,closes,9.12e-06,3.96
7542,coincidence,9.12e-06,3.96
7543,comedian,9.12e-06,3.96
7544,commands,9.12e-06,3.96
7545,commissioned,9.12e-06,3.96
7546,concentrated,9.12e-06,3.96
7547,conscience,9.12e-06,3.96
7548,cooler,9.12e-06,3.96
7549,countless,9.12e-06,3.96
7550,curry,9.12e-06,3.96
7551,dame,9.12e-06,3.96
7552,deceased,9.12e-06,3.96
7553,dedication,9.12e-06,3.96
7554,defining,9.12e-06,3.96
7555,detention,9.12e-06,3.96
7556,disputes,9.12e-06,3.96
7557,drake,9.12e-06,3.96
7558,employ,9.12e-06,3.96
7559,enforce,9.12e-06,3.96
7560,explicit,9.12e-06,3.96
7561,explicitly,9.12e-06,3.96
7562,eyed,9.12e-06,3.96
7563,florence,9.12e-06,3.96
7564,flu,9.12e-06,3.96
7565,forbidden,9.12e-06,3.96
7566,fraction,9.12e-06,3.96
7567,girl's,9.12e-06,3.96
7568,hes,9.12e-06,3.96
7569,infantry,9.12e-06,3.96
7570,integral,9.12e-06,3.96
7571,investor,9.12e-06,3.96
7572,janet,9.12e-06,3.96
7573,judged,9.12e-06,3.96
7574,katie,9.12e-06,3.96
7575,kidnapped,9.12e-06,3.96
7576,lectures,9.12e-06,3.96
7577,lightly,9.12e-06,3.96
7578,linking,9.12e-06,3.96
7579,maintains,9.12e-06,3.96
7580,marble,9.12e-06,3.96
7581,maritime,9.12e-06,3.96
7582,melt,9.12e-06,3.96
7583,modes,9.12e-06,3.96
7584,monica,9.12e-06,3.96
7585,mumbai,9.12e-06,3.96
7586,nominee,9.12e-06,3.96
7587,oath,9.12e-06,3.96
7588,offence,9.12e-06,3.96
7589,packaging,9.12e-06,3.96
7590,patriots,9.12e-06,3.96
7591,pee,9.12e-06,3.96
7592,pillow,9.12e-06,3.96
7593,pirate,9.12e-06,3.96
7594,polar,9.12e-06,3.96
7595,prediction,9.12e-06,3.96
7596,preview,9.12e-06,3.96
7597,processed,9.12e-06,3.96
7598,pursuing,9.12e-06,3.96
7599,puzzle,9.12e-06,3.96
7600,rapper,9.12e-06,3.96
7601,rebecca,9.12e-06,3.96
7602,reconstruction,9.12e-06,3.96
7603,renowned,9.12e-06,3.96
7604,revelation,9.12e-06,3.96
7605,sara,9.12e-06,3.96
7606,scholar,9.12e-06,3.96
7607,sharks,9.12e-06,3.96
7608,shoots,9.12e-06,3.96
7609,skirt,9.12e-06,3.96
7610,socially,9.12e-06,3.96
7611,spa,9.12e-06,3.96
7612,spike,9.12e-06,3.96
7613,sprint,9.12e-06,3.96
7614,stir,9.12e-06,3.96
7615,stuffed,9.12e-06,3.96
7616,substantially,9.12e-06,3.96
7617,suburbs,9.12e-06,3.96
7618,superb,9.12e-06,3.96
7619,supposedly,9.12e-06,3.96
7620,tab,9.12e-06,3.96
7621,tendency,9.12e-06,3.96
7622,that'll,9.12e-06,3.96
7623,theirs,9.12e-06,3.96
7624,toast,9.12e-06,3.96
7625,toes,9.12e-06,3.96
7626,touchdown,9.12e-06,3.96
7627,traits,9.12e-06,3.96
7628,trek,9.12e-06,3.96
7629,tricky,9.12e-06,3.96
7630,triumph,9.12e-06,3.96
7631,uber,9.12e-06,3.96
7632,underwear,9.12e-06,3.96
7633,unto,9.12e-06,3.96
7634,viable,9.12e-06,3.96
7635,waist,9.12e-06,3.96
7636,welcomed,9.12e-06,3.96
7637,wit,9.12e-06,3.96
7638,wreck,9.12e-06,3.96
7639,absurd,8.91e-06,3.95
7640,accessories,8.91e-06,3.95
7641,adrian,8.91e-06,3.95
7642,advocates,8.91e-06,3.95
7643,ag,8.91e-06,3.95
7644,ambitious,8.91e-06,3.95
7645,amid,8.91e-06,3.95
7646,annoyed,8.91e-06,3.95
7647,appealing,8.91e-06,3.95
7648,appointments,8.91e-06,3.95
7649,assumptions,8.91e-06,3.95
7650,ballet,8.91e-06,3.95
7651,bargain,8.91e-06,3.95
7652,binary,8.91e-06,3.95
7653,blend,8.91e-06,3.95
7654,blogs,8.91e-06,3.95
7655,brake,8.91e-06,3.95
7656,builds,8.91e-06,3.95
7657,businessman,8.91e-06,3.95
7658,cab,8.91e-06,3.95
7659,ch,8.91e-06,3.95
7660,chi,8.91e-06,3.95
7661,col,8.91e-06,3.95
7662,collision,8.91e-06,3.95
7663,colombia,8.91e-06,3.95
7664,compassion,8.91e-06,3.95
7665,consumed,8.91e-06,3.95
7666,corrected,8.91e-06,3.95
7667,correction,8.91e-06,3.95
7668,cough,8.91e-06,3.95
7669,cousins,8.91e-06,3.95
7670,critic,8.91e-06,3.95
7671,czech,8.91e-06,3.95
7672,defenders,8.91e-06,3.95
7673,denying,8.91e-06,3.95
7674,depot,8.91e-06,3.95
7675,distress,8.91e-06,3.95
7676,documentation,8.91e-06,3.95
7677,doubts,8.91e-06,3.95
7678,dramatically,8.91e-06,3.95
7679,drank,8.91e-06,3.95
7680,dudes,8.91e-06,3.95
7681,eats,8.91e-06,3.95
7682,elegant,8.91e-06,3.95
7683,elevator,8.91e-06,3.95
7684,ellis,8.91e-06,3.95
7685,exchanges,8.91e-06,3.95
7686,excuses,8.91e-06,3.95
7687,execute,8.91e-06,3.95
7688,factories,8.91e-06,3.95
7689,feast,8.91e-06,3.95
7690,finland,8.91e-06,3.95
7691,frederick,8.91e-06,3.95
7692,friend's,8.91e-06,3.95
7693,frost,8.91e-06,3.95
7694,goin,8.91e-06,3.95
7695,herald,8.91e-06,3.95
7696,hike,8.91e-06,3.95
7697,hollow,8.91e-06,3.95
7698,homeland,8.91e-06,3.95
7699,how's,8.91e-06,3.95
7700,imported,8.91e-06,3.95
7701,ing,8.91e-06,3.95
7702,internationally,8.91e-06,3.95
7703,iraqi,8.91e-06,3.95
7704,itunes,8.91e-06,3.95
7705,kane,8.91e-06,3.95
7706,kissed,8.91e-06,3.95
7707,lame,8.91e-06,3.95
7708,licensing,8.91e-06,3.95
7709,lily,8.91e-06,3.95
7710,limiting,8.91e-06,3.95
7711,locker,8.91e-06,3.95
7712,mainland,8.91e-06,3.95
7713,marking,8.91e-06,3.95
7714,meditation,8.91e-06,3.95
7715,messenger,8.91e-06,3.95
7716,metals,8.91e-06,3.95
7717,missiles,8.91e-06,3.95
7718,munich,8.91e-06,3.95
7719,norwegian,8.91e-06,3.95
7720,pencil,8.91e-06,3.95
7721,philosophical,8.91e-06,3.95
7722,pierre,8.91e-06,3.95
7723,pipes,8.91e-06,3.95
7724,plasma,8.91e-06,3.95
7725,plea,8.91e-06,3.95
7726,punish,8.91e-06,3.95
7727,purse,8.91e-06,3.95
7728,quarterback,8.91e-06,3.95
7729,reagan,8.91e-06,3.95
7730,ref,8.91e-06,3.95
7731,relieved,8.91e-06,3.95
7732,replies,8.91e-06,3.95
7733,reservation,8.91e-06,3.95
7734,rhetoric,8.91e-06,3.95
7735,rivals,8.91e-06,3.95
7736,rushing,8.91e-06,3.95
7737,salvation,8.91e-06,3.95
7738,sanctions,8.91e-06,3.95
7739,secular,8.91e-06,3.95
7740,sensitivity,8.91e-06,3.95
7741,shane,8.91e-06,3.95
7742,sigh,8.91e-06,3.95
7743,sixteen,8.91e-06,3.95
7744,sovereign,8.91e-06,3.95
7745,specifications,8.91e-06,3.95
7746,spends,8.91e-06,3.95
7747,spouse,8.91e-06,3.95
7748,stat,8.91e-06,3.95
7749,supervisor,8.91e-06,3.95
7750,synthetic,8.91e-06,3.95
7751,teaches,8.91e-06,3.95
7752,tense,8.91e-06,3.95
7753,terrifying,8.91e-06,3.95
7754,toyota,8.91e-06,3.95
7755,tracked,8.91e-06,3.95
7756,traders,8.91e-06,3.95
7757,troy,8.91e-06,3.95
7758,varieties,8.91e-06,3.95
7759,vegan,8.91e-06,3.95
7760,waking,8.91e-06,3.95
7761,walmart,8.91e-06,3.95
7762,wang,8.91e-06,3.95
7763,wilderness,8.91e-06,3.95
7764,admits,8.71e-06,3.94
7765,adviser,8.71e-06,3.94
7766,aggregate,8.71e-06,3.94
7767,anal,8.71e-06,3.94
7768,anatomy,8.71e-06,3.94
7769,annie,8.71e-06,3.94
7770,announces,8.71e-06,3.94
7771,applicants,8.71e-06,3.94
7772,automobile,8.71e-06,3.94
7773,barnes,8.71e-06,3.94
7774,breasts,8.71e-06,3.94
7775,cement,8.71e-06,3.94
7776,chess,8.71e-06,3.94
7777,citing,8.71e-06,3.94
7778,colonies,8.71e-06,3.94
7779,composite,8.71e-06,3.94
7780,consequently,8.71e-06,3.94
7781,consist,8.71e-06,3.94
7782,councils,8.71e-06,3.94
7783,cox,8.71e-06,3.94
7784,curtis,8.71e-06,3.94
7785,decorated,8.71e-06,3.94
7786,delegates,8.71e-06,3.94
7787,dreaming,8.71e-06,3.94
7788,dull,8.71e-06,3.94
7789,enables,8.71e-06,3.94
7790,fare,8.71e-06,3.94
7791,fashioned,8.71e-06,3.94
7792,feared,8.71e-06,3.94
7793,float,8.71e-06,3.94
7794,generator,8.71e-06,3.94
7795,grind,8.71e-06,3.94
7796,grinding,8.71e-06,3.94
7797,grove,8.71e-06,3.94
7798,guessing,8.71e-06,3.94
7799,gum,8.71e-06,3.94
7800,hobby,8.71e-06,3.94
7801,hunters,8.71e-06,3.94
7802,idol,8.71e-06,3.94
7803,illusion,8.71e-06,3.94
7804,incorrect,8.71e-06,3.94
7805,jun,8.71e-06,3.94
7806,junction,8.71e-06,3.94
7807,lance,8.71e-06,3.94
7808,leap,8.71e-06,3.94
7809,locate,8.71e-06,3.94
7810,locks,8.71e-06,3.94
7811,lou,8.71e-06,3.94
7812,lynch,8.71e-06,3.94
7813,manages,8.71e-06,3.94
7814,masses,8.71e-06,3.94
7815,medicare,8.71e-06,3.94
7816,modeling,8.71e-06,3.94
7817,motive,8.71e-06,3.94
7818,nazis,8.71e-06,3.94
7819,neighbourhood,8.71e-06,3.94
7820,networking,8.71e-06,3.94
7821,newer,8.71e-06,3.94
7822,newton,8.71e-06,3.94
7823,oppose,8.71e-06,3.94
7824,optimal,8.71e-06,3.94
7825,other's,8.71e-06,3.94
7826,overtime,8.71e-06,3.94
7827,packs,8.71e-06,3.94
7828,permits,8.71e-06,3.94
7829,playstation,8.71e-06,3.94
7830,pops,8.71e-06,3.94
7831,postal,8.71e-06,3.94
7832,predictions,8.71e-06,3.94
7833,prep,8.71e-06,3.94
7834,president's,8.71e-06,3.94
7835,profound,8.71e-06,3.94
7836,prosecutor,8.71e-06,3.94
7837,rebellion,8.71e-06,3.94
7838,recipient,8.71e-06,3.94
7839,refund,8.71e-06,3.94
7840,remembering,8.71e-06,3.94
7841,rescued,8.71e-06,3.94
7842,risky,8.71e-06,3.94
7843,robust,8.71e-06,3.94
7844,scam,8.71e-06,3.94
7845,sci,8.71e-06,3.94
7846,sep,8.71e-06,3.94
7847,shareholders,8.71e-06,3.94
7848,sided,8.71e-06,3.94
7849,simulation,8.71e-06,3.94
7850,sober,8.71e-06,3.94
7851,spice,8.71e-06,3.94
7852,squeeze,8.71e-06,3.94
7853,storms,8.71e-06,3.94
7854,supervision,8.71e-06,3.94
7855,suspects,8.71e-06,3.94
7856,swap,8.71e-06,3.94
7857,swept,8.71e-06,3.94
7858,terrain,8.71e-06,3.94
7859,terrified,8.71e-06,3.94
7860,themed,8.71e-06,3.94
7861,threaten,8.71e-06,3.94
7862,thrilled,8.71e-06,3.94
7863,towel,8.71e-06,3.94
7864,trio,8.71e-06,3.94
7865,tubes,8.71e-06,3.94
7866,unconscious,8.71e-06,3.94
7867,und,8.71e-06,3.94
7868,varies,8.71e-06,3.94
7869,vegetable,8.71e-06,3.94
7870,verified,8.71e-06,3.94
7871,vibe,8.71e-06,3.94
7872,virtue,8.71e-06,3.94
7873,wifi,8.71e-06,3.94
7874,wishing,8.71e-06,3.94
7875,workforce,8.71e-06,3.94
7876,zombie,8.71e-06,3.94
7877,acre,8.51e-06,3.93
7878,airports,8.51e-06,3.93
7879,alot,8.51e-06,3.93
7880,amen,8.51e-06,3.93
7881,andrews,8.51e-06,3.93
7882,arise,8.51e-06,3.93
7883,ashes,8.51e-06,3.93
7884,automotive,8.51e-06,3.93
7885,battlefield,8.51e-06,3.93
7886,begging,8.51e-06,3.93
7887,berkeley,8.51e-06,3.93
7888,bloom,8.51e-06,3.93
7889,bore,8.51e-06,3.93
7890,bundle,8.51e-06,3.93
7891,butterfly,8.51e-06,3.93
7892,buys,8.51e-06,3.93
7893,casualties,8.51e-06,3.93
7894,catches,8.51e-06,3.93
7895,chad,8.51e-06,3.93
7896,clown,8.51e-06,3.93
7897,committees,8.51e-06,3.93
7898,conjunction,8.51e-06,3.93
7899,costly,8.51e-06,3.93
7900,cows,8.51e-06,3.93
7901,cries,8.51e-06,3.93
7902,cuban,8.51e-06,3.93
7903,cycles,8.51e-06,3.93
7904,darker,8.51e-06,3.93
7905,davies,8.51e-06,3.93
7906,descent,8.51e-06,3.93
7907,desktop,8.51e-06,3.93
7908,dial,8.51e-06,3.93
7909,directory,8.51e-06,3.93
7910,disabilities,8.51e-06,3.93
7911,discharge,8.51e-06,3.93
7912,discusses,8.51e-06,3.93
7913,dodge,8.51e-06,3.93
7914,downs,8.51e-06,3.93
7915,drilling,8.51e-06,3.93
7916,drums,8.51e-06,3.93
7917,elimination,8.51e-06,3.93
7918,enjoys,8.51e-06,3.93
7919,es,8.51e-06,3.93
7920,espn,8.51e-06,3.93
7921,ginger,8.51e-06,3.93
7922,governors,8.51e-06,3.93
7923,guild,8.51e-06,3.93
7924,halt,8.51e-06,3.93
7925,han,8.51e-06,3.93
7926,henderson,8.51e-06,3.93
7927,ibm,8.51e-06,3.93
7928,imaging,8.51e-06,3.93
7929,implied,8.51e-06,3.93
7930,impress,8.51e-06,3.93
7931,inability,8.51e-06,3.93
7932,incoming,8.51e-06,3.93
7933,isaac,8.51e-06,3.93
7934,jar,8.51e-06,3.93
7935,kay,8.51e-06,3.93
7936,lb,8.51e-06,3.93
7937,leicester,8.51e-06,3.93
7938,liam,8.51e-06,3.93
7939,litigation,8.51e-06,3.93
7940,mentor,8.51e-06,3.93
7941,merchandise,8.51e-06,3.93
7942,minerals,8.51e-06,3.93
7943,miners,8.51e-06,3.93
7944,monk,8.51e-06,3.93
7945,neighborhoods,8.51e-06,3.93
7946,ni,8.51e-06,3.93
7947,noah,8.51e-06,3.93
7948,norm,8.51e-06,3.93
7949,obtaining,8.51e-06,3.93
7950,occupy,8.51e-06,3.93
7951,offended,8.51e-06,3.93
7952,orthodox,8.51e-06,3.93
7953,overhead,8.51e-06,3.93
7954,pac,8.51e-06,3.93
7955,painter,8.51e-06,3.93
7956,party's,8.51e-06,3.93
7957,perth,8.51e-06,3.93
7958,pierce,8.51e-06,3.93
7959,pistol,8.51e-06,3.93
7960,printer,8.51e-06,3.93
7961,prone,8.51e-06,3.93
7962,raiders,8.51e-06,3.93
7963,readily,8.51e-06,3.93
7964,reflecting,8.51e-06,3.93
7965,regiment,8.51e-06,3.93
7966,remembers,8.51e-06,3.93
7967,reunion,8.51e-06,3.93
7968,revival,8.51e-06,3.93
7969,sanctuary,8.51e-06,3.93
7970,satan,8.51e-06,3.93
7971,satisfying,8.51e-06,3.93
7972,seas,8.51e-06,3.93
7973,securing,8.51e-06,3.93
7974,sensors,8.51e-06,3.93
7975,seoul,8.51e-06,3.93
7976,shells,8.51e-06,3.93
7977,siege,8.51e-06,3.93
7978,sixty,8.51e-06,3.93
7979,sleeve,8.51e-06,3.93
7980,sonic,8.51e-06,3.93
7981,soundtrack,8.51e-06,3.93
7982,speeches,8.51e-06,3.93
7983,spine,8.51e-06,3.93
7984,steering,8.51e-06,3.93
7985,substances,8.51e-06,3.93
7986,sullivan,8.51e-06,3.93
7987,sustain,8.51e-06,3.93
7988,tenure,8.51e-06,3.93
7989,texture,8.51e-06,3.93
7990,thankful,8.51e-06,3.93
7991,translate,8.51e-06,3.93
7992,treasurer,8.51e-06,3.93
7993,triangle,8.51e-06,3.93
7994,unclear,8.51e-06,3.93
7995,upgraded,8.51e-06,3.93
7996,venezuela,8.51e-06,3.93
7997,venice,8.51e-06,3.93
7998,vladimir,8.51e-06,3.93
7999,wizard,8.51e-06,3.93
8000,yankees,8.51e-06,3.93
8001,absorbed,8.32e-06,3.92
8002,admin,8.32e-06,3.92
8003,affection,8.32e-06,3.92
8004,airplane,8.32e-06,3.92
8005,altitude,8.32e-06,3.92
8006,athens,8.32e-06,3.92
8007,attributes,8.32e-06,3.92
8008,baked,8.32e-06,3.92
8009,baking,8.32e-06,3.92
8010,beautifully,8.32e-06,3.92
8011,betty,8.32e-06,3.92
8012,biblical,8.32e-06,3.92
8013,bmw,8.32e-06,3.92
8014,boo,8.32e-06,3.92
8015,cardiff,8.32e-06,3.92
8016,collapsed,8.32e-06,3.92
8017,coloured,8.32e-06,3.92
8018,competent,8.32e-06,3.92
8019,countryside,8.32e-06,3.92
8020,cracking,8.32e-06,3.92
8021,crane,8.32e-06,3.92
8022,debris,8.32e-06,3.92
8023,delegation,8.32e-06,3.92
8024,demographic,8.32e-06,3.92
8025,descriptions,8.32e-06,3.92
8026,donor,8.32e-06,3.92
8027,easiest,8.32e-06,3.92
8028,educate,8.32e-06,3.92
8029,enabling,8.32e-06,3.92
8030,enrolled,8.32e-06,3.92
8031,enrollment,8.32e-06,3.92
8032,essex,8.32e-06,3.92
8033,exceed,8.32e-06,3.92
8034,excluding,8.32e-06,3.92
8035,expressions,8.32e-06,3.92
8036,fierce,8.32e-06,3.92
8037,forgetting,8.32e-06,3.92
8038,gabriel,8.32e-06,3.92
8039,garlic,8.32e-06,3.92
8040,gaza,8.32e-06,3.92
8041,gratitude,8.32e-06,3.92
8042,hail,8.32e-06,3.92
8043,heroin,8.32e-06,3.92
8044,honda,8.32e-06,3.92
8045,hooked,8.32e-06,3.92
8046,illustration,8.32e-06,3.92
8047,impose,8.32e-06,3.92
8048,indicator,8.32e-06,3.92
8049,inequality,8.32e-06,3.92
8050,ins,8.32e-06,3.92
8051,interpreted,8.32e-06,3.92
8052,jamaica,8.32e-06,3.92
8053,joey,8.32e-06,3.92
8054,joshua,8.32e-06,3.92
8055,journals,8.32e-06,3.92
8056,leisure,8.32e-06,3.92
8057,lend,8.32e-06,3.92
8058,lengths,8.32e-06,3.92
8059,leon,8.32e-06,3.92
8060,lounge,8.32e-06,3.92
8061,luckily,8.32e-06,3.92
8062,manuscript,8.32e-06,3.92
8063,marco,8.32e-06,3.92
8064,marines,8.32e-06,3.92
8065,mint,8.32e-06,3.92
8066,molecules,8.32e-06,3.92
8067,montgomery,8.32e-06,3.92
8068,notification,8.32e-06,3.92
8069,nova,8.32e-06,3.92
8070,oakland,8.32e-06,3.92
8071,outline,8.32e-06,3.92
8072,pasta,8.32e-06,3.92
8073,pi,8.32e-06,3.92
8074,polite,8.32e-06,3.92
8075,productions,8.32e-06,3.92
8076,professors,8.32e-06,3.92
8077,quicker,8.32e-06,3.92
8078,randy,8.32e-06,3.92
8079,receipt,8.32e-06,3.92
8080,recognise,8.32e-06,3.92
8081,reliability,8.32e-06,3.92
8082,researcher,8.32e-06,3.92
8083,retailers,8.32e-06,3.92
8084,reviewing,8.32e-06,3.92
8085,romans,8.32e-06,3.92
8086,runway,8.32e-06,3.92
8087,sculpture,8.32e-06,3.92
8088,senses,8.32e-06,3.92
8089,sensor,8.32e-06,3.92
8090,seth,8.32e-06,3.92
8091,sharon,8.32e-06,3.92
8092,showcase,8.32e-06,3.92
8093,smoked,8.32e-06,3.92
8094,su,8.32e-06,3.92
8095,subsidiary,8.32e-06,3.92
8096,tampa,8.32e-06,3.92
8097,tenth,8.32e-06,3.92
8098,theology,8.32e-06,3.92
8099,topped,8.32e-06,3.92
8100,trails,8.32e-06,3.92
8101,underwater,8.32e-06,3.92
8102,uploaded,8.32e-06,3.92
8103,velocity,8.32e-06,3.92
8104,venues,8.32e-06,3.92
8105,wax,8.32e-06,3.92
8106,wikipedia,8.32e-06,3.92
8107,winston,8.32e-06,3.92
8108,yay,8.32e-06,3.92
8109,yu,8.32e-06,3.92
8110,♫,8.32e-06,3.92
8111,accountability,8.13e-06,3.91
8112,aerial,8.13e-06,3.91
8113,albeit,8.13e-06,3.91
8114,alcoholic,8.13e-06,3.91
8115,amazed,8.13e-06,3.91
8116,ambition,8.13e-06,3.91
8117,ammunition,8.13e-06,3.91
8118,anthem,8.13e-06,3.91
8119,architects,8.13e-06,3.91
8120,automated,8.13e-06,3.91
8121,bake,8.13e-06,3.91
8122,batch,8.13e-06,3.91
8123,borrowed,8.13e-06,3.91
8124,carson,8.13e-06,3.91
8125,catalog,8.13e-06,3.91
8126,catalogue,8.13e-06,3.91
8127,charitable,8.13e-06,3.91
8128,christine,8.13e-06,3.91
8129,clicking,8.13e-06,3.91
8130,club's,8.13e-06,3.91
8131,collector,8.13e-06,3.91
8132,compliment,8.13e-06,3.91
8133,consisted,8.13e-06,3.91
8134,continually,8.13e-06,3.91
8135,coordinator,8.13e-06,3.91
8136,damaging,8.13e-06,3.91
8137,danish,8.13e-06,3.91
8138,def,8.13e-06,3.91
8139,deployment,8.13e-06,3.91
8140,drafted,8.13e-06,3.91
8141,enjoyable,8.13e-06,3.91
8142,exotic,8.13e-06,3.91
8143,exterior,8.13e-06,3.91
8144,feminine,8.13e-06,3.91
8145,firearms,8.13e-06,3.91
8146,fountain,8.13e-06,3.91
8147,fury,8.13e-06,3.91
8148,gb,8.13e-06,3.91
8149,genocide,8.13e-06,3.91
8150,glance,8.13e-06,3.91
8151,glow,8.13e-06,3.91
8152,hay,8.13e-06,3.91
8153,headlines,8.13e-06,3.91
8154,hebrew,8.13e-06,3.91
8155,hometown,8.13e-06,3.91
8156,humanitarian,8.13e-06,3.91
8157,hungary,8.13e-06,3.91
8158,idaho,8.13e-06,3.91
8159,immunity,8.13e-06,3.91
8160,implementing,8.13e-06,3.91
8161,inherited,8.13e-06,3.91
8162,killers,8.13e-06,3.91
8163,l.a,8.13e-06,3.91
8164,labeled,8.13e-06,3.91
8165,lebron,8.13e-06,3.91
8166,liberation,8.13e-06,3.91
8167,likelihood,8.13e-06,3.91
8168,lone,8.13e-06,3.91
8169,massacre,8.13e-06,3.91
8170,meme,8.13e-06,3.91
8171,mitch,8.13e-06,3.91
8172,mod,8.13e-06,3.91
8173,nationalist,8.13e-06,3.91
8174,nationals,8.13e-06,3.91
8175,necessity,8.13e-06,3.91
8176,nickname,8.13e-06,3.91
8177,nixon,8.13e-06,3.91
8178,observer,8.13e-06,3.91
8179,offshore,8.13e-06,3.91
8180,optional,8.13e-06,3.91
8181,papa,8.13e-06,3.91
8182,parked,8.13e-06,3.91
8183,paste,8.13e-06,3.91
8184,ph.d,8.13e-06,3.91
8185,pioneer,8.13e-06,3.91
8186,plaza,8.13e-06,3.91
8187,prescribed,8.13e-06,3.91
8188,pressures,8.13e-06,3.91
8189,prosperity,8.13e-06,3.91
8190,ps4,8.13e-06,3.91
8191,recreational,8.13e-06,3.91
8192,reds,8.13e-06,3.91
8193,refuge,8.13e-06,3.91
8194,religions,8.13e-06,3.91
8195,renewable,8.13e-06,3.91
8196,richardson,8.13e-06,3.91
8197,ricky,8.13e-06,3.91
8198,rode,8.13e-06,3.91
8199,ronald,8.13e-06,3.91
8200,sack,8.13e-06,3.91
8201,settlements,8.13e-06,3.91
8202,sheffield,8.13e-06,3.91
8203,shortage,8.13e-06,3.91
8204,skies,8.13e-06,3.91
8205,smarter,8.13e-06,3.91
8206,smiles,8.13e-06,3.91
8207,sophie,8.13e-06,3.91
8208,sphere,8.13e-06,3.91
8209,sponsors,8.13e-06,3.91
8210,stamps,8.13e-06,3.91
8211,stare,8.13e-06,3.91
8212,suburban,8.13e-06,3.91
8213,sung,8.13e-06,3.91
8214,suppliers,8.13e-06,3.91
8215,tablets,8.13e-06,3.91
8216,terribly,8.13e-06,3.91
8217,territorial,8.13e-06,3.91
8218,thirds,8.13e-06,3.91
8219,thriller,8.13e-06,3.91
8220,toss,8.13e-06,3.91
8221,transgender,8.13e-06,3.91
8222,troubled,8.13e-06,3.91
8223,turtle,8.13e-06,3.91
8224,ur,8.13e-06,3.91
8225,verbal,8.13e-06,3.91
8226,violated,8.13e-06,3.91
8227,vocals,8.13e-06,3.91
8228,wool,8.13e-06,3.91
8229,yang,8.13e-06,3.91
8230,accountable,7.94e-06,3.9
8231,advocacy,7.94e-06,3.9
8232,aftermath,7.94e-06,3.9
8233,aggression,7.94e-06,3.9
8234,analyzed,7.94e-06,3.9
8235,angles,7.94e-06,3.9
8236,arguably,7.94e-06,3.9
8237,armies,7.94e-06,3.9
8238,armstrong,7.94e-06,3.9
8239,assessed,7.94e-06,3.9
8240,attractions,7.94e-06,3.9
8241,balloon,7.94e-06,3.9
8242,beers,7.94e-06,3.9
8243,bells,7.94e-06,3.9
8244,blamed,7.94e-06,3.9
8245,blunt,7.94e-06,3.9
8246,boobs,7.94e-06,3.9
8247,bosses,7.94e-06,3.9
8248,brakes,7.94e-06,3.9
8249,brigade,7.94e-06,3.9
8250,bulgaria,7.94e-06,3.9
8251,burial,7.94e-06,3.9
8252,canceled,7.94e-06,3.9
8253,cardinal,7.94e-06,3.9
8254,champ,7.94e-06,3.9
8255,champagne,7.94e-06,3.9
8256,cheated,7.94e-06,3.9
8257,china's,7.94e-06,3.9
8258,chorus,7.94e-06,3.9
8259,chrome,7.94e-06,3.9
8260,clarity,7.94e-06,3.9
8261,classics,7.94e-06,3.9
8262,cleaner,7.94e-06,3.9
8263,combining,7.94e-06,3.9
8264,conclude,7.94e-06,3.9
8265,confidential,7.94e-06,3.9
8266,coordination,7.94e-06,3.9
8267,cracks,7.94e-06,3.9
8268,cs,7.94e-06,3.9
8269,dancers,7.94e-06,3.9
8270,delaware,7.94e-06,3.9
8271,directing,7.94e-06,3.9
8272,discretion,7.94e-06,3.9
8273,ditch,7.94e-06,3.9
8274,dome,7.94e-06,3.9
8275,dope,7.94e-06,3.9
8276,drought,7.94e-06,3.9
8277,ducks,7.94e-06,3.9
8278,dumped,7.94e-06,3.9
8279,elevation,7.94e-06,3.9
8280,entrepreneurs,7.94e-06,3.9
8281,epa,7.94e-06,3.9
8282,esteem,7.94e-06,3.9
8283,eva,7.94e-06,3.9
8284,explored,7.94e-06,3.9
8285,fe,7.94e-06,3.9
8286,finances,7.94e-06,3.9
8287,finishes,7.94e-06,3.9
8288,fog,7.94e-06,3.9
8289,framed,7.94e-06,3.9
8290,fucks,7.94e-06,3.9
8291,gesture,7.94e-06,3.9
8292,ghana,7.94e-06,3.9
8293,gibson,7.94e-06,3.9
8294,gif,7.94e-06,3.9
8295,gilbert,7.94e-06,3.9
8296,gosh,7.94e-06,3.9
8297,griffin,7.94e-06,3.9
8298,historian,7.94e-06,3.9
8299,horizontal,7.94e-06,3.9
8300,hospitality,7.94e-06,3.9
8301,hostage,7.94e-06,3.9
8302,hottest,7.94e-06,3.9
8303,individually,7.94e-06,3.9
8304,inevitably,7.94e-06,3.9
8305,jeffrey,7.94e-06,3.9
8306,kenneth,7.94e-06,3.9
8307,lad,7.94e-06,3.9
8308,lakers,7.94e-06,3.9
8309,lasts,7.94e-06,3.9
8310,leagues,7.94e-06,3.9
8311,leslie,7.94e-06,3.9
8312,listings,7.94e-06,3.9
8313,literacy,7.94e-06,3.9
8314,marriages,7.94e-06,3.9
8315,mcdonald's,7.94e-06,3.9
8316,migrants,7.94e-06,3.9
8317,mins,7.94e-06,3.9
8318,misleading,7.94e-06,3.9
8319,moisture,7.94e-06,3.9
8320,monument,7.94e-06,3.9
8321,mortality,7.94e-06,3.9
8322,ng,7.94e-06,3.9
8323,notices,7.94e-06,3.9
8324,obsession,7.94e-06,3.9
8325,opt,7.94e-06,3.9
8326,particle,7.94e-06,3.9
8327,peanut,7.94e-06,3.9
8328,penn,7.94e-06,3.9
8329,persistent,7.94e-06,3.9
8330,personalities,7.94e-06,3.9
8331,petroleum,7.94e-06,3.9
8332,pharmaceutical,7.94e-06,3.9
8333,progression,7.94e-06,3.9
8334,quinn,7.94e-06,3.9
8335,ra,7.94e-06,3.9
8336,rack,7.94e-06,3.9
8337,rebuild,7.94e-06,3.9
8338,recordings,7.94e-06,3.9
8339,rejection,7.94e-06,3.9
8340,relaxing,7.94e-06,3.9
8341,reservoir,7.94e-06,3.9
8342,respects,7.94e-06,3.9
8343,riley,7.94e-06,3.9
8344,scrap,7.94e-06,3.9
8345,sebastian,7.94e-06,3.9
8346,sensation,7.94e-06,3.9
8347,shaft,7.94e-06,3.9
8348,shepherd,7.94e-06,3.9
8349,shuttle,7.94e-06,3.9
8350,slope,7.94e-06,3.9
8351,snack,7.94e-06,3.9
8352,sounding,7.94e-06,3.9
8353,specialists,7.94e-06,3.9
8354,spotlight,7.94e-06,3.9
8355,stabbed,7.94e-06,3.9
8356,stern,7.94e-06,3.9
8357,stiff,7.94e-06,3.9
8358,striker,7.94e-06,3.9
8359,sudan,7.94e-06,3.9
8360,sued,7.94e-06,3.9
8361,sums,7.94e-06,3.9
8362,sworn,7.94e-06,3.9
8363,tel,7.94e-06,3.9
8364,terrific,7.94e-06,3.9
8365,theres,7.94e-06,3.9
8366,titans,7.94e-06,3.9
8367,tomatoes,7.94e-06,3.9
8368,tory,7.94e-06,3.9
8369,trafficking,7.94e-06,3.9
8370,transparency,7.94e-06,3.9
8371,trinity,7.94e-06,3.9
8372,unemployed,7.94e-06,3.9
8373,unite,7.94e-06,3.9
8374,unlock,7.94e-06,3.9
8375,vault,7.94e-06,3.9
8376,vet,7.94e-06,3.9
8377,vince,7.94e-06,3.9
8378,wagon,7.94e-06,3.9
8379,walt,7.94e-06,3.9
8380,withdrawn,7.94e-06,3.9
8381,accessed,7.76e-06,3.89
8382,adverse,7.76e-06,3.89
8383,aiming,7.76e-06,3.89
8384,allah,7.76e-06,3.89
8385,alumni,7.76e-06,3.89
8386,ana,7.76e-06,3.89
8387,awhile,7.76e-06,3.89
8388,aye,7.76e-06,3.89
8389,bastard,7.76e-06,3.89
8390,behaviors,7.76e-06,3.89
8391,bikes,7.76e-06,3.89
8392,biography,7.76e-06,3.89
8393,br,7.76e-06,3.89
8394,broker,7.76e-06,3.89
8395,browser,7.76e-06,3.89
8396,bury,7.76e-06,3.89
8397,cellular,7.76e-06,3.89
8398,cocktail,7.76e-06,3.89
8399,cod,7.76e-06,3.89
8400,conditioning,7.76e-06,3.89
8401,consuming,7.76e-06,3.89
8402,contracted,7.76e-06,3.89
8403,costumes,7.76e-06,3.89
8404,counseling,7.76e-06,3.89
8405,crews,7.76e-06,3.89
8406,cubs,7.76e-06,3.89
8407,cuz,7.76e-06,3.89
8408,dangers,7.76e-06,3.89
8409,designing,7.76e-06,3.89
8410,destructive,7.76e-06,3.89
8411,develops,7.76e-06,3.89
8412,dislike,7.76e-06,3.89
8413,doubled,7.76e-06,3.89
8414,doubles,7.76e-06,3.89
8415,economies,7.76e-06,3.89
8416,embedded,7.76e-06,3.89
8417,emerge,7.76e-06,3.89
8418,excluded,7.76e-06,3.89
8419,expects,7.76e-06,3.89
8420,f1,7.76e-06,3.89
8421,farewell,7.76e-06,3.89
8422,feeds,7.76e-06,3.89
8423,fist,7.76e-06,3.89
8424,fond,7.76e-06,3.89
8425,foolish,7.76e-06,3.89
8426,frog,7.76e-06,3.89
8427,fry,7.76e-06,3.89
8428,garcia,7.76e-06,3.89
8429,gifted,7.76e-06,3.89
8430,hacking,7.76e-06,3.89
8431,hawks,7.76e-06,3.89
8432,heir,7.76e-06,3.89
8433,highlighted,7.76e-06,3.89
8434,holocaust,7.76e-06,3.89
8435,homer,7.76e-06,3.89
8436,hon,7.76e-06,3.89
8437,hopkins,7.76e-06,3.89
8438,imprisonment,7.76e-06,3.89
8439,indonesian,7.76e-06,3.89
8440,irs,7.76e-06,3.89
8441,isnt,7.76e-06,3.89
8442,jenny,7.76e-06,3.89
8443,ji,7.76e-06,3.89
8444,lacks,7.76e-06,3.89
8445,landlord,7.76e-06,3.89
8446,landmark,7.76e-06,3.89
8447,lanka,7.76e-06,3.89
8448,launches,7.76e-06,3.89
8449,leaning,7.76e-06,3.89
8450,liable,7.76e-06,3.89
8451,life's,7.76e-06,3.89
8452,memphis,7.76e-06,3.89
8453,midst,7.76e-06,3.89
8454,misery,7.76e-06,3.89
8455,module,7.76e-06,3.89
8456,mommy,7.76e-06,3.89
8457,monroe,7.76e-06,3.89
8458,mosque,7.76e-06,3.89
8459,moss,7.76e-06,3.89
8460,museums,7.76e-06,3.89
8461,mvp,7.76e-06,3.89
8462,nursery,7.76e-06,3.89
8463,obamacare,7.76e-06,3.89
8464,onion,7.76e-06,3.89
8465,perspectives,7.76e-06,3.89
8466,peru,7.76e-06,3.89
8467,phrases,7.76e-06,3.89
8468,plague,7.76e-06,3.89
8469,plains,7.76e-06,3.89
8470,positively,7.76e-06,3.89
8471,powell,7.76e-06,3.89
8472,prevents,7.76e-06,3.89
8473,profiles,7.76e-06,3.89
8474,pursued,7.76e-06,3.89
8475,raids,7.76e-06,3.89
8476,recruit,7.76e-06,3.89
8477,resting,7.76e-06,3.89
8478,rex,7.76e-06,3.89
8479,rogue,7.76e-06,3.89
8480,roosevelt,7.76e-06,3.89
8481,salaries,7.76e-06,3.89
8482,sd,7.76e-06,3.89
8483,seated,7.76e-06,3.89
8484,sharply,7.76e-06,3.89
8485,showers,7.76e-06,3.89
8486,sincerely,7.76e-06,3.89
8487,sings,7.76e-06,3.89
8488,solidarity,7.76e-06,3.89
8489,specialty,7.76e-06,3.89
8490,supernatural,7.76e-06,3.89
8491,surprises,7.76e-06,3.89
8492,td,7.76e-06,3.89
8493,tens,7.76e-06,3.89
8494,thirteen,7.76e-06,3.89
8495,tomb,7.76e-06,3.89
8496,touring,7.76e-06,3.89
8497,traces,7.76e-06,3.89
8498,trademark,7.76e-06,3.89
8499,trim,7.76e-06,3.89
8500,umbrella,7.76e-06,3.89
8501,utilities,7.76e-06,3.89
8502,voyage,7.76e-06,3.89
8503,weaker,7.76e-06,3.89
8504,willie,7.76e-06,3.89
8505,yields,7.76e-06,3.89
8506,abbey,7.59e-06,3.88
8507,accepts,7.59e-06,3.88
8508,adjustment,7.59e-06,3.88
8509,andrea,7.59e-06,3.88
8510,assignments,7.59e-06,3.88
8511,attachment,7.59e-06,3.88
8512,baron,7.59e-06,3.88
8513,beatles,7.59e-06,3.88
8514,belfast,7.59e-06,3.88
8515,blah,7.59e-06,3.88
8516,blaming,7.59e-06,3.88
8517,bomber,7.59e-06,3.88
8518,bt,7.59e-06,3.88
8519,bunny,7.59e-06,3.88
8520,candle,7.59e-06,3.88
8521,carved,7.59e-06,3.88
8522,choir,7.59e-06,3.88
8523,clutch,7.59e-06,3.88
8524,coconut,7.59e-06,3.88
8525,committing,7.59e-06,3.88
8526,comprising,7.59e-06,3.88
8527,confession,7.59e-06,3.88
8528,consume,7.59e-06,3.88
8529,corridor,7.59e-06,3.88
8530,credibility,7.59e-06,3.88
8531,credited,7.59e-06,3.88
8532,critically,7.59e-06,3.88
8533,dem,7.59e-06,3.88
8534,distracted,7.59e-06,3.88
8535,dm,7.59e-06,3.88
8536,dolphins,7.59e-06,3.88
8537,estates,7.59e-06,3.88
8538,ferguson,7.59e-06,3.88
8539,ferrari,7.59e-06,3.88
8540,filters,7.59e-06,3.88
8541,fools,7.59e-06,3.88
8542,fourteen,7.59e-06,3.88
8543,fu,7.59e-06,3.88
8544,geometry,7.59e-06,3.88
8545,gf,7.59e-06,3.88
8546,ghosts,7.59e-06,3.88
8547,gossip,7.59e-06,3.88
8548,gp,7.59e-06,3.88
8549,grandparents,7.59e-06,3.88
8550,group's,7.59e-06,3.88
8551,haul,7.59e-06,3.88
8552,header,7.59e-06,3.88
8553,headphones,7.59e-06,3.88
8554,highways,7.59e-06,3.88
8555,holly,7.59e-06,3.88
8556,immense,7.59e-06,3.88
8557,imports,7.59e-06,3.88
8558,incentives,7.59e-06,3.88
8559,interfere,7.59e-06,3.88
8560,intersection,7.59e-06,3.88
8561,investigators,7.59e-06,3.88
8562,juvenile,7.59e-06,3.88
8563,karma,7.59e-06,3.88
8564,ki,7.59e-06,3.88
8565,knocking,7.59e-06,3.88
8566,kurt,7.59e-06,3.88
8567,leaks,7.59e-06,3.88
8568,leverage,7.59e-06,3.88
8569,lil,7.59e-06,3.88
8570,lining,7.59e-06,3.88
8571,luther,7.59e-06,3.88
8572,manila,7.59e-06,3.88
8573,mankind,7.59e-06,3.88
8574,mapping,7.59e-06,3.88
8575,masks,7.59e-06,3.88
8576,med,7.59e-06,3.88
8577,metric,7.59e-06,3.88
8578,militia,7.59e-06,3.88
8579,naming,7.59e-06,3.88
8580,ncaa,7.59e-06,3.88
8581,night's,7.59e-06,3.88
8582,nike,7.59e-06,3.88
8583,node,7.59e-06,3.88
8584,obstacles,7.59e-06,3.88
8585,opener,7.59e-06,3.88
8586,overwhelmed,7.59e-06,3.88
8587,performers,7.59e-06,3.88
8588,pg,7.59e-06,3.88
8589,pl,7.59e-06,3.88
8590,pointless,7.59e-06,3.88
8591,poles,7.59e-06,3.88
8592,preferences,7.59e-06,3.88
8593,prompted,7.59e-06,3.88
8594,proximity,7.59e-06,3.88
8595,qualification,7.59e-06,3.88
8596,qualifications,7.59e-06,3.88
8597,ranger,7.59e-06,3.88
8598,rendered,7.59e-06,3.88
8599,rented,7.59e-06,3.88
8600,reversed,7.59e-06,3.88
8601,robbed,7.59e-06,3.88
8602,sadness,7.59e-06,3.88
8603,scenarios,7.59e-06,3.88
8604,selective,7.59e-06,3.88
8605,seniors,7.59e-06,3.88
8606,sf,7.59e-06,3.88
8607,shiny,7.59e-06,3.88
8608,socialism,7.59e-06,3.88
8609,son's,7.59e-06,3.88
8610,sour,7.59e-06,3.88
8611,spoon,7.59e-06,3.88
8612,stressful,7.59e-06,3.88
8613,stretched,7.59e-06,3.88
8614,sucking,7.59e-06,3.88
8615,teddy,7.59e-06,3.88
8616,tenants,7.59e-06,3.88
8617,terrace,7.59e-06,3.88
8618,thief,7.59e-06,3.88
8619,transported,7.59e-06,3.88
8620,tribunal,7.59e-06,3.88
8621,undoubtedly,7.59e-06,3.88
8622,uniforms,7.59e-06,3.88
8623,verify,7.59e-06,3.88
8624,villain,7.59e-06,3.88
8625,whats,7.59e-06,3.88
8626,whistle,7.59e-06,3.88
8627,wife's,7.59e-06,3.88
8628,workshops,7.59e-06,3.88
8629,yale,7.59e-06,3.88
8630,yearly,7.59e-06,3.88
8631,yemen,7.59e-06,3.88
8632,⠀,7.59e-06,3.88
8633,abusive,7.41e-06,3.87
8634,alley,7.41e-06,3.87
8635,announcing,7.41e-06,3.87
8636,appetite,7.41e-06,3.87
8637,backyard,7.41e-06,3.87
8638,beth,7.41e-06,3.87
8639,beverly,7.41e-06,3.87
8640,bids,7.41e-06,3.87
8641,billboard,7.41e-06,3.87
8642,blades,7.41e-06,3.87
8643,boris,7.41e-06,3.87
8644,bully,7.41e-06,3.87
8645,burke,7.41e-06,3.87
8646,cables,7.41e-06,3.87
8647,calculate,7.41e-06,3.87
8648,calculations,7.41e-06,3.87
8649,chicks,7.41e-06,3.87
8650,conceived,7.41e-06,3.87
8651,consult,7.41e-06,3.87
8652,crashes,7.41e-06,3.87
8653,crowds,7.41e-06,3.87
8654,cunt,7.41e-06,3.87
8655,damned,7.41e-06,3.87
8656,dissolved,7.41e-06,3.87
8657,distinguish,7.41e-06,3.87
8658,dominate,7.41e-06,3.87
8659,dynasty,7.41e-06,3.87
8660,economist,7.41e-06,3.87
8661,endorsed,7.41e-06,3.87
8662,europeans,7.41e-06,3.87
8663,examining,7.41e-06,3.87
8664,extensively,7.41e-06,3.87
8665,fda,7.41e-06,3.87
8666,festivals,7.41e-06,3.87
8667,forehead,7.41e-06,3.87
8668,foreigners,7.41e-06,3.87
8669,forgiveness,7.41e-06,3.87
8670,gem,7.41e-06,3.87
8671,glen,7.41e-06,3.87
8672,graves,7.41e-06,3.87
8673,gregory,7.41e-06,3.87
8674,haunted,7.41e-06,3.87
8675,hayes,7.41e-06,3.87
8676,heather,7.41e-06,3.87
8677,hiking,7.41e-06,3.87
8678,hypothesis,7.41e-06,3.87
8679,illegally,7.41e-06,3.87
8680,illustrations,7.41e-06,3.87
8681,inclined,7.41e-06,3.87
8682,informal,7.41e-06,3.87
8683,jew,7.41e-06,3.87
8684,learnt,7.41e-06,3.87
8685,lending,7.41e-06,3.87
8686,marker,7.41e-06,3.87
8687,marsh,7.41e-06,3.87
8688,marshal,7.41e-06,3.87
8689,maturity,7.41e-06,3.87
8690,maya,7.41e-06,3.87
8691,messy,7.41e-06,3.87
8692,mia,7.41e-06,3.87
8693,minneapolis,7.41e-06,3.87
8694,molly,7.41e-06,3.87
8695,morrison,7.41e-06,3.87
8696,mtv,7.41e-06,3.87
8697,muhammad,7.41e-06,3.87
8698,neighboring,7.41e-06,3.87
8699,neighbours,7.41e-06,3.87
8700,ninja,7.41e-06,3.87
8701,optimistic,7.41e-06,3.87
8702,outlined,7.41e-06,3.87
8703,owl,7.41e-06,3.87
8704,parenting,7.41e-06,3.87
8705,peaks,7.41e-06,3.87
8706,pharmacy,7.41e-06,3.87
8707,pools,7.41e-06,3.87
8708,preparations,7.41e-06,3.87
8709,problematic,7.41e-06,3.87
8710,proceeded,7.41e-06,3.87
8711,processor,7.41e-06,3.87
8712,promotional,7.41e-06,3.87
8713,pros,7.41e-06,3.87
8714,prospective,7.41e-06,3.87
8715,psychiatric,7.41e-06,3.87
8716,regulate,7.41e-06,3.87
8717,renaissance,7.41e-06,3.87
8718,repeal,7.41e-06,3.87
8719,reuters,7.41e-06,3.87
8720,riots,7.41e-06,3.87
8721,roast,7.41e-06,3.87
8722,robertson,7.41e-06,3.87
8723,rubbish,7.41e-06,3.87
8724,saga,7.41e-06,3.87
8725,salon,7.41e-06,3.87
8726,seventeen,7.41e-06,3.87
8727,shields,7.41e-06,3.87
8728,sliding,7.41e-06,3.87
8729,sodium,7.41e-06,3.87
8730,surplus,7.41e-06,3.87
8731,swallow,7.41e-06,3.87
8732,systematic,7.41e-06,3.87
8733,theaters,7.41e-06,3.87
8734,transmitted,7.41e-06,3.87
8735,tuned,7.41e-06,3.87
8736,unacceptable,7.41e-06,3.87
8737,unaware,7.41e-06,3.87
8738,uncommon,7.41e-06,3.87
8739,underway,7.41e-06,3.87
8740,unified,7.41e-06,3.87
8741,unstable,7.41e-06,3.87
8742,upstairs,7.41e-06,3.87
8743,vague,7.41e-06,3.87
8744,wee,7.41e-06,3.87
8745,woo,7.41e-06,3.87
8746,xd,7.41e-06,3.87
8747,zip,7.41e-06,3.87
8748,a00,7.24e-06,3.86
8749,abs,7.24e-06,3.86
8750,abundance,7.24e-06,3.86
8751,advancing,7.24e-06,3.86
8752,ahh,7.24e-06,3.86
8753,alberta,7.24e-06,3.86
8754,ant,7.24e-06,3.86
8755,antique,7.24e-06,3.86
8756,autonomy,7.24e-06,3.86
8757,baptist,7.24e-06,3.86
8758,behavioral,7.24e-06,3.86
8759,biden,7.24e-06,3.86
8760,booking,7.24e-06,3.86
8761,breeze,7.24e-06,3.86
8762,brett,7.24e-06,3.86
8763,browns,7.24e-06,3.86
8764,canadians,7.24e-06,3.86
8765,carnival,7.24e-06,3.86
8766,commodity,7.24e-06,3.86
8767,congressman,7.24e-06,3.86
8768,containers,7.24e-06,3.86
8769,cooperative,7.24e-06,3.86
8770,coral,7.24e-06,3.86
8771,correlation,7.24e-06,3.86
8772,correspondent,7.24e-06,3.86
8773,coupon,7.24e-06,3.86
8774,covid,7.24e-06,3.86
8775,crosses,7.24e-06,3.86
8776,curtain,7.24e-06,3.86
8777,curves,7.24e-06,3.86
8778,defines,7.24e-06,3.86
8779,delivers,7.24e-06,3.86
8780,demonstrates,7.24e-06,3.86
8781,dentist,7.24e-06,3.86
8782,dodgers,7.24e-06,3.86
8783,dough,7.24e-06,3.86
8784,dug,7.24e-06,3.86
8785,endangered,7.24e-06,3.86
8786,envelope,7.24e-06,3.86
8787,exhibited,7.24e-06,3.86
8788,fade,7.24e-06,3.86
8789,fatigue,7.24e-06,3.86
8790,fellowship,7.24e-06,3.86
8791,fictional,7.24e-06,3.86
8792,fragile,7.24e-06,3.86
8793,fringe,7.24e-06,3.86
8794,fulfill,7.24e-06,3.86
8795,gaps,7.24e-06,3.86
8796,granite,7.24e-06,3.86
8797,greens,7.24e-06,3.86
8798,handbook,7.24e-06,3.86
8799,hardy,7.24e-06,3.86
8800,honors,7.24e-06,3.86
8801,india's,7.24e-06,3.86
8802,insights,7.24e-06,3.86
8803,instinct,7.24e-06,3.86
8804,inviting,7.24e-06,3.86
8805,irony,7.24e-06,3.86
8806,ivan,7.24e-06,3.86
8807,joyce,7.24e-06,3.86
8808,judgement,7.24e-06,3.86
8809,judiciary,7.24e-06,3.86
8810,jumps,7.24e-06,3.86
8811,lads,7.24e-06,3.86
8812,legion,7.24e-06,3.86
8813,lethal,7.24e-06,3.86
8814,lime,7.24e-06,3.86
8815,lively,7.24e-06,3.86
8816,logistics,7.24e-06,3.86
8817,lowered,7.24e-06,3.86
8818,lynn,7.24e-06,3.86
8819,maid,7.24e-06,3.86
8820,manning,7.24e-06,3.86
8821,manuel,7.24e-06,3.86
8822,maple,7.24e-06,3.86
8823,mickey,7.24e-06,3.86
8824,midfielder,7.24e-06,3.86
8825,mindset,7.24e-06,3.86
8826,mistress,7.24e-06,3.86
8827,moms,7.24e-06,3.86
8828,mon,7.24e-06,3.86
8829,monkeys,7.24e-06,3.86
8830,morality,7.24e-06,3.86
8831,mortal,7.24e-06,3.86
8832,mounting,7.24e-06,3.86
8833,nonprofit,7.24e-06,3.86
8834,nsa,7.24e-06,3.86
8835,oils,7.24e-06,3.86
8836,operative,7.24e-06,3.86
8837,outs,7.24e-06,3.86
8838,owed,7.24e-06,3.86
8839,panama,7.24e-06,3.86
8840,patches,7.24e-06,3.86
8841,pickup,7.24e-06,3.86
8842,portraits,7.24e-06,3.86
8843,pouring,7.24e-06,3.86
8844,prestigious,7.24e-06,3.86
8845,prompt,7.24e-06,3.86
8846,quantities,7.24e-06,3.86
8847,radius,7.24e-06,3.86
8848,referee,7.24e-06,3.86
8849,relay,7.24e-06,3.86
8850,rig,7.24e-06,3.86
8851,risen,7.24e-06,3.86
8852,rows,7.24e-06,3.86
8853,sacramento,7.24e-06,3.86
8854,scroll,7.24e-06,3.86
8855,searches,7.24e-06,3.86
8856,sh,7.24e-06,3.86
8857,smiled,7.24e-06,3.86
8858,snacks,7.24e-06,3.86
8859,snakes,7.24e-06,3.86
8860,sovereignty,7.24e-06,3.86
8861,strips,7.24e-06,3.86
8862,stunt,7.24e-06,3.86
8863,subjected,7.24e-06,3.86
8864,sucked,7.24e-06,3.86
8865,sunlight,7.24e-06,3.86
8866,surf,7.24e-06,3.86
8867,symbolic,7.24e-06,3.86
8868,sync,7.24e-06,3.86
8869,taxpayer,7.24e-06,3.86
8870,tempted,7.24e-06,3.86
8871,thrust,7.24e-06,3.86
8872,trevor,7.24e-06,3.86
8873,trilogy,7.24e-06,3.86
8874,url,7.24e-06,3.86
8875,weights,7.24e-06,3.86
8876,wheelchair,7.24e-06,3.86
8877,whore,7.24e-06,3.86
8878,wiped,7.24e-06,3.86
8879,yahoo,7.24e-06,3.86
8880,youre,7.24e-06,3.86
8881,yourselves,7.24e-06,3.86
8882,accompanying,7.08e-06,3.85
8883,accusations,7.08e-06,3.85
8884,acids,7.08e-06,3.85
8885,administrators,7.08e-06,3.85
8886,aired,7.08e-06,3.85
8887,allowance,7.08e-06,3.85
8888,andre,7.08e-06,3.85
8889,apologies,7.08e-06,3.85
8890,arbitrary,7.08e-06,3.85
8891,atm,7.08e-06,3.85
8892,autonomous,7.08e-06,3.85
8893,averaged,7.08e-06,3.85
8894,bait,7.08e-06,3.85
8895,bark,7.08e-06,3.85
8896,bets,7.08e-06,3.85
8897,blogger,7.08e-06,3.85
8898,bra,7.08e-06,3.85
8899,brighton,7.08e-06,3.85
8900,brotherhood,7.08e-06,3.85
8901,buddhist,7.08e-06,3.85
8902,builder,7.08e-06,3.85
8903,cakes,7.08e-06,3.85
8904,carriage,7.08e-06,3.85
8905,celebrations,7.08e-06,3.85
8906,censorship,7.08e-06,3.85
8907,cf,7.08e-06,3.85
8908,cl,7.08e-06,3.85
8909,clarify,7.08e-06,3.85
8910,climbed,7.08e-06,3.85
8911,comp,7.08e-06,3.85
8912,compilation,7.08e-06,3.85
8913,composer,7.08e-06,3.85
8914,comprises,7.08e-06,3.85
8915,constitute,7.08e-06,3.85
8916,correspondence,7.08e-06,3.85
8917,cowboy,7.08e-06,3.85
8918,defendants,7.08e-06,3.85
8919,desirable,7.08e-06,3.85
8920,devastating,7.08e-06,3.85
8921,diagram,7.08e-06,3.85
8922,dismiss,7.08e-06,3.85
8923,editions,7.08e-06,3.85
8924,erected,7.08e-06,3.85
8925,explorer,7.08e-06,3.85
8926,farther,7.08e-06,3.85
8927,favorable,7.08e-06,3.85
8928,feminism,7.08e-06,3.85
8929,flaws,7.08e-06,3.85
8930,forums,7.08e-06,3.85
8931,freed,7.08e-06,3.85
8932,galleries,7.08e-06,3.85
8933,gasoline,7.08e-06,3.85
8934,genesis,7.08e-06,3.85
8935,geographical,7.08e-06,3.85
8936,governed,7.08e-06,3.85
8937,governmental,7.08e-06,3.85
8938,grandson,7.08e-06,3.85
8939,guy's,7.08e-06,3.85
8940,halls,7.08e-06,3.85
8941,handles,7.08e-06,3.85
8942,heavier,7.08e-06,3.85
8943,herbert,7.08e-06,3.85
8944,hints,7.08e-06,3.85
8945,husband's,7.08e-06,3.85
8946,incomplete,7.08e-06,3.85
8947,incorporate,7.08e-06,3.85
8948,interrupted,7.08e-06,3.85
8949,ivory,7.08e-06,3.85
8950,kerry,7.08e-06,3.85
8951,kirk,7.08e-06,3.85
8952,lang,7.08e-06,3.85
8953,lengthy,7.08e-06,3.85
8954,levy,7.08e-06,3.85
8955,lp,7.08e-06,3.85
8956,manipulation,7.08e-06,3.85
8957,merchants,7.08e-06,3.85
8958,misses,7.08e-06,3.85
8959,mlb,7.08e-06,3.85
8960,mock,7.08e-06,3.85
8961,necklace,7.08e-06,3.85
8962,niche,7.08e-06,3.85
8963,nina,7.08e-06,3.85
8964,o'brien,7.08e-06,3.85
8965,obscure,7.08e-06,3.85
8966,ot,7.08e-06,3.85
8967,para,7.08e-06,3.85
8968,peterson,7.08e-06,3.85
8969,popped,7.08e-06,3.85
8970,porch,7.08e-06,3.85
8971,portrayed,7.08e-06,3.85
8972,possessed,7.08e-06,3.85
8973,princeton,7.08e-06,3.85
8974,proposition,7.08e-06,3.85
8975,railways,7.08e-06,3.85
8976,readings,7.08e-06,3.85
8977,recession,7.08e-06,3.85
8978,richards,7.08e-06,3.85
8979,rim,7.08e-06,3.85
8980,seals,7.08e-06,3.85
8981,secondly,7.08e-06,3.85
8982,sequences,7.08e-06,3.85
8983,settling,7.08e-06,3.85
8984,sherman,7.08e-06,3.85
8985,spinal,7.08e-06,3.85
8986,spiral,7.08e-06,3.85
8987,spit,7.08e-06,3.85
8988,splash,7.08e-06,3.85
8989,stretching,7.08e-06,3.85
8990,successive,7.08e-06,3.85
8991,superhero,7.08e-06,3.85
8992,taxpayers,7.08e-06,3.85
8993,therapeutic,7.08e-06,3.85
8994,threads,7.08e-06,3.85
8995,ti,7.08e-06,3.85
8996,timely,7.08e-06,3.85
8997,tomato,7.08e-06,3.85
8998,tub,7.08e-06,3.85
8999,ufc,7.08e-06,3.85
9000,undergraduate,7.08e-06,3.85
9001,undertaken,7.08e-06,3.85
9002,uranium,7.08e-06,3.85
9003,utter,7.08e-06,3.85
9004,vietnamese,7.08e-06,3.85
9005,volleyball,7.08e-06,3.85
9006,walsh,7.08e-06,3.85
9007,wires,7.08e-06,3.85
9008,yell,7.08e-06,3.85
9009,2d,6.92e-06,3.84
9010,advertisement,6.92e-06,3.84
9011,analysts,6.92e-06,3.84
9012,analyze,6.92e-06,3.84
9013,atmospheric,6.92e-06,3.84
9014,bangkok,6.92e-06,3.84
9015,batting,6.92e-06,3.84
9016,bb,6.92e-06,3.84
9017,bitches,6.92e-06,3.84
9018,bracket,6.92e-06,3.84
9019,branded,6.92e-06,3.84
9020,bryant,6.92e-06,3.84
9021,cairo,6.92e-06,3.84
9022,cardiac,6.92e-06,3.84
9023,catholics,6.92e-06,3.84
9024,commanding,6.92e-06,3.84
9025,confirms,6.92e-06,3.84
9026,confronted,6.92e-06,3.84
9027,crashing,6.92e-06,3.84
9028,crawford,6.92e-06,3.84
9029,creep,6.92e-06,3.84
9030,daylight,6.92e-06,3.84
9031,dee,6.92e-06,3.84
9032,dems,6.92e-06,3.84
9033,devon,6.92e-06,3.84
9034,disclose,6.92e-06,3.84
9035,doe,6.92e-06,3.84
9036,donna,6.92e-06,3.84
9037,elbow,6.92e-06,3.84
9038,encourages,6.92e-06,3.84
9039,enthusiastic,6.92e-06,3.84
9040,envy,6.92e-06,3.84
9041,establishments,6.92e-06,3.84
9042,exile,6.92e-06,3.84
9043,exploitation,6.92e-06,3.84
9044,felix,6.92e-06,3.84
9045,futures,6.92e-06,3.84
9046,gel,6.92e-06,3.84
9047,genetics,6.92e-06,3.84
9048,goose,6.92e-06,3.84
9049,grill,6.92e-06,3.84
9050,grounded,6.92e-06,3.84
9051,hating,6.92e-06,3.84
9052,heel,6.92e-06,3.84
9053,heroic,6.92e-06,3.84
9054,hut,6.92e-06,3.84
9055,inmates,6.92e-06,3.84
9056,instructed,6.92e-06,3.84
9057,ira,6.92e-06,3.84
9058,jenkins,6.92e-06,3.84
9059,johns,6.92e-06,3.84
9060,knives,6.92e-06,3.84
9061,louisville,6.92e-06,3.84
9062,malaysian,6.92e-06,3.84
9063,margins,6.92e-06,3.84
9064,marina,6.92e-06,3.84
9065,mat,6.92e-06,3.84
9066,melissa,6.92e-06,3.84
9067,milton,6.92e-06,3.84
9068,miranda,6.92e-06,3.84
9069,ml,6.92e-06,3.84
9070,monopoly,6.92e-06,3.84
9071,nash,6.92e-06,3.84
9072,nationally,6.92e-06,3.84
9073,nobel,6.92e-06,3.84
9074,norfolk,6.92e-06,3.84
9075,outrage,6.92e-06,3.84
9076,owning,6.92e-06,3.84
9077,pains,6.92e-06,3.84
9078,paperwork,6.92e-06,3.84
9079,pdf,6.92e-06,3.84
9080,pitched,6.92e-06,3.84
9081,poets,6.92e-06,3.84
9082,poisoning,6.92e-06,3.84
9083,promptly,6.92e-06,3.84
9084,que,6.92e-06,3.84
9085,rains,6.92e-06,3.84
9086,recovering,6.92e-06,3.84
9087,renewal,6.92e-06,3.84
9088,repeating,6.92e-06,3.84
9089,rifles,6.92e-06,3.84
9090,robbie,6.92e-06,3.84
9091,ruler,6.92e-06,3.84
9092,school's,6.92e-06,3.84
9093,screams,6.92e-06,3.84
9094,sellers,6.92e-06,3.84
9095,sights,6.92e-06,3.84
9096,sincere,6.92e-06,3.84
9097,skating,6.92e-06,3.84
9098,skiing,6.92e-06,3.84
9099,slaughter,6.92e-06,3.84
9100,smashed,6.92e-06,3.84
9101,sox,6.92e-06,3.84
9102,sperm,6.92e-06,3.84
9103,spill,6.92e-06,3.84
9104,steadily,6.92e-06,3.84
9105,stripped,6.92e-06,3.84
9106,supplier,6.92e-06,3.84
9107,swamp,6.92e-06,3.84
9108,swan,6.92e-06,3.84
9109,switches,6.92e-06,3.84
9110,synthesis,6.92e-06,3.84
9111,tasty,6.92e-06,3.84
9112,tattoos,6.92e-06,3.84
9113,teammate,6.92e-06,3.84
9114,testify,6.92e-06,3.84
9115,tolerate,6.92e-06,3.84
9116,tournaments,6.92e-06,3.84
9117,travelers,6.92e-06,3.84
9118,treason,6.92e-06,3.84
9119,trustees,6.92e-06,3.84
9120,typing,6.92e-06,3.84
9121,urine,6.92e-06,3.84
9122,vanilla,6.92e-06,3.84
9123,vermont,6.92e-06,3.84
9124,vic,6.92e-06,3.84
9125,vii,6.92e-06,3.84
9126,violet,6.92e-06,3.84
9127,weighing,6.92e-06,3.84
9128,wendy,6.92e-06,3.84
9129,activation,6.76e-06,3.83
9130,afghan,6.76e-06,3.83
9131,afterward,6.76e-06,3.83
9132,agreeing,6.76e-06,3.83
9133,ahmed,6.76e-06,3.83
9134,allocated,6.76e-06,3.83
9135,appealed,6.76e-06,3.83
9136,applause,6.76e-06,3.83
9137,bald,6.76e-06,3.83
9138,barrels,6.76e-06,3.83
9139,boil,6.76e-06,3.83
9140,borough,6.76e-06,3.83
9141,boyd,6.76e-06,3.83
9142,bp,6.76e-06,3.83
9143,breakthrough,6.76e-06,3.83
9144,calif,6.76e-06,3.83
9145,ce,6.76e-06,3.83
9146,charities,6.76e-06,3.83
9147,cheering,6.76e-06,3.83
9148,chooses,6.76e-06,3.83
9149,churchill,6.76e-06,3.83
9150,combinations,6.76e-06,3.83
9151,commenting,6.76e-06,3.83
9152,competitions,6.76e-06,3.83
9153,cone,6.76e-06,3.83
9154,connects,6.76e-06,3.83
9155,convey,6.76e-06,3.83
9156,critique,6.76e-06,3.83
9157,crushing,6.76e-06,3.83
9158,curved,6.76e-06,3.83
9159,cyrus,6.76e-06,3.83
9160,decay,6.76e-06,3.83
9161,declining,6.76e-06,3.83
9162,depressing,6.76e-06,3.83
9163,dessert,6.76e-06,3.83
9164,destinations,6.76e-06,3.83
9165,diagnostic,6.76e-06,3.83
9166,diane,6.76e-06,3.83
9167,differential,6.76e-06,3.83
9168,discourse,6.76e-06,3.83
9169,distances,6.76e-06,3.83
9170,dominance,6.76e-06,3.83
9171,donors,6.76e-06,3.83
9172,downloaded,6.76e-06,3.83
9173,earth's,6.76e-06,3.83
9174,economically,6.76e-06,3.83
9175,entertain,6.76e-06,3.83
9176,evaluated,6.76e-06,3.83
9177,exploit,6.76e-06,3.83
9178,fireworks,6.76e-06,3.83
9179,flown,6.76e-06,3.83
9180,floyd,6.76e-06,3.83
9181,founders,6.76e-06,3.83
9182,freeman,6.76e-06,3.83
9183,game's,6.76e-06,3.83
9184,gandhi,6.76e-06,3.83
9185,gateway,6.76e-06,3.83
9186,ge,6.76e-06,3.83
9187,guarantees,6.76e-06,3.83
9188,humidity,6.76e-06,3.83
9189,humour,6.76e-06,3.83
9190,imagery,6.76e-06,3.83
9191,imply,6.76e-06,3.83
9192,indicators,6.76e-06,3.83
9193,inherent,6.76e-06,3.83
9194,inland,6.76e-06,3.83
9195,inning,6.76e-06,3.83
9196,innocence,6.76e-06,3.83
9197,investigator,6.76e-06,3.83
9198,isle,6.76e-06,3.83
9199,ivy,6.76e-06,3.83
9200,justification,6.76e-06,3.83
9201,ka,6.76e-06,3.83
9202,katherine,6.76e-06,3.83
9203,lego,6.76e-06,3.83
9204,licenses,6.76e-06,3.83
9205,livestock,6.76e-06,3.83
9206,liz,6.76e-06,3.83
9207,llc,6.76e-06,3.83
9208,mafia,6.76e-06,3.83
9209,manners,6.76e-06,3.83
9210,merry,6.76e-06,3.83
9211,mick,6.76e-06,3.83
9212,missionary,6.76e-06,3.83
9213,nationalism,6.76e-06,3.83
9214,naughty,6.76e-06,3.83
9215,nepal,6.76e-06,3.83
9216,newman,6.76e-06,3.83
9217,notified,6.76e-06,3.83
9218,notorious,6.76e-06,3.83
9219,obey,6.76e-06,3.83
9220,olivia,6.76e-06,3.83
9221,organizational,6.76e-06,3.83
9222,outfits,6.76e-06,3.83
9223,outright,6.76e-06,3.83
9224,overly,6.76e-06,3.83
9225,oversight,6.76e-06,3.83
9226,panthers,6.76e-06,3.83
9227,persian,6.76e-06,3.83
9228,phases,6.76e-06,3.83
9229,photographers,6.76e-06,3.83
9230,polling,6.76e-06,3.83
9231,popping,6.76e-06,3.83
9232,prisons,6.76e-06,3.83
9233,prototype,6.76e-06,3.83
9234,pumpkin,6.76e-06,3.83
9235,pumps,6.76e-06,3.83
9236,punched,6.76e-06,3.83
9237,ramp,6.76e-06,3.83
9238,rand,6.76e-06,3.83
9239,reactor,6.76e-06,3.83
9240,reef,6.76e-06,3.83
9241,refined,6.76e-06,3.83
9242,refreshing,6.76e-06,3.83
9243,refusal,6.76e-06,3.83
9244,reinforced,6.76e-06,3.83
9245,remedies,6.76e-06,3.83
9246,reset,6.76e-06,3.83
9247,sage,6.76e-06,3.83
9248,shave,6.76e-06,3.83
9249,sickness,6.76e-06,3.83
9250,simpler,6.76e-06,3.83
9251,sinking,6.76e-06,3.83
9252,slots,6.76e-06,3.83
9253,sorted,6.76e-06,3.83
9254,sq,6.76e-06,3.83
9255,staged,6.76e-06,3.83
9256,startup,6.76e-06,3.83
9257,statute,6.76e-06,3.83
9258,stems,6.76e-06,3.83
9259,straightforward,6.76e-06,3.83
9260,strengths,6.76e-06,3.83
9261,suffers,6.76e-06,3.83
9262,superstar,6.76e-06,3.83
9263,telecommunications,6.76e-06,3.83
9264,thieves,6.76e-06,3.83
9265,thoughtful,6.76e-06,3.83
9266,thru,6.76e-06,3.83
9267,tissues,6.76e-06,3.83
9268,toddler,6.76e-06,3.83
9269,utilized,6.76e-06,3.83
9270,vicious,6.76e-06,3.83
9271,victories,6.76e-06,3.83
9272,vikings,6.76e-06,3.83
9273,vodka,6.76e-06,3.83
9274,vr,6.76e-06,3.83
9275,wholly,6.76e-06,3.83
9276,zoom,6.76e-06,3.83
9277,accidental,6.61e-06,3.82
9278,accounted,6.61e-06,3.82
9279,addicted,6.61e-06,3.82
9280,adjustments,6.61e-06,3.82
9281,apollo,6.61e-06,3.82
9282,archbishop,6.61e-06,3.82
9283,assassination,6.61e-06,3.82
9284,athletics,6.61e-06,3.82
9285,basics,6.61e-06,3.82
9286,bats,6.61e-06,3.82
9287,belgian,6.61e-06,3.82
9288,bibliography,6.61e-06,3.82
9289,bot,6.61e-06,3.82
9290,broadly,6.61e-06,3.82
9291,calcium,6.61e-06,3.82
9292,calvin,6.61e-06,3.82
9293,candles,6.61e-06,3.82
9294,capita,6.61e-06,3.82
9295,certainty,6.61e-06,3.82
9296,cheeks,6.61e-06,3.82
9297,chickens,6.61e-06,3.82
9298,christina,6.61e-06,3.82
9299,citation,6.61e-06,3.82
9300,clues,6.61e-06,3.82
9301,collectively,6.61e-06,3.82
9302,commercials,6.61e-06,3.82
9303,commissions,6.61e-06,3.82
9304,compression,6.61e-06,3.82
9305,comprised,6.61e-06,3.82
9306,confess,6.61e-06,3.82
9307,confined,6.61e-06,3.82
9308,congregation,6.61e-06,3.82
9309,consolidated,6.61e-06,3.82
9310,coordinate,6.61e-06,3.82
9311,coordinates,6.61e-06,3.82
9312,cube,6.61e-06,3.82
9313,dana,6.61e-06,3.82
9314,declaring,6.61e-06,3.82
9315,decoration,6.61e-06,3.82
9316,decree,6.61e-06,3.82
9317,definitions,6.61e-06,3.82
9318,deliberate,6.61e-06,3.82
9319,despair,6.61e-06,3.82
9320,discovering,6.61e-06,3.82
9321,dividend,6.61e-06,3.82
9322,dragging,6.61e-06,3.82
9323,drift,6.61e-06,3.82
9324,dye,6.61e-06,3.82
9325,eden,6.61e-06,3.82
9326,educators,6.61e-06,3.82
9327,electron,6.61e-06,3.82
9328,endure,6.61e-06,3.82
9329,enzyme,6.61e-06,3.82
9330,evolutionary,6.61e-06,3.82
9331,exhibits,6.61e-06,3.82
9332,extensions,6.61e-06,3.82
9333,fellows,6.61e-06,3.82
9334,fragments,6.61e-06,3.82
9335,fraser,6.61e-06,3.82
9336,fuels,6.61e-06,3.82
9337,geological,6.61e-06,3.82
9338,globally,6.61e-06,3.82
9339,grams,6.61e-06,3.82
9340,guru,6.61e-06,3.82
9341,hacked,6.61e-06,3.82
9342,hans,6.61e-06,3.82
9343,hatch,6.61e-06,3.82
9344,hindi,6.61e-06,3.82
9345,historians,6.61e-06,3.82
9346,hm,6.61e-06,3.82
9347,hormone,6.61e-06,3.82
9348,inadequate,6.61e-06,3.82
9349,indianapolis,6.61e-06,3.82
9350,infinity,6.61e-06,3.82
9351,intentionally,6.61e-06,3.82
9352,joints,6.61e-06,3.82
9353,kilometers,6.61e-06,3.82
9354,labs,6.61e-06,3.82
9355,lace,6.61e-06,3.82
9356,libya,6.61e-06,3.82
9357,losers,6.61e-06,3.82
9358,louder,6.61e-06,3.82
9359,maiden,6.61e-06,3.82
9360,marching,6.61e-06,3.82
9361,marketplace,6.61e-06,3.82
9362,membrane,6.61e-06,3.82
9363,messing,6.61e-06,3.82
9364,metallic,6.61e-06,3.82
9365,methodology,6.61e-06,3.82
9366,modifications,6.61e-06,3.82
9367,monitors,6.61e-06,3.82
9368,murderer,6.61e-06,3.82
9369,nap,6.61e-06,3.82
9370,nickel,6.61e-06,3.82
9371,niece,6.61e-06,3.82
9372,nm,6.61e-06,3.82
9373,nominations,6.61e-06,3.82
9374,numbered,6.61e-06,3.82
9375,offerings,6.61e-06,3.82
9376,overlooked,6.61e-06,3.82
9377,pardon,6.61e-06,3.82
9378,partnerships,6.61e-06,3.82
9379,persuade,6.61e-06,3.82
9380,pier,6.61e-06,3.82
9381,poured,6.61e-06,3.82
9382,practiced,6.61e-06,3.82
9383,predecessor,6.61e-06,3.82
9384,premise,6.61e-06,3.82
9385,quiz,6.61e-06,3.82
9386,rainfall,6.61e-06,3.82
9387,recipients,6.61e-06,3.82
9388,reckless,6.61e-06,3.82
9389,redemption,6.61e-06,3.82
9390,relates,6.61e-06,3.82
9391,relied,6.61e-06,3.82
9392,remedy,6.61e-06,3.82
9393,replay,6.61e-06,3.82
9394,revision,6.61e-06,3.82
9395,rooted,6.61e-06,3.82
9396,scent,6.61e-06,3.82
9397,slate,6.61e-06,3.82
9398,spells,6.61e-06,3.82
9399,stimulus,6.61e-06,3.82
9400,strengthening,6.61e-06,3.82
9401,structured,6.61e-06,3.82
9402,sunrise,6.61e-06,3.82
9403,surge,6.61e-06,3.82
9404,tagged,6.61e-06,3.82
9405,tags,6.61e-06,3.82
9406,tapes,6.61e-06,3.82
9407,tee,6.61e-06,3.82
9408,testified,6.61e-06,3.82
9409,timothy,6.61e-06,3.82
9410,token,6.61e-06,3.82
9411,tornado,6.61e-06,3.82
9412,tracy,6.61e-06,3.82
9413,tunes,6.61e-06,3.82
9414,tunnels,6.61e-06,3.82
9415,twilight,6.61e-06,3.82
9416,unprecedented,6.61e-06,3.82
9417,vagina,6.61e-06,3.82
9418,verses,6.61e-06,3.82
9419,vocabulary,6.61e-06,3.82
9420,wellington,6.61e-06,3.82
9421,whoa,6.61e-06,3.82
9422,willingness,6.61e-06,3.82
9423,woody,6.61e-06,3.82
9424,worthless,6.61e-06,3.82
9425,yacht,6.61e-06,3.82
9426,a000,6.46e-06,3.81
9427,aberdeen,6.46e-06,3.81
9428,absorb,6.46e-06,3.81
9429,accompany,6.46e-06,3.81
9430,accord,6.46e-06,3.81
9431,advancement,6.46e-06,3.81
9432,albany,6.46e-06,3.81
9433,algorithms,6.46e-06,3.81
9434,alt,6.46e-06,3.81
9435,alternatively,6.46e-06,3.81
9436,anglo,6.46e-06,3.81
9437,archer,6.46e-06,3.81
9438,asap,6.46e-06,3.81
9439,assurance,6.46e-06,3.81
9440,barber,6.46e-06,3.81
9441,bash,6.46e-06,3.81
9442,battalion,6.46e-06,3.81
9443,bidding,6.46e-06,3.81
9444,boycott,6.46e-06,3.81
9445,bricks,6.46e-06,3.81
9446,bruno,6.46e-06,3.81
9447,buddies,6.46e-06,3.81
9448,bulgarian,6.46e-06,3.81
9449,carpenter,6.46e-06,3.81
9450,ceased,6.46e-06,3.81
9451,chester,6.46e-06,3.81
9452,coding,6.46e-06,3.81
9453,competitor,6.46e-06,3.81
9454,creators,6.46e-06,3.81
9455,cuisine,6.46e-06,3.81
9456,detained,6.46e-06,3.81
9457,dioxide,6.46e-06,3.81
9458,dolls,6.46e-06,3.81
9459,doom,6.46e-06,3.81
9460,dubbed,6.46e-06,3.81
9461,ea,6.46e-06,3.81
9462,eclipse,6.46e-06,3.81
9463,eighteen,6.46e-06,3.81
9464,eleanor,6.46e-06,3.81
9465,elephants,6.46e-06,3.81
9466,enjoyment,6.46e-06,3.81
9467,exhaust,6.46e-06,3.81
9468,expired,6.46e-06,3.81
9469,flee,6.46e-06,3.81
9470,forbes,6.46e-06,3.81
9471,forwards,6.46e-06,3.81
9472,fries,6.46e-06,3.81
9473,fundraising,6.46e-06,3.81
9474,gal,6.46e-06,3.81
9475,glimpse,6.46e-06,3.81
9476,hahaha,6.46e-06,3.81
9477,hawk,6.46e-06,3.81
9478,healthier,6.46e-06,3.81
9479,homemade,6.46e-06,3.81
9480,honorable,6.46e-06,3.81
9481,infectious,6.46e-06,3.81
9482,inferior,6.46e-06,3.81
9483,injustice,6.46e-06,3.81
9484,inquiries,6.46e-06,3.81
9485,insulin,6.46e-06,3.81
9486,interpret,6.46e-06,3.81
9487,intro,6.46e-06,3.81
9488,jackets,6.46e-06,3.81
9489,jill,6.46e-06,3.81
9490,kindle,6.46e-06,3.81
9491,lid,6.46e-06,3.81
9492,lindsay,6.46e-06,3.81
9493,logs,6.46e-06,3.81
9494,manor,6.46e-06,3.81
9495,masterpiece,6.46e-06,3.81
9496,melody,6.46e-06,3.81
9497,memo,6.46e-06,3.81
9498,mic,6.46e-06,3.81
9499,mirrors,6.46e-06,3.81
9500,mom's,6.46e-06,3.81
9501,myanmar,6.46e-06,3.81
9502,narrator,6.46e-06,3.81
9503,nate,6.46e-06,3.81
9504,nets,6.46e-06,3.81
9505,nsw,6.46e-06,3.81
9506,obesity,6.46e-06,3.81
9507,partisan,6.46e-06,3.81
9508,planting,6.46e-06,3.81
9509,pony,6.46e-06,3.81
9510,posed,6.46e-06,3.81
9511,possessions,6.46e-06,3.81
9512,privileged,6.46e-06,3.81
9513,prolonged,6.46e-06,3.81
9514,promo,6.46e-06,3.81
9515,protestant,6.46e-06,3.81
9516,pumping,6.46e-06,3.81
9517,pupil,6.46e-06,3.81
9518,qb,6.46e-06,3.81
9519,recruited,6.46e-06,3.81
9520,reliance,6.46e-06,3.81
9521,relies,6.46e-06,3.81
9522,reluctant,6.46e-06,3.81
9523,relying,6.46e-06,3.81
9524,respiratory,6.46e-06,3.81
9525,retention,6.46e-06,3.81
9526,rewarded,6.46e-06,3.81
9527,ribbon,6.46e-06,3.81
9528,rochester,6.46e-06,3.81
9529,rodgers,6.46e-06,3.81
9530,roommate,6.46e-06,3.81
9531,rotten,6.46e-06,3.81
9532,sands,6.46e-06,3.81
9533,schedules,6.46e-06,3.81
9534,selecting,6.46e-06,3.81
9535,shah,6.46e-06,3.81
9536,shawn,6.46e-06,3.81
9537,shotgun,6.46e-06,3.81
9538,singers,6.46e-06,3.81
9539,snapped,6.46e-06,3.81
9540,sofa,6.46e-06,3.81
9541,solomon,6.46e-06,3.81
9542,southampton,6.46e-06,3.81
9543,spoil,6.46e-06,3.81
9544,spoiled,6.46e-06,3.81
9545,stephanie,6.46e-06,3.81
9546,submarine,6.46e-06,3.81
9547,suburb,6.46e-06,3.81
9548,surgeons,6.46e-06,3.81
9549,sympathetic,6.46e-06,3.81
9550,taxation,6.46e-06,3.81
9551,temper,6.46e-06,3.81
9552,undergo,6.46e-06,3.81
9553,venus,6.46e-06,3.81
9554,weighed,6.46e-06,3.81
9555,wu,6.46e-06,3.81
9556,acquiring,6.31e-06,3.8
9557,additions,6.31e-06,3.8
9558,admitting,6.31e-06,3.8
9559,afl,6.31e-06,3.8
9560,aligned,6.31e-06,3.8
9561,allan,6.31e-06,3.8
9562,altar,6.31e-06,3.8
9563,amp,6.31e-06,3.8
9564,arrows,6.31e-06,3.8
9565,atlas,6.31e-06,3.8
9566,austrian,6.31e-06,3.8
9567,automation,6.31e-06,3.8
9568,awe,6.31e-06,3.8
9569,balancing,6.31e-06,3.8
9570,banning,6.31e-06,3.8
9571,bishops,6.31e-06,3.8
9572,boeing,6.31e-06,3.8
9573,broncos,6.31e-06,3.8
9574,builders,6.31e-06,3.8
9575,burton,6.31e-06,3.8
9576,caesar,6.31e-06,3.8
9577,canada's,6.31e-06,3.8
9578,cans,6.31e-06,3.8
9579,carroll,6.31e-06,3.8
9580,cavalry,6.31e-06,3.8
9581,clara,6.31e-06,3.8
9582,coffin,6.31e-06,3.8
9583,collectors,6.31e-06,3.8
9584,colorful,6.31e-06,3.8
9585,combo,6.31e-06,3.8
9586,communism,6.31e-06,3.8
9587,conductor,6.31e-06,3.8
9588,confront,6.31e-06,3.8
9589,constraints,6.31e-06,3.8
9590,crow,6.31e-06,3.8
9591,dad's,6.31e-06,3.8
9592,davidson,6.31e-06,3.8
9593,decisive,6.31e-06,3.8
9594,decorative,6.31e-06,3.8
9595,definitive,6.31e-06,3.8
9596,disclosed,6.31e-06,3.8
9597,displaced,6.31e-06,3.8
9598,disturbed,6.31e-06,3.8
9599,diy,6.31e-06,3.8
9600,doin,6.31e-06,3.8
9601,epidemic,6.31e-06,3.8
9602,eternity,6.31e-06,3.8
9603,eugene,6.31e-06,3.8
9604,evolve,6.31e-06,3.8
9605,explode,6.31e-06,3.8
9606,extraction,6.31e-06,3.8
9607,fatty,6.31e-06,3.8
9608,filthy,6.31e-06,3.8
9609,fletcher,6.31e-06,3.8
9610,flush,6.31e-06,3.8
9611,font,6.31e-06,3.8
9612,freestyle,6.31e-06,3.8
9613,glue,6.31e-06,3.8
9614,grandpa,6.31e-06,3.8
9615,hairy,6.31e-06,3.8
9616,homicide,6.31e-06,3.8
9617,horns,6.31e-06,3.8
9618,ie,6.31e-06,3.8
9619,inheritance,6.31e-06,3.8
9620,introduces,6.31e-06,3.8
9621,ironic,6.31e-06,3.8
9622,lacked,6.31e-06,3.8
9623,lin,6.31e-06,3.8
9624,luggage,6.31e-06,3.8
9625,lyon,6.31e-06,3.8
9626,m00,6.31e-06,3.8
9627,madame,6.31e-06,3.8
9628,maggie,6.31e-06,3.8
9629,marion,6.31e-06,3.8
9630,mel,6.31e-06,3.8
9631,melting,6.31e-06,3.8
9632,messaging,6.31e-06,3.8
9633,microwave,6.31e-06,3.8
9634,midwest,6.31e-06,3.8
9635,minimize,6.31e-06,3.8
9636,modi,6.31e-06,3.8
9637,morocco,6.31e-06,3.8
9638,natalie,6.31e-06,3.8
9639,ops,6.31e-06,3.8
9640,organisms,6.31e-06,3.8
9641,originated,6.31e-06,3.8
9642,ounce,6.31e-06,3.8
9643,pablo,6.31e-06,3.8
9644,peel,6.31e-06,3.8
9645,pensions,6.31e-06,3.8
9646,performer,6.31e-06,3.8
9647,picnic,6.31e-06,3.8
9648,pins,6.31e-06,3.8
9649,practitioners,6.31e-06,3.8
9650,predominantly,6.31e-06,3.8
9651,primitive,6.31e-06,3.8
9652,providence,6.31e-06,3.8
9653,psychic,6.31e-06,3.8
9654,psychologist,6.31e-06,3.8
9655,puppet,6.31e-06,3.8
9656,reproductive,6.31e-06,3.8
9657,requesting,6.31e-06,3.8
9658,responds,6.31e-06,3.8
9659,restrict,6.31e-06,3.8
9660,retiring,6.31e-06,3.8
9661,retrieved,6.31e-06,3.8
9662,ribs,6.31e-06,3.8
9663,righteous,6.31e-06,3.8
9664,rivalry,6.31e-06,3.8
9665,rosa,6.31e-06,3.8
9666,royalty,6.31e-06,3.8
9667,sandra,6.31e-06,3.8
9668,sausage,6.31e-06,3.8
9669,seize,6.31e-06,3.8
9670,sim,6.31e-06,3.8
9671,skeleton,6.31e-06,3.8
9672,spicy,6.31e-06,3.8
9673,sticky,6.31e-06,3.8
9674,sting,6.31e-06,3.8
9675,sufficiently,6.31e-06,3.8
9676,thankfully,6.31e-06,3.8
9677,thrones,6.31e-06,3.8
9678,tick,6.31e-06,3.8
9679,traced,6.31e-06,3.8
9680,trent,6.31e-06,3.8
9681,trusts,6.31e-06,3.8
9682,tutorial,6.31e-06,3.8
9683,twentieth,6.31e-06,3.8
9684,unpleasant,6.31e-06,3.8
9685,unrelated,6.31e-06,3.8
9686,ussr,6.31e-06,3.8
9687,vacant,6.31e-06,3.8
9688,vent,6.31e-06,3.8
9689,vicinity,6.31e-06,3.8
9690,wan,6.31e-06,3.8
9691,wandering,6.31e-06,3.8
9692,wardrobe,6.31e-06,3.8
9693,warmth,6.31e-06,3.8
9694,weaknesses,6.31e-06,3.8
9695,wines,6.31e-06,3.8
9696,wired,6.31e-06,3.8
9697,amendments,6.17e-06,3.79
9698,analyses,6.17e-06,3.79
9699,asses,6.17e-06,3.79
9700,assessments,6.17e-06,3.79
9701,assisting,6.17e-06,3.79
9702,australia's,6.17e-06,3.79
9703,axe,6.17e-06,3.79
9704,backgrounds,6.17e-06,3.79
9705,baldwin,6.17e-06,3.79
9706,belle,6.17e-06,3.79
9707,bf,6.17e-06,3.79
9708,bites,6.17e-06,3.79
9709,bombers,6.17e-06,3.79
9710,bonuses,6.17e-06,3.79
9711,bred,6.17e-06,3.79
9712,brexit,6.17e-06,3.79
9713,bubbles,6.17e-06,3.79
9714,buddha,6.17e-06,3.79
9715,bulletin,6.17e-06,3.79
9716,capitalist,6.17e-06,3.79
9717,cautious,6.17e-06,3.79
9718,clinics,6.17e-06,3.79
9719,commitments,6.17e-06,3.79
9720,companions,6.17e-06,3.79
9721,comparisons,6.17e-06,3.79
9722,constable,6.17e-06,3.79
9723,cooperate,6.17e-06,3.79
9724,coordinated,6.17e-06,3.79
9725,copied,6.17e-06,3.79
9726,counselor,6.17e-06,3.79
9727,cp,6.17e-06,3.79
9728,curb,6.17e-06,3.79
9729,dances,6.17e-06,3.79
9730,darren,6.17e-06,3.79
9731,deeds,6.17e-06,3.79
9732,destined,6.17e-06,3.79
9733,detached,6.17e-06,3.79
9734,devils,6.17e-06,3.79
9735,discounts,6.17e-06,3.79
9736,distribute,6.17e-06,3.79
9737,dong,6.17e-06,3.79
9738,edgar,6.17e-06,3.79
9739,efficiently,6.17e-06,3.79
9740,eliminating,6.17e-06,3.79
9741,elliott,6.17e-06,3.79
9742,encouragement,6.17e-06,3.79
9743,enforced,6.17e-06,3.79
9744,evan,6.17e-06,3.79
9745,explosives,6.17e-06,3.79
9746,faction,6.17e-06,3.79
9747,fascist,6.17e-06,3.79
9748,feathers,6.17e-06,3.79
9749,fixtures,6.17e-06,3.79
9750,flooded,6.17e-06,3.79
9751,fuller,6.17e-06,3.79
9752,gamble,6.17e-06,3.79
9753,goalkeeper,6.17e-06,3.79
9754,grandchildren,6.17e-06,3.79
9755,gt,6.17e-06,3.79
9756,guardians,6.17e-06,3.79
9757,harmless,6.17e-06,3.79
9758,hearings,6.17e-06,3.79
9759,hesitate,6.17e-06,3.79
9760,hid,6.17e-06,3.79
9761,hips,6.17e-06,3.79
9762,hopeful,6.17e-06,3.79
9763,horny,6.17e-06,3.79
9764,hungarian,6.17e-06,3.79
9765,hygiene,6.17e-06,3.79
9766,iceland,6.17e-06,3.79
9767,imaginary,6.17e-06,3.79
9768,imprisoned,6.17e-06,3.79
9769,inconsistent,6.17e-06,3.79
9770,int,6.17e-06,3.79
9771,iso,6.17e-06,3.79
9772,jared,6.17e-06,3.79
9773,johnston,6.17e-06,3.79
9774,judy,6.17e-06,3.79
9775,kindergarten,6.17e-06,3.79
9776,latino,6.17e-06,3.79
9777,lopez,6.17e-06,3.79
9778,loudly,6.17e-06,3.79
9779,master's,6.17e-06,3.79
9780,mechanic,6.17e-06,3.79
9781,megan,6.17e-06,3.79
9782,mls,6.17e-06,3.79
9783,modify,6.17e-06,3.79
9784,neglect,6.17e-06,3.79
9785,northwestern,6.17e-06,3.79
9786,nz,6.17e-06,3.79
9787,offenders,6.17e-06,3.79
9788,oppression,6.17e-06,3.79
9789,patriotic,6.17e-06,3.79
9790,phillip,6.17e-06,3.79
9791,pictured,6.17e-06,3.79
9792,pitcher,6.17e-06,3.79
9793,playground,6.17e-06,3.79
9794,populated,6.17e-06,3.79
9795,poses,6.17e-06,3.79
9796,positioned,6.17e-06,3.79
9797,prejudice,6.17e-06,3.79
9798,preston,6.17e-06,3.79
9799,probable,6.17e-06,3.79
9800,probation,6.17e-06,3.79
9801,projection,6.17e-06,3.79
9802,promotes,6.17e-06,3.79
9803,pumped,6.17e-06,3.79
9804,rails,6.17e-06,3.79
9805,raven,6.17e-06,3.79
9806,receptor,6.17e-06,3.79
9807,rehab,6.17e-06,3.79
9808,remake,6.17e-06,3.79
9809,rendering,6.17e-06,3.79
9810,reproduction,6.17e-06,3.79
9811,res,6.17e-06,3.79
9812,reservations,6.17e-06,3.79
9813,rey,6.17e-06,3.79
9814,rhode,6.17e-06,3.79
9815,shrimp,6.17e-06,3.79
9816,similarities,6.17e-06,3.79
9817,skins,6.17e-06,3.79
9818,slopes,6.17e-06,3.79
9819,spelled,6.17e-06,3.79
9820,spokesman,6.17e-06,3.79
9821,springfield,6.17e-06,3.79
9822,stained,6.17e-06,3.79
9823,stall,6.17e-06,3.79
9824,starving,6.17e-06,3.79
9825,strap,6.17e-06,3.79
9826,subjective,6.17e-06,3.79
9827,surround,6.17e-06,3.79
9828,surroundings,6.17e-06,3.79
9829,sweeping,6.17e-06,3.79
9830,swinging,6.17e-06,3.79
9831,tearing,6.17e-06,3.79
9832,traumatic,6.17e-06,3.79
9833,trillion,6.17e-06,3.79
9834,tucker,6.17e-06,3.79
9835,vatican,6.17e-06,3.79
9836,vendor,6.17e-06,3.79
9837,watts,6.17e-06,3.79
9838,yr,6.17e-06,3.79
9839,♪,6.17e-06,3.79
9840,abbott,6.03e-06,3.78
9841,aboriginal,6.03e-06,3.78
9842,academics,6.03e-06,3.78
9843,adopting,6.03e-06,3.78
9844,alignment,6.03e-06,3.78
9845,allergic,6.03e-06,3.78
9846,allison,6.03e-06,3.78
9847,amended,6.03e-06,3.78
9848,apparatus,6.03e-06,3.78
9849,assumes,6.03e-06,3.78
9850,avengers,6.03e-06,3.78
9851,backpack,6.03e-06,3.78
9852,balcony,6.03e-06,3.78
9853,banker,6.03e-06,3.78
9854,bliss,6.03e-06,3.78
9855,bodily,6.03e-06,3.78
9856,buffer,6.03e-06,3.78
9857,calgary,6.03e-06,3.78
9858,chapman,6.03e-06,3.78
9859,chopped,6.03e-06,3.78
9860,collaborative,6.03e-06,3.78
9861,commenced,6.03e-06,3.78
9862,compensate,6.03e-06,3.78
9863,compromised,6.03e-06,3.78
9864,constructive,6.03e-06,3.78
9865,conventions,6.03e-06,3.78
9866,cosmic,6.03e-06,3.78
9867,crystals,6.03e-06,3.78
9868,daisy,6.03e-06,3.78
9869,daughter's,6.03e-06,3.78
9870,definite,6.03e-06,3.78
9871,demonstrations,6.03e-06,3.78
9872,departed,6.03e-06,3.78
9873,depths,6.03e-06,3.78
9874,developmental,6.03e-06,3.78
9875,disco,6.03e-06,3.78
9876,distraction,6.03e-06,3.78
9877,dom,6.03e-06,3.78
9878,dorothy,6.03e-06,3.78
9879,doses,6.03e-06,3.78
9880,drawer,6.03e-06,3.78
9881,driver's,6.03e-06,3.78
9882,drones,6.03e-06,3.78
9883,durham,6.03e-06,3.78
9884,ecological,6.03e-06,3.78
9885,ecosystem,6.03e-06,3.78
9886,elvis,6.03e-06,3.78
9887,euros,6.03e-06,3.78
9888,exclude,6.03e-06,3.78
9889,exempt,6.03e-06,3.78
9890,exposing,6.03e-06,3.78
9891,faint,6.03e-06,3.78
9892,fertility,6.03e-06,3.78
9893,ff,6.03e-06,3.78
9894,fines,6.03e-06,3.78
9895,finn,6.03e-06,3.78
9896,floods,6.03e-06,3.78
9897,flynn,6.03e-06,3.78
9898,foam,6.03e-06,3.78
9899,folded,6.03e-06,3.78
9900,foremost,6.03e-06,3.78
9901,forge,6.03e-06,3.78
9902,greenhouse,6.03e-06,3.78
9903,hears,6.03e-06,3.78
9904,hierarchy,6.03e-06,3.78
9905,ideals,6.03e-06,3.78
9906,identities,6.03e-06,3.78
9907,installations,6.03e-06,3.78
9908,invalid,6.03e-06,3.78
9909,jade,6.03e-06,3.78
9910,jointly,6.03e-06,3.78
9911,jung,6.03e-06,3.78
9912,kits,6.03e-06,3.78
9913,lancaster,6.03e-06,3.78
9914,lightweight,6.03e-06,3.78
9915,lowering,6.03e-06,3.78
9916,mb,6.03e-06,3.78
9917,melted,6.03e-06,3.78
9918,metabolism,6.03e-06,3.78
9919,neglected,6.03e-06,3.78
9920,negotiated,6.03e-06,3.78
9921,negotiating,6.03e-06,3.78
9922,negotiation,6.03e-06,3.78
9923,newborn,6.03e-06,3.78
9924,newport,6.03e-06,3.78
9925,nodes,6.03e-06,3.78
9926,notch,6.03e-06,3.78
9927,omega,6.03e-06,3.78
9928,onions,6.03e-06,3.78
9929,packers,6.03e-06,3.78
9930,paired,6.03e-06,3.78
9931,parental,6.03e-06,3.78
9932,parody,6.03e-06,3.78
9933,parole,6.03e-06,3.78
9934,participant,6.03e-06,3.78
9935,penguin,6.03e-06,3.78
9936,phantom,6.03e-06,3.78
9937,photoshop,6.03e-06,3.78
9938,pitt,6.03e-06,3.78
9939,precedent,6.03e-06,3.78
9940,prevalent,6.03e-06,3.78
9941,prom,6.03e-06,3.78
9942,promotions,6.03e-06,3.78
9943,python,6.03e-06,3.78
9944,qatar,6.03e-06,3.78
9945,questionable,6.03e-06,3.78
9946,queue,6.03e-06,3.78
9947,quo,6.03e-06,3.78
9948,regrets,6.03e-06,3.78
9949,render,6.03e-06,3.78
9950,respondents,6.03e-06,3.78
9951,retaining,6.03e-06,3.78
9952,romania,6.03e-06,3.78
9953,sailor,6.03e-06,3.78
9954,seventy,6.03e-06,3.78
9955,shouted,6.03e-06,3.78
9956,show's,6.03e-06,3.78
9957,simmons,6.03e-06,3.78
9958,sims,6.03e-06,3.78
9959,slides,6.03e-06,3.78
9960,sociology,6.03e-06,3.78
9961,somerset,6.03e-06,3.78
9962,soo,6.03e-06,3.78
9963,specify,6.03e-06,3.78
9964,splitting,6.03e-06,3.78
9965,stab,6.03e-06,3.78
9966,supermarket,6.03e-06,3.78
9967,sweater,6.03e-06,3.78
9968,tenant,6.03e-06,3.78
9969,tensions,6.03e-06,3.78
9970,thomson,6.03e-06,3.78
9971,tortured,6.03e-06,3.78
9972,traction,6.03e-06,3.78
9973,tractor,6.03e-06,3.78
9974,trout,6.03e-06,3.78
9975,turnover,6.03e-06,3.78
9976,uganda,6.03e-06,3.78
9977,university's,6.03e-06,3.78
9978,unwanted,6.03e-06,3.78
9979,upgrades,6.03e-06,3.78
9980,valentine's,6.03e-06,3.78
9981,variant,6.03e-06,3.78
9982,vegetarian,6.03e-06,3.78
9983,vernon,6.03e-06,3.78
9984,visibility,6.03e-06,3.78
9985,warnings,6.03e-06,3.78
9986,wherein,6.03e-06,3.78
9987,whiskey,6.03e-06,3.78
9988,worms,6.03e-06,3.78
9989,wyoming,6.03e-06,3.78
9990,aaa,5.89e-06,3.77
9991,abundant,5.89e-06,3.77
9992,africans,5.89e-06,3.77
9993,alexandria,5.89e-06,3.77
9994,algebra,5.89e-06,3.77
9995,analytics,5.89e-06,3.77
9996,antenna,5.89e-06,3.77
9997,attribute,5.89e-06,3.77
9998,audition,5.89e-06,3.77
9999,bankers,5.89e-06,3.77
10000,biting,5.89e-06,3.77
